# 3ds Max Wavefront OBJ Exporter v0.99 - (c)2007 guruware
# File Created: 14.05.2026 11:58:48

mtllib pendulos.mtl

#
# object Sphere001
#

v  0.0000 -5.9434 -0.0000
v  -0.0000 -5.9626 -0.1951
v  -0.0381 -5.9626 -0.1913
v  -0.0747 -5.9626 -0.1802
v  -0.1084 -5.9626 -0.1622
v  -0.1379 -5.9626 -0.1379
v  -0.1622 -5.9626 -0.1084
v  -0.1802 -5.9626 -0.0747
v  -0.1913 -5.9626 -0.0381
v  -0.1951 -5.9626 0.0000
v  -0.1913 -5.9626 0.0381
v  -0.1802 -5.9626 0.0747
v  -0.1622 -5.9626 0.1084
v  -0.1379 -5.9626 0.1379
v  -0.1084 -5.9626 0.1622
v  -0.0747 -5.9626 0.1802
v  -0.0381 -5.9626 0.1913
v  0.0000 -5.9626 0.1951
v  0.0381 -5.9626 0.1913
v  0.0747 -5.9626 0.1802
v  0.1084 -5.9626 0.1622
v  0.1379 -5.9626 0.1379
v  0.1622 -5.9626 0.1084
v  0.1802 -5.9626 0.0747
v  0.1913 -5.9626 0.0381
v  0.1951 -5.9626 -0.0000
v  0.1913 -5.9626 -0.0381
v  0.1802 -5.9626 -0.0747
v  0.1622 -5.9626 -0.1084
v  0.1379 -5.9626 -0.1379
v  0.1084 -5.9626 -0.1622
v  0.0747 -5.9626 -0.1802
v  0.0381 -5.9626 -0.1913
v  -0.0000 -6.0195 -0.3827
v  -0.0747 -6.0195 -0.3753
v  -0.1464 -6.0195 -0.3536
v  -0.2126 -6.0195 -0.3182
v  -0.2706 -6.0195 -0.2706
v  -0.3182 -6.0195 -0.2126
v  -0.3536 -6.0195 -0.1464
v  -0.3753 -6.0195 -0.0747
v  -0.3827 -6.0195 0.0000
v  -0.3753 -6.0195 0.0747
v  -0.3536 -6.0195 0.1464
v  -0.3182 -6.0195 0.2126
v  -0.2706 -6.0195 0.2706
v  -0.2126 -6.0195 0.3182
v  -0.1464 -6.0195 0.3536
v  -0.0747 -6.0195 0.3753
v  0.0000 -6.0195 0.3827
v  0.0747 -6.0195 0.3753
v  0.1464 -6.0195 0.3536
v  0.2126 -6.0195 0.3182
v  0.2706 -6.0195 0.2706
v  0.3182 -6.0195 0.2126
v  0.3536 -6.0195 0.1464
v  0.3753 -6.0195 0.0747
v  0.3827 -6.0195 -0.0000
v  0.3753 -6.0195 -0.0747
v  0.3536 -6.0195 -0.1464
v  0.3182 -6.0195 -0.2126
v  0.2706 -6.0195 -0.2706
v  0.2126 -6.0195 -0.3182
v  0.1464 -6.0195 -0.3536
v  0.0747 -6.0195 -0.3753
v  -0.0000 -6.1119 -0.5556
v  -0.1084 -6.1119 -0.5449
v  -0.2126 -6.1119 -0.5133
v  -0.3087 -6.1119 -0.4619
v  -0.3928 -6.1119 -0.3928
v  -0.4619 -6.1119 -0.3087
v  -0.5133 -6.1119 -0.2126
v  -0.5449 -6.1119 -0.1084
v  -0.5556 -6.1119 0.0000
v  -0.5449 -6.1119 0.1084
v  -0.5133 -6.1119 0.2126
v  -0.4619 -6.1119 0.3087
v  -0.3928 -6.1119 0.3928
v  -0.3087 -6.1119 0.4619
v  -0.2126 -6.1119 0.5133
v  -0.1084 -6.1119 0.5449
v  0.0000 -6.1119 0.5556
v  0.1084 -6.1119 0.5449
v  0.2126 -6.1119 0.5133
v  0.3087 -6.1119 0.4619
v  0.3928 -6.1119 0.3928
v  0.4619 -6.1119 0.3087
v  0.5133 -6.1119 0.2126
v  0.5449 -6.1119 0.1084
v  0.5556 -6.1119 -0.0000
v  0.5449 -6.1119 -0.1084
v  0.5133 -6.1119 -0.2126
v  0.4619 -6.1119 -0.3087
v  0.3928 -6.1119 -0.3928
v  0.3087 -6.1119 -0.4619
v  0.2126 -6.1119 -0.5133
v  0.1084 -6.1119 -0.5449
v  -0.0000 -6.2363 -0.7071
v  -0.1379 -6.2363 -0.6935
v  -0.2706 -6.2363 -0.6533
v  -0.3928 -6.2363 -0.5879
v  -0.5000 -6.2363 -0.5000
v  -0.5879 -6.2363 -0.3928
v  -0.6533 -6.2363 -0.2706
v  -0.6935 -6.2363 -0.1379
v  -0.7071 -6.2363 0.0000
v  -0.6935 -6.2363 0.1379
v  -0.6533 -6.2363 0.2706
v  -0.5879 -6.2363 0.3928
v  -0.5000 -6.2363 0.5000
v  -0.3928 -6.2363 0.5879
v  -0.2706 -6.2363 0.6533
v  -0.1379 -6.2363 0.6935
v  0.0000 -6.2363 0.7071
v  0.1380 -6.2363 0.6935
v  0.2706 -6.2363 0.6533
v  0.3928 -6.2363 0.5879
v  0.5000 -6.2363 0.5000
v  0.5879 -6.2363 0.3928
v  0.6533 -6.2363 0.2706
v  0.6935 -6.2363 0.1379
v  0.7071 -6.2363 -0.0000
v  0.6935 -6.2363 -0.1380
v  0.6533 -6.2363 -0.2706
v  0.5879 -6.2363 -0.3928
v  0.5000 -6.2363 -0.5000
v  0.3928 -6.2363 -0.5879
v  0.2706 -6.2363 -0.6533
v  0.1379 -6.2363 -0.6935
v  -0.0000 -6.3878 -0.8315
v  -0.1622 -6.3878 -0.8155
v  -0.3182 -6.3878 -0.7682
v  -0.4619 -6.3878 -0.6913
v  -0.5879 -6.3878 -0.5879
v  -0.6913 -6.3878 -0.4619
v  -0.7682 -6.3878 -0.3182
v  -0.8155 -6.3878 -0.1622
v  -0.8315 -6.3878 0.0000
v  -0.8155 -6.3878 0.1622
v  -0.7682 -6.3878 0.3182
v  -0.6913 -6.3878 0.4619
v  -0.5879 -6.3878 0.5879
v  -0.4619 -6.3878 0.6913
v  -0.3182 -6.3878 0.7682
v  -0.1622 -6.3878 0.8155
v  0.0000 -6.3878 0.8315
v  0.1622 -6.3878 0.8155
v  0.3182 -6.3878 0.7682
v  0.4619 -6.3878 0.6913
v  0.5879 -6.3878 0.5879
v  0.6913 -6.3878 0.4619
v  0.7682 -6.3878 0.3182
v  0.8155 -6.3878 0.1622
v  0.8315 -6.3878 -0.0000
v  0.8155 -6.3878 -0.1622
v  0.7682 -6.3878 -0.3182
v  0.6913 -6.3878 -0.4619
v  0.5879 -6.3878 -0.5879
v  0.4619 -6.3878 -0.6913
v  0.3182 -6.3878 -0.7682
v  0.1622 -6.3878 -0.8155
v  -0.0000 -6.5607 -0.9239
v  -0.1802 -6.5607 -0.9061
v  -0.3536 -6.5607 -0.8536
v  -0.5133 -6.5607 -0.7682
v  -0.6533 -6.5607 -0.6533
v  -0.7682 -6.5607 -0.5133
v  -0.8536 -6.5607 -0.3536
v  -0.9061 -6.5607 -0.1802
v  -0.9239 -6.5607 0.0000
v  -0.9061 -6.5607 0.1802
v  -0.8536 -6.5607 0.3536
v  -0.7682 -6.5607 0.5133
v  -0.6533 -6.5607 0.6533
v  -0.5133 -6.5607 0.7682
v  -0.3536 -6.5607 0.8536
v  -0.1802 -6.5607 0.9061
v  0.0000 -6.5607 0.9239
v  0.1802 -6.5607 0.9061
v  0.3536 -6.5607 0.8536
v  0.5133 -6.5607 0.7682
v  0.6533 -6.5607 0.6533
v  0.7682 -6.5607 0.5133
v  0.8536 -6.5607 0.3536
v  0.9061 -6.5607 0.1802
v  0.9239 -6.5607 -0.0000
v  0.9061 -6.5607 -0.1802
v  0.8536 -6.5607 -0.3536
v  0.7682 -6.5607 -0.5133
v  0.6533 -6.5607 -0.6533
v  0.5133 -6.5607 -0.7682
v  0.3536 -6.5607 -0.8536
v  0.1802 -6.5607 -0.9061
v  -0.0000 -6.7483 -0.9808
v  -0.1913 -6.7483 -0.9619
v  -0.3753 -6.7483 -0.9061
v  -0.5449 -6.7483 -0.8155
v  -0.6935 -6.7483 -0.6935
v  -0.8155 -6.7483 -0.5449
v  -0.9061 -6.7483 -0.3753
v  -0.9619 -6.7483 -0.1913
v  -0.9808 -6.7483 0.0000
v  -0.9619 -6.7483 0.1913
v  -0.9061 -6.7483 0.3753
v  -0.8155 -6.7483 0.5449
v  -0.6935 -6.7483 0.6935
v  -0.5449 -6.7483 0.8155
v  -0.3753 -6.7483 0.9061
v  -0.1913 -6.7483 0.9619
v  0.0000 -6.7483 0.9808
v  0.1913 -6.7483 0.9619
v  0.3753 -6.7483 0.9061
v  0.5449 -6.7483 0.8155
v  0.6935 -6.7483 0.6935
v  0.8155 -6.7483 0.5449
v  0.9061 -6.7483 0.3753
v  0.9619 -6.7483 0.1913
v  0.9808 -6.7483 -0.0000
v  0.9619 -6.7483 -0.1913
v  0.9061 -6.7483 -0.3753
v  0.8155 -6.7483 -0.5449
v  0.6935 -6.7483 -0.6935
v  0.5449 -6.7483 -0.8155
v  0.3753 -6.7483 -0.9061
v  0.1913 -6.7483 -0.9619
v  -0.0000 -6.9434 -1.0000
v  -0.1951 -6.9434 -0.9808
v  -0.3827 -6.9434 -0.9239
v  -0.5556 -6.9434 -0.8315
v  -0.7071 -6.9434 -0.7071
v  -0.8315 -6.9434 -0.5556
v  -0.9239 -6.9434 -0.3827
v  -0.9808 -6.9434 -0.1951
v  -1.0000 -6.9434 0.0000
v  -0.9808 -6.9434 0.1951
v  -0.9239 -6.9434 0.3827
v  -0.8315 -6.9434 0.5556
v  -0.7071 -6.9434 0.7071
v  -0.5556 -6.9434 0.8315
v  -0.3827 -6.9434 0.9239
v  -0.1951 -6.9434 0.9808
v  0.0000 -6.9434 1.0000
v  0.1951 -6.9434 0.9808
v  0.3827 -6.9434 0.9239
v  0.5556 -6.9434 0.8315
v  0.7071 -6.9434 0.7071
v  0.8315 -6.9434 0.5556
v  0.9239 -6.9434 0.3827
v  0.9808 -6.9434 0.1951
v  1.0000 -6.9434 -0.0000
v  0.9808 -6.9434 -0.1951
v  0.9239 -6.9434 -0.3827
v  0.8315 -6.9434 -0.5556
v  0.7071 -6.9434 -0.7071
v  0.5556 -6.9434 -0.8315
v  0.3827 -6.9434 -0.9239
v  0.1951 -6.9434 -0.9808
v  -0.0000 -7.1385 -0.9808
v  -0.1913 -7.1385 -0.9619
v  -0.3753 -7.1385 -0.9061
v  -0.5449 -7.1385 -0.8155
v  -0.6935 -7.1385 -0.6935
v  -0.8155 -7.1385 -0.5449
v  -0.9061 -7.1385 -0.3753
v  -0.9619 -7.1385 -0.1913
v  -0.9808 -7.1385 0.0000
v  -0.9619 -7.1385 0.1913
v  -0.9061 -7.1385 0.3753
v  -0.8155 -7.1385 0.5449
v  -0.6935 -7.1385 0.6935
v  -0.5449 -7.1385 0.8155
v  -0.3753 -7.1385 0.9061
v  -0.1913 -7.1385 0.9619
v  0.0000 -7.1385 0.9808
v  0.1913 -7.1385 0.9619
v  0.3753 -7.1385 0.9061
v  0.5449 -7.1385 0.8155
v  0.6935 -7.1385 0.6935
v  0.8155 -7.1385 0.5449
v  0.9061 -7.1385 0.3753
v  0.9619 -7.1385 0.1913
v  0.9808 -7.1385 -0.0000
v  0.9619 -7.1385 -0.1913
v  0.9061 -7.1385 -0.3753
v  0.8155 -7.1385 -0.5449
v  0.6935 -7.1385 -0.6935
v  0.5449 -7.1385 -0.8155
v  0.3753 -7.1385 -0.9061
v  0.1913 -7.1385 -0.9619
v  -0.0000 -7.3261 -0.9239
v  -0.1802 -7.3261 -0.9061
v  -0.3536 -7.3261 -0.8536
v  -0.5133 -7.3261 -0.7682
v  -0.6533 -7.3261 -0.6533
v  -0.7682 -7.3261 -0.5133
v  -0.8536 -7.3261 -0.3536
v  -0.9061 -7.3261 -0.1802
v  -0.9239 -7.3261 0.0000
v  -0.9061 -7.3261 0.1802
v  -0.8536 -7.3261 0.3536
v  -0.7682 -7.3261 0.5133
v  -0.6533 -7.3261 0.6533
v  -0.5133 -7.3261 0.7682
v  -0.3536 -7.3261 0.8536
v  -0.1802 -7.3261 0.9061
v  0.0000 -7.3261 0.9239
v  0.1802 -7.3261 0.9061
v  0.3536 -7.3261 0.8536
v  0.5133 -7.3261 0.7682
v  0.6533 -7.3261 0.6533
v  0.7682 -7.3261 0.5133
v  0.8536 -7.3261 0.3536
v  0.9061 -7.3261 0.1802
v  0.9239 -7.3261 -0.0000
v  0.9061 -7.3261 -0.1802
v  0.8536 -7.3261 -0.3536
v  0.7682 -7.3261 -0.5133
v  0.6533 -7.3261 -0.6533
v  0.5133 -7.3261 -0.7682
v  0.3536 -7.3261 -0.8536
v  0.1802 -7.3261 -0.9061
v  -0.0000 -7.4990 -0.8315
v  -0.1622 -7.4990 -0.8155
v  -0.3182 -7.4990 -0.7682
v  -0.4619 -7.4990 -0.6913
v  -0.5879 -7.4990 -0.5879
v  -0.6913 -7.4990 -0.4619
v  -0.7682 -7.4990 -0.3182
v  -0.8155 -7.4990 -0.1622
v  -0.8315 -7.4990 0.0000
v  -0.8155 -7.4990 0.1622
v  -0.7682 -7.4990 0.3182
v  -0.6913 -7.4990 0.4619
v  -0.5879 -7.4990 0.5879
v  -0.4619 -7.4990 0.6913
v  -0.3182 -7.4990 0.7682
v  -0.1622 -7.4990 0.8155
v  0.0000 -7.4990 0.8315
v  0.1622 -7.4990 0.8155
v  0.3182 -7.4990 0.7682
v  0.4619 -7.4990 0.6913
v  0.5879 -7.4990 0.5879
v  0.6913 -7.4990 0.4619
v  0.7682 -7.4990 0.3182
v  0.8155 -7.4990 0.1622
v  0.8315 -7.4990 -0.0000
v  0.8155 -7.4990 -0.1622
v  0.7682 -7.4990 -0.3182
v  0.6913 -7.4990 -0.4619
v  0.5879 -7.4990 -0.5879
v  0.4619 -7.4990 -0.6913
v  0.3182 -7.4990 -0.7682
v  0.1622 -7.4990 -0.8155
v  -0.0000 -7.6505 -0.7071
v  -0.1379 -7.6505 -0.6935
v  -0.2706 -7.6505 -0.6533
v  -0.3928 -7.6505 -0.5879
v  -0.5000 -7.6505 -0.5000
v  -0.5879 -7.6505 -0.3928
v  -0.6533 -7.6505 -0.2706
v  -0.6935 -7.6505 -0.1379
v  -0.7071 -7.6505 0.0000
v  -0.6935 -7.6505 0.1379
v  -0.6533 -7.6505 0.2706
v  -0.5879 -7.6505 0.3928
v  -0.5000 -7.6505 0.5000
v  -0.3928 -7.6505 0.5879
v  -0.2706 -7.6505 0.6533
v  -0.1379 -7.6505 0.6935
v  0.0000 -7.6505 0.7071
v  0.1380 -7.6505 0.6935
v  0.2706 -7.6505 0.6533
v  0.3928 -7.6505 0.5879
v  0.5000 -7.6505 0.5000
v  0.5879 -7.6505 0.3928
v  0.6533 -7.6505 0.2706
v  0.6935 -7.6505 0.1379
v  0.7071 -7.6505 -0.0000
v  0.6935 -7.6505 -0.1380
v  0.6533 -7.6505 -0.2706
v  0.5879 -7.6505 -0.3928
v  0.5000 -7.6505 -0.5000
v  0.3928 -7.6505 -0.5879
v  0.2706 -7.6505 -0.6533
v  0.1379 -7.6505 -0.6935
v  -0.0000 -7.7749 -0.5556
v  -0.1084 -7.7749 -0.5449
v  -0.2126 -7.7749 -0.5133
v  -0.3087 -7.7749 -0.4619
v  -0.3928 -7.7749 -0.3928
v  -0.4619 -7.7749 -0.3087
v  -0.5133 -7.7749 -0.2126
v  -0.5449 -7.7749 -0.1084
v  -0.5556 -7.7749 0.0000
v  -0.5449 -7.7749 0.1084
v  -0.5133 -7.7749 0.2126
v  -0.4619 -7.7749 0.3087
v  -0.3928 -7.7749 0.3928
v  -0.3087 -7.7749 0.4619
v  -0.2126 -7.7749 0.5133
v  -0.1084 -7.7749 0.5449
v  0.0000 -7.7749 0.5556
v  0.1084 -7.7749 0.5449
v  0.2126 -7.7749 0.5133
v  0.3087 -7.7749 0.4619
v  0.3928 -7.7749 0.3928
v  0.4619 -7.7749 0.3087
v  0.5133 -7.7749 0.2126
v  0.5449 -7.7749 0.1084
v  0.5556 -7.7749 -0.0000
v  0.5449 -7.7749 -0.1084
v  0.5133 -7.7749 -0.2126
v  0.4619 -7.7749 -0.3087
v  0.3928 -7.7749 -0.3928
v  0.3087 -7.7749 -0.4619
v  0.2126 -7.7749 -0.5133
v  0.1084 -7.7749 -0.5449
v  -0.0000 -7.8673 -0.3827
v  -0.0747 -7.8673 -0.3753
v  -0.1464 -7.8673 -0.3536
v  -0.2126 -7.8673 -0.3182
v  -0.2706 -7.8673 -0.2706
v  -0.3182 -7.8673 -0.2126
v  -0.3536 -7.8673 -0.1464
v  -0.3753 -7.8673 -0.0747
v  -0.3827 -7.8673 0.0000
v  -0.3753 -7.8673 0.0747
v  -0.3536 -7.8673 0.1464
v  -0.3182 -7.8673 0.2126
v  -0.2706 -7.8673 0.2706
v  -0.2126 -7.8673 0.3182
v  -0.1464 -7.8673 0.3536
v  -0.0747 -7.8673 0.3753
v  0.0000 -7.8673 0.3827
v  0.0747 -7.8673 0.3753
v  0.1464 -7.8673 0.3536
v  0.2126 -7.8673 0.3182
v  0.2706 -7.8673 0.2706
v  0.3182 -7.8673 0.2126
v  0.3536 -7.8673 0.1464
v  0.3753 -7.8673 0.0747
v  0.3827 -7.8673 -0.0000
v  0.3753 -7.8673 -0.0747
v  0.3536 -7.8673 -0.1464
v  0.3182 -7.8673 -0.2126
v  0.2706 -7.8673 -0.2706
v  0.2126 -7.8673 -0.3182
v  0.1464 -7.8673 -0.3536
v  0.0747 -7.8673 -0.3753
v  -0.0000 -7.9242 -0.1951
v  -0.0381 -7.9242 -0.1913
v  -0.0747 -7.9242 -0.1802
v  -0.1084 -7.9242 -0.1622
v  -0.1379 -7.9242 -0.1379
v  -0.1622 -7.9242 -0.1084
v  -0.1802 -7.9242 -0.0747
v  -0.1913 -7.9242 -0.0381
v  -0.1951 -7.9242 0.0000
v  -0.1913 -7.9242 0.0381
v  -0.1802 -7.9242 0.0747
v  -0.1622 -7.9242 0.1084
v  -0.1379 -7.9242 0.1379
v  -0.1084 -7.9242 0.1622
v  -0.0747 -7.9242 0.1802
v  -0.0381 -7.9242 0.1913
v  0.0000 -7.9242 0.1951
v  0.0381 -7.9242 0.1913
v  0.0747 -7.9242 0.1802
v  0.1084 -7.9242 0.1622
v  0.1379 -7.9242 0.1379
v  0.1622 -7.9242 0.1084
v  0.1802 -7.9242 0.0747
v  0.1913 -7.9242 0.0381
v  0.1951 -7.9242 -0.0000
v  0.1913 -7.9242 -0.0381
v  0.1802 -7.9242 -0.0747
v  0.1622 -7.9242 -0.1084
v  0.1379 -7.9242 -0.1379
v  0.1084 -7.9242 -0.1622
v  0.0747 -7.9242 -0.1802
v  0.0381 -7.9242 -0.1913
v  0.0000 -7.9434 -0.0000
# 482 vertices

vn 0.0000 1.0000 -0.0000
vn -0.0000 0.9796 -0.2010
vn -0.0392 0.9796 -0.1971
vn -0.0769 0.9796 -0.1857
vn -0.1117 0.9796 -0.1671
vn -0.1421 0.9796 -0.1421
vn -0.1671 0.9796 -0.1117
vn -0.1857 0.9796 -0.0769
vn -0.1971 0.9796 -0.0392
vn -0.2010 0.9796 0.0000
vn -0.1971 0.9796 0.0392
vn -0.1857 0.9796 0.0769
vn -0.1671 0.9796 0.1117
vn -0.1421 0.9796 0.1421
vn -0.1117 0.9796 0.1671
vn -0.0769 0.9796 0.1857
vn -0.0392 0.9796 0.1971
vn 0.0000 0.9796 0.2010
vn 0.0392 0.9796 0.1971
vn 0.0769 0.9796 0.1857
vn 0.1117 0.9796 0.1671
vn 0.1421 0.9796 0.1421
vn 0.1671 0.9796 0.1117
vn 0.1857 0.9796 0.0769
vn 0.1971 0.9796 0.0392
vn 0.2010 0.9796 -0.0000
vn 0.1971 0.9796 -0.0392
vn 0.1857 0.9796 -0.0769
vn 0.1671 0.9796 -0.1117
vn 0.1421 0.9796 -0.1421
vn 0.1117 0.9796 -0.1671
vn 0.0769 0.9796 -0.1857
vn 0.0392 0.9796 -0.1971
vn -0.0000 0.9217 -0.3879
vn -0.0757 0.9217 -0.3804
vn -0.1484 0.9217 -0.3584
vn -0.2155 0.9217 -0.3225
vn -0.2743 0.9217 -0.2743
vn -0.3225 0.9217 -0.2155
vn -0.3584 0.9217 -0.1484
vn -0.3804 0.9217 -0.0757
vn -0.3879 0.9217 0.0000
vn -0.3804 0.9217 0.0757
vn -0.3584 0.9217 0.1484
vn -0.3225 0.9217 0.2155
vn -0.2743 0.9217 0.2743
vn -0.2155 0.9217 0.3225
vn -0.1484 0.9217 0.3584
vn -0.0757 0.9217 0.3804
vn 0.0000 0.9217 0.3879
vn 0.0757 0.9217 0.3804
vn 0.1484 0.9217 0.3584
vn 0.2155 0.9217 0.3225
vn 0.2743 0.9217 0.2743
vn 0.3225 0.9217 0.2155
vn 0.3584 0.9217 0.1484
vn 0.3804 0.9217 0.0757
vn 0.3879 0.9217 -0.0000
vn 0.3804 0.9217 -0.0757
vn 0.3584 0.9217 -0.1484
vn 0.3225 0.9217 -0.2155
vn 0.2743 0.9217 -0.2743
vn 0.2155 0.9217 -0.3225
vn 0.1484 0.9217 -0.3584
vn 0.0757 0.9217 -0.3804
vn -0.0000 0.8286 -0.5598
vn -0.1092 0.8286 -0.5490
vn -0.2142 0.8286 -0.5172
vn -0.3110 0.8286 -0.4654
vn -0.3958 0.8286 -0.3958
vn -0.4654 0.8286 -0.3110
vn -0.5172 0.8286 -0.2142
vn -0.5490 0.8286 -0.1092
vn -0.5598 0.8286 0.0000
vn -0.5490 0.8286 0.1092
vn -0.5172 0.8286 0.2142
vn -0.4654 0.8286 0.3110
vn -0.3958 0.8286 0.3958
vn -0.3110 0.8286 0.4654
vn -0.2142 0.8286 0.5172
vn -0.1092 0.8286 0.5490
vn 0.0000 0.8286 0.5598
vn 0.1092 0.8286 0.5490
vn 0.2142 0.8286 0.5172
vn 0.3110 0.8286 0.4654
vn 0.3958 0.8286 0.3958
vn 0.4654 0.8286 0.3110
vn 0.5172 0.8286 0.2142
vn 0.5490 0.8286 0.1092
vn 0.5598 0.8286 -0.0000
vn 0.5490 0.8286 -0.1092
vn 0.5172 0.8286 -0.2142
vn 0.4654 0.8286 -0.3110
vn 0.3958 0.8286 -0.3958
vn 0.3110 0.8286 -0.4654
vn 0.2142 0.8286 -0.5172
vn 0.1092 0.8286 -0.5490
vn -0.0000 0.7041 -0.7101
vn -0.1385 0.7041 -0.6965
vn -0.2718 0.7041 -0.6561
vn -0.3945 0.7041 -0.5905
vn -0.5021 0.7041 -0.5021
vn -0.5905 0.7041 -0.3945
vn -0.6561 0.7041 -0.2718
vn -0.6965 0.7041 -0.1385
vn -0.7101 0.7041 0.0000
vn -0.6965 0.7041 0.1385
vn -0.6561 0.7041 0.2718
vn -0.5905 0.7041 0.3945
vn -0.5021 0.7041 0.5021
vn -0.3945 0.7041 0.5905
vn -0.2718 0.7041 0.6561
vn -0.1385 0.7041 0.6965
vn 0.0000 0.7041 0.7101
vn 0.1385 0.7041 0.6965
vn 0.2718 0.7041 0.6561
vn 0.3945 0.7041 0.5905
vn 0.5021 0.7041 0.5021
vn 0.5905 0.7041 0.3945
vn 0.6561 0.7041 0.2718
vn 0.6965 0.7041 0.1385
vn 0.7101 0.7041 -0.0000
vn 0.6965 0.7041 -0.1385
vn 0.6561 0.7041 -0.2718
vn 0.5905 0.7041 -0.3945
vn 0.5021 0.7041 -0.5021
vn 0.3945 0.7041 -0.5905
vn 0.2718 0.7041 -0.6561
vn 0.1385 0.7041 -0.6965
vn -0.0000 0.5528 -0.8333
vn -0.1626 0.5528 -0.8173
vn -0.3189 0.5528 -0.7699
vn -0.4630 0.5528 -0.6929
vn -0.5893 0.5528 -0.5893
vn -0.6929 0.5528 -0.4630
vn -0.7699 0.5528 -0.3189
vn -0.8173 0.5528 -0.1626
vn -0.8333 0.5528 0.0000
vn -0.8173 0.5528 0.1626
vn -0.7699 0.5528 0.3189
vn -0.6929 0.5528 0.4630
vn -0.5893 0.5528 0.5893
vn -0.4630 0.5528 0.6929
vn -0.3189 0.5528 0.7699
vn -0.1626 0.5528 0.8173
vn 0.0000 0.5528 0.8333
vn 0.1626 0.5528 0.8173
vn 0.3189 0.5528 0.7699
vn 0.4630 0.5528 0.6929
vn 0.5893 0.5528 0.5893
vn 0.6929 0.5528 0.4630
vn 0.7699 0.5528 0.3189
vn 0.8173 0.5528 0.1626
vn 0.8333 0.5528 -0.0000
vn 0.8173 0.5528 -0.1626
vn 0.7699 0.5528 -0.3189
vn 0.6929 0.5528 -0.4630
vn 0.5893 0.5528 -0.5893
vn 0.4630 0.5528 -0.6929
vn 0.3189 0.5528 -0.7699
vn 0.1626 0.5528 -0.8173
vn -0.0000 0.3805 -0.9248
vn -0.1804 0.3805 -0.9070
vn -0.3539 0.3805 -0.8544
vn -0.5138 0.3805 -0.7689
vn -0.6539 0.3805 -0.6539
vn -0.7689 0.3805 -0.5138
vn -0.8544 0.3805 -0.3539
vn -0.9070 0.3805 -0.1804
vn -0.9248 0.3805 0.0000
vn -0.9070 0.3805 0.1804
vn -0.8544 0.3805 0.3539
vn -0.7689 0.3805 0.5138
vn -0.6539 0.3805 0.6539
vn -0.5138 0.3805 0.7689
vn -0.3539 0.3805 0.8544
vn -0.1804 0.3805 0.9070
vn 0.0000 0.3805 0.9248
vn 0.1804 0.3805 0.9070
vn 0.3539 0.3805 0.8544
vn 0.5138 0.3805 0.7689
vn 0.6539 0.3805 0.6539
vn 0.7689 0.3805 0.5138
vn 0.8544 0.3805 0.3539
vn 0.9070 0.3805 0.1804
vn 0.9248 0.3805 -0.0000
vn 0.9070 0.3805 -0.1804
vn 0.8544 0.3805 -0.3539
vn 0.7689 0.3805 -0.5138
vn 0.6539 0.3805 -0.6539
vn 0.5138 0.3805 -0.7689
vn 0.3539 0.3805 -0.8544
vn 0.1804 0.3805 -0.9070
vn -0.0000 0.1939 -0.9810
vn -0.1914 0.1939 -0.9622
vn -0.3754 0.1939 -0.9063
vn -0.5450 0.1939 -0.8157
vn -0.6937 0.1939 -0.6937
vn -0.8157 0.1939 -0.5450
vn -0.9063 0.1939 -0.3754
vn -0.9622 0.1939 -0.1914
vn -0.9810 0.1939 0.0000
vn -0.9622 0.1939 0.1914
vn -0.9063 0.1939 0.3754
vn -0.8157 0.1939 0.5450
vn -0.6937 0.1939 0.6937
vn -0.5450 0.1939 0.8157
vn -0.3754 0.1939 0.9063
vn -0.1914 0.1939 0.9622
vn 0.0000 0.1939 0.9810
vn 0.1914 0.1939 0.9622
vn 0.3754 0.1939 0.9063
vn 0.5450 0.1939 0.8157
vn 0.6937 0.1939 0.6937
vn 0.8157 0.1939 0.5450
vn 0.9063 0.1939 0.3754
vn 0.9622 0.1939 0.1914
vn 0.9810 0.1939 -0.0000
vn 0.9622 0.1939 -0.1914
vn 0.9063 0.1939 -0.3754
vn 0.8157 0.1939 -0.5450
vn 0.6937 0.1939 -0.6937
vn 0.5450 0.1939 -0.8157
vn 0.3754 0.1939 -0.9063
vn 0.1914 0.1939 -0.9622
vn -0.0000 0.0000 -1.0000
vn -0.1951 0.0000 -0.9808
vn -0.3827 0.0000 -0.9239
vn -0.5556 0.0000 -0.8315
vn -0.7071 0.0000 -0.7071
vn -0.8315 0.0000 -0.5556
vn -0.9239 0.0000 -0.3827
vn -0.9808 0.0000 -0.1951
vn -1.0000 0.0000 0.0000
vn -0.9808 0.0000 0.1951
vn -0.9239 0.0000 0.3827
vn -0.8315 0.0000 0.5556
vn -0.7071 0.0000 0.7071
vn -0.5556 0.0000 0.8315
vn -0.3827 0.0000 0.9239
vn -0.1951 0.0000 0.9808
vn 0.0000 0.0000 1.0000
vn 0.1951 0.0000 0.9808
vn 0.3827 0.0000 0.9239
vn 0.5556 0.0000 0.8315
vn 0.7071 0.0000 0.7071
vn 0.8315 0.0000 0.5556
vn 0.9239 0.0000 0.3827
vn 0.9808 0.0000 0.1951
vn 1.0000 0.0000 -0.0000
vn 0.9808 0.0000 -0.1951
vn 0.9239 0.0000 -0.3827
vn 0.8315 0.0000 -0.5556
vn 0.7071 0.0000 -0.7071
vn 0.5556 0.0000 -0.8315
vn 0.3827 0.0000 -0.9239
vn 0.1951 0.0000 -0.9808
vn -0.0000 -0.1939 -0.9810
vn -0.1914 -0.1939 -0.9622
vn -0.3754 -0.1939 -0.9063
vn -0.5450 -0.1939 -0.8157
vn -0.6937 -0.1939 -0.6937
vn -0.8157 -0.1939 -0.5450
vn -0.9063 -0.1939 -0.3754
vn -0.9622 -0.1939 -0.1914
vn -0.9810 -0.1939 0.0000
vn -0.9622 -0.1939 0.1914
vn -0.9063 -0.1939 0.3754
vn -0.8157 -0.1939 0.5450
vn -0.6937 -0.1939 0.6937
vn -0.5450 -0.1939 0.8157
vn -0.3754 -0.1939 0.9063
vn -0.1914 -0.1939 0.9622
vn 0.0000 -0.1939 0.9810
vn 0.1914 -0.1939 0.9622
vn 0.3754 -0.1939 0.9063
vn 0.5450 -0.1939 0.8157
vn 0.6937 -0.1939 0.6937
vn 0.8157 -0.1939 0.5450
vn 0.9063 -0.1939 0.3754
vn 0.9622 -0.1939 0.1914
vn 0.9810 -0.1939 -0.0000
vn 0.9622 -0.1939 -0.1914
vn 0.9063 -0.1939 -0.3754
vn 0.8157 -0.1939 -0.5450
vn 0.6937 -0.1939 -0.6937
vn 0.5450 -0.1939 -0.8157
vn 0.3754 -0.1939 -0.9063
vn 0.1914 -0.1939 -0.9622
vn -0.0000 -0.3805 -0.9248
vn -0.1804 -0.3805 -0.9070
vn -0.3539 -0.3805 -0.8544
vn -0.5138 -0.3805 -0.7689
vn -0.6539 -0.3805 -0.6539
vn -0.7689 -0.3805 -0.5138
vn -0.8544 -0.3805 -0.3539
vn -0.9070 -0.3805 -0.1804
vn -0.9248 -0.3805 0.0000
vn -0.9070 -0.3805 0.1804
vn -0.8544 -0.3805 0.3539
vn -0.7689 -0.3805 0.5138
vn -0.6539 -0.3805 0.6539
vn -0.5138 -0.3805 0.7689
vn -0.3539 -0.3805 0.8544
vn -0.1804 -0.3805 0.9070
vn 0.0000 -0.3805 0.9248
vn 0.1804 -0.3805 0.9070
vn 0.3539 -0.3805 0.8544
vn 0.5138 -0.3805 0.7689
vn 0.6539 -0.3805 0.6539
vn 0.7689 -0.3805 0.5138
vn 0.8544 -0.3805 0.3539
vn 0.9070 -0.3805 0.1804
vn 0.9248 -0.3805 -0.0000
vn 0.9070 -0.3805 -0.1804
vn 0.8544 -0.3805 -0.3539
vn 0.7689 -0.3805 -0.5138
vn 0.6539 -0.3805 -0.6539
vn 0.5138 -0.3805 -0.7689
vn 0.3539 -0.3805 -0.8544
vn 0.1804 -0.3805 -0.9070
vn -0.0000 -0.5528 -0.8333
vn -0.1626 -0.5528 -0.8173
vn -0.3189 -0.5528 -0.7699
vn -0.4630 -0.5528 -0.6929
vn -0.5893 -0.5528 -0.5893
vn -0.6929 -0.5528 -0.4630
vn -0.7699 -0.5528 -0.3189
vn -0.8173 -0.5528 -0.1626
vn -0.8333 -0.5528 0.0000
vn -0.8173 -0.5528 0.1626
vn -0.7699 -0.5528 0.3189
vn -0.6929 -0.5528 0.4630
vn -0.5893 -0.5528 0.5893
vn -0.4630 -0.5528 0.6929
vn -0.3189 -0.5528 0.7699
vn -0.1626 -0.5528 0.8173
vn 0.0000 -0.5528 0.8333
vn 0.1626 -0.5528 0.8173
vn 0.3189 -0.5528 0.7699
vn 0.4630 -0.5528 0.6929
vn 0.5893 -0.5528 0.5893
vn 0.6929 -0.5528 0.4630
vn 0.7699 -0.5528 0.3189
vn 0.8173 -0.5528 0.1626
vn 0.8333 -0.5528 -0.0000
vn 0.8173 -0.5528 -0.1626
vn 0.7699 -0.5528 -0.3189
vn 0.6929 -0.5528 -0.4630
vn 0.5893 -0.5528 -0.5893
vn 0.4630 -0.5528 -0.6929
vn 0.3189 -0.5528 -0.7699
vn 0.1626 -0.5528 -0.8173
vn -0.0000 -0.7041 -0.7101
vn -0.1385 -0.7041 -0.6965
vn -0.2718 -0.7041 -0.6561
vn -0.3945 -0.7041 -0.5905
vn -0.5021 -0.7041 -0.5021
vn -0.5905 -0.7041 -0.3945
vn -0.6561 -0.7041 -0.2718
vn -0.6965 -0.7041 -0.1385
vn -0.7101 -0.7041 0.0000
vn -0.6965 -0.7041 0.1385
vn -0.6561 -0.7041 0.2718
vn -0.5905 -0.7041 0.3945
vn -0.5021 -0.7041 0.5021
vn -0.3945 -0.7041 0.5905
vn -0.2718 -0.7041 0.6561
vn -0.1385 -0.7041 0.6965
vn 0.0000 -0.7041 0.7101
vn 0.1385 -0.7041 0.6965
vn 0.2718 -0.7041 0.6561
vn 0.3945 -0.7041 0.5905
vn 0.5021 -0.7041 0.5021
vn 0.5905 -0.7041 0.3945
vn 0.6561 -0.7041 0.2718
vn 0.6965 -0.7041 0.1385
vn 0.7101 -0.7041 -0.0000
vn 0.6965 -0.7041 -0.1385
vn 0.6561 -0.7041 -0.2718
vn 0.5905 -0.7041 -0.3945
vn 0.5021 -0.7041 -0.5021
vn 0.3945 -0.7041 -0.5905
vn 0.2718 -0.7041 -0.6561
vn 0.1385 -0.7041 -0.6965
vn -0.0000 -0.8286 -0.5598
vn -0.1092 -0.8286 -0.5490
vn -0.2142 -0.8286 -0.5172
vn -0.3110 -0.8286 -0.4654
vn -0.3958 -0.8286 -0.3958
vn -0.4654 -0.8286 -0.3110
vn -0.5172 -0.8286 -0.2142
vn -0.5490 -0.8286 -0.1092
vn -0.5598 -0.8286 0.0000
vn -0.5490 -0.8286 0.1092
vn -0.5172 -0.8286 0.2142
vn -0.4654 -0.8286 0.3110
vn -0.3958 -0.8286 0.3958
vn -0.3110 -0.8286 0.4654
vn -0.2142 -0.8286 0.5172
vn -0.1092 -0.8286 0.5490
vn 0.0000 -0.8286 0.5598
vn 0.1092 -0.8286 0.5490
vn 0.2142 -0.8286 0.5172
vn 0.3110 -0.8286 0.4654
vn 0.3958 -0.8286 0.3958
vn 0.4654 -0.8286 0.3110
vn 0.5172 -0.8286 0.2142
vn 0.5490 -0.8286 0.1092
vn 0.5598 -0.8286 -0.0000
vn 0.5490 -0.8286 -0.1092
vn 0.5172 -0.8286 -0.2142
vn 0.4654 -0.8286 -0.3110
vn 0.3958 -0.8286 -0.3958
vn 0.3110 -0.8286 -0.4654
vn 0.2142 -0.8286 -0.5172
vn 0.1092 -0.8286 -0.5490
vn -0.0000 -0.9217 -0.3879
vn -0.0757 -0.9217 -0.3804
vn -0.1484 -0.9217 -0.3584
vn -0.2155 -0.9217 -0.3225
vn -0.2743 -0.9217 -0.2743
vn -0.3225 -0.9217 -0.2155
vn -0.3584 -0.9217 -0.1484
vn -0.3804 -0.9217 -0.0757
vn -0.3879 -0.9217 0.0000
vn -0.3804 -0.9217 0.0757
vn -0.3584 -0.9217 0.1484
vn -0.3225 -0.9217 0.2155
vn -0.2743 -0.9217 0.2743
vn -0.2155 -0.9217 0.3225
vn -0.1484 -0.9217 0.3584
vn -0.0757 -0.9217 0.3804
vn 0.0000 -0.9217 0.3879
vn 0.0757 -0.9217 0.3804
vn 0.1484 -0.9217 0.3584
vn 0.2155 -0.9217 0.3225
vn 0.2743 -0.9217 0.2743
vn 0.3225 -0.9217 0.2155
vn 0.3584 -0.9217 0.1484
vn 0.3804 -0.9217 0.0757
vn 0.3879 -0.9217 -0.0000
vn 0.3804 -0.9217 -0.0757
vn 0.3584 -0.9217 -0.1484
vn 0.3225 -0.9217 -0.2155
vn 0.2743 -0.9217 -0.2743
vn 0.2155 -0.9217 -0.3225
vn 0.1484 -0.9217 -0.3584
vn 0.0757 -0.9217 -0.3804
vn -0.0000 -0.9796 -0.2010
vn -0.0392 -0.9796 -0.1971
vn -0.0769 -0.9796 -0.1857
vn -0.1117 -0.9796 -0.1671
vn -0.1421 -0.9796 -0.1421
vn -0.1671 -0.9796 -0.1117
vn -0.1857 -0.9796 -0.0769
vn -0.1971 -0.9796 -0.0392
vn -0.2010 -0.9796 0.0000
vn -0.1971 -0.9796 0.0392
vn -0.1857 -0.9796 0.0769
vn -0.1671 -0.9796 0.1117
vn -0.1421 -0.9796 0.1421
vn -0.1117 -0.9796 0.1671
vn -0.0769 -0.9796 0.1857
vn -0.0392 -0.9796 0.1971
vn 0.0000 -0.9796 0.2010
vn 0.0392 -0.9796 0.1971
vn 0.0769 -0.9796 0.1857
vn 0.1117 -0.9796 0.1671
vn 0.1421 -0.9796 0.1421
vn 0.1671 -0.9796 0.1117
vn 0.1857 -0.9796 0.0769
vn 0.1971 -0.9796 0.0392
vn 0.2010 -0.9796 -0.0000
vn 0.1971 -0.9796 -0.0392
vn 0.1857 -0.9796 -0.0769
vn 0.1671 -0.9796 -0.1117
vn 0.1421 -0.9796 -0.1421
vn 0.1117 -0.9796 -0.1671
vn 0.0769 -0.9796 -0.1857
vn 0.0392 -0.9796 -0.1971
vn 0.0000 -1.0000 -0.0000
# 482 vertex normals

vt 0.0000 1.0000 0.0000
vt 0.0000 0.9375 0.0000
vt 0.0312 0.9375 0.0000
vt 0.0312 1.0000 0.0000
vt 0.0625 0.9375 0.0000
vt 0.0625 1.0000 0.0000
vt 0.0938 0.9375 0.0000
vt 0.0938 1.0000 0.0000
vt 0.1250 0.9375 0.0000
vt 0.1250 1.0000 0.0000
vt 0.1562 0.9375 0.0000
vt 0.1562 1.0000 0.0000
vt 0.1875 0.9375 0.0000
vt 0.1875 1.0000 0.0000
vt 0.2187 0.9375 0.0000
vt 0.2187 1.0000 0.0000
vt 0.2500 0.9375 0.0000
vt 0.2500 1.0000 0.0000
vt 0.2812 0.9375 0.0000
vt 0.2812 1.0000 0.0000
vt 0.3125 0.9375 0.0000
vt 0.3125 1.0000 0.0000
vt 0.3437 0.9375 0.0000
vt 0.3437 1.0000 0.0000
vt 0.3750 0.9375 0.0000
vt 0.3750 1.0000 0.0000
vt 0.4062 0.9375 0.0000
vt 0.4062 1.0000 0.0000
vt 0.4375 0.9375 0.0000
vt 0.4375 1.0000 0.0000
vt 0.4688 0.9375 0.0000
vt 0.4688 1.0000 0.0000
vt 0.5000 0.9375 0.0000
vt 0.5000 1.0000 0.0000
vt 0.5313 0.9375 0.0000
vt 0.5313 1.0000 0.0000
vt 0.5625 0.9375 0.0000
vt 0.5625 1.0000 0.0000
vt 0.5938 0.9375 0.0000
vt 0.5938 1.0000 0.0000
vt 0.6250 0.9375 0.0000
vt 0.6250 1.0000 0.0000
vt 0.6563 0.9375 0.0000
vt 0.6563 1.0000 0.0000
vt 0.6875 0.9375 0.0000
vt 0.6875 1.0000 0.0000
vt 0.7188 0.9375 0.0000
vt 0.7188 1.0000 0.0000
vt 0.7500 0.9375 0.0000
vt 0.7500 1.0000 0.0000
vt 0.7813 0.9375 0.0000
vt 0.7813 1.0000 0.0000
vt 0.8125 0.9375 0.0000
vt 0.8125 1.0000 0.0000
vt 0.8438 0.9375 0.0000
vt 0.8438 1.0000 0.0000
vt 0.8750 0.9375 0.0000
vt 0.8750 1.0000 0.0000
vt 0.9063 0.9375 0.0000
vt 0.9063 1.0000 0.0000
vt 0.9375 0.9375 0.0000
vt 0.9375 1.0000 0.0000
vt 0.9688 0.9375 0.0000
vt 0.9688 1.0000 0.0000
vt 1.0000 0.9375 0.0000
vt 0.0000 0.8750 0.0000
vt 0.0312 0.8750 0.0000
vt 0.0625 0.8750 0.0000
vt 0.0938 0.8750 0.0000
vt 0.1250 0.8750 0.0000
vt 0.1562 0.8750 0.0000
vt 0.1875 0.8750 0.0000
vt 0.2187 0.8750 0.0000
vt 0.2500 0.8750 0.0000
vt 0.2812 0.8750 0.0000
vt 0.3125 0.8750 0.0000
vt 0.3437 0.8750 0.0000
vt 0.3750 0.8750 0.0000
vt 0.4062 0.8750 0.0000
vt 0.4375 0.8750 0.0000
vt 0.4688 0.8750 0.0000
vt 0.5000 0.8750 0.0000
vt 0.5313 0.8750 0.0000
vt 0.5625 0.8750 0.0000
vt 0.5938 0.8750 0.0000
vt 0.6250 0.8750 0.0000
vt 0.6563 0.8750 0.0000
vt 0.6875 0.8750 0.0000
vt 0.7188 0.8750 0.0000
vt 0.7500 0.8750 0.0000
vt 0.7813 0.8750 0.0000
vt 0.8125 0.8750 0.0000
vt 0.8438 0.8750 0.0000
vt 0.8750 0.8750 0.0000
vt 0.9063 0.8750 0.0000
vt 0.9375 0.8750 0.0000
vt 0.9688 0.8750 0.0000
vt 1.0000 0.8750 0.0000
vt 0.0000 0.8125 0.0000
vt 0.0312 0.8125 0.0000
vt 0.0625 0.8125 0.0000
vt 0.0938 0.8125 0.0000
vt 0.1250 0.8125 0.0000
vt 0.1562 0.8125 0.0000
vt 0.1875 0.8125 0.0000
vt 0.2187 0.8125 0.0000
vt 0.2500 0.8125 0.0000
vt 0.2812 0.8125 0.0000
vt 0.3125 0.8125 0.0000
vt 0.3437 0.8125 0.0000
vt 0.3750 0.8125 0.0000
vt 0.4062 0.8125 0.0000
vt 0.4375 0.8125 0.0000
vt 0.4688 0.8125 0.0000
vt 0.5000 0.8125 0.0000
vt 0.5313 0.8125 0.0000
vt 0.5625 0.8125 0.0000
vt 0.5938 0.8125 0.0000
vt 0.6250 0.8125 0.0000
vt 0.6563 0.8125 0.0000
vt 0.6875 0.8125 0.0000
vt 0.7188 0.8125 0.0000
vt 0.7500 0.8125 0.0000
vt 0.7813 0.8125 0.0000
vt 0.8125 0.8125 0.0000
vt 0.8438 0.8125 0.0000
vt 0.8750 0.8125 0.0000
vt 0.9063 0.8125 0.0000
vt 0.9375 0.8125 0.0000
vt 0.9688 0.8125 0.0000
vt 1.0000 0.8125 0.0000
vt 0.0000 0.7500 0.0000
vt 0.0312 0.7500 0.0000
vt 0.0625 0.7500 0.0000
vt 0.0938 0.7500 0.0000
vt 0.1250 0.7500 0.0000
vt 0.1562 0.7500 0.0000
vt 0.1875 0.7500 0.0000
vt 0.2187 0.7500 0.0000
vt 0.2500 0.7500 0.0000
vt 0.2812 0.7500 0.0000
vt 0.3125 0.7500 0.0000
vt 0.3437 0.7500 0.0000
vt 0.3750 0.7500 0.0000
vt 0.4062 0.7500 0.0000
vt 0.4375 0.7500 0.0000
vt 0.4688 0.7500 0.0000
vt 0.5000 0.7500 0.0000
vt 0.5313 0.7500 0.0000
vt 0.5625 0.7500 0.0000
vt 0.5938 0.7500 0.0000
vt 0.6250 0.7500 0.0000
vt 0.6563 0.7500 0.0000
vt 0.6875 0.7500 0.0000
vt 0.7188 0.7500 0.0000
vt 0.7500 0.7500 0.0000
vt 0.7813 0.7500 0.0000
vt 0.8125 0.7500 0.0000
vt 0.8438 0.7500 0.0000
vt 0.8750 0.7500 0.0000
vt 0.9063 0.7500 0.0000
vt 0.9375 0.7500 0.0000
vt 0.9688 0.7500 0.0000
vt 1.0000 0.7500 0.0000
vt 0.0000 0.6875 0.0000
vt 0.0312 0.6875 0.0000
vt 0.0625 0.6875 0.0000
vt 0.0938 0.6875 0.0000
vt 0.1250 0.6875 0.0000
vt 0.1562 0.6875 0.0000
vt 0.1875 0.6875 0.0000
vt 0.2187 0.6875 0.0000
vt 0.2500 0.6875 0.0000
vt 0.2812 0.6875 0.0000
vt 0.3125 0.6875 0.0000
vt 0.3437 0.6875 0.0000
vt 0.3750 0.6875 0.0000
vt 0.4062 0.6875 0.0000
vt 0.4375 0.6875 0.0000
vt 0.4688 0.6875 0.0000
vt 0.5000 0.6875 0.0000
vt 0.5313 0.6875 0.0000
vt 0.5625 0.6875 0.0000
vt 0.5938 0.6875 0.0000
vt 0.6250 0.6875 0.0000
vt 0.6563 0.6875 0.0000
vt 0.6875 0.6875 0.0000
vt 0.7188 0.6875 0.0000
vt 0.7500 0.6875 0.0000
vt 0.7813 0.6875 0.0000
vt 0.8125 0.6875 0.0000
vt 0.8438 0.6875 0.0000
vt 0.8750 0.6875 0.0000
vt 0.9063 0.6875 0.0000
vt 0.9375 0.6875 0.0000
vt 0.9688 0.6875 0.0000
vt 1.0000 0.6875 0.0000
vt 0.0000 0.6250 0.0000
vt 0.0312 0.6250 0.0000
vt 0.0625 0.6250 0.0000
vt 0.0938 0.6250 0.0000
vt 0.1250 0.6250 0.0000
vt 0.1562 0.6250 0.0000
vt 0.1875 0.6250 0.0000
vt 0.2187 0.6250 0.0000
vt 0.2500 0.6250 0.0000
vt 0.2812 0.6250 0.0000
vt 0.3125 0.6250 0.0000
vt 0.3437 0.6250 0.0000
vt 0.3750 0.6250 0.0000
vt 0.4062 0.6250 0.0000
vt 0.4375 0.6250 0.0000
vt 0.4688 0.6250 0.0000
vt 0.5000 0.6250 0.0000
vt 0.5313 0.6250 0.0000
vt 0.5625 0.6250 0.0000
vt 0.5938 0.6250 0.0000
vt 0.6250 0.6250 0.0000
vt 0.6563 0.6250 0.0000
vt 0.6875 0.6250 0.0000
vt 0.7188 0.6250 0.0000
vt 0.7500 0.6250 0.0000
vt 0.7813 0.6250 0.0000
vt 0.8125 0.6250 0.0000
vt 0.8438 0.6250 0.0000
vt 0.8750 0.6250 0.0000
vt 0.9063 0.6250 0.0000
vt 0.9375 0.6250 0.0000
vt 0.9688 0.6250 0.0000
vt 1.0000 0.6250 0.0000
vt 0.0000 0.5625 0.0000
vt 0.0312 0.5625 0.0000
vt 0.0625 0.5625 0.0000
vt 0.0938 0.5625 0.0000
vt 0.1250 0.5625 0.0000
vt 0.1562 0.5625 0.0000
vt 0.1875 0.5625 0.0000
vt 0.2187 0.5625 0.0000
vt 0.2500 0.5625 0.0000
vt 0.2812 0.5625 0.0000
vt 0.3125 0.5625 0.0000
vt 0.3437 0.5625 0.0000
vt 0.3750 0.5625 0.0000
vt 0.4062 0.5625 0.0000
vt 0.4375 0.5625 0.0000
vt 0.4688 0.5625 0.0000
vt 0.5000 0.5625 0.0000
vt 0.5313 0.5625 0.0000
vt 0.5625 0.5625 0.0000
vt 0.5938 0.5625 0.0000
vt 0.6250 0.5625 0.0000
vt 0.6563 0.5625 0.0000
vt 0.6875 0.5625 0.0000
vt 0.7188 0.5625 0.0000
vt 0.7500 0.5625 0.0000
vt 0.7813 0.5625 0.0000
vt 0.8125 0.5625 0.0000
vt 0.8438 0.5625 0.0000
vt 0.8750 0.5625 0.0000
vt 0.9063 0.5625 0.0000
vt 0.9375 0.5625 0.0000
vt 0.9688 0.5625 0.0000
vt 1.0000 0.5625 0.0000
vt 0.0000 0.5000 0.0000
vt 0.0312 0.5000 0.0000
vt 0.0625 0.5000 0.0000
vt 0.0938 0.5000 0.0000
vt 0.1250 0.5000 0.0000
vt 0.1562 0.5000 0.0000
vt 0.1875 0.5000 0.0000
vt 0.2187 0.5000 0.0000
vt 0.2500 0.5000 0.0000
vt 0.2812 0.5000 0.0000
vt 0.3125 0.5000 0.0000
vt 0.3437 0.5000 0.0000
vt 0.3750 0.5000 0.0000
vt 0.4062 0.5000 0.0000
vt 0.4375 0.5000 0.0000
vt 0.4688 0.5000 0.0000
vt 0.5000 0.5000 0.0000
vt 0.5313 0.5000 0.0000
vt 0.5625 0.5000 0.0000
vt 0.5938 0.5000 0.0000
vt 0.6250 0.5000 0.0000
vt 0.6563 0.5000 0.0000
vt 0.6875 0.5000 0.0000
vt 0.7188 0.5000 0.0000
vt 0.7500 0.5000 0.0000
vt 0.7813 0.5000 0.0000
vt 0.8125 0.5000 0.0000
vt 0.8438 0.5000 0.0000
vt 0.8750 0.5000 0.0000
vt 0.9063 0.5000 0.0000
vt 0.9375 0.5000 0.0000
vt 0.9688 0.5000 0.0000
vt 1.0000 0.5000 0.0000
vt 0.0000 0.4375 0.0000
vt 0.0312 0.4375 0.0000
vt 0.0625 0.4375 0.0000
vt 0.0938 0.4375 0.0000
vt 0.1250 0.4375 0.0000
vt 0.1562 0.4375 0.0000
vt 0.1875 0.4375 0.0000
vt 0.2187 0.4375 0.0000
vt 0.2500 0.4375 0.0000
vt 0.2812 0.4375 0.0000
vt 0.3125 0.4375 0.0000
vt 0.3437 0.4375 0.0000
vt 0.3750 0.4375 0.0000
vt 0.4062 0.4375 0.0000
vt 0.4375 0.4375 0.0000
vt 0.4688 0.4375 0.0000
vt 0.5000 0.4375 0.0000
vt 0.5313 0.4375 0.0000
vt 0.5625 0.4375 0.0000
vt 0.5938 0.4375 0.0000
vt 0.6250 0.4375 0.0000
vt 0.6563 0.4375 0.0000
vt 0.6875 0.4375 0.0000
vt 0.7188 0.4375 0.0000
vt 0.7500 0.4375 0.0000
vt 0.7813 0.4375 0.0000
vt 0.8125 0.4375 0.0000
vt 0.8438 0.4375 0.0000
vt 0.8750 0.4375 0.0000
vt 0.9063 0.4375 0.0000
vt 0.9375 0.4375 0.0000
vt 0.9688 0.4375 0.0000
vt 1.0000 0.4375 0.0000
vt 0.0000 0.3750 0.0000
vt 0.0312 0.3750 0.0000
vt 0.0625 0.3750 0.0000
vt 0.0938 0.3750 0.0000
vt 0.1250 0.3750 0.0000
vt 0.1562 0.3750 0.0000
vt 0.1875 0.3750 0.0000
vt 0.2187 0.3750 0.0000
vt 0.2500 0.3750 0.0000
vt 0.2812 0.3750 0.0000
vt 0.3125 0.3750 0.0000
vt 0.3437 0.3750 0.0000
vt 0.3750 0.3750 0.0000
vt 0.4062 0.3750 0.0000
vt 0.4375 0.3750 0.0000
vt 0.4688 0.3750 0.0000
vt 0.5000 0.3750 0.0000
vt 0.5313 0.3750 0.0000
vt 0.5625 0.3750 0.0000
vt 0.5938 0.3750 0.0000
vt 0.6250 0.3750 0.0000
vt 0.6563 0.3750 0.0000
vt 0.6875 0.3750 0.0000
vt 0.7188 0.3750 0.0000
vt 0.7500 0.3750 0.0000
vt 0.7813 0.3750 0.0000
vt 0.8125 0.3750 0.0000
vt 0.8438 0.3750 0.0000
vt 0.8750 0.3750 0.0000
vt 0.9063 0.3750 0.0000
vt 0.9375 0.3750 0.0000
vt 0.9688 0.3750 0.0000
vt 1.0000 0.3750 0.0000
vt 0.0000 0.3125 0.0000
vt 0.0312 0.3125 0.0000
vt 0.0625 0.3125 0.0000
vt 0.0938 0.3125 0.0000
vt 0.1250 0.3125 0.0000
vt 0.1562 0.3125 0.0000
vt 0.1875 0.3125 0.0000
vt 0.2187 0.3125 0.0000
vt 0.2500 0.3125 0.0000
vt 0.2812 0.3125 0.0000
vt 0.3125 0.3125 0.0000
vt 0.3437 0.3125 0.0000
vt 0.3750 0.3125 0.0000
vt 0.4062 0.3125 0.0000
vt 0.4375 0.3125 0.0000
vt 0.4688 0.3125 0.0000
vt 0.5000 0.3125 0.0000
vt 0.5313 0.3125 0.0000
vt 0.5625 0.3125 0.0000
vt 0.5938 0.3125 0.0000
vt 0.6250 0.3125 0.0000
vt 0.6563 0.3125 0.0000
vt 0.6875 0.3125 0.0000
vt 0.7188 0.3125 0.0000
vt 0.7500 0.3125 0.0000
vt 0.7813 0.3125 0.0000
vt 0.8125 0.3125 0.0000
vt 0.8438 0.3125 0.0000
vt 0.8750 0.3125 0.0000
vt 0.9063 0.3125 0.0000
vt 0.9375 0.3125 0.0000
vt 0.9688 0.3125 0.0000
vt 1.0000 0.3125 0.0000
vt 0.0000 0.2500 0.0000
vt 0.0312 0.2500 0.0000
vt 0.0625 0.2500 0.0000
vt 0.0938 0.2500 0.0000
vt 0.1250 0.2500 0.0000
vt 0.1562 0.2500 0.0000
vt 0.1875 0.2500 0.0000
vt 0.2187 0.2500 0.0000
vt 0.2500 0.2500 0.0000
vt 0.2812 0.2500 0.0000
vt 0.3125 0.2500 0.0000
vt 0.3437 0.2500 0.0000
vt 0.3750 0.2500 0.0000
vt 0.4062 0.2500 0.0000
vt 0.4375 0.2500 0.0000
vt 0.4688 0.2500 0.0000
vt 0.5000 0.2500 0.0000
vt 0.5313 0.2500 0.0000
vt 0.5625 0.2500 0.0000
vt 0.5938 0.2500 0.0000
vt 0.6250 0.2500 0.0000
vt 0.6563 0.2500 0.0000
vt 0.6875 0.2500 0.0000
vt 0.7188 0.2500 0.0000
vt 0.7500 0.2500 0.0000
vt 0.7813 0.2500 0.0000
vt 0.8125 0.2500 0.0000
vt 0.8438 0.2500 0.0000
vt 0.8750 0.2500 0.0000
vt 0.9063 0.2500 0.0000
vt 0.9375 0.2500 0.0000
vt 0.9688 0.2500 0.0000
vt 1.0000 0.2500 0.0000
vt 0.0000 0.1875 0.0000
vt 0.0312 0.1875 0.0000
vt 0.0625 0.1875 0.0000
vt 0.0938 0.1875 0.0000
vt 0.1250 0.1875 0.0000
vt 0.1562 0.1875 0.0000
vt 0.1875 0.1875 0.0000
vt 0.2187 0.1875 0.0000
vt 0.2500 0.1875 0.0000
vt 0.2812 0.1875 0.0000
vt 0.3125 0.1875 0.0000
vt 0.3437 0.1875 0.0000
vt 0.3750 0.1875 0.0000
vt 0.4062 0.1875 0.0000
vt 0.4375 0.1875 0.0000
vt 0.4688 0.1875 0.0000
vt 0.5000 0.1875 0.0000
vt 0.5313 0.1875 0.0000
vt 0.5625 0.1875 0.0000
vt 0.5938 0.1875 0.0000
vt 0.6250 0.1875 0.0000
vt 0.6563 0.1875 0.0000
vt 0.6875 0.1875 0.0000
vt 0.7188 0.1875 0.0000
vt 0.7500 0.1875 0.0000
vt 0.7813 0.1875 0.0000
vt 0.8125 0.1875 0.0000
vt 0.8438 0.1875 0.0000
vt 0.8750 0.1875 0.0000
vt 0.9063 0.1875 0.0000
vt 0.9375 0.1875 0.0000
vt 0.9688 0.1875 0.0000
vt 1.0000 0.1875 0.0000
vt 0.0000 0.1250 0.0000
vt 0.0312 0.1250 0.0000
vt 0.0625 0.1250 0.0000
vt 0.0938 0.1250 0.0000
vt 0.1250 0.1250 0.0000
vt 0.1562 0.1250 0.0000
vt 0.1875 0.1250 0.0000
vt 0.2187 0.1250 0.0000
vt 0.2500 0.1250 0.0000
vt 0.2812 0.1250 0.0000
vt 0.3125 0.1250 0.0000
vt 0.3437 0.1250 0.0000
vt 0.3750 0.1250 0.0000
vt 0.4062 0.1250 0.0000
vt 0.4375 0.1250 0.0000
vt 0.4688 0.1250 0.0000
vt 0.5000 0.1250 0.0000
vt 0.5313 0.1250 0.0000
vt 0.5625 0.1250 0.0000
vt 0.5938 0.1250 0.0000
vt 0.6250 0.1250 0.0000
vt 0.6563 0.1250 0.0000
vt 0.6875 0.1250 0.0000
vt 0.7188 0.1250 0.0000
vt 0.7500 0.1250 0.0000
vt 0.7813 0.1250 0.0000
vt 0.8125 0.1250 0.0000
vt 0.8438 0.1250 0.0000
vt 0.8750 0.1250 0.0000
vt 0.9063 0.1250 0.0000
vt 0.9375 0.1250 0.0000
vt 0.9688 0.1250 0.0000
vt 1.0000 0.1250 0.0000
vt 0.0000 0.0625 0.0000
vt 0.0312 0.0625 0.0000
vt 0.0625 0.0625 0.0000
vt 0.0938 0.0625 0.0000
vt 0.1250 0.0625 0.0000
vt 0.1562 0.0625 0.0000
vt 0.1875 0.0625 0.0000
vt 0.2187 0.0625 0.0000
vt 0.2500 0.0625 0.0000
vt 0.2812 0.0625 0.0000
vt 0.3125 0.0625 0.0000
vt 0.3437 0.0625 0.0000
vt 0.3750 0.0625 0.0000
vt 0.4062 0.0625 0.0000
vt 0.4375 0.0625 0.0000
vt 0.4688 0.0625 0.0000
vt 0.5000 0.0625 0.0000
vt 0.5313 0.0625 0.0000
vt 0.5625 0.0625 0.0000
vt 0.5938 0.0625 0.0000
vt 0.6250 0.0625 0.0000
vt 0.6563 0.0625 0.0000
vt 0.6875 0.0625 0.0000
vt 0.7188 0.0625 0.0000
vt 0.7500 0.0625 0.0000
vt 0.7813 0.0625 0.0000
vt 0.8125 0.0625 0.0000
vt 0.8438 0.0625 0.0000
vt 0.8750 0.0625 0.0000
vt 0.9063 0.0625 0.0000
vt 0.9375 0.0625 0.0000
vt 0.9688 0.0625 0.0000
vt 1.0000 0.0625 0.0000
vt 0.0000 -0.0000 0.0000
vt 0.0312 -0.0000 0.0000
vt 0.0625 -0.0000 0.0000
vt 0.0938 -0.0000 0.0000
vt 0.1250 -0.0000 0.0000
vt 0.1562 -0.0000 0.0000
vt 0.1875 -0.0000 0.0000
vt 0.2187 -0.0000 0.0000
vt 0.2500 -0.0000 0.0000
vt 0.2812 -0.0000 0.0000
vt 0.3125 -0.0000 0.0000
vt 0.3437 -0.0000 0.0000
vt 0.3750 -0.0000 0.0000
vt 0.4062 -0.0000 0.0000
vt 0.4375 -0.0000 0.0000
vt 0.4688 -0.0000 0.0000
vt 0.5000 -0.0000 0.0000
vt 0.5313 -0.0000 0.0000
vt 0.5625 -0.0000 0.0000
vt 0.5938 -0.0000 0.0000
vt 0.6250 -0.0000 0.0000
vt 0.6563 -0.0000 0.0000
vt 0.6875 -0.0000 0.0000
vt 0.7188 -0.0000 0.0000
vt 0.7500 -0.0000 0.0000
vt 0.7813 -0.0000 0.0000
vt 0.8125 -0.0000 0.0000
vt 0.8438 -0.0000 0.0000
vt 0.8750 -0.0000 0.0000
vt 0.9063 -0.0000 0.0000
vt 0.9375 -0.0000 0.0000
vt 0.9688 -0.0000 0.0000
# 559 texture coords

o Sphere001
g Sphere001
usemtl 01___Default
s 1
f 1/1/1 2/2/2 3/3/3 
f 1/4/1 3/3/3 4/5/4 
f 1/6/1 4/5/4 5/7/5 
f 1/8/1 5/7/5 6/9/6 
f 1/10/1 6/9/6 7/11/7 
f 1/12/1 7/11/7 8/13/8 
f 1/14/1 8/13/8 9/15/9 
f 1/16/1 9/15/9 10/17/10 
f 1/18/1 10/17/10 11/19/11 
f 1/20/1 11/19/11 12/21/12 
f 1/22/1 12/21/12 13/23/13 
f 1/24/1 13/23/13 14/25/14 
f 1/26/1 14/25/14 15/27/15 
f 1/28/1 15/27/15 16/29/16 
f 1/30/1 16/29/16 17/31/17 
f 1/32/1 17/31/17 18/33/18 
f 1/34/1 18/33/18 19/35/19 
f 1/36/1 19/35/19 20/37/20 
f 1/38/1 20/37/20 21/39/21 
f 1/40/1 21/39/21 22/41/22 
f 1/42/1 22/41/22 23/43/23 
f 1/44/1 23/43/23 24/45/24 
f 1/46/1 24/45/24 25/47/25 
f 1/48/1 25/47/25 26/49/26 
f 1/50/1 26/49/26 27/51/27 
f 1/52/1 27/51/27 28/53/28 
f 1/54/1 28/53/28 29/55/29 
f 1/56/1 29/55/29 30/57/30 
f 1/58/1 30/57/30 31/59/31 
f 1/60/1 31/59/31 32/61/32 
f 1/62/1 32/61/32 33/63/33 
f 1/64/1 33/63/33 2/65/2 
f 2/2/2 34/66/34 35/67/35 
f 2/2/2 35/67/35 3/3/3 
f 3/3/3 35/67/35 36/68/36 
f 3/3/3 36/68/36 4/5/4 
f 4/5/4 36/68/36 37/69/37 
f 4/5/4 37/69/37 5/7/5 
f 5/7/5 37/69/37 38/70/38 
f 5/7/5 38/70/38 6/9/6 
f 6/9/6 38/70/38 39/71/39 
f 6/9/6 39/71/39 7/11/7 
f 7/11/7 39/71/39 40/72/40 
f 7/11/7 40/72/40 8/13/8 
f 8/13/8 40/72/40 41/73/41 
f 8/13/8 41/73/41 9/15/9 
f 9/15/9 41/73/41 42/74/42 
f 9/15/9 42/74/42 10/17/10 
f 10/17/10 42/74/42 43/75/43 
f 10/17/10 43/75/43 11/19/11 
f 11/19/11 43/75/43 44/76/44 
f 11/19/11 44/76/44 12/21/12 
f 12/21/12 44/76/44 45/77/45 
f 12/21/12 45/77/45 13/23/13 
f 13/23/13 45/77/45 46/78/46 
f 13/23/13 46/78/46 14/25/14 
f 14/25/14 46/78/46 47/79/47 
f 14/25/14 47/79/47 15/27/15 
f 15/27/15 47/79/47 48/80/48 
f 15/27/15 48/80/48 16/29/16 
f 16/29/16 48/80/48 49/81/49 
f 16/29/16 49/81/49 17/31/17 
f 17/31/17 49/81/49 50/82/50 
f 17/31/17 50/82/50 18/33/18 
f 18/33/18 50/82/50 51/83/51 
f 18/33/18 51/83/51 19/35/19 
f 19/35/19 51/83/51 52/84/52 
f 19/35/19 52/84/52 20/37/20 
f 20/37/20 52/84/52 53/85/53 
f 20/37/20 53/85/53 21/39/21 
f 21/39/21 53/85/53 54/86/54 
f 21/39/21 54/86/54 22/41/22 
f 22/41/22 54/86/54 55/87/55 
f 22/41/22 55/87/55 23/43/23 
f 23/43/23 55/87/55 56/88/56 
f 23/43/23 56/88/56 24/45/24 
f 24/45/24 56/88/56 57/89/57 
f 24/45/24 57/89/57 25/47/25 
f 25/47/25 57/89/57 58/90/58 
f 25/47/25 58/90/58 26/49/26 
f 26/49/26 58/90/58 59/91/59 
f 26/49/26 59/91/59 27/51/27 
f 27/51/27 59/91/59 60/92/60 
f 27/51/27 60/92/60 28/53/28 
f 28/53/28 60/92/60 61/93/61 
f 28/53/28 61/93/61 29/55/29 
f 29/55/29 61/93/61 62/94/62 
f 29/55/29 62/94/62 30/57/30 
f 30/57/30 62/94/62 63/95/63 
f 30/57/30 63/95/63 31/59/31 
f 31/59/31 63/95/63 64/96/64 
f 31/59/31 64/96/64 32/61/32 
f 32/61/32 64/96/64 65/97/65 
f 32/61/32 65/97/65 33/63/33 
f 33/63/33 65/97/65 34/98/34 
f 33/63/33 34/98/34 2/65/2 
f 34/66/34 66/99/66 67/100/67 
f 34/66/34 67/100/67 35/67/35 
f 35/67/35 67/100/67 68/101/68 
f 35/67/35 68/101/68 36/68/36 
f 36/68/36 68/101/68 69/102/69 
f 36/68/36 69/102/69 37/69/37 
f 37/69/37 69/102/69 70/103/70 
f 37/69/37 70/103/70 38/70/38 
f 38/70/38 70/103/70 71/104/71 
f 38/70/38 71/104/71 39/71/39 
f 39/71/39 71/104/71 72/105/72 
f 39/71/39 72/105/72 40/72/40 
f 40/72/40 72/105/72 73/106/73 
f 40/72/40 73/106/73 41/73/41 
f 41/73/41 73/106/73 74/107/74 
f 41/73/41 74/107/74 42/74/42 
f 42/74/42 74/107/74 75/108/75 
f 42/74/42 75/108/75 43/75/43 
f 43/75/43 75/108/75 76/109/76 
f 43/75/43 76/109/76 44/76/44 
f 44/76/44 76/109/76 77/110/77 
f 44/76/44 77/110/77 45/77/45 
f 45/77/45 77/110/77 78/111/78 
f 45/77/45 78/111/78 46/78/46 
f 46/78/46 78/111/78 79/112/79 
f 46/78/46 79/112/79 47/79/47 
f 47/79/47 79/112/79 80/113/80 
f 47/79/47 80/113/80 48/80/48 
f 48/80/48 80/113/80 81/114/81 
f 48/80/48 81/114/81 49/81/49 
f 49/81/49 81/114/81 82/115/82 
f 49/81/49 82/115/82 50/82/50 
f 50/82/50 82/115/82 83/116/83 
f 50/82/50 83/116/83 51/83/51 
f 51/83/51 83/116/83 84/117/84 
f 51/83/51 84/117/84 52/84/52 
f 52/84/52 84/117/84 85/118/85 
f 52/84/52 85/118/85 53/85/53 
f 53/85/53 85/118/85 86/119/86 
f 53/85/53 86/119/86 54/86/54 
f 54/86/54 86/119/86 87/120/87 
f 54/86/54 87/120/87 55/87/55 
f 55/87/55 87/120/87 88/121/88 
f 55/87/55 88/121/88 56/88/56 
f 56/88/56 88/121/88 89/122/89 
f 56/88/56 89/122/89 57/89/57 
f 57/89/57 89/122/89 90/123/90 
f 57/89/57 90/123/90 58/90/58 
f 58/90/58 90/123/90 91/124/91 
f 58/90/58 91/124/91 59/91/59 
f 59/91/59 91/124/91 92/125/92 
f 59/91/59 92/125/92 60/92/60 
f 60/92/60 92/125/92 93/126/93 
f 60/92/60 93/126/93 61/93/61 
f 61/93/61 93/126/93 94/127/94 
f 61/93/61 94/127/94 62/94/62 
f 62/94/62 94/127/94 95/128/95 
f 62/94/62 95/128/95 63/95/63 
f 63/95/63 95/128/95 96/129/96 
f 63/95/63 96/129/96 64/96/64 
f 64/96/64 96/129/96 97/130/97 
f 64/96/64 97/130/97 65/97/65 
f 65/97/65 97/130/97 66/131/66 
f 65/97/65 66/131/66 34/98/34 
f 66/99/66 98/132/98 99/133/99 
f 66/99/66 99/133/99 67/100/67 
f 67/100/67 99/133/99 100/134/100 
f 67/100/67 100/134/100 68/101/68 
f 68/101/68 100/134/100 101/135/101 
f 68/101/68 101/135/101 69/102/69 
f 69/102/69 101/135/101 102/136/102 
f 69/102/69 102/136/102 70/103/70 
f 70/103/70 102/136/102 103/137/103 
f 70/103/70 103/137/103 71/104/71 
f 71/104/71 103/137/103 104/138/104 
f 71/104/71 104/138/104 72/105/72 
f 72/105/72 104/138/104 105/139/105 
f 72/105/72 105/139/105 73/106/73 
f 73/106/73 105/139/105 106/140/106 
f 73/106/73 106/140/106 74/107/74 
f 74/107/74 106/140/106 107/141/107 
f 74/107/74 107/141/107 75/108/75 
f 75/108/75 107/141/107 108/142/108 
f 75/108/75 108/142/108 76/109/76 
f 76/109/76 108/142/108 109/143/109 
f 76/109/76 109/143/109 77/110/77 
f 77/110/77 109/143/109 110/144/110 
f 77/110/77 110/144/110 78/111/78 
f 78/111/78 110/144/110 111/145/111 
f 78/111/78 111/145/111 79/112/79 
f 79/112/79 111/145/111 112/146/112 
f 79/112/79 112/146/112 80/113/80 
f 80/113/80 112/146/112 113/147/113 
f 80/113/80 113/147/113 81/114/81 
f 81/114/81 113/147/113 114/148/114 
f 81/114/81 114/148/114 82/115/82 
f 82/115/82 114/148/114 115/149/115 
f 82/115/82 115/149/115 83/116/83 
f 83/116/83 115/149/115 116/150/116 
f 83/116/83 116/150/116 84/117/84 
f 84/117/84 116/150/116 117/151/117 
f 84/117/84 117/151/117 85/118/85 
f 85/118/85 117/151/117 118/152/118 
f 85/118/85 118/152/118 86/119/86 
f 86/119/86 118/152/118 119/153/119 
f 86/119/86 119/153/119 87/120/87 
f 87/120/87 119/153/119 120/154/120 
f 87/120/87 120/154/120 88/121/88 
f 88/121/88 120/154/120 121/155/121 
f 88/121/88 121/155/121 89/122/89 
f 89/122/89 121/155/121 122/156/122 
f 89/122/89 122/156/122 90/123/90 
f 90/123/90 122/156/122 123/157/123 
f 90/123/90 123/157/123 91/124/91 
f 91/124/91 123/157/123 124/158/124 
f 91/124/91 124/158/124 92/125/92 
f 92/125/92 124/158/124 125/159/125 
f 92/125/92 125/159/125 93/126/93 
f 93/126/93 125/159/125 126/160/126 
f 93/126/93 126/160/126 94/127/94 
f 94/127/94 126/160/126 127/161/127 
f 94/127/94 127/161/127 95/128/95 
f 95/128/95 127/161/127 128/162/128 
f 95/128/95 128/162/128 96/129/96 
f 96/129/96 128/162/128 129/163/129 
f 96/129/96 129/163/129 97/130/97 
f 97/130/97 129/163/129 98/164/98 
f 97/130/97 98/164/98 66/131/66 
f 98/132/98 130/165/130 131/166/131 
f 98/132/98 131/166/131 99/133/99 
f 99/133/99 131/166/131 132/167/132 
f 99/133/99 132/167/132 100/134/100 
f 100/134/100 132/167/132 133/168/133 
f 100/134/100 133/168/133 101/135/101 
f 101/135/101 133/168/133 134/169/134 
f 101/135/101 134/169/134 102/136/102 
f 102/136/102 134/169/134 135/170/135 
f 102/136/102 135/170/135 103/137/103 
f 103/137/103 135/170/135 136/171/136 
f 103/137/103 136/171/136 104/138/104 
f 104/138/104 136/171/136 137/172/137 
f 104/138/104 137/172/137 105/139/105 
f 105/139/105 137/172/137 138/173/138 
f 105/139/105 138/173/138 106/140/106 
f 106/140/106 138/173/138 139/174/139 
f 106/140/106 139/174/139 107/141/107 
f 107/141/107 139/174/139 140/175/140 
f 107/141/107 140/175/140 108/142/108 
f 108/142/108 140/175/140 141/176/141 
f 108/142/108 141/176/141 109/143/109 
f 109/143/109 141/176/141 142/177/142 
f 109/143/109 142/177/142 110/144/110 
f 110/144/110 142/177/142 143/178/143 
f 110/144/110 143/178/143 111/145/111 
f 111/145/111 143/178/143 144/179/144 
f 111/145/111 144/179/144 112/146/112 
f 112/146/112 144/179/144 145/180/145 
f 112/146/112 145/180/145 113/147/113 
f 113/147/113 145/180/145 146/181/146 
f 113/147/113 146/181/146 114/148/114 
f 114/148/114 146/181/146 147/182/147 
f 114/148/114 147/182/147 115/149/115 
f 115/149/115 147/182/147 148/183/148 
f 115/149/115 148/183/148 116/150/116 
f 116/150/116 148/183/148 149/184/149 
f 116/150/116 149/184/149 117/151/117 
f 117/151/117 149/184/149 150/185/150 
f 117/151/117 150/185/150 118/152/118 
f 118/152/118 150/185/150 151/186/151 
f 118/152/118 151/186/151 119/153/119 
f 119/153/119 151/186/151 152/187/152 
f 119/153/119 152/187/152 120/154/120 
f 120/154/120 152/187/152 153/188/153 
f 120/154/120 153/188/153 121/155/121 
f 121/155/121 153/188/153 154/189/154 
f 121/155/121 154/189/154 122/156/122 
f 122/156/122 154/189/154 155/190/155 
f 122/156/122 155/190/155 123/157/123 
f 123/157/123 155/190/155 156/191/156 
f 123/157/123 156/191/156 124/158/124 
f 124/158/124 156/191/156 157/192/157 
f 124/158/124 157/192/157 125/159/125 
f 125/159/125 157/192/157 158/193/158 
f 125/159/125 158/193/158 126/160/126 
f 126/160/126 158/193/158 159/194/159 
f 126/160/126 159/194/159 127/161/127 
f 127/161/127 159/194/159 160/195/160 
f 127/161/127 160/195/160 128/162/128 
f 128/162/128 160/195/160 161/196/161 
f 128/162/128 161/196/161 129/163/129 
f 129/163/129 161/196/161 130/197/130 
f 129/163/129 130/197/130 98/164/98 
f 130/165/130 162/198/162 163/199/163 
f 130/165/130 163/199/163 131/166/131 
f 131/166/131 163/199/163 164/200/164 
f 131/166/131 164/200/164 132/167/132 
f 132/167/132 164/200/164 165/201/165 
f 132/167/132 165/201/165 133/168/133 
f 133/168/133 165/201/165 166/202/166 
f 133/168/133 166/202/166 134/169/134 
f 134/169/134 166/202/166 167/203/167 
f 134/169/134 167/203/167 135/170/135 
f 135/170/135 167/203/167 168/204/168 
f 135/170/135 168/204/168 136/171/136 
f 136/171/136 168/204/168 169/205/169 
f 136/171/136 169/205/169 137/172/137 
f 137/172/137 169/205/169 170/206/170 
f 137/172/137 170/206/170 138/173/138 
f 138/173/138 170/206/170 171/207/171 
f 138/173/138 171/207/171 139/174/139 
f 139/174/139 171/207/171 172/208/172 
f 139/174/139 172/208/172 140/175/140 
f 140/175/140 172/208/172 173/209/173 
f 140/175/140 173/209/173 141/176/141 
f 141/176/141 173/209/173 174/210/174 
f 141/176/141 174/210/174 142/177/142 
f 142/177/142 174/210/174 175/211/175 
f 142/177/142 175/211/175 143/178/143 
f 143/178/143 175/211/175 176/212/176 
f 143/178/143 176/212/176 144/179/144 
f 144/179/144 176/212/176 177/213/177 
f 144/179/144 177/213/177 145/180/145 
f 145/180/145 177/213/177 178/214/178 
f 145/180/145 178/214/178 146/181/146 
f 146/181/146 178/214/178 179/215/179 
f 146/181/146 179/215/179 147/182/147 
f 147/182/147 179/215/179 180/216/180 
f 147/182/147 180/216/180 148/183/148 
f 148/183/148 180/216/180 181/217/181 
f 148/183/148 181/217/181 149/184/149 
f 149/184/149 181/217/181 182/218/182 
f 149/184/149 182/218/182 150/185/150 
f 150/185/150 182/218/182 183/219/183 
f 150/185/150 183/219/183 151/186/151 
f 151/186/151 183/219/183 184/220/184 
f 151/186/151 184/220/184 152/187/152 
f 152/187/152 184/220/184 185/221/185 
f 152/187/152 185/221/185 153/188/153 
f 153/188/153 185/221/185 186/222/186 
f 153/188/153 186/222/186 154/189/154 
f 154/189/154 186/222/186 187/223/187 
f 154/189/154 187/223/187 155/190/155 
f 155/190/155 187/223/187 188/224/188 
f 155/190/155 188/224/188 156/191/156 
f 156/191/156 188/224/188 189/225/189 
f 156/191/156 189/225/189 157/192/157 
f 157/192/157 189/225/189 190/226/190 
f 157/192/157 190/226/190 158/193/158 
f 158/193/158 190/226/190 191/227/191 
f 158/193/158 191/227/191 159/194/159 
f 159/194/159 191/227/191 192/228/192 
f 159/194/159 192/228/192 160/195/160 
f 160/195/160 192/228/192 193/229/193 
f 160/195/160 193/229/193 161/196/161 
f 161/196/161 193/229/193 162/230/162 
f 161/196/161 162/230/162 130/197/130 
f 162/198/162 194/231/194 195/232/195 
f 162/198/162 195/232/195 163/199/163 
f 163/199/163 195/232/195 196/233/196 
f 163/199/163 196/233/196 164/200/164 
f 164/200/164 196/233/196 197/234/197 
f 164/200/164 197/234/197 165/201/165 
f 165/201/165 197/234/197 198/235/198 
f 165/201/165 198/235/198 166/202/166 
f 166/202/166 198/235/198 199/236/199 
f 166/202/166 199/236/199 167/203/167 
f 167/203/167 199/236/199 200/237/200 
f 167/203/167 200/237/200 168/204/168 
f 168/204/168 200/237/200 201/238/201 
f 168/204/168 201/238/201 169/205/169 
f 169/205/169 201/238/201 202/239/202 
f 169/205/169 202/239/202 170/206/170 
f 170/206/170 202/239/202 203/240/203 
f 170/206/170 203/240/203 171/207/171 
f 171/207/171 203/240/203 204/241/204 
f 171/207/171 204/241/204 172/208/172 
f 172/208/172 204/241/204 205/242/205 
f 172/208/172 205/242/205 173/209/173 
f 173/209/173 205/242/205 206/243/206 
f 173/209/173 206/243/206 174/210/174 
f 174/210/174 206/243/206 207/244/207 
f 174/210/174 207/244/207 175/211/175 
f 175/211/175 207/244/207 208/245/208 
f 175/211/175 208/245/208 176/212/176 
f 176/212/176 208/245/208 209/246/209 
f 176/212/176 209/246/209 177/213/177 
f 177/213/177 209/246/209 210/247/210 
f 177/213/177 210/247/210 178/214/178 
f 178/214/178 210/247/210 211/248/211 
f 178/214/178 211/248/211 179/215/179 
f 179/215/179 211/248/211 212/249/212 
f 179/215/179 212/249/212 180/216/180 
f 180/216/180 212/249/212 213/250/213 
f 180/216/180 213/250/213 181/217/181 
f 181/217/181 213/250/213 214/251/214 
f 181/217/181 214/251/214 182/218/182 
f 182/218/182 214/251/214 215/252/215 
f 182/218/182 215/252/215 183/219/183 
f 183/219/183 215/252/215 216/253/216 
f 183/219/183 216/253/216 184/220/184 
f 184/220/184 216/253/216 217/254/217 
f 184/220/184 217/254/217 185/221/185 
f 185/221/185 217/254/217 218/255/218 
f 185/221/185 218/255/218 186/222/186 
f 186/222/186 218/255/218 219/256/219 
f 186/222/186 219/256/219 187/223/187 
f 187/223/187 219/256/219 220/257/220 
f 187/223/187 220/257/220 188/224/188 
f 188/224/188 220/257/220 221/258/221 
f 188/224/188 221/258/221 189/225/189 
f 189/225/189 221/258/221 222/259/222 
f 189/225/189 222/259/222 190/226/190 
f 190/226/190 222/259/222 223/260/223 
f 190/226/190 223/260/223 191/227/191 
f 191/227/191 223/260/223 224/261/224 
f 191/227/191 224/261/224 192/228/192 
f 192/228/192 224/261/224 225/262/225 
f 192/228/192 225/262/225 193/229/193 
f 193/229/193 225/262/225 194/263/194 
f 193/229/193 194/263/194 162/230/162 
f 194/231/194 226/264/226 227/265/227 
f 194/231/194 227/265/227 195/232/195 
f 195/232/195 227/265/227 228/266/228 
f 195/232/195 228/266/228 196/233/196 
f 196/233/196 228/266/228 229/267/229 
f 196/233/196 229/267/229 197/234/197 
f 197/234/197 229/267/229 230/268/230 
f 197/234/197 230/268/230 198/235/198 
f 198/235/198 230/268/230 231/269/231 
f 198/235/198 231/269/231 199/236/199 
f 199/236/199 231/269/231 232/270/232 
f 199/236/199 232/270/232 200/237/200 
f 200/237/200 232/270/232 233/271/233 
f 200/237/200 233/271/233 201/238/201 
f 201/238/201 233/271/233 234/272/234 
f 201/238/201 234/272/234 202/239/202 
f 202/239/202 234/272/234 235/273/235 
f 202/239/202 235/273/235 203/240/203 
f 203/240/203 235/273/235 236/274/236 
f 203/240/203 236/274/236 204/241/204 
f 204/241/204 236/274/236 237/275/237 
f 204/241/204 237/275/237 205/242/205 
f 205/242/205 237/275/237 238/276/238 
f 205/242/205 238/276/238 206/243/206 
f 206/243/206 238/276/238 239/277/239 
f 206/243/206 239/277/239 207/244/207 
f 207/244/207 239/277/239 240/278/240 
f 207/244/207 240/278/240 208/245/208 
f 208/245/208 240/278/240 241/279/241 
f 208/245/208 241/279/241 209/246/209 
f 209/246/209 241/279/241 242/280/242 
f 209/246/209 242/280/242 210/247/210 
f 210/247/210 242/280/242 243/281/243 
f 210/247/210 243/281/243 211/248/211 
f 211/248/211 243/281/243 244/282/244 
f 211/248/211 244/282/244 212/249/212 
f 212/249/212 244/282/244 245/283/245 
f 212/249/212 245/283/245 213/250/213 
f 213/250/213 245/283/245 246/284/246 
f 213/250/213 246/284/246 214/251/214 
f 214/251/214 246/284/246 247/285/247 
f 214/251/214 247/285/247 215/252/215 
f 215/252/215 247/285/247 248/286/248 
f 215/252/215 248/286/248 216/253/216 
f 216/253/216 248/286/248 249/287/249 
f 216/253/216 249/287/249 217/254/217 
f 217/254/217 249/287/249 250/288/250 
f 217/254/217 250/288/250 218/255/218 
f 218/255/218 250/288/250 251/289/251 
f 218/255/218 251/289/251 219/256/219 
f 219/256/219 251/289/251 252/290/252 
f 219/256/219 252/290/252 220/257/220 
f 220/257/220 252/290/252 253/291/253 
f 220/257/220 253/291/253 221/258/221 
f 221/258/221 253/291/253 254/292/254 
f 221/258/221 254/292/254 222/259/222 
f 222/259/222 254/292/254 255/293/255 
f 222/259/222 255/293/255 223/260/223 
f 223/260/223 255/293/255 256/294/256 
f 223/260/223 256/294/256 224/261/224 
f 224/261/224 256/294/256 257/295/257 
f 224/261/224 257/295/257 225/262/225 
f 225/262/225 257/295/257 226/296/226 
f 225/262/225 226/296/226 194/263/194 
f 226/264/226 258/297/258 259/298/259 
f 226/264/226 259/298/259 227/265/227 
f 227/265/227 259/298/259 260/299/260 
f 227/265/227 260/299/260 228/266/228 
f 228/266/228 260/299/260 261/300/261 
f 228/266/228 261/300/261 229/267/229 
f 229/267/229 261/300/261 262/301/262 
f 229/267/229 262/301/262 230/268/230 
f 230/268/230 262/301/262 263/302/263 
f 230/268/230 263/302/263 231/269/231 
f 231/269/231 263/302/263 264/303/264 
f 231/269/231 264/303/264 232/270/232 
f 232/270/232 264/303/264 265/304/265 
f 232/270/232 265/304/265 233/271/233 
f 233/271/233 265/304/265 266/305/266 
f 233/271/233 266/305/266 234/272/234 
f 234/272/234 266/305/266 267/306/267 
f 234/272/234 267/306/267 235/273/235 
f 235/273/235 267/306/267 268/307/268 
f 235/273/235 268/307/268 236/274/236 
f 236/274/236 268/307/268 269/308/269 
f 236/274/236 269/308/269 237/275/237 
f 237/275/237 269/308/269 270/309/270 
f 237/275/237 270/309/270 238/276/238 
f 238/276/238 270/309/270 271/310/271 
f 238/276/238 271/310/271 239/277/239 
f 239/277/239 271/310/271 272/311/272 
f 239/277/239 272/311/272 240/278/240 
f 240/278/240 272/311/272 273/312/273 
f 240/278/240 273/312/273 241/279/241 
f 241/279/241 273/312/273 274/313/274 
f 241/279/241 274/313/274 242/280/242 
f 242/280/242 274/313/274 275/314/275 
f 242/280/242 275/314/275 243/281/243 
f 243/281/243 275/314/275 276/315/276 
f 243/281/243 276/315/276 244/282/244 
f 244/282/244 276/315/276 277/316/277 
f 244/282/244 277/316/277 245/283/245 
f 245/283/245 277/316/277 278/317/278 
f 245/283/245 278/317/278 246/284/246 
f 246/284/246 278/317/278 279/318/279 
f 246/284/246 279/318/279 247/285/247 
f 247/285/247 279/318/279 280/319/280 
f 247/285/247 280/319/280 248/286/248 
f 248/286/248 280/319/280 281/320/281 
f 248/286/248 281/320/281 249/287/249 
f 249/287/249 281/320/281 282/321/282 
f 249/287/249 282/321/282 250/288/250 
f 250/288/250 282/321/282 283/322/283 
f 250/288/250 283/322/283 251/289/251 
f 251/289/251 283/322/283 284/323/284 
f 251/289/251 284/323/284 252/290/252 
f 252/290/252 284/323/284 285/324/285 
f 252/290/252 285/324/285 253/291/253 
f 253/291/253 285/324/285 286/325/286 
f 253/291/253 286/325/286 254/292/254 
f 254/292/254 286/325/286 287/326/287 
f 254/292/254 287/326/287 255/293/255 
f 255/293/255 287/326/287 288/327/288 
f 255/293/255 288/327/288 256/294/256 
f 256/294/256 288/327/288 289/328/289 
f 256/294/256 289/328/289 257/295/257 
f 257/295/257 289/328/289 258/329/258 
f 257/295/257 258/329/258 226/296/226 
f 258/297/258 290/330/290 291/331/291 
f 258/297/258 291/331/291 259/298/259 
f 259/298/259 291/331/291 292/332/292 
f 259/298/259 292/332/292 260/299/260 
f 260/299/260 292/332/292 293/333/293 
f 260/299/260 293/333/293 261/300/261 
f 261/300/261 293/333/293 294/334/294 
f 261/300/261 294/334/294 262/301/262 
f 262/301/262 294/334/294 295/335/295 
f 262/301/262 295/335/295 263/302/263 
f 263/302/263 295/335/295 296/336/296 
f 263/302/263 296/336/296 264/303/264 
f 264/303/264 296/336/296 297/337/297 
f 264/303/264 297/337/297 265/304/265 
f 265/304/265 297/337/297 298/338/298 
f 265/304/265 298/338/298 266/305/266 
f 266/305/266 298/338/298 299/339/299 
f 266/305/266 299/339/299 267/306/267 
f 267/306/267 299/339/299 300/340/300 
f 267/306/267 300/340/300 268/307/268 
f 268/307/268 300/340/300 301/341/301 
f 268/307/268 301/341/301 269/308/269 
f 269/308/269 301/341/301 302/342/302 
f 269/308/269 302/342/302 270/309/270 
f 270/309/270 302/342/302 303/343/303 
f 270/309/270 303/343/303 271/310/271 
f 271/310/271 303/343/303 304/344/304 
f 271/310/271 304/344/304 272/311/272 
f 272/311/272 304/344/304 305/345/305 
f 272/311/272 305/345/305 273/312/273 
f 273/312/273 305/345/305 306/346/306 
f 273/312/273 306/346/306 274/313/274 
f 274/313/274 306/346/306 307/347/307 
f 274/313/274 307/347/307 275/314/275 
f 275/314/275 307/347/307 308/348/308 
f 275/314/275 308/348/308 276/315/276 
f 276/315/276 308/348/308 309/349/309 
f 276/315/276 309/349/309 277/316/277 
f 277/316/277 309/349/309 310/350/310 
f 277/316/277 310/350/310 278/317/278 
f 278/317/278 310/350/310 311/351/311 
f 278/317/278 311/351/311 279/318/279 
f 279/318/279 311/351/311 312/352/312 
f 279/318/279 312/352/312 280/319/280 
f 280/319/280 312/352/312 313/353/313 
f 280/319/280 313/353/313 281/320/281 
f 281/320/281 313/353/313 314/354/314 
f 281/320/281 314/354/314 282/321/282 
f 282/321/282 314/354/314 315/355/315 
f 282/321/282 315/355/315 283/322/283 
f 283/322/283 315/355/315 316/356/316 
f 283/322/283 316/356/316 284/323/284 
f 284/323/284 316/356/316 317/357/317 
f 284/323/284 317/357/317 285/324/285 
f 285/324/285 317/357/317 318/358/318 
f 285/324/285 318/358/318 286/325/286 
f 286/325/286 318/358/318 319/359/319 
f 286/325/286 319/359/319 287/326/287 
f 287/326/287 319/359/319 320/360/320 
f 287/326/287 320/360/320 288/327/288 
f 288/327/288 320/360/320 321/361/321 
f 288/327/288 321/361/321 289/328/289 
f 289/328/289 321/361/321 290/362/290 
f 289/328/289 290/362/290 258/329/258 
f 290/330/290 322/363/322 323/364/323 
f 290/330/290 323/364/323 291/331/291 
f 291/331/291 323/364/323 324/365/324 
f 291/331/291 324/365/324 292/332/292 
f 292/332/292 324/365/324 325/366/325 
f 292/332/292 325/366/325 293/333/293 
f 293/333/293 325/366/325 326/367/326 
f 293/333/293 326/367/326 294/334/294 
f 294/334/294 326/367/326 327/368/327 
f 294/334/294 327/368/327 295/335/295 
f 295/335/295 327/368/327 328/369/328 
f 295/335/295 328/369/328 296/336/296 
f 296/336/296 328/369/328 329/370/329 
f 296/336/296 329/370/329 297/337/297 
f 297/337/297 329/370/329 330/371/330 
f 297/337/297 330/371/330 298/338/298 
f 298/338/298 330/371/330 331/372/331 
f 298/338/298 331/372/331 299/339/299 
f 299/339/299 331/372/331 332/373/332 
f 299/339/299 332/373/332 300/340/300 
f 300/340/300 332/373/332 333/374/333 
f 300/340/300 333/374/333 301/341/301 
f 301/341/301 333/374/333 334/375/334 
f 301/341/301 334/375/334 302/342/302 
f 302/342/302 334/375/334 335/376/335 
f 302/342/302 335/376/335 303/343/303 
f 303/343/303 335/376/335 336/377/336 
f 303/343/303 336/377/336 304/344/304 
f 304/344/304 336/377/336 337/378/337 
f 304/344/304 337/378/337 305/345/305 
f 305/345/305 337/378/337 338/379/338 
f 305/345/305 338/379/338 306/346/306 
f 306/346/306 338/379/338 339/380/339 
f 306/346/306 339/380/339 307/347/307 
f 307/347/307 339/380/339 340/381/340 
f 307/347/307 340/381/340 308/348/308 
f 308/348/308 340/381/340 341/382/341 
f 308/348/308 341/382/341 309/349/309 
f 309/349/309 341/382/341 342/383/342 
f 309/349/309 342/383/342 310/350/310 
f 310/350/310 342/383/342 343/384/343 
f 310/350/310 343/384/343 311/351/311 
f 311/351/311 343/384/343 344/385/344 
f 311/351/311 344/385/344 312/352/312 
f 312/352/312 344/385/344 345/386/345 
f 312/352/312 345/386/345 313/353/313 
f 313/353/313 345/386/345 346/387/346 
f 313/353/313 346/387/346 314/354/314 
f 314/354/314 346/387/346 347/388/347 
f 314/354/314 347/388/347 315/355/315 
f 315/355/315 347/388/347 348/389/348 
f 315/355/315 348/389/348 316/356/316 
f 316/356/316 348/389/348 349/390/349 
f 316/356/316 349/390/349 317/357/317 
f 317/357/317 349/390/349 350/391/350 
f 317/357/317 350/391/350 318/358/318 
f 318/358/318 350/391/350 351/392/351 
f 318/358/318 351/392/351 319/359/319 
f 319/359/319 351/392/351 352/393/352 
f 319/359/319 352/393/352 320/360/320 
f 320/360/320 352/393/352 353/394/353 
f 320/360/320 353/394/353 321/361/321 
f 321/361/321 353/394/353 322/395/322 
f 321/361/321 322/395/322 290/362/290 
f 322/363/322 354/396/354 355/397/355 
f 322/363/322 355/397/355 323/364/323 
f 323/364/323 355/397/355 356/398/356 
f 323/364/323 356/398/356 324/365/324 
f 324/365/324 356/398/356 357/399/357 
f 324/365/324 357/399/357 325/366/325 
f 325/366/325 357/399/357 358/400/358 
f 325/366/325 358/400/358 326/367/326 
f 326/367/326 358/400/358 359/401/359 
f 326/367/326 359/401/359 327/368/327 
f 327/368/327 359/401/359 360/402/360 
f 327/368/327 360/402/360 328/369/328 
f 328/369/328 360/402/360 361/403/361 
f 328/369/328 361/403/361 329/370/329 
f 329/370/329 361/403/361 362/404/362 
f 329/370/329 362/404/362 330/371/330 
f 330/371/330 362/404/362 363/405/363 
f 330/371/330 363/405/363 331/372/331 
f 331/372/331 363/405/363 364/406/364 
f 331/372/331 364/406/364 332/373/332 
f 332/373/332 364/406/364 365/407/365 
f 332/373/332 365/407/365 333/374/333 
f 333/374/333 365/407/365 366/408/366 
f 333/374/333 366/408/366 334/375/334 
f 334/375/334 366/408/366 367/409/367 
f 334/375/334 367/409/367 335/376/335 
f 335/376/335 367/409/367 368/410/368 
f 335/376/335 368/410/368 336/377/336 
f 336/377/336 368/410/368 369/411/369 
f 336/377/336 369/411/369 337/378/337 
f 337/378/337 369/411/369 370/412/370 
f 337/378/337 370/412/370 338/379/338 
f 338/379/338 370/412/370 371/413/371 
f 338/379/338 371/413/371 339/380/339 
f 339/380/339 371/413/371 372/414/372 
f 339/380/339 372/414/372 340/381/340 
f 340/381/340 372/414/372 373/415/373 
f 340/381/340 373/415/373 341/382/341 
f 341/382/341 373/415/373 374/416/374 
f 341/382/341 374/416/374 342/383/342 
f 342/383/342 374/416/374 375/417/375 
f 342/383/342 375/417/375 343/384/343 
f 343/384/343 375/417/375 376/418/376 
f 343/384/343 376/418/376 344/385/344 
f 344/385/344 376/418/376 377/419/377 
f 344/385/344 377/419/377 345/386/345 
f 345/386/345 377/419/377 378/420/378 
f 345/386/345 378/420/378 346/387/346 
f 346/387/346 378/420/378 379/421/379 
f 346/387/346 379/421/379 347/388/347 
f 347/388/347 379/421/379 380/422/380 
f 347/388/347 380/422/380 348/389/348 
f 348/389/348 380/422/380 381/423/381 
f 348/389/348 381/423/381 349/390/349 
f 349/390/349 381/423/381 382/424/382 
f 349/390/349 382/424/382 350/391/350 
f 350/391/350 382/424/382 383/425/383 
f 350/391/350 383/425/383 351/392/351 
f 351/392/351 383/425/383 384/426/384 
f 351/392/351 384/426/384 352/393/352 
f 352/393/352 384/426/384 385/427/385 
f 352/393/352 385/427/385 353/394/353 
f 353/394/353 385/427/385 354/428/354 
f 353/394/353 354/428/354 322/395/322 
f 354/396/354 386/429/386 387/430/387 
f 354/396/354 387/430/387 355/397/355 
f 355/397/355 387/430/387 388/431/388 
f 355/397/355 388/431/388 356/398/356 
f 356/398/356 388/431/388 389/432/389 
f 356/398/356 389/432/389 357/399/357 
f 357/399/357 389/432/389 390/433/390 
f 357/399/357 390/433/390 358/400/358 
f 358/400/358 390/433/390 391/434/391 
f 358/400/358 391/434/391 359/401/359 
f 359/401/359 391/434/391 392/435/392 
f 359/401/359 392/435/392 360/402/360 
f 360/402/360 392/435/392 393/436/393 
f 360/402/360 393/436/393 361/403/361 
f 361/403/361 393/436/393 394/437/394 
f 361/403/361 394/437/394 362/404/362 
f 362/404/362 394/437/394 395/438/395 
f 362/404/362 395/438/395 363/405/363 
f 363/405/363 395/438/395 396/439/396 
f 363/405/363 396/439/396 364/406/364 
f 364/406/364 396/439/396 397/440/397 
f 364/406/364 397/440/397 365/407/365 
f 365/407/365 397/440/397 398/441/398 
f 365/407/365 398/441/398 366/408/366 
f 366/408/366 398/441/398 399/442/399 
f 366/408/366 399/442/399 367/409/367 
f 367/409/367 399/442/399 400/443/400 
f 367/409/367 400/443/400 368/410/368 
f 368/410/368 400/443/400 401/444/401 
f 368/410/368 401/444/401 369/411/369 
f 369/411/369 401/444/401 402/445/402 
f 369/411/369 402/445/402 370/412/370 
f 370/412/370 402/445/402 403/446/403 
f 370/412/370 403/446/403 371/413/371 
f 371/413/371 403/446/403 404/447/404 
f 371/413/371 404/447/404 372/414/372 
f 372/414/372 404/447/404 405/448/405 
f 372/414/372 405/448/405 373/415/373 
f 373/415/373 405/448/405 406/449/406 
f 373/415/373 406/449/406 374/416/374 
f 374/416/374 406/449/406 407/450/407 
f 374/416/374 407/450/407 375/417/375 
f 375/417/375 407/450/407 408/451/408 
f 375/417/375 408/451/408 376/418/376 
f 376/418/376 408/451/408 409/452/409 
f 376/418/376 409/452/409 377/419/377 
f 377/419/377 409/452/409 410/453/410 
f 377/419/377 410/453/410 378/420/378 
f 378/420/378 410/453/410 411/454/411 
f 378/420/378 411/454/411 379/421/379 
f 379/421/379 411/454/411 412/455/412 
f 379/421/379 412/455/412 380/422/380 
f 380/422/380 412/455/412 413/456/413 
f 380/422/380 413/456/413 381/423/381 
f 381/423/381 413/456/413 414/457/414 
f 381/423/381 414/457/414 382/424/382 
f 382/424/382 414/457/414 415/458/415 
f 382/424/382 415/458/415 383/425/383 
f 383/425/383 415/458/415 416/459/416 
f 383/425/383 416/459/416 384/426/384 
f 384/426/384 416/459/416 417/460/417 
f 384/426/384 417/460/417 385/427/385 
f 385/427/385 417/460/417 386/461/386 
f 385/427/385 386/461/386 354/428/354 
f 386/429/386 418/462/418 419/463/419 
f 386/429/386 419/463/419 387/430/387 
f 387/430/387 419/463/419 420/464/420 
f 387/430/387 420/464/420 388/431/388 
f 388/431/388 420/464/420 421/465/421 
f 388/431/388 421/465/421 389/432/389 
f 389/432/389 421/465/421 422/466/422 
f 389/432/389 422/466/422 390/433/390 
f 390/433/390 422/466/422 423/467/423 
f 390/433/390 423/467/423 391/434/391 
f 391/434/391 423/467/423 424/468/424 
f 391/434/391 424/468/424 392/435/392 
f 392/435/392 424/468/424 425/469/425 
f 392/435/392 425/469/425 393/436/393 
f 393/436/393 425/469/425 426/470/426 
f 393/436/393 426/470/426 394/437/394 
f 394/437/394 426/470/426 427/471/427 
f 394/437/394 427/471/427 395/438/395 
f 395/438/395 427/471/427 428/472/428 
f 395/438/395 428/472/428 396/439/396 
f 396/439/396 428/472/428 429/473/429 
f 396/439/396 429/473/429 397/440/397 
f 397/440/397 429/473/429 430/474/430 
f 397/440/397 430/474/430 398/441/398 
f 398/441/398 430/474/430 431/475/431 
f 398/441/398 431/475/431 399/442/399 
f 399/442/399 431/475/431 432/476/432 
f 399/442/399 432/476/432 400/443/400 
f 400/443/400 432/476/432 433/477/433 
f 400/443/400 433/477/433 401/444/401 
f 401/444/401 433/477/433 434/478/434 
f 401/444/401 434/478/434 402/445/402 
f 402/445/402 434/478/434 435/479/435 
f 402/445/402 435/479/435 403/446/403 
f 403/446/403 435/479/435 436/480/436 
f 403/446/403 436/480/436 404/447/404 
f 404/447/404 436/480/436 437/481/437 
f 404/447/404 437/481/437 405/448/405 
f 405/448/405 437/481/437 438/482/438 
f 405/448/405 438/482/438 406/449/406 
f 406/449/406 438/482/438 439/483/439 
f 406/449/406 439/483/439 407/450/407 
f 407/450/407 439/483/439 440/484/440 
f 407/450/407 440/484/440 408/451/408 
f 408/451/408 440/484/440 441/485/441 
f 408/451/408 441/485/441 409/452/409 
f 409/452/409 441/485/441 442/486/442 
f 409/452/409 442/486/442 410/453/410 
f 410/453/410 442/486/442 443/487/443 
f 410/453/410 443/487/443 411/454/411 
f 411/454/411 443/487/443 444/488/444 
f 411/454/411 444/488/444 412/455/412 
f 412/455/412 444/488/444 445/489/445 
f 412/455/412 445/489/445 413/456/413 
f 413/456/413 445/489/445 446/490/446 
f 413/456/413 446/490/446 414/457/414 
f 414/457/414 446/490/446 447/491/447 
f 414/457/414 447/491/447 415/458/415 
f 415/458/415 447/491/447 448/492/448 
f 415/458/415 448/492/448 416/459/416 
f 416/459/416 448/492/448 449/493/449 
f 416/459/416 449/493/449 417/460/417 
f 417/460/417 449/493/449 418/494/418 
f 417/460/417 418/494/418 386/461/386 
f 418/462/418 450/495/450 451/496/451 
f 418/462/418 451/496/451 419/463/419 
f 419/463/419 451/496/451 452/497/452 
f 419/463/419 452/497/452 420/464/420 
f 420/464/420 452/497/452 453/498/453 
f 420/464/420 453/498/453 421/465/421 
f 421/465/421 453/498/453 454/499/454 
f 421/465/421 454/499/454 422/466/422 
f 422/466/422 454/499/454 455/500/455 
f 422/466/422 455/500/455 423/467/423 
f 423/467/423 455/500/455 456/501/456 
f 423/467/423 456/501/456 424/468/424 
f 424/468/424 456/501/456 457/502/457 
f 424/468/424 457/502/457 425/469/425 
f 425/469/425 457/502/457 458/503/458 
f 425/469/425 458/503/458 426/470/426 
f 426/470/426 458/503/458 459/504/459 
f 426/470/426 459/504/459 427/471/427 
f 427/471/427 459/504/459 460/505/460 
f 427/471/427 460/505/460 428/472/428 
f 428/472/428 460/505/460 461/506/461 
f 428/472/428 461/506/461 429/473/429 
f 429/473/429 461/506/461 462/507/462 
f 429/473/429 462/507/462 430/474/430 
f 430/474/430 462/507/462 463/508/463 
f 430/474/430 463/508/463 431/475/431 
f 431/475/431 463/508/463 464/509/464 
f 431/475/431 464/509/464 432/476/432 
f 432/476/432 464/509/464 465/510/465 
f 432/476/432 465/510/465 433/477/433 
f 433/477/433 465/510/465 466/511/466 
f 433/477/433 466/511/466 434/478/434 
f 434/478/434 466/511/466 467/512/467 
f 434/478/434 467/512/467 435/479/435 
f 435/479/435 467/512/467 468/513/468 
f 435/479/435 468/513/468 436/480/436 
f 436/480/436 468/513/468 469/514/469 
f 436/480/436 469/514/469 437/481/437 
f 437/481/437 469/514/469 470/515/470 
f 437/481/437 470/515/470 438/482/438 
f 438/482/438 470/515/470 471/516/471 
f 438/482/438 471/516/471 439/483/439 
f 439/483/439 471/516/471 472/517/472 
f 439/483/439 472/517/472 440/484/440 
f 440/484/440 472/517/472 473/518/473 
f 440/484/440 473/518/473 441/485/441 
f 441/485/441 473/518/473 474/519/474 
f 441/485/441 474/519/474 442/486/442 
f 442/486/442 474/519/474 475/520/475 
f 442/486/442 475/520/475 443/487/443 
f 443/487/443 475/520/475 476/521/476 
f 443/487/443 476/521/476 444/488/444 
f 444/488/444 476/521/476 477/522/477 
f 444/488/444 477/522/477 445/489/445 
f 445/489/445 477/522/477 478/523/478 
f 445/489/445 478/523/478 446/490/446 
f 446/490/446 478/523/478 479/524/479 
f 446/490/446 479/524/479 447/491/447 
f 447/491/447 479/524/479 480/525/480 
f 447/491/447 480/525/480 448/492/448 
f 448/492/448 480/525/480 481/526/481 
f 448/492/448 481/526/481 449/493/449 
f 449/493/449 481/526/481 450/527/450 
f 449/493/449 450/527/450 418/494/418 
f 482/528/482 451/496/451 450/495/450 
f 482/529/482 452/497/452 451/496/451 
f 482/530/482 453/498/453 452/497/452 
f 482/531/482 454/499/454 453/498/453 
f 482/532/482 455/500/455 454/499/454 
f 482/533/482 456/501/456 455/500/455 
f 482/534/482 457/502/457 456/501/456 
f 482/535/482 458/503/458 457/502/457 
f 482/536/482 459/504/459 458/503/458 
f 482/537/482 460/505/460 459/504/459 
f 482/538/482 461/506/461 460/505/460 
f 482/539/482 462/507/462 461/506/461 
f 482/540/482 463/508/463 462/507/462 
f 482/541/482 464/509/464 463/508/463 
f 482/542/482 465/510/465 464/509/464 
f 482/543/482 466/511/466 465/510/465 
f 482/544/482 467/512/467 466/511/466 
f 482/545/482 468/513/468 467/512/467 
f 482/546/482 469/514/469 468/513/468 
f 482/547/482 470/515/470 469/514/469 
f 482/548/482 471/516/471 470/515/470 
f 482/549/482 472/517/472 471/516/471 
f 482/550/482 473/518/473 472/517/472 
f 482/551/482 474/519/474 473/518/473 
f 482/552/482 475/520/475 474/519/474 
f 482/553/482 476/521/476 475/520/475 
f 482/554/482 477/522/477 476/521/476 
f 482/555/482 478/523/478 477/522/477 
f 482/556/482 479/524/479 478/523/478 
f 482/557/482 480/525/480 479/524/479 
f 482/558/482 481/526/481 480/525/480 
f 482/559/482 450/527/450 481/526/481 
# 960 faces

#
# object Cylinder001
#

v  0.0000 -5.9434 -0.0000
v  0.1128 -5.9434 -0.0410
v  0.1200 -5.9434 -0.0000
v  0.0919 -5.9434 -0.0771
v  0.0600 -5.9434 -0.1039
v  0.0208 -5.9434 -0.1182
v  -0.0208 -5.9434 -0.1182
v  -0.0600 -5.9434 -0.1039
v  -0.0919 -5.9434 -0.0771
v  -0.1128 -5.9434 -0.0410
v  -0.1200 -5.9434 -0.0000
v  -0.1128 -5.9434 0.0410
v  -0.0919 -5.9434 0.0771
v  -0.0600 -5.9434 0.1039
v  -0.0208 -5.9434 0.1182
v  0.0208 -5.9434 0.1182
v  0.0600 -5.9434 0.1039
v  0.0919 -5.9434 0.0771
v  0.1128 -5.9434 0.0410
v  0.1128 -4.7434 -0.0410
v  0.1200 -4.7434 -0.0000
v  0.0919 -4.7434 -0.0771
v  0.0600 -4.7434 -0.1039
v  0.0208 -4.7434 -0.1182
v  -0.0208 -4.7434 -0.1182
v  -0.0600 -4.7434 -0.1039
v  -0.0919 -4.7434 -0.0771
v  -0.1128 -4.7434 -0.0410
v  -0.1200 -4.7434 -0.0000
v  -0.1128 -4.7434 0.0410
v  -0.0919 -4.7434 0.0771
v  -0.0600 -4.7434 0.1039
v  -0.0208 -4.7434 0.1182
v  0.0208 -4.7434 0.1182
v  0.0600 -4.7434 0.1039
v  0.0919 -4.7434 0.0771
v  0.1128 -4.7434 0.0410
v  0.1128 -3.5434 -0.0410
v  0.1200 -3.5434 -0.0000
v  0.0919 -3.5434 -0.0771
v  0.0600 -3.5434 -0.1039
v  0.0208 -3.5434 -0.1182
v  -0.0208 -3.5434 -0.1182
v  -0.0600 -3.5434 -0.1039
v  -0.0919 -3.5434 -0.0771
v  -0.1128 -3.5434 -0.0410
v  -0.1200 -3.5434 -0.0000
v  -0.1128 -3.5434 0.0410
v  -0.0919 -3.5434 0.0771
v  -0.0600 -3.5434 0.1039
v  -0.0208 -3.5434 0.1182
v  0.0208 -3.5434 0.1182
v  0.0600 -3.5434 0.1039
v  0.0919 -3.5434 0.0771
v  0.1128 -3.5434 0.0410
v  0.1128 -2.3434 -0.0410
v  0.1200 -2.3434 -0.0000
v  0.0919 -2.3434 -0.0771
v  0.0600 -2.3434 -0.1039
v  0.0208 -2.3434 -0.1182
v  -0.0208 -2.3434 -0.1182
v  -0.0600 -2.3434 -0.1039
v  -0.0919 -2.3434 -0.0771
v  -0.1128 -2.3434 -0.0410
v  -0.1200 -2.3434 -0.0000
v  -0.1128 -2.3434 0.0410
v  -0.0919 -2.3434 0.0771
v  -0.0600 -2.3434 0.1039
v  -0.0208 -2.3434 0.1182
v  0.0208 -2.3434 0.1182
v  0.0600 -2.3434 0.1039
v  0.0919 -2.3434 0.0771
v  0.1128 -2.3434 0.0410
v  0.1128 -1.1434 -0.0410
v  0.1200 -1.1434 -0.0000
v  0.0919 -1.1434 -0.0771
v  0.0600 -1.1434 -0.1039
v  0.0208 -1.1434 -0.1182
v  -0.0208 -1.1434 -0.1182
v  -0.0600 -1.1434 -0.1039
v  -0.0919 -1.1434 -0.0771
v  -0.1128 -1.1434 -0.0410
v  -0.1200 -1.1434 -0.0000
v  -0.1128 -1.1434 0.0410
v  -0.0919 -1.1434 0.0771
v  -0.0600 -1.1434 0.1039
v  -0.0208 -1.1434 0.1182
v  0.0208 -1.1434 0.1182
v  0.0600 -1.1434 0.1039
v  0.0919 -1.1434 0.0771
v  0.1128 -1.1434 0.0410
v  0.1128 0.0566 -0.0410
v  0.1200 0.0566 -0.0000
v  0.0919 0.0566 -0.0771
v  0.0600 0.0566 -0.1039
v  0.0208 0.0566 -0.1182
v  -0.0208 0.0566 -0.1182
v  -0.0600 0.0566 -0.1039
v  -0.0919 0.0566 -0.0771
v  -0.1128 0.0566 -0.0410
v  -0.1200 0.0566 -0.0000
v  -0.1128 0.0566 0.0410
v  -0.0919 0.0566 0.0771
v  -0.0600 0.0566 0.1039
v  -0.0208 0.0566 0.1182
v  0.0208 0.0566 0.1182
v  0.0600 0.0566 0.1039
v  0.0919 0.0566 0.0771
v  0.1128 0.0566 0.0410
v  0.0000 0.0566 -0.0000
# 110 vertices

vn 0.0000 -1.0000 -0.0000
vn 1.0000 -0.0000 0.0000
vn 0.9397 -0.0000 -0.3420
vn 0.7660 -0.0000 -0.6428
vn 0.5000 -0.0000 -0.8660
vn 0.1736 -0.0000 -0.9848
vn -0.1736 -0.0000 -0.9848
vn -0.5000 -0.0000 -0.8660
vn -0.7660 -0.0000 -0.6428
vn -0.9397 -0.0000 -0.3420
vn -1.0000 -0.0000 -0.0000
vn -0.9397 -0.0000 0.3420
vn -0.7660 -0.0000 0.6428
vn -0.5000 -0.0000 0.8660
vn -0.1736 -0.0000 0.9848
vn 0.1736 -0.0000 0.9848
vn 0.5000 -0.0000 0.8660
vn 0.7660 -0.0000 0.6428
vn 0.9397 -0.0000 0.3420
vn 0.9397 0.0000 -0.3420
vn 1.0000 0.0000 0.0000
vn 0.7660 0.0000 -0.6428
vn 0.5000 0.0000 -0.8660
vn 0.1736 0.0000 -0.9848
vn -0.1736 0.0000 -0.9848
vn -0.5000 0.0000 -0.8660
vn -0.7660 0.0000 -0.6428
vn -0.9397 0.0000 -0.3420
vn -1.0000 0.0000 -0.0000
vn -0.9397 0.0000 0.3420
vn -0.7660 0.0000 0.6428
vn -0.5000 0.0000 0.8660
vn -0.1736 0.0000 0.9848
vn 0.1736 0.0000 0.9848
vn 0.5000 0.0000 0.8660
vn 0.7660 0.0000 0.6428
vn 0.9397 0.0000 0.3420
vn 0.0000 1.0000 -0.0000
# 38 vertex normals

vt 0.5000 0.0000 0.0000
vt 0.8056 0.0000 1.0000
vt 0.7500 0.0000 1.0000
vt 0.8611 0.0000 1.0000
vt 0.9167 0.0000 1.0000
vt 0.9722 0.0000 1.0000
vt 0.0278 0.0000 1.0000
vt -0.0278 0.0000 1.0000
vt 0.0833 0.0000 1.0000
vt 0.1389 0.0000 1.0000
vt 0.1944 0.0000 1.0000
vt 0.2500 0.0000 1.0000
vt 0.3056 0.0000 1.0000
vt 0.3611 0.0000 1.0000
vt 0.4167 0.0000 1.0000
vt 0.4722 0.0000 1.0000
vt 0.5278 0.0000 1.0000
vt 0.5833 0.0000 1.0000
vt 0.6389 0.0000 1.0000
vt 0.6944 0.0000 1.0000
vt 0.8056 0.2000 1.0000
vt 0.7500 0.2000 1.0000
vt 0.8611 0.2000 1.0000
vt 0.9167 0.2000 1.0000
vt 0.9722 0.2000 1.0000
vt 0.0278 0.2000 1.0000
vt -0.0278 0.2000 1.0000
vt 0.0833 0.2000 1.0000
vt 0.1389 0.2000 1.0000
vt 0.1944 0.2000 1.0000
vt 0.2500 0.2000 1.0000
vt 0.3056 0.2000 1.0000
vt 0.3611 0.2000 1.0000
vt 0.4167 0.2000 1.0000
vt 0.4722 0.2000 1.0000
vt 0.5278 0.2000 1.0000
vt 0.5833 0.2000 1.0000
vt 0.6389 0.2000 1.0000
vt 0.6944 0.2000 1.0000
vt 0.8056 0.4000 1.0000
vt 0.7500 0.4000 1.0000
vt 0.8611 0.4000 1.0000
vt 0.9167 0.4000 1.0000
vt 0.9722 0.4000 1.0000
vt 0.0278 0.4000 1.0000
vt -0.0278 0.4000 1.0000
vt 0.0833 0.4000 1.0000
vt 0.1389 0.4000 1.0000
vt 0.1944 0.4000 1.0000
vt 0.2500 0.4000 1.0000
vt 0.3056 0.4000 1.0000
vt 0.3611 0.4000 1.0000
vt 0.4167 0.4000 1.0000
vt 0.4722 0.4000 1.0000
vt 0.5278 0.4000 1.0000
vt 0.5833 0.4000 1.0000
vt 0.6389 0.4000 1.0000
vt 0.6944 0.4000 1.0000
vt 0.8056 0.6000 1.0000
vt 0.7500 0.6000 1.0000
vt 0.8611 0.6000 1.0000
vt 0.9167 0.6000 1.0000
vt 0.9722 0.6000 1.0000
vt 0.0278 0.6000 1.0000
vt -0.0278 0.6000 1.0000
vt 0.0833 0.6000 1.0000
vt 0.1389 0.6000 1.0000
vt 0.1944 0.6000 1.0000
vt 0.2500 0.6000 1.0000
vt 0.3056 0.6000 1.0000
vt 0.3611 0.6000 1.0000
vt 0.4167 0.6000 1.0000
vt 0.4722 0.6000 1.0000
vt 0.5278 0.6000 1.0000
vt 0.5833 0.6000 1.0000
vt 0.6389 0.6000 1.0000
vt 0.6944 0.6000 1.0000
vt 0.8056 0.8000 1.0000
vt 0.7500 0.8000 1.0000
vt 0.8611 0.8000 1.0000
vt 0.9167 0.8000 1.0000
vt 0.9722 0.8000 1.0000
vt 0.0278 0.8000 1.0000
vt -0.0278 0.8000 1.0000
vt 0.0833 0.8000 1.0000
vt 0.1389 0.8000 1.0000
vt 0.1944 0.8000 1.0000
vt 0.2500 0.8000 1.0000
vt 0.3056 0.8000 1.0000
vt 0.3611 0.8000 1.0000
vt 0.4167 0.8000 1.0000
vt 0.4722 0.8000 1.0000
vt 0.5278 0.8000 1.0000
vt 0.5833 0.8000 1.0000
vt 0.6389 0.8000 1.0000
vt 0.6944 0.8000 1.0000
vt 0.8056 1.0000 1.0000
vt 0.7500 1.0000 1.0000
vt 0.8611 1.0000 1.0000
vt 0.9167 1.0000 1.0000
vt 0.9722 1.0000 1.0000
vt 0.0278 1.0000 1.0000
vt -0.0278 1.0000 1.0000
vt 0.0833 1.0000 1.0000
vt 0.1389 1.0000 1.0000
vt 0.1944 1.0000 1.0000
vt 0.2500 1.0000 1.0000
vt 0.3056 1.0000 1.0000
vt 0.3611 1.0000 1.0000
vt 0.4167 1.0000 1.0000
vt 0.4722 1.0000 1.0000
vt 0.5278 1.0000 1.0000
vt 0.5833 1.0000 1.0000
vt 0.6389 1.0000 1.0000
vt 0.6944 1.0000 1.0000
vt 0.5000 1.0000 0.0000
# 116 texture coords

o Cylinder001
g Cylinder001
usemtl 02___Default
s 1
f 483/560/483 484/561/483 485/562/483 
f 483/560/483 486/563/483 484/561/483 
f 483/560/483 487/564/483 486/563/483 
f 483/560/483 488/565/483 487/564/483 
f 483/560/483 489/566/483 488/567/483 
f 483/560/483 490/568/483 489/566/483 
f 483/560/483 491/569/483 490/568/483 
f 483/560/483 492/570/483 491/569/483 
f 483/560/483 493/571/483 492/570/483 
f 483/560/483 494/572/483 493/571/483 
f 483/560/483 495/573/483 494/572/483 
f 483/560/483 496/574/483 495/573/483 
f 483/560/483 497/575/483 496/574/483 
f 483/560/483 498/576/483 497/575/483 
f 483/560/483 499/577/483 498/576/483 
f 483/560/483 500/578/483 499/577/483 
f 483/560/483 501/579/483 500/578/483 
f 483/560/483 485/562/483 501/579/483 
s 8
f 485/562/484 502/580/485 503/581/484 
f 485/562/484 484/561/485 502/580/485 
f 484/561/485 504/582/486 502/580/485 
f 484/561/485 486/563/486 504/582/486 
f 486/563/486 505/583/487 504/582/486 
f 486/563/486 487/564/487 505/583/487 
f 487/564/487 506/584/488 505/583/487 
f 487/564/487 488/565/488 506/584/488 
f 488/567/488 507/585/489 506/586/488 
f 488/567/488 489/566/489 507/585/489 
f 489/566/489 508/587/490 507/585/489 
f 489/566/489 490/568/490 508/587/490 
f 490/568/490 509/588/491 508/587/490 
f 490/568/490 491/569/491 509/588/491 
f 491/569/491 510/589/492 509/588/491 
f 491/569/491 492/570/492 510/589/492 
f 492/570/492 511/590/493 510/589/492 
f 492/570/492 493/571/493 511/590/493 
f 493/571/493 512/591/494 511/590/493 
f 493/571/493 494/572/494 512/591/494 
f 494/572/494 513/592/495 512/591/494 
f 494/572/494 495/573/495 513/592/495 
f 495/573/495 514/593/496 513/592/495 
f 495/573/495 496/574/496 514/593/496 
f 496/574/496 515/594/497 514/593/496 
f 496/574/496 497/575/497 515/594/497 
f 497/575/497 516/595/498 515/594/497 
f 497/575/497 498/576/498 516/595/498 
f 498/576/498 517/596/499 516/595/498 
f 498/576/498 499/577/499 517/596/499 
f 499/577/499 518/597/500 517/596/499 
f 499/577/499 500/578/500 518/597/500 
f 500/578/500 519/598/501 518/597/500 
f 500/578/500 501/579/501 519/598/501 
f 501/579/501 503/581/484 519/598/501 
f 501/579/501 485/562/484 503/581/484 
f 503/581/484 520/599/502 521/600/503 
f 503/581/484 502/580/485 520/599/502 
f 502/580/485 522/601/504 520/599/502 
f 502/580/485 504/582/486 522/601/504 
f 504/582/486 523/602/505 522/601/504 
f 504/582/486 505/583/487 523/602/505 
f 505/583/487 524/603/506 523/602/505 
f 505/583/487 506/584/488 524/603/506 
f 506/586/488 525/604/507 524/605/506 
f 506/586/488 507/585/489 525/604/507 
f 507/585/489 526/606/508 525/604/507 
f 507/585/489 508/587/490 526/606/508 
f 508/587/490 527/607/509 526/606/508 
f 508/587/490 509/588/491 527/607/509 
f 509/588/491 528/608/510 527/607/509 
f 509/588/491 510/589/492 528/608/510 
f 510/589/492 529/609/511 528/608/510 
f 510/589/492 511/590/493 529/609/511 
f 511/590/493 530/610/512 529/609/511 
f 511/590/493 512/591/494 530/610/512 
f 512/591/494 531/611/513 530/610/512 
f 512/591/494 513/592/495 531/611/513 
f 513/592/495 532/612/514 531/611/513 
f 513/592/495 514/593/496 532/612/514 
f 514/593/496 533/613/515 532/612/514 
f 514/593/496 515/594/497 533/613/515 
f 515/594/497 534/614/516 533/613/515 
f 515/594/497 516/595/498 534/614/516 
f 516/595/498 535/615/517 534/614/516 
f 516/595/498 517/596/499 535/615/517 
f 517/596/499 536/616/518 535/615/517 
f 517/596/499 518/597/500 536/616/518 
f 518/597/500 537/617/519 536/616/518 
f 518/597/500 519/598/501 537/617/519 
f 519/598/501 521/600/503 537/617/519 
f 519/598/501 503/581/484 521/600/503 
f 521/600/503 538/618/502 539/619/503 
f 521/600/503 520/599/502 538/618/502 
f 520/599/502 540/620/504 538/618/502 
f 520/599/502 522/601/504 540/620/504 
f 522/601/504 541/621/505 540/620/504 
f 522/601/504 523/602/505 541/621/505 
f 523/602/505 542/622/506 541/621/505 
f 523/602/505 524/603/506 542/622/506 
f 524/605/506 543/623/507 542/624/506 
f 524/605/506 525/604/507 543/623/507 
f 525/604/507 544/625/508 543/623/507 
f 525/604/507 526/606/508 544/625/508 
f 526/606/508 545/626/509 544/625/508 
f 526/606/508 527/607/509 545/626/509 
f 527/607/509 546/627/510 545/626/509 
f 527/607/509 528/608/510 546/627/510 
f 528/608/510 547/628/511 546/627/510 
f 528/608/510 529/609/511 547/628/511 
f 529/609/511 548/629/512 547/628/511 
f 529/609/511 530/610/512 548/629/512 
f 530/610/512 549/630/513 548/629/512 
f 530/610/512 531/611/513 549/630/513 
f 531/611/513 550/631/514 549/630/513 
f 531/611/513 532/612/514 550/631/514 
f 532/612/514 551/632/515 550/631/514 
f 532/612/514 533/613/515 551/632/515 
f 533/613/515 552/633/516 551/632/515 
f 533/613/515 534/614/516 552/633/516 
f 534/614/516 553/634/517 552/633/516 
f 534/614/516 535/615/517 553/634/517 
f 535/615/517 554/635/518 553/634/517 
f 535/615/517 536/616/518 554/635/518 
f 536/616/518 555/636/519 554/635/518 
f 536/616/518 537/617/519 555/636/519 
f 537/617/519 539/619/503 555/636/519 
f 537/617/519 521/600/503 539/619/503 
f 539/619/503 556/637/502 557/638/503 
f 539/619/503 538/618/502 556/637/502 
f 538/618/502 558/639/504 556/637/502 
f 538/618/502 540/620/504 558/639/504 
f 540/620/504 559/640/505 558/639/504 
f 540/620/504 541/621/505 559/640/505 
f 541/621/505 560/641/506 559/640/505 
f 541/621/505 542/622/506 560/641/506 
f 542/624/506 561/642/507 560/643/506 
f 542/624/506 543/623/507 561/642/507 
f 543/623/507 562/644/508 561/642/507 
f 543/623/507 544/625/508 562/644/508 
f 544/625/508 563/645/509 562/644/508 
f 544/625/508 545/626/509 563/645/509 
f 545/626/509 564/646/510 563/645/509 
f 545/626/509 546/627/510 564/646/510 
f 546/627/510 565/647/511 564/646/510 
f 546/627/510 547/628/511 565/647/511 
f 547/628/511 566/648/512 565/647/511 
f 547/628/511 548/629/512 566/648/512 
f 548/629/512 567/649/513 566/648/512 
f 548/629/512 549/630/513 567/649/513 
f 549/630/513 568/650/514 567/649/513 
f 549/630/513 550/631/514 568/650/514 
f 550/631/514 569/651/515 568/650/514 
f 550/631/514 551/632/515 569/651/515 
f 551/632/515 570/652/516 569/651/515 
f 551/632/515 552/633/516 570/652/516 
f 552/633/516 571/653/517 570/652/516 
f 552/633/516 553/634/517 571/653/517 
f 553/634/517 572/654/518 571/653/517 
f 553/634/517 554/635/518 572/654/518 
f 554/635/518 573/655/519 572/654/518 
f 554/635/518 555/636/519 573/655/519 
f 555/636/519 557/638/503 573/655/519 
f 555/636/519 539/619/503 557/638/503 
f 557/638/503 574/656/502 575/657/503 
f 557/638/503 556/637/502 574/656/502 
f 556/637/502 576/658/504 574/656/502 
f 556/637/502 558/639/504 576/658/504 
f 558/639/504 577/659/505 576/658/504 
f 558/639/504 559/640/505 577/659/505 
f 559/640/505 578/660/506 577/659/505 
f 559/640/505 560/641/506 578/660/506 
f 560/643/506 579/661/507 578/662/506 
f 560/643/506 561/642/507 579/661/507 
f 561/642/507 580/663/508 579/661/507 
f 561/642/507 562/644/508 580/663/508 
f 562/644/508 581/664/509 580/663/508 
f 562/644/508 563/645/509 581/664/509 
f 563/645/509 582/665/510 581/664/509 
f 563/645/509 564/646/510 582/665/510 
f 564/646/510 583/666/511 582/665/510 
f 564/646/510 565/647/511 583/666/511 
f 565/647/511 584/667/512 583/666/511 
f 565/647/511 566/648/512 584/667/512 
f 566/648/512 585/668/513 584/667/512 
f 566/648/512 567/649/513 585/668/513 
f 567/649/513 586/669/514 585/668/513 
f 567/649/513 568/650/514 586/669/514 
f 568/650/514 587/670/515 586/669/514 
f 568/650/514 569/651/515 587/670/515 
f 569/651/515 588/671/516 587/670/515 
f 569/651/515 570/652/516 588/671/516 
f 570/652/516 589/672/517 588/671/516 
f 570/652/516 571/653/517 589/672/517 
f 571/653/517 590/673/518 589/672/517 
f 571/653/517 572/654/518 590/673/518 
f 572/654/518 591/674/519 590/673/518 
f 572/654/518 573/655/519 591/674/519 
f 573/655/519 575/657/503 591/674/519 
f 573/655/519 557/638/503 575/657/503 
s 1
f 592/675/520 575/657/520 574/656/520 
f 592/675/520 574/656/520 576/658/520 
f 592/675/520 576/658/520 577/659/520 
f 592/675/520 577/659/520 578/660/520 
f 592/675/520 578/662/520 579/661/520 
f 592/675/520 579/661/520 580/663/520 
f 592/675/520 580/663/520 581/664/520 
f 592/675/520 581/664/520 582/665/520 
f 592/675/520 582/665/520 583/666/520 
f 592/675/520 583/666/520 584/667/520 
f 592/675/520 584/667/520 585/668/520 
f 592/675/520 585/668/520 586/669/520 
f 592/675/520 586/669/520 587/670/520 
f 592/675/520 587/670/520 588/671/520 
f 592/675/520 588/671/520 589/672/520 
f 592/675/520 589/672/520 590/673/520 
f 592/675/520 590/673/520 591/674/520 
f 592/675/520 591/674/520 575/657/520 
# 216 faces

#
# object Cylinder002
#

v  0.0000 -5.9434 -2.0000
v  0.1128 -5.9434 -2.0410
v  0.1200 -5.9434 -2.0000
v  0.0919 -5.9434 -2.0771
v  0.0600 -5.9434 -2.1039
v  0.0208 -5.9434 -2.1182
v  -0.0208 -5.9434 -2.1182
v  -0.0600 -5.9434 -2.1039
v  -0.0919 -5.9434 -2.0771
v  -0.1128 -5.9434 -2.0410
v  -0.1200 -5.9434 -2.0000
v  -0.1128 -5.9434 -1.9590
v  -0.0919 -5.9434 -1.9229
v  -0.0600 -5.9434 -1.8961
v  -0.0208 -5.9434 -1.8818
v  0.0208 -5.9434 -1.8818
v  0.0600 -5.9434 -1.8961
v  0.0919 -5.9434 -1.9229
v  0.1128 -5.9434 -1.9590
v  0.1128 -4.7434 -2.0410
v  0.1200 -4.7434 -2.0000
v  0.0919 -4.7434 -2.0771
v  0.0600 -4.7434 -2.1039
v  0.0208 -4.7434 -2.1182
v  -0.0208 -4.7434 -2.1182
v  -0.0600 -4.7434 -2.1039
v  -0.0919 -4.7434 -2.0771
v  -0.1128 -4.7434 -2.0410
v  -0.1200 -4.7434 -2.0000
v  -0.1128 -4.7434 -1.9590
v  -0.0919 -4.7434 -1.9229
v  -0.0600 -4.7434 -1.8961
v  -0.0208 -4.7434 -1.8818
v  0.0208 -4.7434 -1.8818
v  0.0600 -4.7434 -1.8961
v  0.0919 -4.7434 -1.9229
v  0.1128 -4.7434 -1.9590
v  0.1128 -3.5434 -2.0410
v  0.1200 -3.5434 -2.0000
v  0.0919 -3.5434 -2.0771
v  0.0600 -3.5434 -2.1039
v  0.0208 -3.5434 -2.1182
v  -0.0208 -3.5434 -2.1182
v  -0.0600 -3.5434 -2.1039
v  -0.0919 -3.5434 -2.0771
v  -0.1128 -3.5434 -2.0410
v  -0.1200 -3.5434 -2.0000
v  -0.1128 -3.5434 -1.9590
v  -0.0919 -3.5434 -1.9229
v  -0.0600 -3.5434 -1.8961
v  -0.0208 -3.5434 -1.8818
v  0.0208 -3.5434 -1.8818
v  0.0600 -3.5434 -1.8961
v  0.0919 -3.5434 -1.9229
v  0.1128 -3.5434 -1.9590
v  0.1128 -2.3434 -2.0410
v  0.1200 -2.3434 -2.0000
v  0.0919 -2.3434 -2.0771
v  0.0600 -2.3434 -2.1039
v  0.0208 -2.3434 -2.1182
v  -0.0208 -2.3434 -2.1182
v  -0.0600 -2.3434 -2.1039
v  -0.0919 -2.3434 -2.0771
v  -0.1128 -2.3434 -2.0410
v  -0.1200 -2.3434 -2.0000
v  -0.1128 -2.3434 -1.9590
v  -0.0919 -2.3434 -1.9229
v  -0.0600 -2.3434 -1.8961
v  -0.0208 -2.3434 -1.8818
v  0.0208 -2.3434 -1.8818
v  0.0600 -2.3434 -1.8961
v  0.0919 -2.3434 -1.9229
v  0.1128 -2.3434 -1.9590
v  0.1128 -1.1434 -2.0410
v  0.1200 -1.1434 -2.0000
v  0.0919 -1.1434 -2.0771
v  0.0600 -1.1434 -2.1039
v  0.0208 -1.1434 -2.1182
v  -0.0208 -1.1434 -2.1182
v  -0.0600 -1.1434 -2.1039
v  -0.0919 -1.1434 -2.0771
v  -0.1128 -1.1434 -2.0410
v  -0.1200 -1.1434 -2.0000
v  -0.1128 -1.1434 -1.9590
v  -0.0919 -1.1434 -1.9229
v  -0.0600 -1.1434 -1.8961
v  -0.0208 -1.1434 -1.8818
v  0.0208 -1.1434 -1.8818
v  0.0600 -1.1434 -1.8961
v  0.0919 -1.1434 -1.9229
v  0.1128 -1.1434 -1.9590
v  0.1128 0.0566 -2.0410
v  0.1200 0.0566 -2.0000
v  0.0919 0.0566 -2.0771
v  0.0600 0.0566 -2.1039
v  0.0208 0.0566 -2.1182
v  -0.0208 0.0566 -2.1182
v  -0.0600 0.0566 -2.1039
v  -0.0919 0.0566 -2.0771
v  -0.1128 0.0566 -2.0410
v  -0.1200 0.0566 -2.0000
v  -0.1128 0.0566 -1.9590
v  -0.0919 0.0566 -1.9229
v  -0.0600 0.0566 -1.8961
v  -0.0208 0.0566 -1.8818
v  0.0208 0.0566 -1.8818
v  0.0600 0.0566 -1.8961
v  0.0919 0.0566 -1.9229
v  0.1128 0.0566 -1.9590
v  0.0000 0.0566 -2.0000
# 110 vertices

vn 0.0000 -1.0000 -0.0000
vn 1.0000 -0.0000 0.0000
vn 0.9397 -0.0000 -0.3420
vn 0.7660 -0.0000 -0.6428
vn 0.5000 -0.0000 -0.8660
vn 0.1736 -0.0000 -0.9848
vn -0.1736 -0.0000 -0.9848
vn -0.5000 -0.0000 -0.8660
vn -0.7660 -0.0000 -0.6428
vn -0.9397 -0.0000 -0.3420
vn -1.0000 -0.0000 -0.0000
vn -0.9397 -0.0000 0.3420
vn -0.7660 -0.0000 0.6428
vn -0.5000 -0.0000 0.8660
vn -0.1736 -0.0000 0.9848
vn 0.1736 -0.0000 0.9848
vn 0.5000 -0.0000 0.8660
vn 0.7660 -0.0000 0.6428
vn 0.9397 -0.0000 0.3420
vn 0.9397 0.0000 -0.3420
vn 1.0000 0.0000 0.0000
vn 0.7660 0.0000 -0.6428
vn 0.5000 0.0000 -0.8660
vn 0.1736 0.0000 -0.9848
vn -0.1736 0.0000 -0.9848
vn -0.5000 0.0000 -0.8660
vn -0.7660 0.0000 -0.6428
vn -0.9397 0.0000 -0.3420
vn -1.0000 0.0000 -0.0000
vn -0.9397 0.0000 0.3420
vn -0.7660 0.0000 0.6428
vn -0.5000 0.0000 0.8660
vn -0.1736 0.0000 0.9848
vn 0.1736 0.0000 0.9848
vn 0.5000 0.0000 0.8660
vn 0.7660 0.0000 0.6428
vn 0.9397 0.0000 0.3420
vn 0.0000 1.0000 -0.0000
# 38 vertex normals

vt 0.5000 0.0000 0.0000
vt 0.8056 0.0000 1.0000
vt 0.7500 0.0000 1.0000
vt 0.8611 0.0000 1.0000
vt 0.9167 0.0000 1.0000
vt 0.9722 0.0000 1.0000
vt 0.0278 0.0000 1.0000
vt -0.0278 0.0000 1.0000
vt 0.0833 0.0000 1.0000
vt 0.1389 0.0000 1.0000
vt 0.1944 0.0000 1.0000
vt 0.2500 0.0000 1.0000
vt 0.3056 0.0000 1.0000
vt 0.3611 0.0000 1.0000
vt 0.4167 0.0000 1.0000
vt 0.4722 0.0000 1.0000
vt 0.5278 0.0000 1.0000
vt 0.5833 0.0000 1.0000
vt 0.6389 0.0000 1.0000
vt 0.6944 0.0000 1.0000
vt 0.8056 0.2000 1.0000
vt 0.7500 0.2000 1.0000
vt 0.8611 0.2000 1.0000
vt 0.9167 0.2000 1.0000
vt 0.9722 0.2000 1.0000
vt 0.0278 0.2000 1.0000
vt -0.0278 0.2000 1.0000
vt 0.0833 0.2000 1.0000
vt 0.1389 0.2000 1.0000
vt 0.1944 0.2000 1.0000
vt 0.2500 0.2000 1.0000
vt 0.3056 0.2000 1.0000
vt 0.3611 0.2000 1.0000
vt 0.4167 0.2000 1.0000
vt 0.4722 0.2000 1.0000
vt 0.5278 0.2000 1.0000
vt 0.5833 0.2000 1.0000
vt 0.6389 0.2000 1.0000
vt 0.6944 0.2000 1.0000
vt 0.8056 0.4000 1.0000
vt 0.7500 0.4000 1.0000
vt 0.8611 0.4000 1.0000
vt 0.9167 0.4000 1.0000
vt 0.9722 0.4000 1.0000
vt 0.0278 0.4000 1.0000
vt -0.0278 0.4000 1.0000
vt 0.0833 0.4000 1.0000
vt 0.1389 0.4000 1.0000
vt 0.1944 0.4000 1.0000
vt 0.2500 0.4000 1.0000
vt 0.3056 0.4000 1.0000
vt 0.3611 0.4000 1.0000
vt 0.4167 0.4000 1.0000
vt 0.4722 0.4000 1.0000
vt 0.5278 0.4000 1.0000
vt 0.5833 0.4000 1.0000
vt 0.6389 0.4000 1.0000
vt 0.6944 0.4000 1.0000
vt 0.8056 0.6000 1.0000
vt 0.7500 0.6000 1.0000
vt 0.8611 0.6000 1.0000
vt 0.9167 0.6000 1.0000
vt 0.9722 0.6000 1.0000
vt 0.0278 0.6000 1.0000
vt -0.0278 0.6000 1.0000
vt 0.0833 0.6000 1.0000
vt 0.1389 0.6000 1.0000
vt 0.1944 0.6000 1.0000
vt 0.2500 0.6000 1.0000
vt 0.3056 0.6000 1.0000
vt 0.3611 0.6000 1.0000
vt 0.4167 0.6000 1.0000
vt 0.4722 0.6000 1.0000
vt 0.5278 0.6000 1.0000
vt 0.5833 0.6000 1.0000
vt 0.6389 0.6000 1.0000
vt 0.6944 0.6000 1.0000
vt 0.8056 0.8000 1.0000
vt 0.7500 0.8000 1.0000
vt 0.8611 0.8000 1.0000
vt 0.9167 0.8000 1.0000
vt 0.9722 0.8000 1.0000
vt 0.0278 0.8000 1.0000
vt -0.0278 0.8000 1.0000
vt 0.0833 0.8000 1.0000
vt 0.1389 0.8000 1.0000
vt 0.1944 0.8000 1.0000
vt 0.2500 0.8000 1.0000
vt 0.3056 0.8000 1.0000
vt 0.3611 0.8000 1.0000
vt 0.4167 0.8000 1.0000
vt 0.4722 0.8000 1.0000
vt 0.5278 0.8000 1.0000
vt 0.5833 0.8000 1.0000
vt 0.6389 0.8000 1.0000
vt 0.6944 0.8000 1.0000
vt 0.8056 1.0000 1.0000
vt 0.7500 1.0000 1.0000
vt 0.8611 1.0000 1.0000
vt 0.9167 1.0000 1.0000
vt 0.9722 1.0000 1.0000
vt 0.0278 1.0000 1.0000
vt -0.0278 1.0000 1.0000
vt 0.0833 1.0000 1.0000
vt 0.1389 1.0000 1.0000
vt 0.1944 1.0000 1.0000
vt 0.2500 1.0000 1.0000
vt 0.3056 1.0000 1.0000
vt 0.3611 1.0000 1.0000
vt 0.4167 1.0000 1.0000
vt 0.4722 1.0000 1.0000
vt 0.5278 1.0000 1.0000
vt 0.5833 1.0000 1.0000
vt 0.6389 1.0000 1.0000
vt 0.6944 1.0000 1.0000
vt 0.5000 1.0000 0.0000
# 116 texture coords

o Cylinder002
g Cylinder002
usemtl 02___Default
s 1
f 593/676/521 594/677/521 595/678/521 
f 593/676/521 596/679/521 594/677/521 
f 593/676/521 597/680/521 596/679/521 
f 593/676/521 598/681/521 597/680/521 
f 593/676/521 599/682/521 598/683/521 
f 593/676/521 600/684/521 599/682/521 
f 593/676/521 601/685/521 600/684/521 
f 593/676/521 602/686/521 601/685/521 
f 593/676/521 603/687/521 602/686/521 
f 593/676/521 604/688/521 603/687/521 
f 593/676/521 605/689/521 604/688/521 
f 593/676/521 606/690/521 605/689/521 
f 593/676/521 607/691/521 606/690/521 
f 593/676/521 608/692/521 607/691/521 
f 593/676/521 609/693/521 608/692/521 
f 593/676/521 610/694/521 609/693/521 
f 593/676/521 611/695/521 610/694/521 
f 593/676/521 595/678/521 611/695/521 
s 8
f 595/678/522 612/696/523 613/697/522 
f 595/678/522 594/677/523 612/696/523 
f 594/677/523 614/698/524 612/696/523 
f 594/677/523 596/679/524 614/698/524 
f 596/679/524 615/699/525 614/698/524 
f 596/679/524 597/680/525 615/699/525 
f 597/680/525 616/700/526 615/699/525 
f 597/680/525 598/681/526 616/700/526 
f 598/683/526 617/701/527 616/702/526 
f 598/683/526 599/682/527 617/701/527 
f 599/682/527 618/703/528 617/701/527 
f 599/682/527 600/684/528 618/703/528 
f 600/684/528 619/704/529 618/703/528 
f 600/684/528 601/685/529 619/704/529 
f 601/685/529 620/705/530 619/704/529 
f 601/685/529 602/686/530 620/705/530 
f 602/686/530 621/706/531 620/705/530 
f 602/686/530 603/687/531 621/706/531 
f 603/687/531 622/707/532 621/706/531 
f 603/687/531 604/688/532 622/707/532 
f 604/688/532 623/708/533 622/707/532 
f 604/688/532 605/689/533 623/708/533 
f 605/689/533 624/709/534 623/708/533 
f 605/689/533 606/690/534 624/709/534 
f 606/690/534 625/710/535 624/709/534 
f 606/690/534 607/691/535 625/710/535 
f 607/691/535 626/711/536 625/710/535 
f 607/691/535 608/692/536 626/711/536 
f 608/692/536 627/712/537 626/711/536 
f 608/692/536 609/693/537 627/712/537 
f 609/693/537 628/713/538 627/712/537 
f 609/693/537 610/694/538 628/713/538 
f 610/694/538 629/714/539 628/713/538 
f 610/694/538 611/695/539 629/714/539 
f 611/695/539 613/697/522 629/714/539 
f 611/695/539 595/678/522 613/697/522 
f 613/697/522 630/715/540 631/716/541 
f 613/697/522 612/696/523 630/715/540 
f 612/696/523 632/717/542 630/715/540 
f 612/696/523 614/698/524 632/717/542 
f 614/698/524 633/718/543 632/717/542 
f 614/698/524 615/699/525 633/718/543 
f 615/699/525 634/719/544 633/718/543 
f 615/699/525 616/700/526 634/719/544 
f 616/702/526 635/720/545 634/721/544 
f 616/702/526 617/701/527 635/720/545 
f 617/701/527 636/722/546 635/720/545 
f 617/701/527 618/703/528 636/722/546 
f 618/703/528 637/723/547 636/722/546 
f 618/703/528 619/704/529 637/723/547 
f 619/704/529 638/724/548 637/723/547 
f 619/704/529 620/705/530 638/724/548 
f 620/705/530 639/725/549 638/724/548 
f 620/705/530 621/706/531 639/725/549 
f 621/706/531 640/726/550 639/725/549 
f 621/706/531 622/707/532 640/726/550 
f 622/707/532 641/727/551 640/726/550 
f 622/707/532 623/708/533 641/727/551 
f 623/708/533 642/728/552 641/727/551 
f 623/708/533 624/709/534 642/728/552 
f 624/709/534 643/729/553 642/728/552 
f 624/709/534 625/710/535 643/729/553 
f 625/710/535 644/730/554 643/729/553 
f 625/710/535 626/711/536 644/730/554 
f 626/711/536 645/731/555 644/730/554 
f 626/711/536 627/712/537 645/731/555 
f 627/712/537 646/732/556 645/731/555 
f 627/712/537 628/713/538 646/732/556 
f 628/713/538 647/733/557 646/732/556 
f 628/713/538 629/714/539 647/733/557 
f 629/714/539 631/716/541 647/733/557 
f 629/714/539 613/697/522 631/716/541 
f 631/716/541 648/734/540 649/735/541 
f 631/716/541 630/715/540 648/734/540 
f 630/715/540 650/736/542 648/734/540 
f 630/715/540 632/717/542 650/736/542 
f 632/717/542 651/737/543 650/736/542 
f 632/717/542 633/718/543 651/737/543 
f 633/718/543 652/738/544 651/737/543 
f 633/718/543 634/719/544 652/738/544 
f 634/721/544 653/739/545 652/740/544 
f 634/721/544 635/720/545 653/739/545 
f 635/720/545 654/741/546 653/739/545 
f 635/720/545 636/722/546 654/741/546 
f 636/722/546 655/742/547 654/741/546 
f 636/722/546 637/723/547 655/742/547 
f 637/723/547 656/743/548 655/742/547 
f 637/723/547 638/724/548 656/743/548 
f 638/724/548 657/744/549 656/743/548 
f 638/724/548 639/725/549 657/744/549 
f 639/725/549 658/745/550 657/744/549 
f 639/725/549 640/726/550 658/745/550 
f 640/726/550 659/746/551 658/745/550 
f 640/726/550 641/727/551 659/746/551 
f 641/727/551 660/747/552 659/746/551 
f 641/727/551 642/728/552 660/747/552 
f 642/728/552 661/748/553 660/747/552 
f 642/728/552 643/729/553 661/748/553 
f 643/729/553 662/749/554 661/748/553 
f 643/729/553 644/730/554 662/749/554 
f 644/730/554 663/750/555 662/749/554 
f 644/730/554 645/731/555 663/750/555 
f 645/731/555 664/751/556 663/750/555 
f 645/731/555 646/732/556 664/751/556 
f 646/732/556 665/752/557 664/751/556 
f 646/732/556 647/733/557 665/752/557 
f 647/733/557 649/735/541 665/752/557 
f 647/733/557 631/716/541 649/735/541 
f 649/735/541 666/753/540 667/754/541 
f 649/735/541 648/734/540 666/753/540 
f 648/734/540 668/755/542 666/753/540 
f 648/734/540 650/736/542 668/755/542 
f 650/736/542 669/756/543 668/755/542 
f 650/736/542 651/737/543 669/756/543 
f 651/737/543 670/757/544 669/756/543 
f 651/737/543 652/738/544 670/757/544 
f 652/740/544 671/758/545 670/759/544 
f 652/740/544 653/739/545 671/758/545 
f 653/739/545 672/760/546 671/758/545 
f 653/739/545 654/741/546 672/760/546 
f 654/741/546 673/761/547 672/760/546 
f 654/741/546 655/742/547 673/761/547 
f 655/742/547 674/762/548 673/761/547 
f 655/742/547 656/743/548 674/762/548 
f 656/743/548 675/763/549 674/762/548 
f 656/743/548 657/744/549 675/763/549 
f 657/744/549 676/764/550 675/763/549 
f 657/744/549 658/745/550 676/764/550 
f 658/745/550 677/765/551 676/764/550 
f 658/745/550 659/746/551 677/765/551 
f 659/746/551 678/766/552 677/765/551 
f 659/746/551 660/747/552 678/766/552 
f 660/747/552 679/767/553 678/766/552 
f 660/747/552 661/748/553 679/767/553 
f 661/748/553 680/768/554 679/767/553 
f 661/748/553 662/749/554 680/768/554 
f 662/749/554 681/769/555 680/768/554 
f 662/749/554 663/750/555 681/769/555 
f 663/750/555 682/770/556 681/769/555 
f 663/750/555 664/751/556 682/770/556 
f 664/751/556 683/771/557 682/770/556 
f 664/751/556 665/752/557 683/771/557 
f 665/752/557 667/754/541 683/771/557 
f 665/752/557 649/735/541 667/754/541 
f 667/754/541 684/772/540 685/773/541 
f 667/754/541 666/753/540 684/772/540 
f 666/753/540 686/774/542 684/772/540 
f 666/753/540 668/755/542 686/774/542 
f 668/755/542 687/775/543 686/774/542 
f 668/755/542 669/756/543 687/775/543 
f 669/756/543 688/776/544 687/775/543 
f 669/756/543 670/757/544 688/776/544 
f 670/759/544 689/777/545 688/778/544 
f 670/759/544 671/758/545 689/777/545 
f 671/758/545 690/779/546 689/777/545 
f 671/758/545 672/760/546 690/779/546 
f 672/760/546 691/780/547 690/779/546 
f 672/760/546 673/761/547 691/780/547 
f 673/761/547 692/781/548 691/780/547 
f 673/761/547 674/762/548 692/781/548 
f 674/762/548 693/782/549 692/781/548 
f 674/762/548 675/763/549 693/782/549 
f 675/763/549 694/783/550 693/782/549 
f 675/763/549 676/764/550 694/783/550 
f 676/764/550 695/784/551 694/783/550 
f 676/764/550 677/765/551 695/784/551 
f 677/765/551 696/785/552 695/784/551 
f 677/765/551 678/766/552 696/785/552 
f 678/766/552 697/786/553 696/785/552 
f 678/766/552 679/767/553 697/786/553 
f 679/767/553 698/787/554 697/786/553 
f 679/767/553 680/768/554 698/787/554 
f 680/768/554 699/788/555 698/787/554 
f 680/768/554 681/769/555 699/788/555 
f 681/769/555 700/789/556 699/788/555 
f 681/769/555 682/770/556 700/789/556 
f 682/770/556 701/790/557 700/789/556 
f 682/770/556 683/771/557 701/790/557 
f 683/771/557 685/773/541 701/790/557 
f 683/771/557 667/754/541 685/773/541 
s 1
f 702/791/558 685/773/558 684/772/558 
f 702/791/558 684/772/558 686/774/558 
f 702/791/558 686/774/558 687/775/558 
f 702/791/558 687/775/558 688/776/558 
f 702/791/558 688/778/558 689/777/558 
f 702/791/558 689/777/558 690/779/558 
f 702/791/558 690/779/558 691/780/558 
f 702/791/558 691/780/558 692/781/558 
f 702/791/558 692/781/558 693/782/558 
f 702/791/558 693/782/558 694/783/558 
f 702/791/558 694/783/558 695/784/558 
f 702/791/558 695/784/558 696/785/558 
f 702/791/558 696/785/558 697/786/558 
f 702/791/558 697/786/558 698/787/558 
f 702/791/558 698/787/558 699/788/558 
f 702/791/558 699/788/558 700/789/558 
f 702/791/558 700/789/558 701/790/558 
f 702/791/558 701/790/558 685/773/558 
# 216 faces

#
# object Sphere002
#

v  0.0000 -5.9434 -2.0000
v  -0.0000 -5.9626 -2.1951
v  -0.0381 -5.9626 -2.1913
v  -0.0747 -5.9626 -2.1802
v  -0.1084 -5.9626 -2.1622
v  -0.1379 -5.9626 -2.1379
v  -0.1622 -5.9626 -2.1084
v  -0.1802 -5.9626 -2.0747
v  -0.1913 -5.9626 -2.0381
v  -0.1951 -5.9626 -2.0000
v  -0.1913 -5.9626 -1.9619
v  -0.1802 -5.9626 -1.9253
v  -0.1622 -5.9626 -1.8916
v  -0.1379 -5.9626 -1.8621
v  -0.1084 -5.9626 -1.8378
v  -0.0747 -5.9626 -1.8198
v  -0.0381 -5.9626 -1.8087
v  0.0000 -5.9626 -1.8049
v  0.0381 -5.9626 -1.8087
v  0.0747 -5.9626 -1.8198
v  0.1084 -5.9626 -1.8378
v  0.1379 -5.9626 -1.8621
v  0.1622 -5.9626 -1.8916
v  0.1802 -5.9626 -1.9253
v  0.1913 -5.9626 -1.9619
v  0.1951 -5.9626 -2.0000
v  0.1913 -5.9626 -2.0381
v  0.1802 -5.9626 -2.0747
v  0.1622 -5.9626 -2.1084
v  0.1379 -5.9626 -2.1379
v  0.1084 -5.9626 -2.1622
v  0.0747 -5.9626 -2.1802
v  0.0381 -5.9626 -2.1913
v  -0.0000 -6.0195 -2.3827
v  -0.0747 -6.0195 -2.3753
v  -0.1464 -6.0195 -2.3536
v  -0.2126 -6.0195 -2.3182
v  -0.2706 -6.0195 -2.2706
v  -0.3182 -6.0195 -2.2126
v  -0.3536 -6.0195 -2.1464
v  -0.3753 -6.0195 -2.0747
v  -0.3827 -6.0195 -2.0000
v  -0.3753 -6.0195 -1.9253
v  -0.3536 -6.0195 -1.8536
v  -0.3182 -6.0195 -1.7874
v  -0.2706 -6.0195 -1.7294
v  -0.2126 -6.0195 -1.6818
v  -0.1464 -6.0195 -1.6464
v  -0.0747 -6.0195 -1.6247
v  0.0000 -6.0195 -1.6173
v  0.0747 -6.0195 -1.6247
v  0.1464 -6.0195 -1.6464
v  0.2126 -6.0195 -1.6818
v  0.2706 -6.0195 -1.7294
v  0.3182 -6.0195 -1.7874
v  0.3536 -6.0195 -1.8536
v  0.3753 -6.0195 -1.9253
v  0.3827 -6.0195 -2.0000
v  0.3753 -6.0195 -2.0747
v  0.3536 -6.0195 -2.1464
v  0.3182 -6.0195 -2.2126
v  0.2706 -6.0195 -2.2706
v  0.2126 -6.0195 -2.3182
v  0.1464 -6.0195 -2.3536
v  0.0747 -6.0195 -2.3753
v  -0.0000 -6.1119 -2.5556
v  -0.1084 -6.1119 -2.5449
v  -0.2126 -6.1119 -2.5133
v  -0.3087 -6.1119 -2.4619
v  -0.3928 -6.1119 -2.3928
v  -0.4619 -6.1119 -2.3087
v  -0.5133 -6.1119 -2.2126
v  -0.5449 -6.1119 -2.1084
v  -0.5556 -6.1119 -2.0000
v  -0.5449 -6.1119 -1.8916
v  -0.5133 -6.1119 -1.7874
v  -0.4619 -6.1119 -1.6913
v  -0.3928 -6.1119 -1.6072
v  -0.3087 -6.1119 -1.5381
v  -0.2126 -6.1119 -1.4867
v  -0.1084 -6.1119 -1.4551
v  0.0000 -6.1119 -1.4444
v  0.1084 -6.1119 -1.4551
v  0.2126 -6.1119 -1.4867
v  0.3087 -6.1119 -1.5381
v  0.3928 -6.1119 -1.6072
v  0.4619 -6.1119 -1.6913
v  0.5133 -6.1119 -1.7874
v  0.5449 -6.1119 -1.8916
v  0.5556 -6.1119 -2.0000
v  0.5449 -6.1119 -2.1084
v  0.5133 -6.1119 -2.2126
v  0.4619 -6.1119 -2.3087
v  0.3928 -6.1119 -2.3928
v  0.3087 -6.1119 -2.4619
v  0.2126 -6.1119 -2.5133
v  0.1084 -6.1119 -2.5449
v  -0.0000 -6.2363 -2.7071
v  -0.1379 -6.2363 -2.6935
v  -0.2706 -6.2363 -2.6533
v  -0.3928 -6.2363 -2.5879
v  -0.5000 -6.2363 -2.5000
v  -0.5879 -6.2363 -2.3928
v  -0.6533 -6.2363 -2.2706
v  -0.6935 -6.2363 -2.1379
v  -0.7071 -6.2363 -2.0000
v  -0.6935 -6.2363 -1.8621
v  -0.6533 -6.2363 -1.7294
v  -0.5879 -6.2363 -1.6072
v  -0.5000 -6.2363 -1.5000
v  -0.3928 -6.2363 -1.4121
v  -0.2706 -6.2363 -1.3467
v  -0.1379 -6.2363 -1.3065
v  0.0000 -6.2363 -1.2929
v  0.1380 -6.2363 -1.3065
v  0.2706 -6.2363 -1.3467
v  0.3928 -6.2363 -1.4121
v  0.5000 -6.2363 -1.5000
v  0.5879 -6.2363 -1.6072
v  0.6533 -6.2363 -1.7294
v  0.6935 -6.2363 -1.8621
v  0.7071 -6.2363 -2.0000
v  0.6935 -6.2363 -2.1380
v  0.6533 -6.2363 -2.2706
v  0.5879 -6.2363 -2.3928
v  0.5000 -6.2363 -2.5000
v  0.3928 -6.2363 -2.5879
v  0.2706 -6.2363 -2.6533
v  0.1379 -6.2363 -2.6935
v  -0.0000 -6.3878 -2.8315
v  -0.1622 -6.3878 -2.8155
v  -0.3182 -6.3878 -2.7682
v  -0.4619 -6.3878 -2.6913
v  -0.5879 -6.3878 -2.5879
v  -0.6913 -6.3878 -2.4619
v  -0.7682 -6.3878 -2.3182
v  -0.8155 -6.3878 -2.1622
v  -0.8315 -6.3878 -2.0000
v  -0.8155 -6.3878 -1.8378
v  -0.7682 -6.3878 -1.6818
v  -0.6913 -6.3878 -1.5381
v  -0.5879 -6.3878 -1.4121
v  -0.4619 -6.3878 -1.3087
v  -0.3182 -6.3878 -1.2318
v  -0.1622 -6.3878 -1.1845
v  0.0000 -6.3878 -1.1685
v  0.1622 -6.3878 -1.1845
v  0.3182 -6.3878 -1.2318
v  0.4619 -6.3878 -1.3087
v  0.5879 -6.3878 -1.4121
v  0.6913 -6.3878 -1.5381
v  0.7682 -6.3878 -1.6818
v  0.8155 -6.3878 -1.8378
v  0.8315 -6.3878 -2.0000
v  0.8155 -6.3878 -2.1622
v  0.7682 -6.3878 -2.3182
v  0.6913 -6.3878 -2.4619
v  0.5879 -6.3878 -2.5879
v  0.4619 -6.3878 -2.6913
v  0.3182 -6.3878 -2.7682
v  0.1622 -6.3878 -2.8155
v  -0.0000 -6.5607 -2.9239
v  -0.1802 -6.5607 -2.9061
v  -0.3536 -6.5607 -2.8536
v  -0.5133 -6.5607 -2.7682
v  -0.6533 -6.5607 -2.6533
v  -0.7682 -6.5607 -2.5133
v  -0.8536 -6.5607 -2.3536
v  -0.9061 -6.5607 -2.1802
v  -0.9239 -6.5607 -2.0000
v  -0.9061 -6.5607 -1.8198
v  -0.8536 -6.5607 -1.6464
v  -0.7682 -6.5607 -1.4867
v  -0.6533 -6.5607 -1.3467
v  -0.5133 -6.5607 -1.2318
v  -0.3536 -6.5607 -1.1464
v  -0.1802 -6.5607 -1.0939
v  0.0000 -6.5607 -1.0761
v  0.1802 -6.5607 -1.0939
v  0.3536 -6.5607 -1.1464
v  0.5133 -6.5607 -1.2318
v  0.6533 -6.5607 -1.3467
v  0.7682 -6.5607 -1.4867
v  0.8536 -6.5607 -1.6464
v  0.9061 -6.5607 -1.8198
v  0.9239 -6.5607 -2.0000
v  0.9061 -6.5607 -2.1802
v  0.8536 -6.5607 -2.3536
v  0.7682 -6.5607 -2.5133
v  0.6533 -6.5607 -2.6533
v  0.5133 -6.5607 -2.7682
v  0.3536 -6.5607 -2.8536
v  0.1802 -6.5607 -2.9061
v  -0.0000 -6.7483 -2.9808
v  -0.1913 -6.7483 -2.9619
v  -0.3753 -6.7483 -2.9061
v  -0.5449 -6.7483 -2.8155
v  -0.6935 -6.7483 -2.6935
v  -0.8155 -6.7483 -2.5449
v  -0.9061 -6.7483 -2.3753
v  -0.9619 -6.7483 -2.1913
v  -0.9808 -6.7483 -2.0000
v  -0.9619 -6.7483 -1.8087
v  -0.9061 -6.7483 -1.6247
v  -0.8155 -6.7483 -1.4551
v  -0.6935 -6.7483 -1.3065
v  -0.5449 -6.7483 -1.1845
v  -0.3753 -6.7483 -1.0939
v  -0.1913 -6.7483 -1.0381
v  0.0000 -6.7483 -1.0192
v  0.1913 -6.7483 -1.0381
v  0.3753 -6.7483 -1.0939
v  0.5449 -6.7483 -1.1845
v  0.6935 -6.7483 -1.3065
v  0.8155 -6.7483 -1.4551
v  0.9061 -6.7483 -1.6247
v  0.9619 -6.7483 -1.8087
v  0.9808 -6.7483 -2.0000
v  0.9619 -6.7483 -2.1913
v  0.9061 -6.7483 -2.3753
v  0.8155 -6.7483 -2.5449
v  0.6935 -6.7483 -2.6935
v  0.5449 -6.7483 -2.8155
v  0.3753 -6.7483 -2.9061
v  0.1913 -6.7483 -2.9619
v  -0.0000 -6.9434 -3.0000
v  -0.1951 -6.9434 -2.9808
v  -0.3827 -6.9434 -2.9239
v  -0.5556 -6.9434 -2.8315
v  -0.7071 -6.9434 -2.7071
v  -0.8315 -6.9434 -2.5556
v  -0.9239 -6.9434 -2.3827
v  -0.9808 -6.9434 -2.1951
v  -1.0000 -6.9434 -2.0000
v  -0.9808 -6.9434 -1.8049
v  -0.9239 -6.9434 -1.6173
v  -0.8315 -6.9434 -1.4444
v  -0.7071 -6.9434 -1.2929
v  -0.5556 -6.9434 -1.1685
v  -0.3827 -6.9434 -1.0761
v  -0.1951 -6.9434 -1.0192
v  0.0000 -6.9434 -1.0000
v  0.1951 -6.9434 -1.0192
v  0.3827 -6.9434 -1.0761
v  0.5556 -6.9434 -1.1685
v  0.7071 -6.9434 -1.2929
v  0.8315 -6.9434 -1.4444
v  0.9239 -6.9434 -1.6173
v  0.9808 -6.9434 -1.8049
v  1.0000 -6.9434 -2.0000
v  0.9808 -6.9434 -2.1951
v  0.9239 -6.9434 -2.3827
v  0.8315 -6.9434 -2.5556
v  0.7071 -6.9434 -2.7071
v  0.5556 -6.9434 -2.8315
v  0.3827 -6.9434 -2.9239
v  0.1951 -6.9434 -2.9808
v  -0.0000 -7.1385 -2.9808
v  -0.1913 -7.1385 -2.9619
v  -0.3753 -7.1385 -2.9061
v  -0.5449 -7.1385 -2.8155
v  -0.6935 -7.1385 -2.6935
v  -0.8155 -7.1385 -2.5449
v  -0.9061 -7.1385 -2.3753
v  -0.9619 -7.1385 -2.1913
v  -0.9808 -7.1385 -2.0000
v  -0.9619 -7.1385 -1.8087
v  -0.9061 -7.1385 -1.6247
v  -0.8155 -7.1385 -1.4551
v  -0.6935 -7.1385 -1.3065
v  -0.5449 -7.1385 -1.1845
v  -0.3753 -7.1385 -1.0939
v  -0.1913 -7.1385 -1.0381
v  0.0000 -7.1385 -1.0192
v  0.1913 -7.1385 -1.0381
v  0.3753 -7.1385 -1.0939
v  0.5449 -7.1385 -1.1845
v  0.6935 -7.1385 -1.3065
v  0.8155 -7.1385 -1.4551
v  0.9061 -7.1385 -1.6247
v  0.9619 -7.1385 -1.8087
v  0.9808 -7.1385 -2.0000
v  0.9619 -7.1385 -2.1913
v  0.9061 -7.1385 -2.3753
v  0.8155 -7.1385 -2.5449
v  0.6935 -7.1385 -2.6935
v  0.5449 -7.1385 -2.8155
v  0.3753 -7.1385 -2.9061
v  0.1913 -7.1385 -2.9619
v  -0.0000 -7.3261 -2.9239
v  -0.1802 -7.3261 -2.9061
v  -0.3536 -7.3261 -2.8536
v  -0.5133 -7.3261 -2.7682
v  -0.6533 -7.3261 -2.6533
v  -0.7682 -7.3261 -2.5133
v  -0.8536 -7.3261 -2.3536
v  -0.9061 -7.3261 -2.1802
v  -0.9239 -7.3261 -2.0000
v  -0.9061 -7.3261 -1.8198
v  -0.8536 -7.3261 -1.6464
v  -0.7682 -7.3261 -1.4867
v  -0.6533 -7.3261 -1.3467
v  -0.5133 -7.3261 -1.2318
v  -0.3536 -7.3261 -1.1464
v  -0.1802 -7.3261 -1.0939
v  0.0000 -7.3261 -1.0761
v  0.1802 -7.3261 -1.0939
v  0.3536 -7.3261 -1.1464
v  0.5133 -7.3261 -1.2318
v  0.6533 -7.3261 -1.3467
v  0.7682 -7.3261 -1.4867
v  0.8536 -7.3261 -1.6464
v  0.9061 -7.3261 -1.8198
v  0.9239 -7.3261 -2.0000
v  0.9061 -7.3261 -2.1802
v  0.8536 -7.3261 -2.3536
v  0.7682 -7.3261 -2.5133
v  0.6533 -7.3261 -2.6533
v  0.5133 -7.3261 -2.7682
v  0.3536 -7.3261 -2.8536
v  0.1802 -7.3261 -2.9061
v  -0.0000 -7.4990 -2.8315
v  -0.1622 -7.4990 -2.8155
v  -0.3182 -7.4990 -2.7682
v  -0.4619 -7.4990 -2.6913
v  -0.5879 -7.4990 -2.5879
v  -0.6913 -7.4990 -2.4619
v  -0.7682 -7.4990 -2.3182
v  -0.8155 -7.4990 -2.1622
v  -0.8315 -7.4990 -2.0000
v  -0.8155 -7.4990 -1.8378
v  -0.7682 -7.4990 -1.6818
v  -0.6913 -7.4990 -1.5381
v  -0.5879 -7.4990 -1.4121
v  -0.4619 -7.4990 -1.3087
v  -0.3182 -7.4990 -1.2318
v  -0.1622 -7.4990 -1.1845
v  0.0000 -7.4990 -1.1685
v  0.1622 -7.4990 -1.1845
v  0.3182 -7.4990 -1.2318
v  0.4619 -7.4990 -1.3087
v  0.5879 -7.4990 -1.4121
v  0.6913 -7.4990 -1.5381
v  0.7682 -7.4990 -1.6818
v  0.8155 -7.4990 -1.8378
v  0.8315 -7.4990 -2.0000
v  0.8155 -7.4990 -2.1622
v  0.7682 -7.4990 -2.3182
v  0.6913 -7.4990 -2.4619
v  0.5879 -7.4990 -2.5879
v  0.4619 -7.4990 -2.6913
v  0.3182 -7.4990 -2.7682
v  0.1622 -7.4990 -2.8155
v  -0.0000 -7.6505 -2.7071
v  -0.1379 -7.6505 -2.6935
v  -0.2706 -7.6505 -2.6533
v  -0.3928 -7.6505 -2.5879
v  -0.5000 -7.6505 -2.5000
v  -0.5879 -7.6505 -2.3928
v  -0.6533 -7.6505 -2.2706
v  -0.6935 -7.6505 -2.1379
v  -0.7071 -7.6505 -2.0000
v  -0.6935 -7.6505 -1.8621
v  -0.6533 -7.6505 -1.7294
v  -0.5879 -7.6505 -1.6072
v  -0.5000 -7.6505 -1.5000
v  -0.3928 -7.6505 -1.4121
v  -0.2706 -7.6505 -1.3467
v  -0.1379 -7.6505 -1.3065
v  0.0000 -7.6505 -1.2929
v  0.1380 -7.6505 -1.3065
v  0.2706 -7.6505 -1.3467
v  0.3928 -7.6505 -1.4121
v  0.5000 -7.6505 -1.5000
v  0.5879 -7.6505 -1.6072
v  0.6533 -7.6505 -1.7294
v  0.6935 -7.6505 -1.8621
v  0.7071 -7.6505 -2.0000
v  0.6935 -7.6505 -2.1380
v  0.6533 -7.6505 -2.2706
v  0.5879 -7.6505 -2.3928
v  0.5000 -7.6505 -2.5000
v  0.3928 -7.6505 -2.5879
v  0.2706 -7.6505 -2.6533
v  0.1379 -7.6505 -2.6935
v  -0.0000 -7.7749 -2.5556
v  -0.1084 -7.7749 -2.5449
v  -0.2126 -7.7749 -2.5133
v  -0.3087 -7.7749 -2.4619
v  -0.3928 -7.7749 -2.3928
v  -0.4619 -7.7749 -2.3087
v  -0.5133 -7.7749 -2.2126
v  -0.5449 -7.7749 -2.1084
v  -0.5556 -7.7749 -2.0000
v  -0.5449 -7.7749 -1.8916
v  -0.5133 -7.7749 -1.7874
v  -0.4619 -7.7749 -1.6913
v  -0.3928 -7.7749 -1.6072
v  -0.3087 -7.7749 -1.5381
v  -0.2126 -7.7749 -1.4867
v  -0.1084 -7.7749 -1.4551
v  0.0000 -7.7749 -1.4444
v  0.1084 -7.7749 -1.4551
v  0.2126 -7.7749 -1.4867
v  0.3087 -7.7749 -1.5381
v  0.3928 -7.7749 -1.6072
v  0.4619 -7.7749 -1.6913
v  0.5133 -7.7749 -1.7874
v  0.5449 -7.7749 -1.8916
v  0.5556 -7.7749 -2.0000
v  0.5449 -7.7749 -2.1084
v  0.5133 -7.7749 -2.2126
v  0.4619 -7.7749 -2.3087
v  0.3928 -7.7749 -2.3928
v  0.3087 -7.7749 -2.4619
v  0.2126 -7.7749 -2.5133
v  0.1084 -7.7749 -2.5449
v  -0.0000 -7.8673 -2.3827
v  -0.0747 -7.8673 -2.3753
v  -0.1464 -7.8673 -2.3536
v  -0.2126 -7.8673 -2.3182
v  -0.2706 -7.8673 -2.2706
v  -0.3182 -7.8673 -2.2126
v  -0.3536 -7.8673 -2.1464
v  -0.3753 -7.8673 -2.0747
v  -0.3827 -7.8673 -2.0000
v  -0.3753 -7.8673 -1.9253
v  -0.3536 -7.8673 -1.8536
v  -0.3182 -7.8673 -1.7874
v  -0.2706 -7.8673 -1.7294
v  -0.2126 -7.8673 -1.6818
v  -0.1464 -7.8673 -1.6464
v  -0.0747 -7.8673 -1.6247
v  0.0000 -7.8673 -1.6173
v  0.0747 -7.8673 -1.6247
v  0.1464 -7.8673 -1.6464
v  0.2126 -7.8673 -1.6818
v  0.2706 -7.8673 -1.7294
v  0.3182 -7.8673 -1.7874
v  0.3536 -7.8673 -1.8536
v  0.3753 -7.8673 -1.9253
v  0.3827 -7.8673 -2.0000
v  0.3753 -7.8673 -2.0747
v  0.3536 -7.8673 -2.1464
v  0.3182 -7.8673 -2.2126
v  0.2706 -7.8673 -2.2706
v  0.2126 -7.8673 -2.3182
v  0.1464 -7.8673 -2.3536
v  0.0747 -7.8673 -2.3753
v  -0.0000 -7.9242 -2.1951
v  -0.0381 -7.9242 -2.1913
v  -0.0747 -7.9242 -2.1802
v  -0.1084 -7.9242 -2.1622
v  -0.1379 -7.9242 -2.1379
v  -0.1622 -7.9242 -2.1084
v  -0.1802 -7.9242 -2.0747
v  -0.1913 -7.9242 -2.0381
v  -0.1951 -7.9242 -2.0000
v  -0.1913 -7.9242 -1.9619
v  -0.1802 -7.9242 -1.9253
v  -0.1622 -7.9242 -1.8916
v  -0.1379 -7.9242 -1.8621
v  -0.1084 -7.9242 -1.8378
v  -0.0747 -7.9242 -1.8198
v  -0.0381 -7.9242 -1.8087
v  0.0000 -7.9242 -1.8049
v  0.0381 -7.9242 -1.8087
v  0.0747 -7.9242 -1.8198
v  0.1084 -7.9242 -1.8378
v  0.1379 -7.9242 -1.8621
v  0.1622 -7.9242 -1.8916
v  0.1802 -7.9242 -1.9253
v  0.1913 -7.9242 -1.9619
v  0.1951 -7.9242 -2.0000
v  0.1913 -7.9242 -2.0381
v  0.1802 -7.9242 -2.0747
v  0.1622 -7.9242 -2.1084
v  0.1379 -7.9242 -2.1379
v  0.1084 -7.9242 -2.1622
v  0.0747 -7.9242 -2.1802
v  0.0381 -7.9242 -2.1913
v  0.0000 -7.9434 -2.0000
# 482 vertices

vn 0.0000 1.0000 -0.0000
vn -0.0000 0.9796 -0.2010
vn -0.0392 0.9796 -0.1971
vn -0.0769 0.9796 -0.1857
vn -0.1117 0.9796 -0.1671
vn -0.1421 0.9796 -0.1421
vn -0.1671 0.9796 -0.1117
vn -0.1857 0.9796 -0.0769
vn -0.1971 0.9796 -0.0392
vn -0.2010 0.9796 0.0000
vn -0.1971 0.9796 0.0392
vn -0.1857 0.9796 0.0769
vn -0.1671 0.9796 0.1117
vn -0.1421 0.9796 0.1421
vn -0.1117 0.9796 0.1671
vn -0.0769 0.9796 0.1857
vn -0.0392 0.9796 0.1971
vn 0.0000 0.9796 0.2010
vn 0.0392 0.9796 0.1971
vn 0.0769 0.9796 0.1857
vn 0.1117 0.9796 0.1671
vn 0.1421 0.9796 0.1421
vn 0.1671 0.9796 0.1117
vn 0.1857 0.9796 0.0769
vn 0.1971 0.9796 0.0392
vn 0.2010 0.9796 -0.0000
vn 0.1971 0.9796 -0.0392
vn 0.1857 0.9796 -0.0769
vn 0.1671 0.9796 -0.1117
vn 0.1421 0.9796 -0.1421
vn 0.1117 0.9796 -0.1671
vn 0.0769 0.9796 -0.1857
vn 0.0392 0.9796 -0.1971
vn -0.0000 0.9217 -0.3879
vn -0.0757 0.9217 -0.3804
vn -0.1484 0.9217 -0.3584
vn -0.2155 0.9217 -0.3225
vn -0.2743 0.9217 -0.2743
vn -0.3225 0.9217 -0.2155
vn -0.3584 0.9217 -0.1484
vn -0.3804 0.9217 -0.0757
vn -0.3879 0.9217 0.0000
vn -0.3804 0.9217 0.0757
vn -0.3584 0.9217 0.1484
vn -0.3225 0.9217 0.2155
vn -0.2743 0.9217 0.2743
vn -0.2155 0.9217 0.3225
vn -0.1484 0.9217 0.3584
vn -0.0757 0.9217 0.3804
vn 0.0000 0.9217 0.3879
vn 0.0757 0.9217 0.3804
vn 0.1484 0.9217 0.3584
vn 0.2155 0.9217 0.3225
vn 0.2743 0.9217 0.2743
vn 0.3225 0.9217 0.2155
vn 0.3584 0.9217 0.1484
vn 0.3804 0.9217 0.0757
vn 0.3879 0.9217 -0.0000
vn 0.3804 0.9217 -0.0757
vn 0.3584 0.9217 -0.1484
vn 0.3225 0.9217 -0.2155
vn 0.2743 0.9217 -0.2743
vn 0.2155 0.9217 -0.3225
vn 0.1484 0.9217 -0.3584
vn 0.0757 0.9217 -0.3804
vn -0.0000 0.8286 -0.5598
vn -0.1092 0.8286 -0.5490
vn -0.2142 0.8286 -0.5172
vn -0.3110 0.8286 -0.4654
vn -0.3958 0.8286 -0.3958
vn -0.4654 0.8286 -0.3110
vn -0.5172 0.8286 -0.2142
vn -0.5490 0.8286 -0.1092
vn -0.5598 0.8286 0.0000
vn -0.5490 0.8286 0.1092
vn -0.5172 0.8286 0.2142
vn -0.4654 0.8286 0.3110
vn -0.3958 0.8286 0.3958
vn -0.3110 0.8286 0.4654
vn -0.2142 0.8286 0.5172
vn -0.1092 0.8286 0.5490
vn 0.0000 0.8286 0.5598
vn 0.1092 0.8286 0.5490
vn 0.2142 0.8286 0.5172
vn 0.3110 0.8286 0.4654
vn 0.3958 0.8286 0.3958
vn 0.4654 0.8286 0.3110
vn 0.5172 0.8286 0.2142
vn 0.5490 0.8286 0.1092
vn 0.5598 0.8286 -0.0000
vn 0.5490 0.8286 -0.1092
vn 0.5172 0.8286 -0.2142
vn 0.4654 0.8286 -0.3110
vn 0.3958 0.8286 -0.3958
vn 0.3110 0.8286 -0.4654
vn 0.2142 0.8286 -0.5172
vn 0.1092 0.8286 -0.5490
vn -0.0000 0.7041 -0.7101
vn -0.1385 0.7041 -0.6965
vn -0.2718 0.7041 -0.6561
vn -0.3945 0.7041 -0.5905
vn -0.5021 0.7041 -0.5021
vn -0.5905 0.7041 -0.3945
vn -0.6561 0.7041 -0.2718
vn -0.6965 0.7041 -0.1385
vn -0.7101 0.7041 0.0000
vn -0.6965 0.7041 0.1385
vn -0.6561 0.7041 0.2718
vn -0.5905 0.7041 0.3945
vn -0.5021 0.7041 0.5021
vn -0.3945 0.7041 0.5905
vn -0.2718 0.7041 0.6561
vn -0.1385 0.7041 0.6965
vn 0.0000 0.7041 0.7101
vn 0.1385 0.7041 0.6965
vn 0.2718 0.7041 0.6561
vn 0.3945 0.7041 0.5905
vn 0.5021 0.7041 0.5021
vn 0.5905 0.7041 0.3945
vn 0.6561 0.7041 0.2718
vn 0.6965 0.7041 0.1385
vn 0.7101 0.7041 -0.0000
vn 0.6965 0.7041 -0.1385
vn 0.6561 0.7041 -0.2718
vn 0.5905 0.7041 -0.3945
vn 0.5021 0.7041 -0.5021
vn 0.3945 0.7041 -0.5905
vn 0.2718 0.7041 -0.6561
vn 0.1385 0.7041 -0.6965
vn -0.0000 0.5528 -0.8333
vn -0.1626 0.5528 -0.8173
vn -0.3189 0.5528 -0.7699
vn -0.4630 0.5528 -0.6929
vn -0.5893 0.5528 -0.5893
vn -0.6929 0.5528 -0.4630
vn -0.7699 0.5528 -0.3189
vn -0.8173 0.5528 -0.1626
vn -0.8333 0.5528 0.0000
vn -0.8173 0.5528 0.1626
vn -0.7699 0.5528 0.3189
vn -0.6929 0.5528 0.4630
vn -0.5893 0.5528 0.5893
vn -0.4630 0.5528 0.6929
vn -0.3189 0.5528 0.7699
vn -0.1626 0.5528 0.8173
vn 0.0000 0.5528 0.8333
vn 0.1626 0.5528 0.8173
vn 0.3189 0.5528 0.7699
vn 0.4630 0.5528 0.6929
vn 0.5893 0.5528 0.5893
vn 0.6929 0.5528 0.4630
vn 0.7699 0.5528 0.3189
vn 0.8173 0.5528 0.1626
vn 0.8333 0.5528 -0.0000
vn 0.8173 0.5528 -0.1626
vn 0.7699 0.5528 -0.3189
vn 0.6929 0.5528 -0.4630
vn 0.5893 0.5528 -0.5893
vn 0.4630 0.5528 -0.6929
vn 0.3189 0.5528 -0.7699
vn 0.1626 0.5528 -0.8173
vn -0.0000 0.3805 -0.9248
vn -0.1804 0.3805 -0.9070
vn -0.3539 0.3805 -0.8544
vn -0.5138 0.3805 -0.7689
vn -0.6539 0.3805 -0.6539
vn -0.7689 0.3805 -0.5138
vn -0.8544 0.3805 -0.3539
vn -0.9070 0.3805 -0.1804
vn -0.9248 0.3805 0.0000
vn -0.9070 0.3805 0.1804
vn -0.8544 0.3805 0.3539
vn -0.7689 0.3805 0.5138
vn -0.6539 0.3805 0.6539
vn -0.5138 0.3805 0.7689
vn -0.3539 0.3805 0.8544
vn -0.1804 0.3805 0.9070
vn 0.0000 0.3805 0.9248
vn 0.1804 0.3805 0.9070
vn 0.3539 0.3805 0.8544
vn 0.5138 0.3805 0.7689
vn 0.6539 0.3805 0.6539
vn 0.7689 0.3805 0.5138
vn 0.8544 0.3805 0.3539
vn 0.9070 0.3805 0.1804
vn 0.9248 0.3805 -0.0000
vn 0.9070 0.3805 -0.1804
vn 0.8544 0.3805 -0.3539
vn 0.7689 0.3805 -0.5138
vn 0.6539 0.3805 -0.6539
vn 0.5138 0.3805 -0.7689
vn 0.3539 0.3805 -0.8544
vn 0.1804 0.3805 -0.9070
vn -0.0000 0.1939 -0.9810
vn -0.1914 0.1939 -0.9622
vn -0.3754 0.1939 -0.9063
vn -0.5450 0.1939 -0.8157
vn -0.6937 0.1939 -0.6937
vn -0.8157 0.1939 -0.5450
vn -0.9063 0.1939 -0.3754
vn -0.9622 0.1939 -0.1914
vn -0.9810 0.1939 0.0000
vn -0.9622 0.1939 0.1914
vn -0.9063 0.1939 0.3754
vn -0.8157 0.1939 0.5450
vn -0.6937 0.1939 0.6937
vn -0.5450 0.1939 0.8157
vn -0.3754 0.1939 0.9063
vn -0.1914 0.1939 0.9622
vn 0.0000 0.1939 0.9810
vn 0.1914 0.1939 0.9622
vn 0.3754 0.1939 0.9063
vn 0.5450 0.1939 0.8157
vn 0.6937 0.1939 0.6937
vn 0.8157 0.1939 0.5450
vn 0.9063 0.1939 0.3754
vn 0.9622 0.1939 0.1914
vn 0.9810 0.1939 -0.0000
vn 0.9622 0.1939 -0.1914
vn 0.9063 0.1939 -0.3754
vn 0.8157 0.1939 -0.5450
vn 0.6937 0.1939 -0.6937
vn 0.5450 0.1939 -0.8157
vn 0.3754 0.1939 -0.9063
vn 0.1914 0.1939 -0.9622
vn -0.0000 0.0000 -1.0000
vn -0.1951 0.0000 -0.9808
vn -0.3827 0.0000 -0.9239
vn -0.5556 0.0000 -0.8315
vn -0.7071 0.0000 -0.7071
vn -0.8315 0.0000 -0.5556
vn -0.9239 0.0000 -0.3827
vn -0.9808 0.0000 -0.1951
vn -1.0000 0.0000 0.0000
vn -0.9808 0.0000 0.1951
vn -0.9239 0.0000 0.3827
vn -0.8315 0.0000 0.5556
vn -0.7071 0.0000 0.7071
vn -0.5556 0.0000 0.8315
vn -0.3827 0.0000 0.9239
vn -0.1951 0.0000 0.9808
vn 0.0000 0.0000 1.0000
vn 0.1951 0.0000 0.9808
vn 0.3827 0.0000 0.9239
vn 0.5556 0.0000 0.8315
vn 0.7071 0.0000 0.7071
vn 0.8315 0.0000 0.5556
vn 0.9239 0.0000 0.3827
vn 0.9808 0.0000 0.1951
vn 1.0000 0.0000 -0.0000
vn 0.9808 0.0000 -0.1951
vn 0.9239 0.0000 -0.3827
vn 0.8315 0.0000 -0.5556
vn 0.7071 0.0000 -0.7071
vn 0.5556 0.0000 -0.8315
vn 0.3827 0.0000 -0.9239
vn 0.1951 0.0000 -0.9808
vn -0.0000 -0.1939 -0.9810
vn -0.1914 -0.1939 -0.9622
vn -0.3754 -0.1939 -0.9063
vn -0.5450 -0.1939 -0.8157
vn -0.6937 -0.1939 -0.6937
vn -0.8157 -0.1939 -0.5450
vn -0.9063 -0.1939 -0.3754
vn -0.9622 -0.1939 -0.1914
vn -0.9810 -0.1939 0.0000
vn -0.9622 -0.1939 0.1914
vn -0.9063 -0.1939 0.3754
vn -0.8157 -0.1939 0.5450
vn -0.6937 -0.1939 0.6937
vn -0.5450 -0.1939 0.8157
vn -0.3754 -0.1939 0.9063
vn -0.1914 -0.1939 0.9622
vn 0.0000 -0.1939 0.9810
vn 0.1914 -0.1939 0.9622
vn 0.3754 -0.1939 0.9063
vn 0.5450 -0.1939 0.8157
vn 0.6937 -0.1939 0.6937
vn 0.8157 -0.1939 0.5450
vn 0.9063 -0.1939 0.3754
vn 0.9622 -0.1939 0.1914
vn 0.9810 -0.1939 -0.0000
vn 0.9622 -0.1939 -0.1914
vn 0.9063 -0.1939 -0.3754
vn 0.8157 -0.1939 -0.5450
vn 0.6937 -0.1939 -0.6937
vn 0.5450 -0.1939 -0.8157
vn 0.3754 -0.1939 -0.9063
vn 0.1914 -0.1939 -0.9622
vn -0.0000 -0.3805 -0.9248
vn -0.1804 -0.3805 -0.9070
vn -0.3539 -0.3805 -0.8544
vn -0.5138 -0.3805 -0.7689
vn -0.6539 -0.3805 -0.6539
vn -0.7689 -0.3805 -0.5138
vn -0.8544 -0.3805 -0.3539
vn -0.9070 -0.3805 -0.1804
vn -0.9248 -0.3805 0.0000
vn -0.9070 -0.3805 0.1804
vn -0.8544 -0.3805 0.3539
vn -0.7689 -0.3805 0.5138
vn -0.6539 -0.3805 0.6539
vn -0.5138 -0.3805 0.7689
vn -0.3539 -0.3805 0.8544
vn -0.1804 -0.3805 0.9070
vn 0.0000 -0.3805 0.9248
vn 0.1804 -0.3805 0.9070
vn 0.3539 -0.3805 0.8544
vn 0.5138 -0.3805 0.7689
vn 0.6539 -0.3805 0.6539
vn 0.7689 -0.3805 0.5138
vn 0.8544 -0.3805 0.3539
vn 0.9070 -0.3805 0.1804
vn 0.9248 -0.3805 -0.0000
vn 0.9070 -0.3805 -0.1804
vn 0.8544 -0.3805 -0.3539
vn 0.7689 -0.3805 -0.5138
vn 0.6539 -0.3805 -0.6539
vn 0.5138 -0.3805 -0.7689
vn 0.3539 -0.3805 -0.8544
vn 0.1804 -0.3805 -0.9070
vn -0.0000 -0.5528 -0.8333
vn -0.1626 -0.5528 -0.8173
vn -0.3189 -0.5528 -0.7699
vn -0.4630 -0.5528 -0.6929
vn -0.5893 -0.5528 -0.5893
vn -0.6929 -0.5528 -0.4630
vn -0.7699 -0.5528 -0.3189
vn -0.8173 -0.5528 -0.1626
vn -0.8333 -0.5528 0.0000
vn -0.8173 -0.5528 0.1626
vn -0.7699 -0.5528 0.3189
vn -0.6929 -0.5528 0.4630
vn -0.5893 -0.5528 0.5893
vn -0.4630 -0.5528 0.6929
vn -0.3189 -0.5528 0.7699
vn -0.1626 -0.5528 0.8173
vn 0.0000 -0.5528 0.8333
vn 0.1626 -0.5528 0.8173
vn 0.3189 -0.5528 0.7699
vn 0.4630 -0.5528 0.6929
vn 0.5893 -0.5528 0.5893
vn 0.6929 -0.5528 0.4630
vn 0.7699 -0.5528 0.3189
vn 0.8173 -0.5528 0.1626
vn 0.8333 -0.5528 -0.0000
vn 0.8173 -0.5528 -0.1626
vn 0.7699 -0.5528 -0.3189
vn 0.6929 -0.5528 -0.4630
vn 0.5893 -0.5528 -0.5893
vn 0.4630 -0.5528 -0.6929
vn 0.3189 -0.5528 -0.7699
vn 0.1626 -0.5528 -0.8173
vn -0.0000 -0.7041 -0.7101
vn -0.1385 -0.7041 -0.6965
vn -0.2718 -0.7041 -0.6561
vn -0.3945 -0.7041 -0.5905
vn -0.5021 -0.7041 -0.5021
vn -0.5905 -0.7041 -0.3945
vn -0.6561 -0.7041 -0.2718
vn -0.6965 -0.7041 -0.1385
vn -0.7101 -0.7041 0.0000
vn -0.6965 -0.7041 0.1385
vn -0.6561 -0.7041 0.2718
vn -0.5905 -0.7041 0.3945
vn -0.5021 -0.7041 0.5021
vn -0.3945 -0.7041 0.5905
vn -0.2718 -0.7041 0.6561
vn -0.1385 -0.7041 0.6965
vn 0.0000 -0.7041 0.7101
vn 0.1385 -0.7041 0.6965
vn 0.2718 -0.7041 0.6561
vn 0.3945 -0.7041 0.5905
vn 0.5021 -0.7041 0.5021
vn 0.5905 -0.7041 0.3945
vn 0.6561 -0.7041 0.2718
vn 0.6965 -0.7041 0.1385
vn 0.7101 -0.7041 -0.0000
vn 0.6965 -0.7041 -0.1385
vn 0.6561 -0.7041 -0.2718
vn 0.5905 -0.7041 -0.3945
vn 0.5021 -0.7041 -0.5021
vn 0.3945 -0.7041 -0.5905
vn 0.2718 -0.7041 -0.6561
vn 0.1385 -0.7041 -0.6965
vn -0.0000 -0.8286 -0.5598
vn -0.1092 -0.8286 -0.5490
vn -0.2142 -0.8286 -0.5172
vn -0.3110 -0.8286 -0.4654
vn -0.3958 -0.8286 -0.3958
vn -0.4654 -0.8286 -0.3110
vn -0.5172 -0.8286 -0.2142
vn -0.5490 -0.8286 -0.1092
vn -0.5598 -0.8286 0.0000
vn -0.5490 -0.8286 0.1092
vn -0.5172 -0.8286 0.2142
vn -0.4654 -0.8286 0.3110
vn -0.3958 -0.8286 0.3958
vn -0.3110 -0.8286 0.4654
vn -0.2142 -0.8286 0.5172
vn -0.1092 -0.8286 0.5490
vn 0.0000 -0.8286 0.5598
vn 0.1092 -0.8286 0.5490
vn 0.2142 -0.8286 0.5172
vn 0.3110 -0.8286 0.4654
vn 0.3958 -0.8286 0.3958
vn 0.4654 -0.8286 0.3110
vn 0.5172 -0.8286 0.2142
vn 0.5490 -0.8286 0.1092
vn 0.5598 -0.8286 -0.0000
vn 0.5490 -0.8286 -0.1092
vn 0.5172 -0.8286 -0.2142
vn 0.4654 -0.8286 -0.3110
vn 0.3958 -0.8286 -0.3958
vn 0.3110 -0.8286 -0.4654
vn 0.2142 -0.8286 -0.5172
vn 0.1092 -0.8286 -0.5490
vn -0.0000 -0.9217 -0.3879
vn -0.0757 -0.9217 -0.3804
vn -0.1484 -0.9217 -0.3584
vn -0.2155 -0.9217 -0.3225
vn -0.2743 -0.9217 -0.2743
vn -0.3225 -0.9217 -0.2155
vn -0.3584 -0.9217 -0.1484
vn -0.3804 -0.9217 -0.0757
vn -0.3879 -0.9217 0.0000
vn -0.3804 -0.9217 0.0757
vn -0.3584 -0.9217 0.1484
vn -0.3225 -0.9217 0.2155
vn -0.2743 -0.9217 0.2743
vn -0.2155 -0.9217 0.3225
vn -0.1484 -0.9217 0.3584
vn -0.0757 -0.9217 0.3804
vn 0.0000 -0.9217 0.3879
vn 0.0757 -0.9217 0.3804
vn 0.1484 -0.9217 0.3584
vn 0.2155 -0.9217 0.3225
vn 0.2743 -0.9217 0.2743
vn 0.3225 -0.9217 0.2155
vn 0.3584 -0.9217 0.1484
vn 0.3804 -0.9217 0.0757
vn 0.3879 -0.9217 -0.0000
vn 0.3804 -0.9217 -0.0757
vn 0.3584 -0.9217 -0.1484
vn 0.3225 -0.9217 -0.2155
vn 0.2743 -0.9217 -0.2743
vn 0.2155 -0.9217 -0.3225
vn 0.1484 -0.9217 -0.3584
vn 0.0757 -0.9217 -0.3804
vn -0.0000 -0.9796 -0.2010
vn -0.0392 -0.9796 -0.1971
vn -0.0769 -0.9796 -0.1857
vn -0.1117 -0.9796 -0.1671
vn -0.1421 -0.9796 -0.1421
vn -0.1671 -0.9796 -0.1117
vn -0.1857 -0.9796 -0.0769
vn -0.1971 -0.9796 -0.0392
vn -0.2010 -0.9796 0.0000
vn -0.1971 -0.9796 0.0392
vn -0.1857 -0.9796 0.0769
vn -0.1671 -0.9796 0.1117
vn -0.1421 -0.9796 0.1421
vn -0.1117 -0.9796 0.1671
vn -0.0769 -0.9796 0.1857
vn -0.0392 -0.9796 0.1971
vn 0.0000 -0.9796 0.2010
vn 0.0392 -0.9796 0.1971
vn 0.0769 -0.9796 0.1857
vn 0.1117 -0.9796 0.1671
vn 0.1421 -0.9796 0.1421
vn 0.1671 -0.9796 0.1117
vn 0.1857 -0.9796 0.0769
vn 0.1971 -0.9796 0.0392
vn 0.2010 -0.9796 -0.0000
vn 0.1971 -0.9796 -0.0392
vn 0.1857 -0.9796 -0.0769
vn 0.1671 -0.9796 -0.1117
vn 0.1421 -0.9796 -0.1421
vn 0.1117 -0.9796 -0.1671
vn 0.0769 -0.9796 -0.1857
vn 0.0392 -0.9796 -0.1971
vn 0.0000 -1.0000 -0.0000
# 482 vertex normals

vt 0.0000 1.0000 0.0000
vt 0.0000 0.9375 0.0000
vt 0.0312 0.9375 0.0000
vt 0.0312 1.0000 0.0000
vt 0.0625 0.9375 0.0000
vt 0.0625 1.0000 0.0000
vt 0.0938 0.9375 0.0000
vt 0.0938 1.0000 0.0000
vt 0.1250 0.9375 0.0000
vt 0.1250 1.0000 0.0000
vt 0.1562 0.9375 0.0000
vt 0.1562 1.0000 0.0000
vt 0.1875 0.9375 0.0000
vt 0.1875 1.0000 0.0000
vt 0.2187 0.9375 0.0000
vt 0.2187 1.0000 0.0000
vt 0.2500 0.9375 0.0000
vt 0.2500 1.0000 0.0000
vt 0.2812 0.9375 0.0000
vt 0.2812 1.0000 0.0000
vt 0.3125 0.9375 0.0000
vt 0.3125 1.0000 0.0000
vt 0.3437 0.9375 0.0000
vt 0.3437 1.0000 0.0000
vt 0.3750 0.9375 0.0000
vt 0.3750 1.0000 0.0000
vt 0.4062 0.9375 0.0000
vt 0.4062 1.0000 0.0000
vt 0.4375 0.9375 0.0000
vt 0.4375 1.0000 0.0000
vt 0.4688 0.9375 0.0000
vt 0.4688 1.0000 0.0000
vt 0.5000 0.9375 0.0000
vt 0.5000 1.0000 0.0000
vt 0.5313 0.9375 0.0000
vt 0.5313 1.0000 0.0000
vt 0.5625 0.9375 0.0000
vt 0.5625 1.0000 0.0000
vt 0.5938 0.9375 0.0000
vt 0.5938 1.0000 0.0000
vt 0.6250 0.9375 0.0000
vt 0.6250 1.0000 0.0000
vt 0.6563 0.9375 0.0000
vt 0.6563 1.0000 0.0000
vt 0.6875 0.9375 0.0000
vt 0.6875 1.0000 0.0000
vt 0.7188 0.9375 0.0000
vt 0.7188 1.0000 0.0000
vt 0.7500 0.9375 0.0000
vt 0.7500 1.0000 0.0000
vt 0.7813 0.9375 0.0000
vt 0.7813 1.0000 0.0000
vt 0.8125 0.9375 0.0000
vt 0.8125 1.0000 0.0000
vt 0.8438 0.9375 0.0000
vt 0.8438 1.0000 0.0000
vt 0.8750 0.9375 0.0000
vt 0.8750 1.0000 0.0000
vt 0.9063 0.9375 0.0000
vt 0.9063 1.0000 0.0000
vt 0.9375 0.9375 0.0000
vt 0.9375 1.0000 0.0000
vt 0.9688 0.9375 0.0000
vt 0.9688 1.0000 0.0000
vt 1.0000 0.9375 0.0000
vt 0.0000 0.8750 0.0000
vt 0.0312 0.8750 0.0000
vt 0.0625 0.8750 0.0000
vt 0.0938 0.8750 0.0000
vt 0.1250 0.8750 0.0000
vt 0.1562 0.8750 0.0000
vt 0.1875 0.8750 0.0000
vt 0.2187 0.8750 0.0000
vt 0.2500 0.8750 0.0000
vt 0.2812 0.8750 0.0000
vt 0.3125 0.8750 0.0000
vt 0.3437 0.8750 0.0000
vt 0.3750 0.8750 0.0000
vt 0.4062 0.8750 0.0000
vt 0.4375 0.8750 0.0000
vt 0.4688 0.8750 0.0000
vt 0.5000 0.8750 0.0000
vt 0.5313 0.8750 0.0000
vt 0.5625 0.8750 0.0000
vt 0.5938 0.8750 0.0000
vt 0.6250 0.8750 0.0000
vt 0.6563 0.8750 0.0000
vt 0.6875 0.8750 0.0000
vt 0.7188 0.8750 0.0000
vt 0.7500 0.8750 0.0000
vt 0.7813 0.8750 0.0000
vt 0.8125 0.8750 0.0000
vt 0.8438 0.8750 0.0000
vt 0.8750 0.8750 0.0000
vt 0.9063 0.8750 0.0000
vt 0.9375 0.8750 0.0000
vt 0.9688 0.8750 0.0000
vt 1.0000 0.8750 0.0000
vt 0.0000 0.8125 0.0000
vt 0.0312 0.8125 0.0000
vt 0.0625 0.8125 0.0000
vt 0.0938 0.8125 0.0000
vt 0.1250 0.8125 0.0000
vt 0.1562 0.8125 0.0000
vt 0.1875 0.8125 0.0000
vt 0.2187 0.8125 0.0000
vt 0.2500 0.8125 0.0000
vt 0.2812 0.8125 0.0000
vt 0.3125 0.8125 0.0000
vt 0.3437 0.8125 0.0000
vt 0.3750 0.8125 0.0000
vt 0.4062 0.8125 0.0000
vt 0.4375 0.8125 0.0000
vt 0.4688 0.8125 0.0000
vt 0.5000 0.8125 0.0000
vt 0.5313 0.8125 0.0000
vt 0.5625 0.8125 0.0000
vt 0.5938 0.8125 0.0000
vt 0.6250 0.8125 0.0000
vt 0.6563 0.8125 0.0000
vt 0.6875 0.8125 0.0000
vt 0.7188 0.8125 0.0000
vt 0.7500 0.8125 0.0000
vt 0.7813 0.8125 0.0000
vt 0.8125 0.8125 0.0000
vt 0.8438 0.8125 0.0000
vt 0.8750 0.8125 0.0000
vt 0.9063 0.8125 0.0000
vt 0.9375 0.8125 0.0000
vt 0.9688 0.8125 0.0000
vt 1.0000 0.8125 0.0000
vt 0.0000 0.7500 0.0000
vt 0.0312 0.7500 0.0000
vt 0.0625 0.7500 0.0000
vt 0.0938 0.7500 0.0000
vt 0.1250 0.7500 0.0000
vt 0.1562 0.7500 0.0000
vt 0.1875 0.7500 0.0000
vt 0.2187 0.7500 0.0000
vt 0.2500 0.7500 0.0000
vt 0.2812 0.7500 0.0000
vt 0.3125 0.7500 0.0000
vt 0.3437 0.7500 0.0000
vt 0.3750 0.7500 0.0000
vt 0.4062 0.7500 0.0000
vt 0.4375 0.7500 0.0000
vt 0.4688 0.7500 0.0000
vt 0.5000 0.7500 0.0000
vt 0.5313 0.7500 0.0000
vt 0.5625 0.7500 0.0000
vt 0.5938 0.7500 0.0000
vt 0.6250 0.7500 0.0000
vt 0.6563 0.7500 0.0000
vt 0.6875 0.7500 0.0000
vt 0.7188 0.7500 0.0000
vt 0.7500 0.7500 0.0000
vt 0.7813 0.7500 0.0000
vt 0.8125 0.7500 0.0000
vt 0.8438 0.7500 0.0000
vt 0.8750 0.7500 0.0000
vt 0.9063 0.7500 0.0000
vt 0.9375 0.7500 0.0000
vt 0.9688 0.7500 0.0000
vt 1.0000 0.7500 0.0000
vt 0.0000 0.6875 0.0000
vt 0.0312 0.6875 0.0000
vt 0.0625 0.6875 0.0000
vt 0.0938 0.6875 0.0000
vt 0.1250 0.6875 0.0000
vt 0.1562 0.6875 0.0000
vt 0.1875 0.6875 0.0000
vt 0.2187 0.6875 0.0000
vt 0.2500 0.6875 0.0000
vt 0.2812 0.6875 0.0000
vt 0.3125 0.6875 0.0000
vt 0.3437 0.6875 0.0000
vt 0.3750 0.6875 0.0000
vt 0.4062 0.6875 0.0000
vt 0.4375 0.6875 0.0000
vt 0.4688 0.6875 0.0000
vt 0.5000 0.6875 0.0000
vt 0.5313 0.6875 0.0000
vt 0.5625 0.6875 0.0000
vt 0.5938 0.6875 0.0000
vt 0.6250 0.6875 0.0000
vt 0.6563 0.6875 0.0000
vt 0.6875 0.6875 0.0000
vt 0.7188 0.6875 0.0000
vt 0.7500 0.6875 0.0000
vt 0.7813 0.6875 0.0000
vt 0.8125 0.6875 0.0000
vt 0.8438 0.6875 0.0000
vt 0.8750 0.6875 0.0000
vt 0.9063 0.6875 0.0000
vt 0.9375 0.6875 0.0000
vt 0.9688 0.6875 0.0000
vt 1.0000 0.6875 0.0000
vt 0.0000 0.6250 0.0000
vt 0.0312 0.6250 0.0000
vt 0.0625 0.6250 0.0000
vt 0.0938 0.6250 0.0000
vt 0.1250 0.6250 0.0000
vt 0.1562 0.6250 0.0000
vt 0.1875 0.6250 0.0000
vt 0.2187 0.6250 0.0000
vt 0.2500 0.6250 0.0000
vt 0.2812 0.6250 0.0000
vt 0.3125 0.6250 0.0000
vt 0.3437 0.6250 0.0000
vt 0.3750 0.6250 0.0000
vt 0.4062 0.6250 0.0000
vt 0.4375 0.6250 0.0000
vt 0.4688 0.6250 0.0000
vt 0.5000 0.6250 0.0000
vt 0.5313 0.6250 0.0000
vt 0.5625 0.6250 0.0000
vt 0.5938 0.6250 0.0000
vt 0.6250 0.6250 0.0000
vt 0.6563 0.6250 0.0000
vt 0.6875 0.6250 0.0000
vt 0.7188 0.6250 0.0000
vt 0.7500 0.6250 0.0000
vt 0.7813 0.6250 0.0000
vt 0.8125 0.6250 0.0000
vt 0.8438 0.6250 0.0000
vt 0.8750 0.6250 0.0000
vt 0.9063 0.6250 0.0000
vt 0.9375 0.6250 0.0000
vt 0.9688 0.6250 0.0000
vt 1.0000 0.6250 0.0000
vt 0.0000 0.5625 0.0000
vt 0.0312 0.5625 0.0000
vt 0.0625 0.5625 0.0000
vt 0.0938 0.5625 0.0000
vt 0.1250 0.5625 0.0000
vt 0.1562 0.5625 0.0000
vt 0.1875 0.5625 0.0000
vt 0.2187 0.5625 0.0000
vt 0.2500 0.5625 0.0000
vt 0.2812 0.5625 0.0000
vt 0.3125 0.5625 0.0000
vt 0.3437 0.5625 0.0000
vt 0.3750 0.5625 0.0000
vt 0.4062 0.5625 0.0000
vt 0.4375 0.5625 0.0000
vt 0.4688 0.5625 0.0000
vt 0.5000 0.5625 0.0000
vt 0.5313 0.5625 0.0000
vt 0.5625 0.5625 0.0000
vt 0.5938 0.5625 0.0000
vt 0.6250 0.5625 0.0000
vt 0.6563 0.5625 0.0000
vt 0.6875 0.5625 0.0000
vt 0.7188 0.5625 0.0000
vt 0.7500 0.5625 0.0000
vt 0.7813 0.5625 0.0000
vt 0.8125 0.5625 0.0000
vt 0.8438 0.5625 0.0000
vt 0.8750 0.5625 0.0000
vt 0.9063 0.5625 0.0000
vt 0.9375 0.5625 0.0000
vt 0.9688 0.5625 0.0000
vt 1.0000 0.5625 0.0000
vt 0.0000 0.5000 0.0000
vt 0.0312 0.5000 0.0000
vt 0.0625 0.5000 0.0000
vt 0.0938 0.5000 0.0000
vt 0.1250 0.5000 0.0000
vt 0.1562 0.5000 0.0000
vt 0.1875 0.5000 0.0000
vt 0.2187 0.5000 0.0000
vt 0.2500 0.5000 0.0000
vt 0.2812 0.5000 0.0000
vt 0.3125 0.5000 0.0000
vt 0.3437 0.5000 0.0000
vt 0.3750 0.5000 0.0000
vt 0.4062 0.5000 0.0000
vt 0.4375 0.5000 0.0000
vt 0.4688 0.5000 0.0000
vt 0.5000 0.5000 0.0000
vt 0.5313 0.5000 0.0000
vt 0.5625 0.5000 0.0000
vt 0.5938 0.5000 0.0000
vt 0.6250 0.5000 0.0000
vt 0.6563 0.5000 0.0000
vt 0.6875 0.5000 0.0000
vt 0.7188 0.5000 0.0000
vt 0.7500 0.5000 0.0000
vt 0.7813 0.5000 0.0000
vt 0.8125 0.5000 0.0000
vt 0.8438 0.5000 0.0000
vt 0.8750 0.5000 0.0000
vt 0.9063 0.5000 0.0000
vt 0.9375 0.5000 0.0000
vt 0.9688 0.5000 0.0000
vt 1.0000 0.5000 0.0000
vt 0.0000 0.4375 0.0000
vt 0.0312 0.4375 0.0000
vt 0.0625 0.4375 0.0000
vt 0.0938 0.4375 0.0000
vt 0.1250 0.4375 0.0000
vt 0.1562 0.4375 0.0000
vt 0.1875 0.4375 0.0000
vt 0.2187 0.4375 0.0000
vt 0.2500 0.4375 0.0000
vt 0.2812 0.4375 0.0000
vt 0.3125 0.4375 0.0000
vt 0.3437 0.4375 0.0000
vt 0.3750 0.4375 0.0000
vt 0.4062 0.4375 0.0000
vt 0.4375 0.4375 0.0000
vt 0.4688 0.4375 0.0000
vt 0.5000 0.4375 0.0000
vt 0.5313 0.4375 0.0000
vt 0.5625 0.4375 0.0000
vt 0.5938 0.4375 0.0000
vt 0.6250 0.4375 0.0000
vt 0.6563 0.4375 0.0000
vt 0.6875 0.4375 0.0000
vt 0.7188 0.4375 0.0000
vt 0.7500 0.4375 0.0000
vt 0.7813 0.4375 0.0000
vt 0.8125 0.4375 0.0000
vt 0.8438 0.4375 0.0000
vt 0.8750 0.4375 0.0000
vt 0.9063 0.4375 0.0000
vt 0.9375 0.4375 0.0000
vt 0.9688 0.4375 0.0000
vt 1.0000 0.4375 0.0000
vt 0.0000 0.3750 0.0000
vt 0.0312 0.3750 0.0000
vt 0.0625 0.3750 0.0000
vt 0.0938 0.3750 0.0000
vt 0.1250 0.3750 0.0000
vt 0.1562 0.3750 0.0000
vt 0.1875 0.3750 0.0000
vt 0.2187 0.3750 0.0000
vt 0.2500 0.3750 0.0000
vt 0.2812 0.3750 0.0000
vt 0.3125 0.3750 0.0000
vt 0.3437 0.3750 0.0000
vt 0.3750 0.3750 0.0000
vt 0.4062 0.3750 0.0000
vt 0.4375 0.3750 0.0000
vt 0.4688 0.3750 0.0000
vt 0.5000 0.3750 0.0000
vt 0.5313 0.3750 0.0000
vt 0.5625 0.3750 0.0000
vt 0.5938 0.3750 0.0000
vt 0.6250 0.3750 0.0000
vt 0.6563 0.3750 0.0000
vt 0.6875 0.3750 0.0000
vt 0.7188 0.3750 0.0000
vt 0.7500 0.3750 0.0000
vt 0.7813 0.3750 0.0000
vt 0.8125 0.3750 0.0000
vt 0.8438 0.3750 0.0000
vt 0.8750 0.3750 0.0000
vt 0.9063 0.3750 0.0000
vt 0.9375 0.3750 0.0000
vt 0.9688 0.3750 0.0000
vt 1.0000 0.3750 0.0000
vt 0.0000 0.3125 0.0000
vt 0.0312 0.3125 0.0000
vt 0.0625 0.3125 0.0000
vt 0.0938 0.3125 0.0000
vt 0.1250 0.3125 0.0000
vt 0.1562 0.3125 0.0000
vt 0.1875 0.3125 0.0000
vt 0.2187 0.3125 0.0000
vt 0.2500 0.3125 0.0000
vt 0.2812 0.3125 0.0000
vt 0.3125 0.3125 0.0000
vt 0.3437 0.3125 0.0000
vt 0.3750 0.3125 0.0000
vt 0.4062 0.3125 0.0000
vt 0.4375 0.3125 0.0000
vt 0.4688 0.3125 0.0000
vt 0.5000 0.3125 0.0000
vt 0.5313 0.3125 0.0000
vt 0.5625 0.3125 0.0000
vt 0.5938 0.3125 0.0000
vt 0.6250 0.3125 0.0000
vt 0.6563 0.3125 0.0000
vt 0.6875 0.3125 0.0000
vt 0.7188 0.3125 0.0000
vt 0.7500 0.3125 0.0000
vt 0.7813 0.3125 0.0000
vt 0.8125 0.3125 0.0000
vt 0.8438 0.3125 0.0000
vt 0.8750 0.3125 0.0000
vt 0.9063 0.3125 0.0000
vt 0.9375 0.3125 0.0000
vt 0.9688 0.3125 0.0000
vt 1.0000 0.3125 0.0000
vt 0.0000 0.2500 0.0000
vt 0.0312 0.2500 0.0000
vt 0.0625 0.2500 0.0000
vt 0.0938 0.2500 0.0000
vt 0.1250 0.2500 0.0000
vt 0.1562 0.2500 0.0000
vt 0.1875 0.2500 0.0000
vt 0.2187 0.2500 0.0000
vt 0.2500 0.2500 0.0000
vt 0.2812 0.2500 0.0000
vt 0.3125 0.2500 0.0000
vt 0.3437 0.2500 0.0000
vt 0.3750 0.2500 0.0000
vt 0.4062 0.2500 0.0000
vt 0.4375 0.2500 0.0000
vt 0.4688 0.2500 0.0000
vt 0.5000 0.2500 0.0000
vt 0.5313 0.2500 0.0000
vt 0.5625 0.2500 0.0000
vt 0.5938 0.2500 0.0000
vt 0.6250 0.2500 0.0000
vt 0.6563 0.2500 0.0000
vt 0.6875 0.2500 0.0000
vt 0.7188 0.2500 0.0000
vt 0.7500 0.2500 0.0000
vt 0.7813 0.2500 0.0000
vt 0.8125 0.2500 0.0000
vt 0.8438 0.2500 0.0000
vt 0.8750 0.2500 0.0000
vt 0.9063 0.2500 0.0000
vt 0.9375 0.2500 0.0000
vt 0.9688 0.2500 0.0000
vt 1.0000 0.2500 0.0000
vt 0.0000 0.1875 0.0000
vt 0.0312 0.1875 0.0000
vt 0.0625 0.1875 0.0000
vt 0.0938 0.1875 0.0000
vt 0.1250 0.1875 0.0000
vt 0.1562 0.1875 0.0000
vt 0.1875 0.1875 0.0000
vt 0.2187 0.1875 0.0000
vt 0.2500 0.1875 0.0000
vt 0.2812 0.1875 0.0000
vt 0.3125 0.1875 0.0000
vt 0.3437 0.1875 0.0000
vt 0.3750 0.1875 0.0000
vt 0.4062 0.1875 0.0000
vt 0.4375 0.1875 0.0000
vt 0.4688 0.1875 0.0000
vt 0.5000 0.1875 0.0000
vt 0.5313 0.1875 0.0000
vt 0.5625 0.1875 0.0000
vt 0.5938 0.1875 0.0000
vt 0.6250 0.1875 0.0000
vt 0.6563 0.1875 0.0000
vt 0.6875 0.1875 0.0000
vt 0.7188 0.1875 0.0000
vt 0.7500 0.1875 0.0000
vt 0.7813 0.1875 0.0000
vt 0.8125 0.1875 0.0000
vt 0.8438 0.1875 0.0000
vt 0.8750 0.1875 0.0000
vt 0.9063 0.1875 0.0000
vt 0.9375 0.1875 0.0000
vt 0.9688 0.1875 0.0000
vt 1.0000 0.1875 0.0000
vt 0.0000 0.1250 0.0000
vt 0.0312 0.1250 0.0000
vt 0.0625 0.1250 0.0000
vt 0.0938 0.1250 0.0000
vt 0.1250 0.1250 0.0000
vt 0.1562 0.1250 0.0000
vt 0.1875 0.1250 0.0000
vt 0.2187 0.1250 0.0000
vt 0.2500 0.1250 0.0000
vt 0.2812 0.1250 0.0000
vt 0.3125 0.1250 0.0000
vt 0.3437 0.1250 0.0000
vt 0.3750 0.1250 0.0000
vt 0.4062 0.1250 0.0000
vt 0.4375 0.1250 0.0000
vt 0.4688 0.1250 0.0000
vt 0.5000 0.1250 0.0000
vt 0.5313 0.1250 0.0000
vt 0.5625 0.1250 0.0000
vt 0.5938 0.1250 0.0000
vt 0.6250 0.1250 0.0000
vt 0.6563 0.1250 0.0000
vt 0.6875 0.1250 0.0000
vt 0.7188 0.1250 0.0000
vt 0.7500 0.1250 0.0000
vt 0.7813 0.1250 0.0000
vt 0.8125 0.1250 0.0000
vt 0.8438 0.1250 0.0000
vt 0.8750 0.1250 0.0000
vt 0.9063 0.1250 0.0000
vt 0.9375 0.1250 0.0000
vt 0.9688 0.1250 0.0000
vt 1.0000 0.1250 0.0000
vt 0.0000 0.0625 0.0000
vt 0.0312 0.0625 0.0000
vt 0.0625 0.0625 0.0000
vt 0.0938 0.0625 0.0000
vt 0.1250 0.0625 0.0000
vt 0.1562 0.0625 0.0000
vt 0.1875 0.0625 0.0000
vt 0.2187 0.0625 0.0000
vt 0.2500 0.0625 0.0000
vt 0.2812 0.0625 0.0000
vt 0.3125 0.0625 0.0000
vt 0.3437 0.0625 0.0000
vt 0.3750 0.0625 0.0000
vt 0.4062 0.0625 0.0000
vt 0.4375 0.0625 0.0000
vt 0.4688 0.0625 0.0000
vt 0.5000 0.0625 0.0000
vt 0.5313 0.0625 0.0000
vt 0.5625 0.0625 0.0000
vt 0.5938 0.0625 0.0000
vt 0.6250 0.0625 0.0000
vt 0.6563 0.0625 0.0000
vt 0.6875 0.0625 0.0000
vt 0.7188 0.0625 0.0000
vt 0.7500 0.0625 0.0000
vt 0.7813 0.0625 0.0000
vt 0.8125 0.0625 0.0000
vt 0.8438 0.0625 0.0000
vt 0.8750 0.0625 0.0000
vt 0.9063 0.0625 0.0000
vt 0.9375 0.0625 0.0000
vt 0.9688 0.0625 0.0000
vt 1.0000 0.0625 0.0000
vt 0.0000 -0.0000 0.0000
vt 0.0312 -0.0000 0.0000
vt 0.0625 -0.0000 0.0000
vt 0.0938 -0.0000 0.0000
vt 0.1250 -0.0000 0.0000
vt 0.1562 -0.0000 0.0000
vt 0.1875 -0.0000 0.0000
vt 0.2187 -0.0000 0.0000
vt 0.2500 -0.0000 0.0000
vt 0.2812 -0.0000 0.0000
vt 0.3125 -0.0000 0.0000
vt 0.3437 -0.0000 0.0000
vt 0.3750 -0.0000 0.0000
vt 0.4062 -0.0000 0.0000
vt 0.4375 -0.0000 0.0000
vt 0.4688 -0.0000 0.0000
vt 0.5000 -0.0000 0.0000
vt 0.5313 -0.0000 0.0000
vt 0.5625 -0.0000 0.0000
vt 0.5938 -0.0000 0.0000
vt 0.6250 -0.0000 0.0000
vt 0.6563 -0.0000 0.0000
vt 0.6875 -0.0000 0.0000
vt 0.7188 -0.0000 0.0000
vt 0.7500 -0.0000 0.0000
vt 0.7813 -0.0000 0.0000
vt 0.8125 -0.0000 0.0000
vt 0.8438 -0.0000 0.0000
vt 0.8750 -0.0000 0.0000
vt 0.9063 -0.0000 0.0000
vt 0.9375 -0.0000 0.0000
vt 0.9688 -0.0000 0.0000
# 559 texture coords

o Sphere002
g Sphere002
usemtl 01___Default
s 1
f 703/792/559 704/793/560 705/794/561 
f 703/795/559 705/794/561 706/796/562 
f 703/797/559 706/796/562 707/798/563 
f 703/799/559 707/798/563 708/800/564 
f 703/801/559 708/800/564 709/802/565 
f 703/803/559 709/802/565 710/804/566 
f 703/805/559 710/804/566 711/806/567 
f 703/807/559 711/806/567 712/808/568 
f 703/809/559 712/808/568 713/810/569 
f 703/811/559 713/810/569 714/812/570 
f 703/813/559 714/812/570 715/814/571 
f 703/815/559 715/814/571 716/816/572 
f 703/817/559 716/816/572 717/818/573 
f 703/819/559 717/818/573 718/820/574 
f 703/821/559 718/820/574 719/822/575 
f 703/823/559 719/822/575 720/824/576 
f 703/825/559 720/824/576 721/826/577 
f 703/827/559 721/826/577 722/828/578 
f 703/829/559 722/828/578 723/830/579 
f 703/831/559 723/830/579 724/832/580 
f 703/833/559 724/832/580 725/834/581 
f 703/835/559 725/834/581 726/836/582 
f 703/837/559 726/836/582 727/838/583 
f 703/839/559 727/838/583 728/840/584 
f 703/841/559 728/840/584 729/842/585 
f 703/843/559 729/842/585 730/844/586 
f 703/845/559 730/844/586 731/846/587 
f 703/847/559 731/846/587 732/848/588 
f 703/849/559 732/848/588 733/850/589 
f 703/851/559 733/850/589 734/852/590 
f 703/853/559 734/852/590 735/854/591 
f 703/855/559 735/854/591 704/856/560 
f 704/793/560 736/857/592 737/858/593 
f 704/793/560 737/858/593 705/794/561 
f 705/794/561 737/858/593 738/859/594 
f 705/794/561 738/859/594 706/796/562 
f 706/796/562 738/859/594 739/860/595 
f 706/796/562 739/860/595 707/798/563 
f 707/798/563 739/860/595 740/861/596 
f 707/798/563 740/861/596 708/800/564 
f 708/800/564 740/861/596 741/862/597 
f 708/800/564 741/862/597 709/802/565 
f 709/802/565 741/862/597 742/863/598 
f 709/802/565 742/863/598 710/804/566 
f 710/804/566 742/863/598 743/864/599 
f 710/804/566 743/864/599 711/806/567 
f 711/806/567 743/864/599 744/865/600 
f 711/806/567 744/865/600 712/808/568 
f 712/808/568 744/865/600 745/866/601 
f 712/808/568 745/866/601 713/810/569 
f 713/810/569 745/866/601 746/867/602 
f 713/810/569 746/867/602 714/812/570 
f 714/812/570 746/867/602 747/868/603 
f 714/812/570 747/868/603 715/814/571 
f 715/814/571 747/868/603 748/869/604 
f 715/814/571 748/869/604 716/816/572 
f 716/816/572 748/869/604 749/870/605 
f 716/816/572 749/870/605 717/818/573 
f 717/818/573 749/870/605 750/871/606 
f 717/818/573 750/871/606 718/820/574 
f 718/820/574 750/871/606 751/872/607 
f 718/820/574 751/872/607 719/822/575 
f 719/822/575 751/872/607 752/873/608 
f 719/822/575 752/873/608 720/824/576 
f 720/824/576 752/873/608 753/874/609 
f 720/824/576 753/874/609 721/826/577 
f 721/826/577 753/874/609 754/875/610 
f 721/826/577 754/875/610 722/828/578 
f 722/828/578 754/875/610 755/876/611 
f 722/828/578 755/876/611 723/830/579 
f 723/830/579 755/876/611 756/877/612 
f 723/830/579 756/877/612 724/832/580 
f 724/832/580 756/877/612 757/878/613 
f 724/832/580 757/878/613 725/834/581 
f 725/834/581 757/878/613 758/879/614 
f 725/834/581 758/879/614 726/836/582 
f 726/836/582 758/879/614 759/880/615 
f 726/836/582 759/880/615 727/838/583 
f 727/838/583 759/880/615 760/881/616 
f 727/838/583 760/881/616 728/840/584 
f 728/840/584 760/881/616 761/882/617 
f 728/840/584 761/882/617 729/842/585 
f 729/842/585 761/882/617 762/883/618 
f 729/842/585 762/883/618 730/844/586 
f 730/844/586 762/883/618 763/884/619 
f 730/844/586 763/884/619 731/846/587 
f 731/846/587 763/884/619 764/885/620 
f 731/846/587 764/885/620 732/848/588 
f 732/848/588 764/885/620 765/886/621 
f 732/848/588 765/886/621 733/850/589 
f 733/850/589 765/886/621 766/887/622 
f 733/850/589 766/887/622 734/852/590 
f 734/852/590 766/887/622 767/888/623 
f 734/852/590 767/888/623 735/854/591 
f 735/854/591 767/888/623 736/889/592 
f 735/854/591 736/889/592 704/856/560 
f 736/857/592 768/890/624 769/891/625 
f 736/857/592 769/891/625 737/858/593 
f 737/858/593 769/891/625 770/892/626 
f 737/858/593 770/892/626 738/859/594 
f 738/859/594 770/892/626 771/893/627 
f 738/859/594 771/893/627 739/860/595 
f 739/860/595 771/893/627 772/894/628 
f 739/860/595 772/894/628 740/861/596 
f 740/861/596 772/894/628 773/895/629 
f 740/861/596 773/895/629 741/862/597 
f 741/862/597 773/895/629 774/896/630 
f 741/862/597 774/896/630 742/863/598 
f 742/863/598 774/896/630 775/897/631 
f 742/863/598 775/897/631 743/864/599 
f 743/864/599 775/897/631 776/898/632 
f 743/864/599 776/898/632 744/865/600 
f 744/865/600 776/898/632 777/899/633 
f 744/865/600 777/899/633 745/866/601 
f 745/866/601 777/899/633 778/900/634 
f 745/866/601 778/900/634 746/867/602 
f 746/867/602 778/900/634 779/901/635 
f 746/867/602 779/901/635 747/868/603 
f 747/868/603 779/901/635 780/902/636 
f 747/868/603 780/902/636 748/869/604 
f 748/869/604 780/902/636 781/903/637 
f 748/869/604 781/903/637 749/870/605 
f 749/870/605 781/903/637 782/904/638 
f 749/870/605 782/904/638 750/871/606 
f 750/871/606 782/904/638 783/905/639 
f 750/871/606 783/905/639 751/872/607 
f 751/872/607 783/905/639 784/906/640 
f 751/872/607 784/906/640 752/873/608 
f 752/873/608 784/906/640 785/907/641 
f 752/873/608 785/907/641 753/874/609 
f 753/874/609 785/907/641 786/908/642 
f 753/874/609 786/908/642 754/875/610 
f 754/875/610 786/908/642 787/909/643 
f 754/875/610 787/909/643 755/876/611 
f 755/876/611 787/909/643 788/910/644 
f 755/876/611 788/910/644 756/877/612 
f 756/877/612 788/910/644 789/911/645 
f 756/877/612 789/911/645 757/878/613 
f 757/878/613 789/911/645 790/912/646 
f 757/878/613 790/912/646 758/879/614 
f 758/879/614 790/912/646 791/913/647 
f 758/879/614 791/913/647 759/880/615 
f 759/880/615 791/913/647 792/914/648 
f 759/880/615 792/914/648 760/881/616 
f 760/881/616 792/914/648 793/915/649 
f 760/881/616 793/915/649 761/882/617 
f 761/882/617 793/915/649 794/916/650 
f 761/882/617 794/916/650 762/883/618 
f 762/883/618 794/916/650 795/917/651 
f 762/883/618 795/917/651 763/884/619 
f 763/884/619 795/917/651 796/918/652 
f 763/884/619 796/918/652 764/885/620 
f 764/885/620 796/918/652 797/919/653 
f 764/885/620 797/919/653 765/886/621 
f 765/886/621 797/919/653 798/920/654 
f 765/886/621 798/920/654 766/887/622 
f 766/887/622 798/920/654 799/921/655 
f 766/887/622 799/921/655 767/888/623 
f 767/888/623 799/921/655 768/922/624 
f 767/888/623 768/922/624 736/889/592 
f 768/890/624 800/923/656 801/924/657 
f 768/890/624 801/924/657 769/891/625 
f 769/891/625 801/924/657 802/925/658 
f 769/891/625 802/925/658 770/892/626 
f 770/892/626 802/925/658 803/926/659 
f 770/892/626 803/926/659 771/893/627 
f 771/893/627 803/926/659 804/927/660 
f 771/893/627 804/927/660 772/894/628 
f 772/894/628 804/927/660 805/928/661 
f 772/894/628 805/928/661 773/895/629 
f 773/895/629 805/928/661 806/929/662 
f 773/895/629 806/929/662 774/896/630 
f 774/896/630 806/929/662 807/930/663 
f 774/896/630 807/930/663 775/897/631 
f 775/897/631 807/930/663 808/931/664 
f 775/897/631 808/931/664 776/898/632 
f 776/898/632 808/931/664 809/932/665 
f 776/898/632 809/932/665 777/899/633 
f 777/899/633 809/932/665 810/933/666 
f 777/899/633 810/933/666 778/900/634 
f 778/900/634 810/933/666 811/934/667 
f 778/900/634 811/934/667 779/901/635 
f 779/901/635 811/934/667 812/935/668 
f 779/901/635 812/935/668 780/902/636 
f 780/902/636 812/935/668 813/936/669 
f 780/902/636 813/936/669 781/903/637 
f 781/903/637 813/936/669 814/937/670 
f 781/903/637 814/937/670 782/904/638 
f 782/904/638 814/937/670 815/938/671 
f 782/904/638 815/938/671 783/905/639 
f 783/905/639 815/938/671 816/939/672 
f 783/905/639 816/939/672 784/906/640 
f 784/906/640 816/939/672 817/940/673 
f 784/906/640 817/940/673 785/907/641 
f 785/907/641 817/940/673 818/941/674 
f 785/907/641 818/941/674 786/908/642 
f 786/908/642 818/941/674 819/942/675 
f 786/908/642 819/942/675 787/909/643 
f 787/909/643 819/942/675 820/943/676 
f 787/909/643 820/943/676 788/910/644 
f 788/910/644 820/943/676 821/944/677 
f 788/910/644 821/944/677 789/911/645 
f 789/911/645 821/944/677 822/945/678 
f 789/911/645 822/945/678 790/912/646 
f 790/912/646 822/945/678 823/946/679 
f 790/912/646 823/946/679 791/913/647 
f 791/913/647 823/946/679 824/947/680 
f 791/913/647 824/947/680 792/914/648 
f 792/914/648 824/947/680 825/948/681 
f 792/914/648 825/948/681 793/915/649 
f 793/915/649 825/948/681 826/949/682 
f 793/915/649 826/949/682 794/916/650 
f 794/916/650 826/949/682 827/950/683 
f 794/916/650 827/950/683 795/917/651 
f 795/917/651 827/950/683 828/951/684 
f 795/917/651 828/951/684 796/918/652 
f 796/918/652 828/951/684 829/952/685 
f 796/918/652 829/952/685 797/919/653 
f 797/919/653 829/952/685 830/953/686 
f 797/919/653 830/953/686 798/920/654 
f 798/920/654 830/953/686 831/954/687 
f 798/920/654 831/954/687 799/921/655 
f 799/921/655 831/954/687 800/955/656 
f 799/921/655 800/955/656 768/922/624 
f 800/923/656 832/956/688 833/957/689 
f 800/923/656 833/957/689 801/924/657 
f 801/924/657 833/957/689 834/958/690 
f 801/924/657 834/958/690 802/925/658 
f 802/925/658 834/958/690 835/959/691 
f 802/925/658 835/959/691 803/926/659 
f 803/926/659 835/959/691 836/960/692 
f 803/926/659 836/960/692 804/927/660 
f 804/927/660 836/960/692 837/961/693 
f 804/927/660 837/961/693 805/928/661 
f 805/928/661 837/961/693 838/962/694 
f 805/928/661 838/962/694 806/929/662 
f 806/929/662 838/962/694 839/963/695 
f 806/929/662 839/963/695 807/930/663 
f 807/930/663 839/963/695 840/964/696 
f 807/930/663 840/964/696 808/931/664 
f 808/931/664 840/964/696 841/965/697 
f 808/931/664 841/965/697 809/932/665 
f 809/932/665 841/965/697 842/966/698 
f 809/932/665 842/966/698 810/933/666 
f 810/933/666 842/966/698 843/967/699 
f 810/933/666 843/967/699 811/934/667 
f 811/934/667 843/967/699 844/968/700 
f 811/934/667 844/968/700 812/935/668 
f 812/935/668 844/968/700 845/969/701 
f 812/935/668 845/969/701 813/936/669 
f 813/936/669 845/969/701 846/970/702 
f 813/936/669 846/970/702 814/937/670 
f 814/937/670 846/970/702 847/971/703 
f 814/937/670 847/971/703 815/938/671 
f 815/938/671 847/971/703 848/972/704 
f 815/938/671 848/972/704 816/939/672 
f 816/939/672 848/972/704 849/973/705 
f 816/939/672 849/973/705 817/940/673 
f 817/940/673 849/973/705 850/974/706 
f 817/940/673 850/974/706 818/941/674 
f 818/941/674 850/974/706 851/975/707 
f 818/941/674 851/975/707 819/942/675 
f 819/942/675 851/975/707 852/976/708 
f 819/942/675 852/976/708 820/943/676 
f 820/943/676 852/976/708 853/977/709 
f 820/943/676 853/977/709 821/944/677 
f 821/944/677 853/977/709 854/978/710 
f 821/944/677 854/978/710 822/945/678 
f 822/945/678 854/978/710 855/979/711 
f 822/945/678 855/979/711 823/946/679 
f 823/946/679 855/979/711 856/980/712 
f 823/946/679 856/980/712 824/947/680 
f 824/947/680 856/980/712 857/981/713 
f 824/947/680 857/981/713 825/948/681 
f 825/948/681 857/981/713 858/982/714 
f 825/948/681 858/982/714 826/949/682 
f 826/949/682 858/982/714 859/983/715 
f 826/949/682 859/983/715 827/950/683 
f 827/950/683 859/983/715 860/984/716 
f 827/950/683 860/984/716 828/951/684 
f 828/951/684 860/984/716 861/985/717 
f 828/951/684 861/985/717 829/952/685 
f 829/952/685 861/985/717 862/986/718 
f 829/952/685 862/986/718 830/953/686 
f 830/953/686 862/986/718 863/987/719 
f 830/953/686 863/987/719 831/954/687 
f 831/954/687 863/987/719 832/988/688 
f 831/954/687 832/988/688 800/955/656 
f 832/956/688 864/989/720 865/990/721 
f 832/956/688 865/990/721 833/957/689 
f 833/957/689 865/990/721 866/991/722 
f 833/957/689 866/991/722 834/958/690 
f 834/958/690 866/991/722 867/992/723 
f 834/958/690 867/992/723 835/959/691 
f 835/959/691 867/992/723 868/993/724 
f 835/959/691 868/993/724 836/960/692 
f 836/960/692 868/993/724 869/994/725 
f 836/960/692 869/994/725 837/961/693 
f 837/961/693 869/994/725 870/995/726 
f 837/961/693 870/995/726 838/962/694 
f 838/962/694 870/995/726 871/996/727 
f 838/962/694 871/996/727 839/963/695 
f 839/963/695 871/996/727 872/997/728 
f 839/963/695 872/997/728 840/964/696 
f 840/964/696 872/997/728 873/998/729 
f 840/964/696 873/998/729 841/965/697 
f 841/965/697 873/998/729 874/999/730 
f 841/965/697 874/999/730 842/966/698 
f 842/966/698 874/999/730 875/1000/731 
f 842/966/698 875/1000/731 843/967/699 
f 843/967/699 875/1000/731 876/1001/732 
f 843/967/699 876/1001/732 844/968/700 
f 844/968/700 876/1001/732 877/1002/733 
f 844/968/700 877/1002/733 845/969/701 
f 845/969/701 877/1002/733 878/1003/734 
f 845/969/701 878/1003/734 846/970/702 
f 846/970/702 878/1003/734 879/1004/735 
f 846/970/702 879/1004/735 847/971/703 
f 847/971/703 879/1004/735 880/1005/736 
f 847/971/703 880/1005/736 848/972/704 
f 848/972/704 880/1005/736 881/1006/737 
f 848/972/704 881/1006/737 849/973/705 
f 849/973/705 881/1006/737 882/1007/738 
f 849/973/705 882/1007/738 850/974/706 
f 850/974/706 882/1007/738 883/1008/739 
f 850/974/706 883/1008/739 851/975/707 
f 851/975/707 883/1008/739 884/1009/740 
f 851/975/707 884/1009/740 852/976/708 
f 852/976/708 884/1009/740 885/1010/741 
f 852/976/708 885/1010/741 853/977/709 
f 853/977/709 885/1010/741 886/1011/742 
f 853/977/709 886/1011/742 854/978/710 
f 854/978/710 886/1011/742 887/1012/743 
f 854/978/710 887/1012/743 855/979/711 
f 855/979/711 887/1012/743 888/1013/744 
f 855/979/711 888/1013/744 856/980/712 
f 856/980/712 888/1013/744 889/1014/745 
f 856/980/712 889/1014/745 857/981/713 
f 857/981/713 889/1014/745 890/1015/746 
f 857/981/713 890/1015/746 858/982/714 
f 858/982/714 890/1015/746 891/1016/747 
f 858/982/714 891/1016/747 859/983/715 
f 859/983/715 891/1016/747 892/1017/748 
f 859/983/715 892/1017/748 860/984/716 
f 860/984/716 892/1017/748 893/1018/749 
f 860/984/716 893/1018/749 861/985/717 
f 861/985/717 893/1018/749 894/1019/750 
f 861/985/717 894/1019/750 862/986/718 
f 862/986/718 894/1019/750 895/1020/751 
f 862/986/718 895/1020/751 863/987/719 
f 863/987/719 895/1020/751 864/1021/720 
f 863/987/719 864/1021/720 832/988/688 
f 864/989/720 896/1022/752 897/1023/753 
f 864/989/720 897/1023/753 865/990/721 
f 865/990/721 897/1023/753 898/1024/754 
f 865/990/721 898/1024/754 866/991/722 
f 866/991/722 898/1024/754 899/1025/755 
f 866/991/722 899/1025/755 867/992/723 
f 867/992/723 899/1025/755 900/1026/756 
f 867/992/723 900/1026/756 868/993/724 
f 868/993/724 900/1026/756 901/1027/757 
f 868/993/724 901/1027/757 869/994/725 
f 869/994/725 901/1027/757 902/1028/758 
f 869/994/725 902/1028/758 870/995/726 
f 870/995/726 902/1028/758 903/1029/759 
f 870/995/726 903/1029/759 871/996/727 
f 871/996/727 903/1029/759 904/1030/760 
f 871/996/727 904/1030/760 872/997/728 
f 872/997/728 904/1030/760 905/1031/761 
f 872/997/728 905/1031/761 873/998/729 
f 873/998/729 905/1031/761 906/1032/762 
f 873/998/729 906/1032/762 874/999/730 
f 874/999/730 906/1032/762 907/1033/763 
f 874/999/730 907/1033/763 875/1000/731 
f 875/1000/731 907/1033/763 908/1034/764 
f 875/1000/731 908/1034/764 876/1001/732 
f 876/1001/732 908/1034/764 909/1035/765 
f 876/1001/732 909/1035/765 877/1002/733 
f 877/1002/733 909/1035/765 910/1036/766 
f 877/1002/733 910/1036/766 878/1003/734 
f 878/1003/734 910/1036/766 911/1037/767 
f 878/1003/734 911/1037/767 879/1004/735 
f 879/1004/735 911/1037/767 912/1038/768 
f 879/1004/735 912/1038/768 880/1005/736 
f 880/1005/736 912/1038/768 913/1039/769 
f 880/1005/736 913/1039/769 881/1006/737 
f 881/1006/737 913/1039/769 914/1040/770 
f 881/1006/737 914/1040/770 882/1007/738 
f 882/1007/738 914/1040/770 915/1041/771 
f 882/1007/738 915/1041/771 883/1008/739 
f 883/1008/739 915/1041/771 916/1042/772 
f 883/1008/739 916/1042/772 884/1009/740 
f 884/1009/740 916/1042/772 917/1043/773 
f 884/1009/740 917/1043/773 885/1010/741 
f 885/1010/741 917/1043/773 918/1044/774 
f 885/1010/741 918/1044/774 886/1011/742 
f 886/1011/742 918/1044/774 919/1045/775 
f 886/1011/742 919/1045/775 887/1012/743 
f 887/1012/743 919/1045/775 920/1046/776 
f 887/1012/743 920/1046/776 888/1013/744 
f 888/1013/744 920/1046/776 921/1047/777 
f 888/1013/744 921/1047/777 889/1014/745 
f 889/1014/745 921/1047/777 922/1048/778 
f 889/1014/745 922/1048/778 890/1015/746 
f 890/1015/746 922/1048/778 923/1049/779 
f 890/1015/746 923/1049/779 891/1016/747 
f 891/1016/747 923/1049/779 924/1050/780 
f 891/1016/747 924/1050/780 892/1017/748 
f 892/1017/748 924/1050/780 925/1051/781 
f 892/1017/748 925/1051/781 893/1018/749 
f 893/1018/749 925/1051/781 926/1052/782 
f 893/1018/749 926/1052/782 894/1019/750 
f 894/1019/750 926/1052/782 927/1053/783 
f 894/1019/750 927/1053/783 895/1020/751 
f 895/1020/751 927/1053/783 896/1054/752 
f 895/1020/751 896/1054/752 864/1021/720 
f 896/1022/752 928/1055/784 929/1056/785 
f 896/1022/752 929/1056/785 897/1023/753 
f 897/1023/753 929/1056/785 930/1057/786 
f 897/1023/753 930/1057/786 898/1024/754 
f 898/1024/754 930/1057/786 931/1058/787 
f 898/1024/754 931/1058/787 899/1025/755 
f 899/1025/755 931/1058/787 932/1059/788 
f 899/1025/755 932/1059/788 900/1026/756 
f 900/1026/756 932/1059/788 933/1060/789 
f 900/1026/756 933/1060/789 901/1027/757 
f 901/1027/757 933/1060/789 934/1061/790 
f 901/1027/757 934/1061/790 902/1028/758 
f 902/1028/758 934/1061/790 935/1062/791 
f 902/1028/758 935/1062/791 903/1029/759 
f 903/1029/759 935/1062/791 936/1063/792 
f 903/1029/759 936/1063/792 904/1030/760 
f 904/1030/760 936/1063/792 937/1064/793 
f 904/1030/760 937/1064/793 905/1031/761 
f 905/1031/761 937/1064/793 938/1065/794 
f 905/1031/761 938/1065/794 906/1032/762 
f 906/1032/762 938/1065/794 939/1066/795 
f 906/1032/762 939/1066/795 907/1033/763 
f 907/1033/763 939/1066/795 940/1067/796 
f 907/1033/763 940/1067/796 908/1034/764 
f 908/1034/764 940/1067/796 941/1068/797 
f 908/1034/764 941/1068/797 909/1035/765 
f 909/1035/765 941/1068/797 942/1069/798 
f 909/1035/765 942/1069/798 910/1036/766 
f 910/1036/766 942/1069/798 943/1070/799 
f 910/1036/766 943/1070/799 911/1037/767 
f 911/1037/767 943/1070/799 944/1071/800 
f 911/1037/767 944/1071/800 912/1038/768 
f 912/1038/768 944/1071/800 945/1072/801 
f 912/1038/768 945/1072/801 913/1039/769 
f 913/1039/769 945/1072/801 946/1073/802 
f 913/1039/769 946/1073/802 914/1040/770 
f 914/1040/770 946/1073/802 947/1074/803 
f 914/1040/770 947/1074/803 915/1041/771 
f 915/1041/771 947/1074/803 948/1075/804 
f 915/1041/771 948/1075/804 916/1042/772 
f 916/1042/772 948/1075/804 949/1076/805 
f 916/1042/772 949/1076/805 917/1043/773 
f 917/1043/773 949/1076/805 950/1077/806 
f 917/1043/773 950/1077/806 918/1044/774 
f 918/1044/774 950/1077/806 951/1078/807 
f 918/1044/774 951/1078/807 919/1045/775 
f 919/1045/775 951/1078/807 952/1079/808 
f 919/1045/775 952/1079/808 920/1046/776 
f 920/1046/776 952/1079/808 953/1080/809 
f 920/1046/776 953/1080/809 921/1047/777 
f 921/1047/777 953/1080/809 954/1081/810 
f 921/1047/777 954/1081/810 922/1048/778 
f 922/1048/778 954/1081/810 955/1082/811 
f 922/1048/778 955/1082/811 923/1049/779 
f 923/1049/779 955/1082/811 956/1083/812 
f 923/1049/779 956/1083/812 924/1050/780 
f 924/1050/780 956/1083/812 957/1084/813 
f 924/1050/780 957/1084/813 925/1051/781 
f 925/1051/781 957/1084/813 958/1085/814 
f 925/1051/781 958/1085/814 926/1052/782 
f 926/1052/782 958/1085/814 959/1086/815 
f 926/1052/782 959/1086/815 927/1053/783 
f 927/1053/783 959/1086/815 928/1087/784 
f 927/1053/783 928/1087/784 896/1054/752 
f 928/1055/784 960/1088/816 961/1089/817 
f 928/1055/784 961/1089/817 929/1056/785 
f 929/1056/785 961/1089/817 962/1090/818 
f 929/1056/785 962/1090/818 930/1057/786 
f 930/1057/786 962/1090/818 963/1091/819 
f 930/1057/786 963/1091/819 931/1058/787 
f 931/1058/787 963/1091/819 964/1092/820 
f 931/1058/787 964/1092/820 932/1059/788 
f 932/1059/788 964/1092/820 965/1093/821 
f 932/1059/788 965/1093/821 933/1060/789 
f 933/1060/789 965/1093/821 966/1094/822 
f 933/1060/789 966/1094/822 934/1061/790 
f 934/1061/790 966/1094/822 967/1095/823 
f 934/1061/790 967/1095/823 935/1062/791 
f 935/1062/791 967/1095/823 968/1096/824 
f 935/1062/791 968/1096/824 936/1063/792 
f 936/1063/792 968/1096/824 969/1097/825 
f 936/1063/792 969/1097/825 937/1064/793 
f 937/1064/793 969/1097/825 970/1098/826 
f 937/1064/793 970/1098/826 938/1065/794 
f 938/1065/794 970/1098/826 971/1099/827 
f 938/1065/794 971/1099/827 939/1066/795 
f 939/1066/795 971/1099/827 972/1100/828 
f 939/1066/795 972/1100/828 940/1067/796 
f 940/1067/796 972/1100/828 973/1101/829 
f 940/1067/796 973/1101/829 941/1068/797 
f 941/1068/797 973/1101/829 974/1102/830 
f 941/1068/797 974/1102/830 942/1069/798 
f 942/1069/798 974/1102/830 975/1103/831 
f 942/1069/798 975/1103/831 943/1070/799 
f 943/1070/799 975/1103/831 976/1104/832 
f 943/1070/799 976/1104/832 944/1071/800 
f 944/1071/800 976/1104/832 977/1105/833 
f 944/1071/800 977/1105/833 945/1072/801 
f 945/1072/801 977/1105/833 978/1106/834 
f 945/1072/801 978/1106/834 946/1073/802 
f 946/1073/802 978/1106/834 979/1107/835 
f 946/1073/802 979/1107/835 947/1074/803 
f 947/1074/803 979/1107/835 980/1108/836 
f 947/1074/803 980/1108/836 948/1075/804 
f 948/1075/804 980/1108/836 981/1109/837 
f 948/1075/804 981/1109/837 949/1076/805 
f 949/1076/805 981/1109/837 982/1110/838 
f 949/1076/805 982/1110/838 950/1077/806 
f 950/1077/806 982/1110/838 983/1111/839 
f 950/1077/806 983/1111/839 951/1078/807 
f 951/1078/807 983/1111/839 984/1112/840 
f 951/1078/807 984/1112/840 952/1079/808 
f 952/1079/808 984/1112/840 985/1113/841 
f 952/1079/808 985/1113/841 953/1080/809 
f 953/1080/809 985/1113/841 986/1114/842 
f 953/1080/809 986/1114/842 954/1081/810 
f 954/1081/810 986/1114/842 987/1115/843 
f 954/1081/810 987/1115/843 955/1082/811 
f 955/1082/811 987/1115/843 988/1116/844 
f 955/1082/811 988/1116/844 956/1083/812 
f 956/1083/812 988/1116/844 989/1117/845 
f 956/1083/812 989/1117/845 957/1084/813 
f 957/1084/813 989/1117/845 990/1118/846 
f 957/1084/813 990/1118/846 958/1085/814 
f 958/1085/814 990/1118/846 991/1119/847 
f 958/1085/814 991/1119/847 959/1086/815 
f 959/1086/815 991/1119/847 960/1120/816 
f 959/1086/815 960/1120/816 928/1087/784 
f 960/1088/816 992/1121/848 993/1122/849 
f 960/1088/816 993/1122/849 961/1089/817 
f 961/1089/817 993/1122/849 994/1123/850 
f 961/1089/817 994/1123/850 962/1090/818 
f 962/1090/818 994/1123/850 995/1124/851 
f 962/1090/818 995/1124/851 963/1091/819 
f 963/1091/819 995/1124/851 996/1125/852 
f 963/1091/819 996/1125/852 964/1092/820 
f 964/1092/820 996/1125/852 997/1126/853 
f 964/1092/820 997/1126/853 965/1093/821 
f 965/1093/821 997/1126/853 998/1127/854 
f 965/1093/821 998/1127/854 966/1094/822 
f 966/1094/822 998/1127/854 999/1128/855 
f 966/1094/822 999/1128/855 967/1095/823 
f 967/1095/823 999/1128/855 1000/1129/856 
f 967/1095/823 1000/1129/856 968/1096/824 
f 968/1096/824 1000/1129/856 1001/1130/857 
f 968/1096/824 1001/1130/857 969/1097/825 
f 969/1097/825 1001/1130/857 1002/1131/858 
f 969/1097/825 1002/1131/858 970/1098/826 
f 970/1098/826 1002/1131/858 1003/1132/859 
f 970/1098/826 1003/1132/859 971/1099/827 
f 971/1099/827 1003/1132/859 1004/1133/860 
f 971/1099/827 1004/1133/860 972/1100/828 
f 972/1100/828 1004/1133/860 1005/1134/861 
f 972/1100/828 1005/1134/861 973/1101/829 
f 973/1101/829 1005/1134/861 1006/1135/862 
f 973/1101/829 1006/1135/862 974/1102/830 
f 974/1102/830 1006/1135/862 1007/1136/863 
f 974/1102/830 1007/1136/863 975/1103/831 
f 975/1103/831 1007/1136/863 1008/1137/864 
f 975/1103/831 1008/1137/864 976/1104/832 
f 976/1104/832 1008/1137/864 1009/1138/865 
f 976/1104/832 1009/1138/865 977/1105/833 
f 977/1105/833 1009/1138/865 1010/1139/866 
f 977/1105/833 1010/1139/866 978/1106/834 
f 978/1106/834 1010/1139/866 1011/1140/867 
f 978/1106/834 1011/1140/867 979/1107/835 
f 979/1107/835 1011/1140/867 1012/1141/868 
f 979/1107/835 1012/1141/868 980/1108/836 
f 980/1108/836 1012/1141/868 1013/1142/869 
f 980/1108/836 1013/1142/869 981/1109/837 
f 981/1109/837 1013/1142/869 1014/1143/870 
f 981/1109/837 1014/1143/870 982/1110/838 
f 982/1110/838 1014/1143/870 1015/1144/871 
f 982/1110/838 1015/1144/871 983/1111/839 
f 983/1111/839 1015/1144/871 1016/1145/872 
f 983/1111/839 1016/1145/872 984/1112/840 
f 984/1112/840 1016/1145/872 1017/1146/873 
f 984/1112/840 1017/1146/873 985/1113/841 
f 985/1113/841 1017/1146/873 1018/1147/874 
f 985/1113/841 1018/1147/874 986/1114/842 
f 986/1114/842 1018/1147/874 1019/1148/875 
f 986/1114/842 1019/1148/875 987/1115/843 
f 987/1115/843 1019/1148/875 1020/1149/876 
f 987/1115/843 1020/1149/876 988/1116/844 
f 988/1116/844 1020/1149/876 1021/1150/877 
f 988/1116/844 1021/1150/877 989/1117/845 
f 989/1117/845 1021/1150/877 1022/1151/878 
f 989/1117/845 1022/1151/878 990/1118/846 
f 990/1118/846 1022/1151/878 1023/1152/879 
f 990/1118/846 1023/1152/879 991/1119/847 
f 991/1119/847 1023/1152/879 992/1153/848 
f 991/1119/847 992/1153/848 960/1120/816 
f 992/1121/848 1024/1154/880 1025/1155/881 
f 992/1121/848 1025/1155/881 993/1122/849 
f 993/1122/849 1025/1155/881 1026/1156/882 
f 993/1122/849 1026/1156/882 994/1123/850 
f 994/1123/850 1026/1156/882 1027/1157/883 
f 994/1123/850 1027/1157/883 995/1124/851 
f 995/1124/851 1027/1157/883 1028/1158/884 
f 995/1124/851 1028/1158/884 996/1125/852 
f 996/1125/852 1028/1158/884 1029/1159/885 
f 996/1125/852 1029/1159/885 997/1126/853 
f 997/1126/853 1029/1159/885 1030/1160/886 
f 997/1126/853 1030/1160/886 998/1127/854 
f 998/1127/854 1030/1160/886 1031/1161/887 
f 998/1127/854 1031/1161/887 999/1128/855 
f 999/1128/855 1031/1161/887 1032/1162/888 
f 999/1128/855 1032/1162/888 1000/1129/856 
f 1000/1129/856 1032/1162/888 1033/1163/889 
f 1000/1129/856 1033/1163/889 1001/1130/857 
f 1001/1130/857 1033/1163/889 1034/1164/890 
f 1001/1130/857 1034/1164/890 1002/1131/858 
f 1002/1131/858 1034/1164/890 1035/1165/891 
f 1002/1131/858 1035/1165/891 1003/1132/859 
f 1003/1132/859 1035/1165/891 1036/1166/892 
f 1003/1132/859 1036/1166/892 1004/1133/860 
f 1004/1133/860 1036/1166/892 1037/1167/893 
f 1004/1133/860 1037/1167/893 1005/1134/861 
f 1005/1134/861 1037/1167/893 1038/1168/894 
f 1005/1134/861 1038/1168/894 1006/1135/862 
f 1006/1135/862 1038/1168/894 1039/1169/895 
f 1006/1135/862 1039/1169/895 1007/1136/863 
f 1007/1136/863 1039/1169/895 1040/1170/896 
f 1007/1136/863 1040/1170/896 1008/1137/864 
f 1008/1137/864 1040/1170/896 1041/1171/897 
f 1008/1137/864 1041/1171/897 1009/1138/865 
f 1009/1138/865 1041/1171/897 1042/1172/898 
f 1009/1138/865 1042/1172/898 1010/1139/866 
f 1010/1139/866 1042/1172/898 1043/1173/899 
f 1010/1139/866 1043/1173/899 1011/1140/867 
f 1011/1140/867 1043/1173/899 1044/1174/900 
f 1011/1140/867 1044/1174/900 1012/1141/868 
f 1012/1141/868 1044/1174/900 1045/1175/901 
f 1012/1141/868 1045/1175/901 1013/1142/869 
f 1013/1142/869 1045/1175/901 1046/1176/902 
f 1013/1142/869 1046/1176/902 1014/1143/870 
f 1014/1143/870 1046/1176/902 1047/1177/903 
f 1014/1143/870 1047/1177/903 1015/1144/871 
f 1015/1144/871 1047/1177/903 1048/1178/904 
f 1015/1144/871 1048/1178/904 1016/1145/872 
f 1016/1145/872 1048/1178/904 1049/1179/905 
f 1016/1145/872 1049/1179/905 1017/1146/873 
f 1017/1146/873 1049/1179/905 1050/1180/906 
f 1017/1146/873 1050/1180/906 1018/1147/874 
f 1018/1147/874 1050/1180/906 1051/1181/907 
f 1018/1147/874 1051/1181/907 1019/1148/875 
f 1019/1148/875 1051/1181/907 1052/1182/908 
f 1019/1148/875 1052/1182/908 1020/1149/876 
f 1020/1149/876 1052/1182/908 1053/1183/909 
f 1020/1149/876 1053/1183/909 1021/1150/877 
f 1021/1150/877 1053/1183/909 1054/1184/910 
f 1021/1150/877 1054/1184/910 1022/1151/878 
f 1022/1151/878 1054/1184/910 1055/1185/911 
f 1022/1151/878 1055/1185/911 1023/1152/879 
f 1023/1152/879 1055/1185/911 1024/1186/880 
f 1023/1152/879 1024/1186/880 992/1153/848 
f 1024/1154/880 1056/1187/912 1057/1188/913 
f 1024/1154/880 1057/1188/913 1025/1155/881 
f 1025/1155/881 1057/1188/913 1058/1189/914 
f 1025/1155/881 1058/1189/914 1026/1156/882 
f 1026/1156/882 1058/1189/914 1059/1190/915 
f 1026/1156/882 1059/1190/915 1027/1157/883 
f 1027/1157/883 1059/1190/915 1060/1191/916 
f 1027/1157/883 1060/1191/916 1028/1158/884 
f 1028/1158/884 1060/1191/916 1061/1192/917 
f 1028/1158/884 1061/1192/917 1029/1159/885 
f 1029/1159/885 1061/1192/917 1062/1193/918 
f 1029/1159/885 1062/1193/918 1030/1160/886 
f 1030/1160/886 1062/1193/918 1063/1194/919 
f 1030/1160/886 1063/1194/919 1031/1161/887 
f 1031/1161/887 1063/1194/919 1064/1195/920 
f 1031/1161/887 1064/1195/920 1032/1162/888 
f 1032/1162/888 1064/1195/920 1065/1196/921 
f 1032/1162/888 1065/1196/921 1033/1163/889 
f 1033/1163/889 1065/1196/921 1066/1197/922 
f 1033/1163/889 1066/1197/922 1034/1164/890 
f 1034/1164/890 1066/1197/922 1067/1198/923 
f 1034/1164/890 1067/1198/923 1035/1165/891 
f 1035/1165/891 1067/1198/923 1068/1199/924 
f 1035/1165/891 1068/1199/924 1036/1166/892 
f 1036/1166/892 1068/1199/924 1069/1200/925 
f 1036/1166/892 1069/1200/925 1037/1167/893 
f 1037/1167/893 1069/1200/925 1070/1201/926 
f 1037/1167/893 1070/1201/926 1038/1168/894 
f 1038/1168/894 1070/1201/926 1071/1202/927 
f 1038/1168/894 1071/1202/927 1039/1169/895 
f 1039/1169/895 1071/1202/927 1072/1203/928 
f 1039/1169/895 1072/1203/928 1040/1170/896 
f 1040/1170/896 1072/1203/928 1073/1204/929 
f 1040/1170/896 1073/1204/929 1041/1171/897 
f 1041/1171/897 1073/1204/929 1074/1205/930 
f 1041/1171/897 1074/1205/930 1042/1172/898 
f 1042/1172/898 1074/1205/930 1075/1206/931 
f 1042/1172/898 1075/1206/931 1043/1173/899 
f 1043/1173/899 1075/1206/931 1076/1207/932 
f 1043/1173/899 1076/1207/932 1044/1174/900 
f 1044/1174/900 1076/1207/932 1077/1208/933 
f 1044/1174/900 1077/1208/933 1045/1175/901 
f 1045/1175/901 1077/1208/933 1078/1209/934 
f 1045/1175/901 1078/1209/934 1046/1176/902 
f 1046/1176/902 1078/1209/934 1079/1210/935 
f 1046/1176/902 1079/1210/935 1047/1177/903 
f 1047/1177/903 1079/1210/935 1080/1211/936 
f 1047/1177/903 1080/1211/936 1048/1178/904 
f 1048/1178/904 1080/1211/936 1081/1212/937 
f 1048/1178/904 1081/1212/937 1049/1179/905 
f 1049/1179/905 1081/1212/937 1082/1213/938 
f 1049/1179/905 1082/1213/938 1050/1180/906 
f 1050/1180/906 1082/1213/938 1083/1214/939 
f 1050/1180/906 1083/1214/939 1051/1181/907 
f 1051/1181/907 1083/1214/939 1084/1215/940 
f 1051/1181/907 1084/1215/940 1052/1182/908 
f 1052/1182/908 1084/1215/940 1085/1216/941 
f 1052/1182/908 1085/1216/941 1053/1183/909 
f 1053/1183/909 1085/1216/941 1086/1217/942 
f 1053/1183/909 1086/1217/942 1054/1184/910 
f 1054/1184/910 1086/1217/942 1087/1218/943 
f 1054/1184/910 1087/1218/943 1055/1185/911 
f 1055/1185/911 1087/1218/943 1056/1219/912 
f 1055/1185/911 1056/1219/912 1024/1186/880 
f 1056/1187/912 1088/1220/944 1089/1221/945 
f 1056/1187/912 1089/1221/945 1057/1188/913 
f 1057/1188/913 1089/1221/945 1090/1222/946 
f 1057/1188/913 1090/1222/946 1058/1189/914 
f 1058/1189/914 1090/1222/946 1091/1223/947 
f 1058/1189/914 1091/1223/947 1059/1190/915 
f 1059/1190/915 1091/1223/947 1092/1224/948 
f 1059/1190/915 1092/1224/948 1060/1191/916 
f 1060/1191/916 1092/1224/948 1093/1225/949 
f 1060/1191/916 1093/1225/949 1061/1192/917 
f 1061/1192/917 1093/1225/949 1094/1226/950 
f 1061/1192/917 1094/1226/950 1062/1193/918 
f 1062/1193/918 1094/1226/950 1095/1227/951 
f 1062/1193/918 1095/1227/951 1063/1194/919 
f 1063/1194/919 1095/1227/951 1096/1228/952 
f 1063/1194/919 1096/1228/952 1064/1195/920 
f 1064/1195/920 1096/1228/952 1097/1229/953 
f 1064/1195/920 1097/1229/953 1065/1196/921 
f 1065/1196/921 1097/1229/953 1098/1230/954 
f 1065/1196/921 1098/1230/954 1066/1197/922 
f 1066/1197/922 1098/1230/954 1099/1231/955 
f 1066/1197/922 1099/1231/955 1067/1198/923 
f 1067/1198/923 1099/1231/955 1100/1232/956 
f 1067/1198/923 1100/1232/956 1068/1199/924 
f 1068/1199/924 1100/1232/956 1101/1233/957 
f 1068/1199/924 1101/1233/957 1069/1200/925 
f 1069/1200/925 1101/1233/957 1102/1234/958 
f 1069/1200/925 1102/1234/958 1070/1201/926 
f 1070/1201/926 1102/1234/958 1103/1235/959 
f 1070/1201/926 1103/1235/959 1071/1202/927 
f 1071/1202/927 1103/1235/959 1104/1236/960 
f 1071/1202/927 1104/1236/960 1072/1203/928 
f 1072/1203/928 1104/1236/960 1105/1237/961 
f 1072/1203/928 1105/1237/961 1073/1204/929 
f 1073/1204/929 1105/1237/961 1106/1238/962 
f 1073/1204/929 1106/1238/962 1074/1205/930 
f 1074/1205/930 1106/1238/962 1107/1239/963 
f 1074/1205/930 1107/1239/963 1075/1206/931 
f 1075/1206/931 1107/1239/963 1108/1240/964 
f 1075/1206/931 1108/1240/964 1076/1207/932 
f 1076/1207/932 1108/1240/964 1109/1241/965 
f 1076/1207/932 1109/1241/965 1077/1208/933 
f 1077/1208/933 1109/1241/965 1110/1242/966 
f 1077/1208/933 1110/1242/966 1078/1209/934 
f 1078/1209/934 1110/1242/966 1111/1243/967 
f 1078/1209/934 1111/1243/967 1079/1210/935 
f 1079/1210/935 1111/1243/967 1112/1244/968 
f 1079/1210/935 1112/1244/968 1080/1211/936 
f 1080/1211/936 1112/1244/968 1113/1245/969 
f 1080/1211/936 1113/1245/969 1081/1212/937 
f 1081/1212/937 1113/1245/969 1114/1246/970 
f 1081/1212/937 1114/1246/970 1082/1213/938 
f 1082/1213/938 1114/1246/970 1115/1247/971 
f 1082/1213/938 1115/1247/971 1083/1214/939 
f 1083/1214/939 1115/1247/971 1116/1248/972 
f 1083/1214/939 1116/1248/972 1084/1215/940 
f 1084/1215/940 1116/1248/972 1117/1249/973 
f 1084/1215/940 1117/1249/973 1085/1216/941 
f 1085/1216/941 1117/1249/973 1118/1250/974 
f 1085/1216/941 1118/1250/974 1086/1217/942 
f 1086/1217/942 1118/1250/974 1119/1251/975 
f 1086/1217/942 1119/1251/975 1087/1218/943 
f 1087/1218/943 1119/1251/975 1088/1252/944 
f 1087/1218/943 1088/1252/944 1056/1219/912 
f 1088/1220/944 1120/1253/976 1121/1254/977 
f 1088/1220/944 1121/1254/977 1089/1221/945 
f 1089/1221/945 1121/1254/977 1122/1255/978 
f 1089/1221/945 1122/1255/978 1090/1222/946 
f 1090/1222/946 1122/1255/978 1123/1256/979 
f 1090/1222/946 1123/1256/979 1091/1223/947 
f 1091/1223/947 1123/1256/979 1124/1257/980 
f 1091/1223/947 1124/1257/980 1092/1224/948 
f 1092/1224/948 1124/1257/980 1125/1258/981 
f 1092/1224/948 1125/1258/981 1093/1225/949 
f 1093/1225/949 1125/1258/981 1126/1259/982 
f 1093/1225/949 1126/1259/982 1094/1226/950 
f 1094/1226/950 1126/1259/982 1127/1260/983 
f 1094/1226/950 1127/1260/983 1095/1227/951 
f 1095/1227/951 1127/1260/983 1128/1261/984 
f 1095/1227/951 1128/1261/984 1096/1228/952 
f 1096/1228/952 1128/1261/984 1129/1262/985 
f 1096/1228/952 1129/1262/985 1097/1229/953 
f 1097/1229/953 1129/1262/985 1130/1263/986 
f 1097/1229/953 1130/1263/986 1098/1230/954 
f 1098/1230/954 1130/1263/986 1131/1264/987 
f 1098/1230/954 1131/1264/987 1099/1231/955 
f 1099/1231/955 1131/1264/987 1132/1265/988 
f 1099/1231/955 1132/1265/988 1100/1232/956 
f 1100/1232/956 1132/1265/988 1133/1266/989 
f 1100/1232/956 1133/1266/989 1101/1233/957 
f 1101/1233/957 1133/1266/989 1134/1267/990 
f 1101/1233/957 1134/1267/990 1102/1234/958 
f 1102/1234/958 1134/1267/990 1135/1268/991 
f 1102/1234/958 1135/1268/991 1103/1235/959 
f 1103/1235/959 1135/1268/991 1136/1269/992 
f 1103/1235/959 1136/1269/992 1104/1236/960 
f 1104/1236/960 1136/1269/992 1137/1270/993 
f 1104/1236/960 1137/1270/993 1105/1237/961 
f 1105/1237/961 1137/1270/993 1138/1271/994 
f 1105/1237/961 1138/1271/994 1106/1238/962 
f 1106/1238/962 1138/1271/994 1139/1272/995 
f 1106/1238/962 1139/1272/995 1107/1239/963 
f 1107/1239/963 1139/1272/995 1140/1273/996 
f 1107/1239/963 1140/1273/996 1108/1240/964 
f 1108/1240/964 1140/1273/996 1141/1274/997 
f 1108/1240/964 1141/1274/997 1109/1241/965 
f 1109/1241/965 1141/1274/997 1142/1275/998 
f 1109/1241/965 1142/1275/998 1110/1242/966 
f 1110/1242/966 1142/1275/998 1143/1276/999 
f 1110/1242/966 1143/1276/999 1111/1243/967 
f 1111/1243/967 1143/1276/999 1144/1277/1000 
f 1111/1243/967 1144/1277/1000 1112/1244/968 
f 1112/1244/968 1144/1277/1000 1145/1278/1001 
f 1112/1244/968 1145/1278/1001 1113/1245/969 
f 1113/1245/969 1145/1278/1001 1146/1279/1002 
f 1113/1245/969 1146/1279/1002 1114/1246/970 
f 1114/1246/970 1146/1279/1002 1147/1280/1003 
f 1114/1246/970 1147/1280/1003 1115/1247/971 
f 1115/1247/971 1147/1280/1003 1148/1281/1004 
f 1115/1247/971 1148/1281/1004 1116/1248/972 
f 1116/1248/972 1148/1281/1004 1149/1282/1005 
f 1116/1248/972 1149/1282/1005 1117/1249/973 
f 1117/1249/973 1149/1282/1005 1150/1283/1006 
f 1117/1249/973 1150/1283/1006 1118/1250/974 
f 1118/1250/974 1150/1283/1006 1151/1284/1007 
f 1118/1250/974 1151/1284/1007 1119/1251/975 
f 1119/1251/975 1151/1284/1007 1120/1285/976 
f 1119/1251/975 1120/1285/976 1088/1252/944 
f 1120/1253/976 1152/1286/1008 1153/1287/1009 
f 1120/1253/976 1153/1287/1009 1121/1254/977 
f 1121/1254/977 1153/1287/1009 1154/1288/1010 
f 1121/1254/977 1154/1288/1010 1122/1255/978 
f 1122/1255/978 1154/1288/1010 1155/1289/1011 
f 1122/1255/978 1155/1289/1011 1123/1256/979 
f 1123/1256/979 1155/1289/1011 1156/1290/1012 
f 1123/1256/979 1156/1290/1012 1124/1257/980 
f 1124/1257/980 1156/1290/1012 1157/1291/1013 
f 1124/1257/980 1157/1291/1013 1125/1258/981 
f 1125/1258/981 1157/1291/1013 1158/1292/1014 
f 1125/1258/981 1158/1292/1014 1126/1259/982 
f 1126/1259/982 1158/1292/1014 1159/1293/1015 
f 1126/1259/982 1159/1293/1015 1127/1260/983 
f 1127/1260/983 1159/1293/1015 1160/1294/1016 
f 1127/1260/983 1160/1294/1016 1128/1261/984 
f 1128/1261/984 1160/1294/1016 1161/1295/1017 
f 1128/1261/984 1161/1295/1017 1129/1262/985 
f 1129/1262/985 1161/1295/1017 1162/1296/1018 
f 1129/1262/985 1162/1296/1018 1130/1263/986 
f 1130/1263/986 1162/1296/1018 1163/1297/1019 
f 1130/1263/986 1163/1297/1019 1131/1264/987 
f 1131/1264/987 1163/1297/1019 1164/1298/1020 
f 1131/1264/987 1164/1298/1020 1132/1265/988 
f 1132/1265/988 1164/1298/1020 1165/1299/1021 
f 1132/1265/988 1165/1299/1021 1133/1266/989 
f 1133/1266/989 1165/1299/1021 1166/1300/1022 
f 1133/1266/989 1166/1300/1022 1134/1267/990 
f 1134/1267/990 1166/1300/1022 1167/1301/1023 
f 1134/1267/990 1167/1301/1023 1135/1268/991 
f 1135/1268/991 1167/1301/1023 1168/1302/1024 
f 1135/1268/991 1168/1302/1024 1136/1269/992 
f 1136/1269/992 1168/1302/1024 1169/1303/1025 
f 1136/1269/992 1169/1303/1025 1137/1270/993 
f 1137/1270/993 1169/1303/1025 1170/1304/1026 
f 1137/1270/993 1170/1304/1026 1138/1271/994 
f 1138/1271/994 1170/1304/1026 1171/1305/1027 
f 1138/1271/994 1171/1305/1027 1139/1272/995 
f 1139/1272/995 1171/1305/1027 1172/1306/1028 
f 1139/1272/995 1172/1306/1028 1140/1273/996 
f 1140/1273/996 1172/1306/1028 1173/1307/1029 
f 1140/1273/996 1173/1307/1029 1141/1274/997 
f 1141/1274/997 1173/1307/1029 1174/1308/1030 
f 1141/1274/997 1174/1308/1030 1142/1275/998 
f 1142/1275/998 1174/1308/1030 1175/1309/1031 
f 1142/1275/998 1175/1309/1031 1143/1276/999 
f 1143/1276/999 1175/1309/1031 1176/1310/1032 
f 1143/1276/999 1176/1310/1032 1144/1277/1000 
f 1144/1277/1000 1176/1310/1032 1177/1311/1033 
f 1144/1277/1000 1177/1311/1033 1145/1278/1001 
f 1145/1278/1001 1177/1311/1033 1178/1312/1034 
f 1145/1278/1001 1178/1312/1034 1146/1279/1002 
f 1146/1279/1002 1178/1312/1034 1179/1313/1035 
f 1146/1279/1002 1179/1313/1035 1147/1280/1003 
f 1147/1280/1003 1179/1313/1035 1180/1314/1036 
f 1147/1280/1003 1180/1314/1036 1148/1281/1004 
f 1148/1281/1004 1180/1314/1036 1181/1315/1037 
f 1148/1281/1004 1181/1315/1037 1149/1282/1005 
f 1149/1282/1005 1181/1315/1037 1182/1316/1038 
f 1149/1282/1005 1182/1316/1038 1150/1283/1006 
f 1150/1283/1006 1182/1316/1038 1183/1317/1039 
f 1150/1283/1006 1183/1317/1039 1151/1284/1007 
f 1151/1284/1007 1183/1317/1039 1152/1318/1008 
f 1151/1284/1007 1152/1318/1008 1120/1285/976 
f 1184/1319/1040 1153/1287/1009 1152/1286/1008 
f 1184/1320/1040 1154/1288/1010 1153/1287/1009 
f 1184/1321/1040 1155/1289/1011 1154/1288/1010 
f 1184/1322/1040 1156/1290/1012 1155/1289/1011 
f 1184/1323/1040 1157/1291/1013 1156/1290/1012 
f 1184/1324/1040 1158/1292/1014 1157/1291/1013 
f 1184/1325/1040 1159/1293/1015 1158/1292/1014 
f 1184/1326/1040 1160/1294/1016 1159/1293/1015 
f 1184/1327/1040 1161/1295/1017 1160/1294/1016 
f 1184/1328/1040 1162/1296/1018 1161/1295/1017 
f 1184/1329/1040 1163/1297/1019 1162/1296/1018 
f 1184/1330/1040 1164/1298/1020 1163/1297/1019 
f 1184/1331/1040 1165/1299/1021 1164/1298/1020 
f 1184/1332/1040 1166/1300/1022 1165/1299/1021 
f 1184/1333/1040 1167/1301/1023 1166/1300/1022 
f 1184/1334/1040 1168/1302/1024 1167/1301/1023 
f 1184/1335/1040 1169/1303/1025 1168/1302/1024 
f 1184/1336/1040 1170/1304/1026 1169/1303/1025 
f 1184/1337/1040 1171/1305/1027 1170/1304/1026 
f 1184/1338/1040 1172/1306/1028 1171/1305/1027 
f 1184/1339/1040 1173/1307/1029 1172/1306/1028 
f 1184/1340/1040 1174/1308/1030 1173/1307/1029 
f 1184/1341/1040 1175/1309/1031 1174/1308/1030 
f 1184/1342/1040 1176/1310/1032 1175/1309/1031 
f 1184/1343/1040 1177/1311/1033 1176/1310/1032 
f 1184/1344/1040 1178/1312/1034 1177/1311/1033 
f 1184/1345/1040 1179/1313/1035 1178/1312/1034 
f 1184/1346/1040 1180/1314/1036 1179/1313/1035 
f 1184/1347/1040 1181/1315/1037 1180/1314/1036 
f 1184/1348/1040 1182/1316/1038 1181/1315/1037 
f 1184/1349/1040 1183/1317/1039 1182/1316/1038 
f 1184/1350/1040 1152/1318/1008 1183/1317/1039 
# 960 faces

#
# object Sphere003
#

v  0.0000 -5.9434 2.0093
v  -0.0000 -5.9626 1.8143
v  -0.0381 -5.9626 1.8180
v  -0.0747 -5.9626 1.8291
v  -0.1084 -5.9626 1.8471
v  -0.1379 -5.9626 1.8714
v  -0.1622 -5.9626 1.9010
v  -0.1802 -5.9626 1.9347
v  -0.1913 -5.9626 1.9713
v  -0.1951 -5.9626 2.0093
v  -0.1913 -5.9626 2.0474
v  -0.1802 -5.9626 2.0840
v  -0.1622 -5.9626 2.1177
v  -0.1379 -5.9626 2.1473
v  -0.1084 -5.9626 2.1716
v  -0.0747 -5.9626 2.1896
v  -0.0381 -5.9626 2.2007
v  0.0000 -5.9626 2.2044
v  0.0381 -5.9626 2.2007
v  0.0747 -5.9626 2.1896
v  0.1084 -5.9626 2.1716
v  0.1379 -5.9626 2.1473
v  0.1622 -5.9626 2.1177
v  0.1802 -5.9626 2.0840
v  0.1913 -5.9626 2.0474
v  0.1951 -5.9626 2.0093
v  0.1913 -5.9626 1.9713
v  0.1802 -5.9626 1.9347
v  0.1622 -5.9626 1.9010
v  0.1379 -5.9626 1.8714
v  0.1084 -5.9626 1.8471
v  0.0747 -5.9626 1.8291
v  0.0381 -5.9626 1.8180
v  -0.0000 -6.0195 1.6267
v  -0.0747 -6.0195 1.6340
v  -0.1464 -6.0195 1.6558
v  -0.2126 -6.0195 1.6912
v  -0.2706 -6.0195 1.7387
v  -0.3182 -6.0195 1.7967
v  -0.3536 -6.0195 1.8629
v  -0.3753 -6.0195 1.9347
v  -0.3827 -6.0195 2.0093
v  -0.3753 -6.0195 2.0840
v  -0.3536 -6.0195 2.1558
v  -0.3182 -6.0195 2.2220
v  -0.2706 -6.0195 2.2799
v  -0.2126 -6.0195 2.3275
v  -0.1464 -6.0195 2.3629
v  -0.0747 -6.0195 2.3847
v  0.0000 -6.0195 2.3920
v  0.0747 -6.0195 2.3847
v  0.1464 -6.0195 2.3629
v  0.2126 -6.0195 2.3275
v  0.2706 -6.0195 2.2799
v  0.3182 -6.0195 2.2220
v  0.3536 -6.0195 2.1558
v  0.3753 -6.0195 2.0840
v  0.3827 -6.0195 2.0093
v  0.3753 -6.0195 1.9347
v  0.3536 -6.0195 1.8629
v  0.3182 -6.0195 1.7967
v  0.2706 -6.0195 1.7387
v  0.2126 -6.0195 1.6912
v  0.1464 -6.0195 1.6558
v  0.0747 -6.0195 1.6340
v  -0.0000 -6.1119 1.4538
v  -0.1084 -6.1119 1.4645
v  -0.2126 -6.1119 1.4961
v  -0.3087 -6.1119 1.5474
v  -0.3928 -6.1119 1.6165
v  -0.4619 -6.1119 1.7007
v  -0.5133 -6.1119 1.7967
v  -0.5449 -6.1119 1.9010
v  -0.5556 -6.1119 2.0093
v  -0.5449 -6.1119 2.1177
v  -0.5133 -6.1119 2.2220
v  -0.4619 -6.1119 2.3180
v  -0.3928 -6.1119 2.4022
v  -0.3087 -6.1119 2.4713
v  -0.2126 -6.1119 2.5226
v  -0.1084 -6.1119 2.5542
v  0.0000 -6.1119 2.5649
v  0.1084 -6.1119 2.5542
v  0.2126 -6.1119 2.5226
v  0.3087 -6.1119 2.4713
v  0.3928 -6.1119 2.4022
v  0.4619 -6.1119 2.3180
v  0.5133 -6.1119 2.2220
v  0.5449 -6.1119 2.1177
v  0.5556 -6.1119 2.0093
v  0.5449 -6.1119 1.9010
v  0.5133 -6.1119 1.7967
v  0.4619 -6.1119 1.7007
v  0.3928 -6.1119 1.6165
v  0.3087 -6.1119 1.5474
v  0.2126 -6.1119 1.4961
v  0.1084 -6.1119 1.4645
v  -0.0000 -6.2363 1.3022
v  -0.1379 -6.2363 1.3158
v  -0.2706 -6.2363 1.3561
v  -0.3928 -6.2363 1.4214
v  -0.5000 -6.2363 1.5093
v  -0.5879 -6.2363 1.6165
v  -0.6533 -6.2363 1.7387
v  -0.6935 -6.2363 1.8714
v  -0.7071 -6.2363 2.0093
v  -0.6935 -6.2363 2.1473
v  -0.6533 -6.2363 2.2799
v  -0.5879 -6.2363 2.4022
v  -0.5000 -6.2363 2.5093
v  -0.3928 -6.2363 2.5973
v  -0.2706 -6.2363 2.6626
v  -0.1379 -6.2363 2.7029
v  0.0000 -6.2363 2.7165
v  0.1380 -6.2363 2.7029
v  0.2706 -6.2363 2.6626
v  0.3928 -6.2363 2.5973
v  0.5000 -6.2363 2.5093
v  0.5879 -6.2363 2.4022
v  0.6533 -6.2363 2.2799
v  0.6935 -6.2363 2.1473
v  0.7071 -6.2363 2.0093
v  0.6935 -6.2363 1.8714
v  0.6533 -6.2363 1.7387
v  0.5879 -6.2363 1.6165
v  0.5000 -6.2363 1.5093
v  0.3928 -6.2363 1.4214
v  0.2706 -6.2363 1.3561
v  0.1379 -6.2363 1.3158
v  -0.0000 -6.3878 1.1779
v  -0.1622 -6.3878 1.1939
v  -0.3182 -6.3878 1.2412
v  -0.4619 -6.3878 1.3180
v  -0.5879 -6.3878 1.4214
v  -0.6913 -6.3878 1.5474
v  -0.7682 -6.3878 1.6912
v  -0.8155 -6.3878 1.8471
v  -0.8315 -6.3878 2.0093
v  -0.8155 -6.3878 2.1716
v  -0.7682 -6.3878 2.3275
v  -0.6913 -6.3878 2.4713
v  -0.5879 -6.3878 2.5973
v  -0.4619 -6.3878 2.7007
v  -0.3182 -6.3878 2.7775
v  -0.1622 -6.3878 2.8248
v  0.0000 -6.3878 2.8408
v  0.1622 -6.3878 2.8248
v  0.3182 -6.3878 2.7775
v  0.4619 -6.3878 2.7007
v  0.5879 -6.3878 2.5973
v  0.6913 -6.3878 2.4713
v  0.7682 -6.3878 2.3275
v  0.8155 -6.3878 2.1716
v  0.8315 -6.3878 2.0093
v  0.8155 -6.3878 1.8471
v  0.7682 -6.3878 1.6912
v  0.6913 -6.3878 1.5474
v  0.5879 -6.3878 1.4214
v  0.4619 -6.3878 1.3180
v  0.3182 -6.3878 1.2412
v  0.1622 -6.3878 1.1939
v  -0.0000 -6.5607 1.0855
v  -0.1802 -6.5607 1.1032
v  -0.3536 -6.5607 1.1558
v  -0.5133 -6.5607 1.2412
v  -0.6533 -6.5607 1.3561
v  -0.7682 -6.5607 1.4961
v  -0.8536 -6.5607 1.6558
v  -0.9061 -6.5607 1.8291
v  -0.9239 -6.5607 2.0093
v  -0.9061 -6.5607 2.1896
v  -0.8536 -6.5607 2.3629
v  -0.7682 -6.5607 2.5226
v  -0.6533 -6.5607 2.6626
v  -0.5133 -6.5607 2.7775
v  -0.3536 -6.5607 2.8629
v  -0.1802 -6.5607 2.9155
v  0.0000 -6.5607 2.9332
v  0.1802 -6.5607 2.9155
v  0.3536 -6.5607 2.8629
v  0.5133 -6.5607 2.7775
v  0.6533 -6.5607 2.6626
v  0.7682 -6.5607 2.5226
v  0.8536 -6.5607 2.3629
v  0.9061 -6.5607 2.1896
v  0.9239 -6.5607 2.0093
v  0.9061 -6.5607 1.8291
v  0.8536 -6.5607 1.6558
v  0.7682 -6.5607 1.4961
v  0.6533 -6.5607 1.3561
v  0.5133 -6.5607 1.2412
v  0.3536 -6.5607 1.1558
v  0.1802 -6.5607 1.1032
v  -0.0000 -6.7483 1.0286
v  -0.1913 -6.7483 1.0474
v  -0.3753 -6.7483 1.1032
v  -0.5449 -6.7483 1.1939
v  -0.6935 -6.7483 1.3158
v  -0.8155 -6.7483 1.4645
v  -0.9061 -6.7483 1.6340
v  -0.9619 -6.7483 1.8180
v  -0.9808 -6.7483 2.0093
v  -0.9619 -6.7483 2.2007
v  -0.9061 -6.7483 2.3847
v  -0.8155 -6.7483 2.5542
v  -0.6935 -6.7483 2.7029
v  -0.5449 -6.7483 2.8248
v  -0.3753 -6.7483 2.9155
v  -0.1913 -6.7483 2.9713
v  0.0000 -6.7483 2.9901
v  0.1913 -6.7483 2.9713
v  0.3753 -6.7483 2.9155
v  0.5449 -6.7483 2.8248
v  0.6935 -6.7483 2.7029
v  0.8155 -6.7483 2.5542
v  0.9061 -6.7483 2.3847
v  0.9619 -6.7483 2.2007
v  0.9808 -6.7483 2.0093
v  0.9619 -6.7483 1.8180
v  0.9061 -6.7483 1.6340
v  0.8155 -6.7483 1.4644
v  0.6935 -6.7483 1.3158
v  0.5449 -6.7483 1.1939
v  0.3753 -6.7483 1.1032
v  0.1913 -6.7483 1.0474
v  -0.0000 -6.9434 1.0093
v  -0.1951 -6.9434 1.0286
v  -0.3827 -6.9434 1.0855
v  -0.5556 -6.9434 1.1779
v  -0.7071 -6.9434 1.3022
v  -0.8315 -6.9434 1.4538
v  -0.9239 -6.9434 1.6267
v  -0.9808 -6.9434 1.8143
v  -1.0000 -6.9434 2.0093
v  -0.9808 -6.9434 2.2044
v  -0.9239 -6.9434 2.3920
v  -0.8315 -6.9434 2.5649
v  -0.7071 -6.9434 2.7165
v  -0.5556 -6.9434 2.8408
v  -0.3827 -6.9434 2.9332
v  -0.1951 -6.9434 2.9901
v  0.0000 -6.9434 3.0093
v  0.1951 -6.9434 2.9901
v  0.3827 -6.9434 2.9332
v  0.5556 -6.9434 2.8408
v  0.7071 -6.9434 2.7165
v  0.8315 -6.9434 2.5649
v  0.9239 -6.9434 2.3920
v  0.9808 -6.9434 2.2044
v  1.0000 -6.9434 2.0093
v  0.9808 -6.9434 1.8143
v  0.9239 -6.9434 1.6267
v  0.8315 -6.9434 1.4538
v  0.7071 -6.9434 1.3022
v  0.5556 -6.9434 1.1779
v  0.3827 -6.9434 1.0855
v  0.1951 -6.9434 1.0286
v  -0.0000 -7.1385 1.0286
v  -0.1913 -7.1385 1.0474
v  -0.3753 -7.1385 1.1032
v  -0.5449 -7.1385 1.1939
v  -0.6935 -7.1385 1.3158
v  -0.8155 -7.1385 1.4645
v  -0.9061 -7.1385 1.6340
v  -0.9619 -7.1385 1.8180
v  -0.9808 -7.1385 2.0093
v  -0.9619 -7.1385 2.2007
v  -0.9061 -7.1385 2.3847
v  -0.8155 -7.1385 2.5542
v  -0.6935 -7.1385 2.7029
v  -0.5449 -7.1385 2.8248
v  -0.3753 -7.1385 2.9155
v  -0.1913 -7.1385 2.9713
v  0.0000 -7.1385 2.9901
v  0.1913 -7.1385 2.9713
v  0.3753 -7.1385 2.9155
v  0.5449 -7.1385 2.8248
v  0.6935 -7.1385 2.7029
v  0.8155 -7.1385 2.5542
v  0.9061 -7.1385 2.3847
v  0.9619 -7.1385 2.2007
v  0.9808 -7.1385 2.0093
v  0.9619 -7.1385 1.8180
v  0.9061 -7.1385 1.6340
v  0.8155 -7.1385 1.4644
v  0.6935 -7.1385 1.3158
v  0.5449 -7.1385 1.1939
v  0.3753 -7.1385 1.1032
v  0.1913 -7.1385 1.0474
v  -0.0000 -7.3261 1.0855
v  -0.1802 -7.3261 1.1032
v  -0.3536 -7.3261 1.1558
v  -0.5133 -7.3261 1.2412
v  -0.6533 -7.3261 1.3561
v  -0.7682 -7.3261 1.4961
v  -0.8536 -7.3261 1.6558
v  -0.9061 -7.3261 1.8291
v  -0.9239 -7.3261 2.0093
v  -0.9061 -7.3261 2.1896
v  -0.8536 -7.3261 2.3629
v  -0.7682 -7.3261 2.5226
v  -0.6533 -7.3261 2.6626
v  -0.5133 -7.3261 2.7775
v  -0.3536 -7.3261 2.8629
v  -0.1802 -7.3261 2.9155
v  0.0000 -7.3261 2.9332
v  0.1802 -7.3261 2.9155
v  0.3536 -7.3261 2.8629
v  0.5133 -7.3261 2.7775
v  0.6533 -7.3261 2.6626
v  0.7682 -7.3261 2.5226
v  0.8536 -7.3261 2.3629
v  0.9061 -7.3261 2.1896
v  0.9239 -7.3261 2.0093
v  0.9061 -7.3261 1.8291
v  0.8536 -7.3261 1.6558
v  0.7682 -7.3261 1.4961
v  0.6533 -7.3261 1.3561
v  0.5133 -7.3261 1.2412
v  0.3536 -7.3261 1.1558
v  0.1802 -7.3261 1.1032
v  -0.0000 -7.4990 1.1779
v  -0.1622 -7.4990 1.1939
v  -0.3182 -7.4990 1.2412
v  -0.4619 -7.4990 1.3180
v  -0.5879 -7.4990 1.4214
v  -0.6913 -7.4990 1.5474
v  -0.7682 -7.4990 1.6912
v  -0.8155 -7.4990 1.8471
v  -0.8315 -7.4990 2.0093
v  -0.8155 -7.4990 2.1716
v  -0.7682 -7.4990 2.3275
v  -0.6913 -7.4990 2.4713
v  -0.5879 -7.4990 2.5973
v  -0.4619 -7.4990 2.7007
v  -0.3182 -7.4990 2.7775
v  -0.1622 -7.4990 2.8248
v  0.0000 -7.4990 2.8408
v  0.1622 -7.4990 2.8248
v  0.3182 -7.4990 2.7775
v  0.4619 -7.4990 2.7007
v  0.5879 -7.4990 2.5973
v  0.6913 -7.4990 2.4713
v  0.7682 -7.4990 2.3275
v  0.8155 -7.4990 2.1716
v  0.8315 -7.4990 2.0093
v  0.8155 -7.4990 1.8471
v  0.7682 -7.4990 1.6912
v  0.6913 -7.4990 1.5474
v  0.5879 -7.4990 1.4214
v  0.4619 -7.4990 1.3180
v  0.3182 -7.4990 1.2412
v  0.1622 -7.4990 1.1939
v  -0.0000 -7.6505 1.3022
v  -0.1379 -7.6505 1.3158
v  -0.2706 -7.6505 1.3561
v  -0.3928 -7.6505 1.4214
v  -0.5000 -7.6505 1.5093
v  -0.5879 -7.6505 1.6165
v  -0.6533 -7.6505 1.7387
v  -0.6935 -7.6505 1.8714
v  -0.7071 -7.6505 2.0093
v  -0.6935 -7.6505 2.1473
v  -0.6533 -7.6505 2.2799
v  -0.5879 -7.6505 2.4022
v  -0.5000 -7.6505 2.5093
v  -0.3928 -7.6505 2.5973
v  -0.2706 -7.6505 2.6626
v  -0.1379 -7.6505 2.7029
v  0.0000 -7.6505 2.7165
v  0.1380 -7.6505 2.7029
v  0.2706 -7.6505 2.6626
v  0.3928 -7.6505 2.5973
v  0.5000 -7.6505 2.5093
v  0.5879 -7.6505 2.4022
v  0.6533 -7.6505 2.2799
v  0.6935 -7.6505 2.1473
v  0.7071 -7.6505 2.0093
v  0.6935 -7.6505 1.8714
v  0.6533 -7.6505 1.7387
v  0.5879 -7.6505 1.6165
v  0.5000 -7.6505 1.5093
v  0.3928 -7.6505 1.4214
v  0.2706 -7.6505 1.3561
v  0.1379 -7.6505 1.3158
v  -0.0000 -7.7749 1.4538
v  -0.1084 -7.7749 1.4645
v  -0.2126 -7.7749 1.4961
v  -0.3087 -7.7749 1.5474
v  -0.3928 -7.7749 1.6165
v  -0.4619 -7.7749 1.7007
v  -0.5133 -7.7749 1.7967
v  -0.5449 -7.7749 1.9010
v  -0.5556 -7.7749 2.0093
v  -0.5449 -7.7749 2.1177
v  -0.5133 -7.7749 2.2220
v  -0.4619 -7.7749 2.3180
v  -0.3928 -7.7749 2.4022
v  -0.3087 -7.7749 2.4713
v  -0.2126 -7.7749 2.5226
v  -0.1084 -7.7749 2.5542
v  0.0000 -7.7749 2.5649
v  0.1084 -7.7749 2.5542
v  0.2126 -7.7749 2.5226
v  0.3087 -7.7749 2.4713
v  0.3928 -7.7749 2.4022
v  0.4619 -7.7749 2.3180
v  0.5133 -7.7749 2.2220
v  0.5449 -7.7749 2.1177
v  0.5556 -7.7749 2.0093
v  0.5449 -7.7749 1.9010
v  0.5133 -7.7749 1.7967
v  0.4619 -7.7749 1.7007
v  0.3928 -7.7749 1.6165
v  0.3087 -7.7749 1.5474
v  0.2126 -7.7749 1.4961
v  0.1084 -7.7749 1.4645
v  -0.0000 -7.8673 1.6267
v  -0.0747 -7.8673 1.6340
v  -0.1464 -7.8673 1.6558
v  -0.2126 -7.8673 1.6912
v  -0.2706 -7.8673 1.7387
v  -0.3182 -7.8673 1.7967
v  -0.3536 -7.8673 1.8629
v  -0.3753 -7.8673 1.9347
v  -0.3827 -7.8673 2.0093
v  -0.3753 -7.8673 2.0840
v  -0.3536 -7.8673 2.1558
v  -0.3182 -7.8673 2.2220
v  -0.2706 -7.8673 2.2799
v  -0.2126 -7.8673 2.3275
v  -0.1464 -7.8673 2.3629
v  -0.0747 -7.8673 2.3847
v  0.0000 -7.8673 2.3920
v  0.0747 -7.8673 2.3847
v  0.1464 -7.8673 2.3629
v  0.2126 -7.8673 2.3275
v  0.2706 -7.8673 2.2799
v  0.3182 -7.8673 2.2220
v  0.3536 -7.8673 2.1558
v  0.3753 -7.8673 2.0840
v  0.3827 -7.8673 2.0093
v  0.3753 -7.8673 1.9347
v  0.3536 -7.8673 1.8629
v  0.3182 -7.8673 1.7967
v  0.2706 -7.8673 1.7387
v  0.2126 -7.8673 1.6912
v  0.1464 -7.8673 1.6558
v  0.0747 -7.8673 1.6340
v  -0.0000 -7.9242 1.8143
v  -0.0381 -7.9242 1.8180
v  -0.0747 -7.9242 1.8291
v  -0.1084 -7.9242 1.8471
v  -0.1379 -7.9242 1.8714
v  -0.1622 -7.9242 1.9010
v  -0.1802 -7.9242 1.9347
v  -0.1913 -7.9242 1.9713
v  -0.1951 -7.9242 2.0093
v  -0.1913 -7.9242 2.0474
v  -0.1802 -7.9242 2.0840
v  -0.1622 -7.9242 2.1177
v  -0.1379 -7.9242 2.1473
v  -0.1084 -7.9242 2.1716
v  -0.0747 -7.9242 2.1896
v  -0.0381 -7.9242 2.2007
v  0.0000 -7.9242 2.2044
v  0.0381 -7.9242 2.2007
v  0.0747 -7.9242 2.1896
v  0.1084 -7.9242 2.1716
v  0.1379 -7.9242 2.1473
v  0.1622 -7.9242 2.1177
v  0.1802 -7.9242 2.0840
v  0.1913 -7.9242 2.0474
v  0.1951 -7.9242 2.0093
v  0.1913 -7.9242 1.9713
v  0.1802 -7.9242 1.9347
v  0.1622 -7.9242 1.9010
v  0.1379 -7.9242 1.8714
v  0.1084 -7.9242 1.8471
v  0.0747 -7.9242 1.8291
v  0.0381 -7.9242 1.8180
v  0.0000 -7.9434 2.0093
# 482 vertices

vn 0.0000 1.0000 -0.0000
vn -0.0000 0.9796 -0.2010
vn -0.0392 0.9796 -0.1971
vn -0.0769 0.9796 -0.1857
vn -0.1117 0.9796 -0.1671
vn -0.1421 0.9796 -0.1421
vn -0.1671 0.9796 -0.1117
vn -0.1857 0.9796 -0.0769
vn -0.1971 0.9796 -0.0392
vn -0.2010 0.9796 0.0000
vn -0.1971 0.9796 0.0392
vn -0.1857 0.9796 0.0769
vn -0.1671 0.9796 0.1117
vn -0.1421 0.9796 0.1421
vn -0.1117 0.9796 0.1671
vn -0.0769 0.9796 0.1857
vn -0.0392 0.9796 0.1971
vn 0.0000 0.9796 0.2010
vn 0.0392 0.9796 0.1971
vn 0.0769 0.9796 0.1857
vn 0.1117 0.9796 0.1671
vn 0.1421 0.9796 0.1421
vn 0.1671 0.9796 0.1117
vn 0.1857 0.9796 0.0769
vn 0.1971 0.9796 0.0392
vn 0.2010 0.9796 -0.0000
vn 0.1971 0.9796 -0.0392
vn 0.1857 0.9796 -0.0769
vn 0.1671 0.9796 -0.1117
vn 0.1421 0.9796 -0.1421
vn 0.1117 0.9796 -0.1671
vn 0.0769 0.9796 -0.1857
vn 0.0392 0.9796 -0.1971
vn -0.0000 0.9217 -0.3879
vn -0.0757 0.9217 -0.3804
vn -0.1484 0.9217 -0.3584
vn -0.2155 0.9217 -0.3225
vn -0.2743 0.9217 -0.2743
vn -0.3225 0.9217 -0.2155
vn -0.3584 0.9217 -0.1484
vn -0.3804 0.9217 -0.0757
vn -0.3879 0.9217 0.0000
vn -0.3804 0.9217 0.0757
vn -0.3584 0.9217 0.1484
vn -0.3225 0.9217 0.2155
vn -0.2743 0.9217 0.2743
vn -0.2155 0.9217 0.3225
vn -0.1484 0.9217 0.3584
vn -0.0757 0.9217 0.3804
vn 0.0000 0.9217 0.3879
vn 0.0757 0.9217 0.3804
vn 0.1484 0.9217 0.3584
vn 0.2155 0.9217 0.3225
vn 0.2743 0.9217 0.2743
vn 0.3225 0.9217 0.2155
vn 0.3584 0.9217 0.1484
vn 0.3804 0.9217 0.0757
vn 0.3879 0.9217 -0.0000
vn 0.3804 0.9217 -0.0757
vn 0.3584 0.9217 -0.1484
vn 0.3225 0.9217 -0.2155
vn 0.2743 0.9217 -0.2743
vn 0.2155 0.9217 -0.3225
vn 0.1484 0.9217 -0.3584
vn 0.0757 0.9217 -0.3804
vn -0.0000 0.8286 -0.5598
vn -0.1092 0.8286 -0.5490
vn -0.2142 0.8286 -0.5172
vn -0.3110 0.8286 -0.4654
vn -0.3958 0.8286 -0.3958
vn -0.4654 0.8286 -0.3110
vn -0.5172 0.8286 -0.2142
vn -0.5490 0.8286 -0.1092
vn -0.5598 0.8286 0.0000
vn -0.5490 0.8286 0.1092
vn -0.5172 0.8286 0.2142
vn -0.4654 0.8286 0.3110
vn -0.3958 0.8286 0.3958
vn -0.3110 0.8286 0.4654
vn -0.2142 0.8286 0.5172
vn -0.1092 0.8286 0.5490
vn 0.0000 0.8286 0.5598
vn 0.1092 0.8286 0.5490
vn 0.2142 0.8286 0.5172
vn 0.3110 0.8286 0.4654
vn 0.3958 0.8286 0.3958
vn 0.4654 0.8286 0.3110
vn 0.5172 0.8286 0.2142
vn 0.5490 0.8286 0.1092
vn 0.5598 0.8286 -0.0000
vn 0.5490 0.8286 -0.1092
vn 0.5172 0.8286 -0.2142
vn 0.4654 0.8286 -0.3110
vn 0.3958 0.8286 -0.3958
vn 0.3110 0.8286 -0.4654
vn 0.2142 0.8286 -0.5172
vn 0.1092 0.8286 -0.5490
vn -0.0000 0.7041 -0.7101
vn -0.1385 0.7041 -0.6965
vn -0.2718 0.7041 -0.6561
vn -0.3945 0.7041 -0.5905
vn -0.5021 0.7041 -0.5021
vn -0.5905 0.7041 -0.3945
vn -0.6561 0.7041 -0.2718
vn -0.6965 0.7041 -0.1385
vn -0.7101 0.7041 0.0000
vn -0.6965 0.7041 0.1385
vn -0.6561 0.7041 0.2718
vn -0.5905 0.7041 0.3945
vn -0.5021 0.7041 0.5021
vn -0.3945 0.7041 0.5905
vn -0.2718 0.7041 0.6561
vn -0.1385 0.7041 0.6965
vn 0.0000 0.7041 0.7101
vn 0.1385 0.7041 0.6965
vn 0.2718 0.7041 0.6561
vn 0.3945 0.7041 0.5905
vn 0.5021 0.7041 0.5021
vn 0.5905 0.7041 0.3945
vn 0.6561 0.7041 0.2718
vn 0.6965 0.7041 0.1385
vn 0.7101 0.7041 -0.0000
vn 0.6965 0.7041 -0.1385
vn 0.6561 0.7041 -0.2718
vn 0.5905 0.7041 -0.3945
vn 0.5021 0.7041 -0.5021
vn 0.3945 0.7041 -0.5905
vn 0.2718 0.7041 -0.6561
vn 0.1385 0.7041 -0.6965
vn -0.0000 0.5528 -0.8333
vn -0.1626 0.5528 -0.8173
vn -0.3189 0.5528 -0.7699
vn -0.4630 0.5528 -0.6929
vn -0.5893 0.5528 -0.5893
vn -0.6929 0.5528 -0.4630
vn -0.7699 0.5528 -0.3189
vn -0.8173 0.5528 -0.1626
vn -0.8333 0.5528 0.0000
vn -0.8173 0.5528 0.1626
vn -0.7699 0.5528 0.3189
vn -0.6929 0.5528 0.4630
vn -0.5893 0.5528 0.5893
vn -0.4630 0.5528 0.6929
vn -0.3189 0.5528 0.7699
vn -0.1626 0.5528 0.8173
vn 0.0000 0.5528 0.8333
vn 0.1626 0.5528 0.8173
vn 0.3189 0.5528 0.7699
vn 0.4630 0.5528 0.6929
vn 0.5893 0.5528 0.5893
vn 0.6929 0.5528 0.4630
vn 0.7699 0.5528 0.3189
vn 0.8173 0.5528 0.1626
vn 0.8333 0.5528 -0.0000
vn 0.8173 0.5528 -0.1626
vn 0.7699 0.5528 -0.3189
vn 0.6929 0.5528 -0.4630
vn 0.5893 0.5528 -0.5893
vn 0.4630 0.5528 -0.6929
vn 0.3189 0.5528 -0.7699
vn 0.1626 0.5528 -0.8173
vn -0.0000 0.3805 -0.9248
vn -0.1804 0.3805 -0.9070
vn -0.3539 0.3805 -0.8544
vn -0.5138 0.3805 -0.7689
vn -0.6539 0.3805 -0.6539
vn -0.7689 0.3805 -0.5138
vn -0.8544 0.3805 -0.3539
vn -0.9070 0.3805 -0.1804
vn -0.9248 0.3805 0.0000
vn -0.9070 0.3805 0.1804
vn -0.8544 0.3805 0.3539
vn -0.7689 0.3805 0.5138
vn -0.6539 0.3805 0.6539
vn -0.5138 0.3805 0.7689
vn -0.3539 0.3805 0.8544
vn -0.1804 0.3805 0.9070
vn 0.0000 0.3805 0.9248
vn 0.1804 0.3805 0.9070
vn 0.3539 0.3805 0.8544
vn 0.5138 0.3805 0.7689
vn 0.6539 0.3805 0.6539
vn 0.7689 0.3805 0.5138
vn 0.8544 0.3805 0.3539
vn 0.9070 0.3805 0.1804
vn 0.9248 0.3805 -0.0000
vn 0.9070 0.3805 -0.1804
vn 0.8544 0.3805 -0.3539
vn 0.7689 0.3805 -0.5138
vn 0.6539 0.3805 -0.6539
vn 0.5138 0.3805 -0.7689
vn 0.3539 0.3805 -0.8544
vn 0.1804 0.3805 -0.9070
vn -0.0000 0.1939 -0.9810
vn -0.1914 0.1939 -0.9622
vn -0.3754 0.1939 -0.9063
vn -0.5450 0.1939 -0.8157
vn -0.6937 0.1939 -0.6937
vn -0.8157 0.1939 -0.5450
vn -0.9063 0.1939 -0.3754
vn -0.9622 0.1939 -0.1914
vn -0.9810 0.1939 0.0000
vn -0.9622 0.1939 0.1914
vn -0.9063 0.1939 0.3754
vn -0.8157 0.1939 0.5450
vn -0.6937 0.1939 0.6937
vn -0.5450 0.1939 0.8157
vn -0.3754 0.1939 0.9063
vn -0.1914 0.1939 0.9622
vn 0.0000 0.1939 0.9810
vn 0.1914 0.1939 0.9622
vn 0.3754 0.1939 0.9063
vn 0.5450 0.1939 0.8157
vn 0.6937 0.1939 0.6937
vn 0.8157 0.1939 0.5450
vn 0.9063 0.1939 0.3754
vn 0.9622 0.1939 0.1914
vn 0.9810 0.1939 -0.0000
vn 0.9622 0.1939 -0.1914
vn 0.9063 0.1939 -0.3754
vn 0.8157 0.1939 -0.5450
vn 0.6937 0.1939 -0.6937
vn 0.5450 0.1939 -0.8157
vn 0.3754 0.1939 -0.9063
vn 0.1914 0.1939 -0.9622
vn -0.0000 0.0000 -1.0000
vn -0.1951 0.0000 -0.9808
vn -0.3827 0.0000 -0.9239
vn -0.5556 0.0000 -0.8315
vn -0.7071 0.0000 -0.7071
vn -0.8315 0.0000 -0.5556
vn -0.9239 0.0000 -0.3827
vn -0.9808 0.0000 -0.1951
vn -1.0000 0.0000 0.0000
vn -0.9808 0.0000 0.1951
vn -0.9239 0.0000 0.3827
vn -0.8315 0.0000 0.5556
vn -0.7071 0.0000 0.7071
vn -0.5556 0.0000 0.8315
vn -0.3827 0.0000 0.9239
vn -0.1951 0.0000 0.9808
vn 0.0000 0.0000 1.0000
vn 0.1951 0.0000 0.9808
vn 0.3827 0.0000 0.9239
vn 0.5556 0.0000 0.8315
vn 0.7071 0.0000 0.7071
vn 0.8315 0.0000 0.5556
vn 0.9239 0.0000 0.3827
vn 0.9808 0.0000 0.1951
vn 1.0000 0.0000 -0.0000
vn 0.9808 0.0000 -0.1951
vn 0.9239 0.0000 -0.3827
vn 0.8315 0.0000 -0.5556
vn 0.7071 0.0000 -0.7071
vn 0.5556 0.0000 -0.8315
vn 0.3827 0.0000 -0.9239
vn 0.1951 0.0000 -0.9808
vn -0.0000 -0.1939 -0.9810
vn -0.1914 -0.1939 -0.9622
vn -0.3754 -0.1939 -0.9063
vn -0.5450 -0.1939 -0.8157
vn -0.6937 -0.1939 -0.6937
vn -0.8157 -0.1939 -0.5450
vn -0.9063 -0.1939 -0.3754
vn -0.9622 -0.1939 -0.1914
vn -0.9810 -0.1939 0.0000
vn -0.9622 -0.1939 0.1914
vn -0.9063 -0.1939 0.3754
vn -0.8157 -0.1939 0.5450
vn -0.6937 -0.1939 0.6937
vn -0.5450 -0.1939 0.8157
vn -0.3754 -0.1939 0.9063
vn -0.1914 -0.1939 0.9622
vn 0.0000 -0.1939 0.9810
vn 0.1914 -0.1939 0.9622
vn 0.3754 -0.1939 0.9063
vn 0.5450 -0.1939 0.8157
vn 0.6937 -0.1939 0.6937
vn 0.8157 -0.1939 0.5450
vn 0.9063 -0.1939 0.3754
vn 0.9622 -0.1939 0.1914
vn 0.9810 -0.1939 -0.0000
vn 0.9622 -0.1939 -0.1914
vn 0.9063 -0.1939 -0.3754
vn 0.8157 -0.1939 -0.5450
vn 0.6937 -0.1939 -0.6937
vn 0.5450 -0.1939 -0.8157
vn 0.3754 -0.1939 -0.9063
vn 0.1914 -0.1939 -0.9622
vn -0.0000 -0.3805 -0.9248
vn -0.1804 -0.3805 -0.9070
vn -0.3539 -0.3805 -0.8544
vn -0.5138 -0.3805 -0.7689
vn -0.6539 -0.3805 -0.6539
vn -0.7689 -0.3805 -0.5138
vn -0.8544 -0.3805 -0.3539
vn -0.9070 -0.3805 -0.1804
vn -0.9248 -0.3805 0.0000
vn -0.9070 -0.3805 0.1804
vn -0.8544 -0.3805 0.3539
vn -0.7689 -0.3805 0.5138
vn -0.6539 -0.3805 0.6539
vn -0.5138 -0.3805 0.7689
vn -0.3539 -0.3805 0.8544
vn -0.1804 -0.3805 0.9070
vn 0.0000 -0.3805 0.9248
vn 0.1804 -0.3805 0.9070
vn 0.3539 -0.3805 0.8544
vn 0.5138 -0.3805 0.7689
vn 0.6539 -0.3805 0.6539
vn 0.7689 -0.3805 0.5138
vn 0.8544 -0.3805 0.3539
vn 0.9070 -0.3805 0.1804
vn 0.9248 -0.3805 -0.0000
vn 0.9070 -0.3805 -0.1804
vn 0.8544 -0.3805 -0.3539
vn 0.7689 -0.3805 -0.5138
vn 0.6539 -0.3805 -0.6539
vn 0.5138 -0.3805 -0.7689
vn 0.3539 -0.3805 -0.8544
vn 0.1804 -0.3805 -0.9070
vn -0.0000 -0.5528 -0.8333
vn -0.1626 -0.5528 -0.8173
vn -0.3189 -0.5528 -0.7699
vn -0.4630 -0.5528 -0.6929
vn -0.5893 -0.5528 -0.5893
vn -0.6929 -0.5528 -0.4630
vn -0.7699 -0.5528 -0.3189
vn -0.8173 -0.5528 -0.1626
vn -0.8333 -0.5528 0.0000
vn -0.8173 -0.5528 0.1626
vn -0.7699 -0.5528 0.3189
vn -0.6929 -0.5528 0.4630
vn -0.5893 -0.5528 0.5893
vn -0.4630 -0.5528 0.6929
vn -0.3189 -0.5528 0.7699
vn -0.1626 -0.5528 0.8173
vn 0.0000 -0.5528 0.8333
vn 0.1626 -0.5528 0.8173
vn 0.3189 -0.5528 0.7699
vn 0.4630 -0.5528 0.6929
vn 0.5893 -0.5528 0.5893
vn 0.6929 -0.5528 0.4630
vn 0.7699 -0.5528 0.3189
vn 0.8173 -0.5528 0.1626
vn 0.8333 -0.5528 -0.0000
vn 0.8173 -0.5528 -0.1626
vn 0.7699 -0.5528 -0.3189
vn 0.6929 -0.5528 -0.4630
vn 0.5893 -0.5528 -0.5893
vn 0.4630 -0.5528 -0.6929
vn 0.3189 -0.5528 -0.7699
vn 0.1626 -0.5528 -0.8173
vn -0.0000 -0.7041 -0.7101
vn -0.1385 -0.7041 -0.6965
vn -0.2718 -0.7041 -0.6561
vn -0.3945 -0.7041 -0.5905
vn -0.5021 -0.7041 -0.5021
vn -0.5905 -0.7041 -0.3945
vn -0.6561 -0.7041 -0.2718
vn -0.6965 -0.7041 -0.1385
vn -0.7101 -0.7041 0.0000
vn -0.6965 -0.7041 0.1385
vn -0.6561 -0.7041 0.2718
vn -0.5905 -0.7041 0.3945
vn -0.5021 -0.7041 0.5021
vn -0.3945 -0.7041 0.5905
vn -0.2718 -0.7041 0.6561
vn -0.1385 -0.7041 0.6965
vn 0.0000 -0.7041 0.7101
vn 0.1385 -0.7041 0.6965
vn 0.2718 -0.7041 0.6561
vn 0.3945 -0.7041 0.5905
vn 0.5021 -0.7041 0.5021
vn 0.5905 -0.7041 0.3945
vn 0.6561 -0.7041 0.2718
vn 0.6965 -0.7041 0.1385
vn 0.7101 -0.7041 -0.0000
vn 0.6965 -0.7041 -0.1385
vn 0.6561 -0.7041 -0.2718
vn 0.5905 -0.7041 -0.3945
vn 0.5021 -0.7041 -0.5021
vn 0.3945 -0.7041 -0.5905
vn 0.2718 -0.7041 -0.6561
vn 0.1385 -0.7041 -0.6965
vn -0.0000 -0.8286 -0.5598
vn -0.1092 -0.8286 -0.5490
vn -0.2142 -0.8286 -0.5172
vn -0.3110 -0.8286 -0.4654
vn -0.3958 -0.8286 -0.3958
vn -0.4654 -0.8286 -0.3110
vn -0.5172 -0.8286 -0.2142
vn -0.5490 -0.8286 -0.1092
vn -0.5598 -0.8286 0.0000
vn -0.5490 -0.8286 0.1092
vn -0.5172 -0.8286 0.2142
vn -0.4654 -0.8286 0.3110
vn -0.3958 -0.8286 0.3958
vn -0.3110 -0.8286 0.4654
vn -0.2142 -0.8286 0.5172
vn -0.1092 -0.8286 0.5490
vn 0.0000 -0.8286 0.5598
vn 0.1092 -0.8286 0.5490
vn 0.2142 -0.8286 0.5172
vn 0.3110 -0.8286 0.4654
vn 0.3958 -0.8286 0.3958
vn 0.4654 -0.8286 0.3110
vn 0.5172 -0.8286 0.2142
vn 0.5490 -0.8286 0.1092
vn 0.5598 -0.8286 -0.0000
vn 0.5490 -0.8286 -0.1092
vn 0.5172 -0.8286 -0.2142
vn 0.4654 -0.8286 -0.3110
vn 0.3958 -0.8286 -0.3958
vn 0.3110 -0.8286 -0.4654
vn 0.2142 -0.8286 -0.5172
vn 0.1092 -0.8286 -0.5490
vn -0.0000 -0.9217 -0.3879
vn -0.0757 -0.9217 -0.3804
vn -0.1484 -0.9217 -0.3584
vn -0.2155 -0.9217 -0.3225
vn -0.2743 -0.9217 -0.2743
vn -0.3225 -0.9217 -0.2155
vn -0.3584 -0.9217 -0.1484
vn -0.3804 -0.9217 -0.0757
vn -0.3879 -0.9217 0.0000
vn -0.3804 -0.9217 0.0757
vn -0.3584 -0.9217 0.1484
vn -0.3225 -0.9217 0.2155
vn -0.2743 -0.9217 0.2743
vn -0.2155 -0.9217 0.3225
vn -0.1484 -0.9217 0.3584
vn -0.0757 -0.9217 0.3804
vn 0.0000 -0.9217 0.3879
vn 0.0757 -0.9217 0.3804
vn 0.1484 -0.9217 0.3584
vn 0.2155 -0.9217 0.3225
vn 0.2743 -0.9217 0.2743
vn 0.3225 -0.9217 0.2155
vn 0.3584 -0.9217 0.1484
vn 0.3804 -0.9217 0.0757
vn 0.3879 -0.9217 -0.0000
vn 0.3804 -0.9217 -0.0757
vn 0.3584 -0.9217 -0.1484
vn 0.3225 -0.9217 -0.2155
vn 0.2743 -0.9217 -0.2743
vn 0.2155 -0.9217 -0.3225
vn 0.1484 -0.9217 -0.3584
vn 0.0757 -0.9217 -0.3804
vn -0.0000 -0.9796 -0.2010
vn -0.0392 -0.9796 -0.1971
vn -0.0769 -0.9796 -0.1857
vn -0.1117 -0.9796 -0.1671
vn -0.1421 -0.9796 -0.1421
vn -0.1671 -0.9796 -0.1117
vn -0.1857 -0.9796 -0.0769
vn -0.1971 -0.9796 -0.0392
vn -0.2010 -0.9796 0.0000
vn -0.1971 -0.9796 0.0392
vn -0.1857 -0.9796 0.0769
vn -0.1671 -0.9796 0.1117
vn -0.1421 -0.9796 0.1421
vn -0.1117 -0.9796 0.1671
vn -0.0769 -0.9796 0.1857
vn -0.0392 -0.9796 0.1971
vn 0.0000 -0.9796 0.2010
vn 0.0392 -0.9796 0.1971
vn 0.0769 -0.9796 0.1857
vn 0.1117 -0.9796 0.1671
vn 0.1421 -0.9796 0.1421
vn 0.1671 -0.9796 0.1117
vn 0.1857 -0.9796 0.0769
vn 0.1971 -0.9796 0.0392
vn 0.2010 -0.9796 -0.0000
vn 0.1971 -0.9796 -0.0392
vn 0.1857 -0.9796 -0.0769
vn 0.1671 -0.9796 -0.1117
vn 0.1421 -0.9796 -0.1421
vn 0.1117 -0.9796 -0.1671
vn 0.0769 -0.9796 -0.1857
vn 0.0392 -0.9796 -0.1971
vn 0.0000 -1.0000 -0.0000
# 482 vertex normals

vt 0.0000 1.0000 0.0000
vt 0.0000 0.9375 0.0000
vt 0.0312 0.9375 0.0000
vt 0.0312 1.0000 0.0000
vt 0.0625 0.9375 0.0000
vt 0.0625 1.0000 0.0000
vt 0.0938 0.9375 0.0000
vt 0.0938 1.0000 0.0000
vt 0.1250 0.9375 0.0000
vt 0.1250 1.0000 0.0000
vt 0.1562 0.9375 0.0000
vt 0.1562 1.0000 0.0000
vt 0.1875 0.9375 0.0000
vt 0.1875 1.0000 0.0000
vt 0.2187 0.9375 0.0000
vt 0.2187 1.0000 0.0000
vt 0.2500 0.9375 0.0000
vt 0.2500 1.0000 0.0000
vt 0.2812 0.9375 0.0000
vt 0.2812 1.0000 0.0000
vt 0.3125 0.9375 0.0000
vt 0.3125 1.0000 0.0000
vt 0.3437 0.9375 0.0000
vt 0.3437 1.0000 0.0000
vt 0.3750 0.9375 0.0000
vt 0.3750 1.0000 0.0000
vt 0.4062 0.9375 0.0000
vt 0.4062 1.0000 0.0000
vt 0.4375 0.9375 0.0000
vt 0.4375 1.0000 0.0000
vt 0.4688 0.9375 0.0000
vt 0.4688 1.0000 0.0000
vt 0.5000 0.9375 0.0000
vt 0.5000 1.0000 0.0000
vt 0.5313 0.9375 0.0000
vt 0.5313 1.0000 0.0000
vt 0.5625 0.9375 0.0000
vt 0.5625 1.0000 0.0000
vt 0.5938 0.9375 0.0000
vt 0.5938 1.0000 0.0000
vt 0.6250 0.9375 0.0000
vt 0.6250 1.0000 0.0000
vt 0.6563 0.9375 0.0000
vt 0.6563 1.0000 0.0000
vt 0.6875 0.9375 0.0000
vt 0.6875 1.0000 0.0000
vt 0.7188 0.9375 0.0000
vt 0.7188 1.0000 0.0000
vt 0.7500 0.9375 0.0000
vt 0.7500 1.0000 0.0000
vt 0.7813 0.9375 0.0000
vt 0.7813 1.0000 0.0000
vt 0.8125 0.9375 0.0000
vt 0.8125 1.0000 0.0000
vt 0.8438 0.9375 0.0000
vt 0.8438 1.0000 0.0000
vt 0.8750 0.9375 0.0000
vt 0.8750 1.0000 0.0000
vt 0.9063 0.9375 0.0000
vt 0.9063 1.0000 0.0000
vt 0.9375 0.9375 0.0000
vt 0.9375 1.0000 0.0000
vt 0.9688 0.9375 0.0000
vt 0.9688 1.0000 0.0000
vt 1.0000 0.9375 0.0000
vt 0.0000 0.8750 0.0000
vt 0.0312 0.8750 0.0000
vt 0.0625 0.8750 0.0000
vt 0.0938 0.8750 0.0000
vt 0.1250 0.8750 0.0000
vt 0.1562 0.8750 0.0000
vt 0.1875 0.8750 0.0000
vt 0.2187 0.8750 0.0000
vt 0.2500 0.8750 0.0000
vt 0.2812 0.8750 0.0000
vt 0.3125 0.8750 0.0000
vt 0.3437 0.8750 0.0000
vt 0.3750 0.8750 0.0000
vt 0.4062 0.8750 0.0000
vt 0.4375 0.8750 0.0000
vt 0.4688 0.8750 0.0000
vt 0.5000 0.8750 0.0000
vt 0.5313 0.8750 0.0000
vt 0.5625 0.8750 0.0000
vt 0.5938 0.8750 0.0000
vt 0.6250 0.8750 0.0000
vt 0.6563 0.8750 0.0000
vt 0.6875 0.8750 0.0000
vt 0.7188 0.8750 0.0000
vt 0.7500 0.8750 0.0000
vt 0.7813 0.8750 0.0000
vt 0.8125 0.8750 0.0000
vt 0.8438 0.8750 0.0000
vt 0.8750 0.8750 0.0000
vt 0.9063 0.8750 0.0000
vt 0.9375 0.8750 0.0000
vt 0.9688 0.8750 0.0000
vt 1.0000 0.8750 0.0000
vt 0.0000 0.8125 0.0000
vt 0.0312 0.8125 0.0000
vt 0.0625 0.8125 0.0000
vt 0.0938 0.8125 0.0000
vt 0.1250 0.8125 0.0000
vt 0.1562 0.8125 0.0000
vt 0.1875 0.8125 0.0000
vt 0.2187 0.8125 0.0000
vt 0.2500 0.8125 0.0000
vt 0.2812 0.8125 0.0000
vt 0.3125 0.8125 0.0000
vt 0.3437 0.8125 0.0000
vt 0.3750 0.8125 0.0000
vt 0.4062 0.8125 0.0000
vt 0.4375 0.8125 0.0000
vt 0.4688 0.8125 0.0000
vt 0.5000 0.8125 0.0000
vt 0.5313 0.8125 0.0000
vt 0.5625 0.8125 0.0000
vt 0.5938 0.8125 0.0000
vt 0.6250 0.8125 0.0000
vt 0.6563 0.8125 0.0000
vt 0.6875 0.8125 0.0000
vt 0.7188 0.8125 0.0000
vt 0.7500 0.8125 0.0000
vt 0.7813 0.8125 0.0000
vt 0.8125 0.8125 0.0000
vt 0.8438 0.8125 0.0000
vt 0.8750 0.8125 0.0000
vt 0.9063 0.8125 0.0000
vt 0.9375 0.8125 0.0000
vt 0.9688 0.8125 0.0000
vt 1.0000 0.8125 0.0000
vt 0.0000 0.7500 0.0000
vt 0.0312 0.7500 0.0000
vt 0.0625 0.7500 0.0000
vt 0.0938 0.7500 0.0000
vt 0.1250 0.7500 0.0000
vt 0.1562 0.7500 0.0000
vt 0.1875 0.7500 0.0000
vt 0.2187 0.7500 0.0000
vt 0.2500 0.7500 0.0000
vt 0.2812 0.7500 0.0000
vt 0.3125 0.7500 0.0000
vt 0.3437 0.7500 0.0000
vt 0.3750 0.7500 0.0000
vt 0.4062 0.7500 0.0000
vt 0.4375 0.7500 0.0000
vt 0.4688 0.7500 0.0000
vt 0.5000 0.7500 0.0000
vt 0.5313 0.7500 0.0000
vt 0.5625 0.7500 0.0000
vt 0.5938 0.7500 0.0000
vt 0.6250 0.7500 0.0000
vt 0.6563 0.7500 0.0000
vt 0.6875 0.7500 0.0000
vt 0.7188 0.7500 0.0000
vt 0.7500 0.7500 0.0000
vt 0.7813 0.7500 0.0000
vt 0.8125 0.7500 0.0000
vt 0.8438 0.7500 0.0000
vt 0.8750 0.7500 0.0000
vt 0.9063 0.7500 0.0000
vt 0.9375 0.7500 0.0000
vt 0.9688 0.7500 0.0000
vt 1.0000 0.7500 0.0000
vt 0.0000 0.6875 0.0000
vt 0.0312 0.6875 0.0000
vt 0.0625 0.6875 0.0000
vt 0.0938 0.6875 0.0000
vt 0.1250 0.6875 0.0000
vt 0.1562 0.6875 0.0000
vt 0.1875 0.6875 0.0000
vt 0.2187 0.6875 0.0000
vt 0.2500 0.6875 0.0000
vt 0.2812 0.6875 0.0000
vt 0.3125 0.6875 0.0000
vt 0.3437 0.6875 0.0000
vt 0.3750 0.6875 0.0000
vt 0.4062 0.6875 0.0000
vt 0.4375 0.6875 0.0000
vt 0.4688 0.6875 0.0000
vt 0.5000 0.6875 0.0000
vt 0.5313 0.6875 0.0000
vt 0.5625 0.6875 0.0000
vt 0.5938 0.6875 0.0000
vt 0.6250 0.6875 0.0000
vt 0.6563 0.6875 0.0000
vt 0.6875 0.6875 0.0000
vt 0.7188 0.6875 0.0000
vt 0.7500 0.6875 0.0000
vt 0.7813 0.6875 0.0000
vt 0.8125 0.6875 0.0000
vt 0.8438 0.6875 0.0000
vt 0.8750 0.6875 0.0000
vt 0.9063 0.6875 0.0000
vt 0.9375 0.6875 0.0000
vt 0.9688 0.6875 0.0000
vt 1.0000 0.6875 0.0000
vt 0.0000 0.6250 0.0000
vt 0.0312 0.6250 0.0000
vt 0.0625 0.6250 0.0000
vt 0.0938 0.6250 0.0000
vt 0.1250 0.6250 0.0000
vt 0.1562 0.6250 0.0000
vt 0.1875 0.6250 0.0000
vt 0.2187 0.6250 0.0000
vt 0.2500 0.6250 0.0000
vt 0.2812 0.6250 0.0000
vt 0.3125 0.6250 0.0000
vt 0.3437 0.6250 0.0000
vt 0.3750 0.6250 0.0000
vt 0.4062 0.6250 0.0000
vt 0.4375 0.6250 0.0000
vt 0.4688 0.6250 0.0000
vt 0.5000 0.6250 0.0000
vt 0.5313 0.6250 0.0000
vt 0.5625 0.6250 0.0000
vt 0.5938 0.6250 0.0000
vt 0.6250 0.6250 0.0000
vt 0.6563 0.6250 0.0000
vt 0.6875 0.6250 0.0000
vt 0.7188 0.6250 0.0000
vt 0.7500 0.6250 0.0000
vt 0.7813 0.6250 0.0000
vt 0.8125 0.6250 0.0000
vt 0.8438 0.6250 0.0000
vt 0.8750 0.6250 0.0000
vt 0.9063 0.6250 0.0000
vt 0.9375 0.6250 0.0000
vt 0.9688 0.6250 0.0000
vt 1.0000 0.6250 0.0000
vt 0.0000 0.5625 0.0000
vt 0.0312 0.5625 0.0000
vt 0.0625 0.5625 0.0000
vt 0.0938 0.5625 0.0000
vt 0.1250 0.5625 0.0000
vt 0.1562 0.5625 0.0000
vt 0.1875 0.5625 0.0000
vt 0.2187 0.5625 0.0000
vt 0.2500 0.5625 0.0000
vt 0.2812 0.5625 0.0000
vt 0.3125 0.5625 0.0000
vt 0.3437 0.5625 0.0000
vt 0.3750 0.5625 0.0000
vt 0.4062 0.5625 0.0000
vt 0.4375 0.5625 0.0000
vt 0.4688 0.5625 0.0000
vt 0.5000 0.5625 0.0000
vt 0.5313 0.5625 0.0000
vt 0.5625 0.5625 0.0000
vt 0.5938 0.5625 0.0000
vt 0.6250 0.5625 0.0000
vt 0.6563 0.5625 0.0000
vt 0.6875 0.5625 0.0000
vt 0.7188 0.5625 0.0000
vt 0.7500 0.5625 0.0000
vt 0.7813 0.5625 0.0000
vt 0.8125 0.5625 0.0000
vt 0.8438 0.5625 0.0000
vt 0.8750 0.5625 0.0000
vt 0.9063 0.5625 0.0000
vt 0.9375 0.5625 0.0000
vt 0.9688 0.5625 0.0000
vt 1.0000 0.5625 0.0000
vt 0.0000 0.5000 0.0000
vt 0.0312 0.5000 0.0000
vt 0.0625 0.5000 0.0000
vt 0.0938 0.5000 0.0000
vt 0.1250 0.5000 0.0000
vt 0.1562 0.5000 0.0000
vt 0.1875 0.5000 0.0000
vt 0.2187 0.5000 0.0000
vt 0.2500 0.5000 0.0000
vt 0.2812 0.5000 0.0000
vt 0.3125 0.5000 0.0000
vt 0.3437 0.5000 0.0000
vt 0.3750 0.5000 0.0000
vt 0.4062 0.5000 0.0000
vt 0.4375 0.5000 0.0000
vt 0.4688 0.5000 0.0000
vt 0.5000 0.5000 0.0000
vt 0.5313 0.5000 0.0000
vt 0.5625 0.5000 0.0000
vt 0.5938 0.5000 0.0000
vt 0.6250 0.5000 0.0000
vt 0.6563 0.5000 0.0000
vt 0.6875 0.5000 0.0000
vt 0.7188 0.5000 0.0000
vt 0.7500 0.5000 0.0000
vt 0.7813 0.5000 0.0000
vt 0.8125 0.5000 0.0000
vt 0.8438 0.5000 0.0000
vt 0.8750 0.5000 0.0000
vt 0.9063 0.5000 0.0000
vt 0.9375 0.5000 0.0000
vt 0.9688 0.5000 0.0000
vt 1.0000 0.5000 0.0000
vt 0.0000 0.4375 0.0000
vt 0.0312 0.4375 0.0000
vt 0.0625 0.4375 0.0000
vt 0.0938 0.4375 0.0000
vt 0.1250 0.4375 0.0000
vt 0.1562 0.4375 0.0000
vt 0.1875 0.4375 0.0000
vt 0.2187 0.4375 0.0000
vt 0.2500 0.4375 0.0000
vt 0.2812 0.4375 0.0000
vt 0.3125 0.4375 0.0000
vt 0.3437 0.4375 0.0000
vt 0.3750 0.4375 0.0000
vt 0.4062 0.4375 0.0000
vt 0.4375 0.4375 0.0000
vt 0.4688 0.4375 0.0000
vt 0.5000 0.4375 0.0000
vt 0.5313 0.4375 0.0000
vt 0.5625 0.4375 0.0000
vt 0.5938 0.4375 0.0000
vt 0.6250 0.4375 0.0000
vt 0.6563 0.4375 0.0000
vt 0.6875 0.4375 0.0000
vt 0.7188 0.4375 0.0000
vt 0.7500 0.4375 0.0000
vt 0.7813 0.4375 0.0000
vt 0.8125 0.4375 0.0000
vt 0.8438 0.4375 0.0000
vt 0.8750 0.4375 0.0000
vt 0.9063 0.4375 0.0000
vt 0.9375 0.4375 0.0000
vt 0.9688 0.4375 0.0000
vt 1.0000 0.4375 0.0000
vt 0.0000 0.3750 0.0000
vt 0.0312 0.3750 0.0000
vt 0.0625 0.3750 0.0000
vt 0.0938 0.3750 0.0000
vt 0.1250 0.3750 0.0000
vt 0.1562 0.3750 0.0000
vt 0.1875 0.3750 0.0000
vt 0.2187 0.3750 0.0000
vt 0.2500 0.3750 0.0000
vt 0.2812 0.3750 0.0000
vt 0.3125 0.3750 0.0000
vt 0.3437 0.3750 0.0000
vt 0.3750 0.3750 0.0000
vt 0.4062 0.3750 0.0000
vt 0.4375 0.3750 0.0000
vt 0.4688 0.3750 0.0000
vt 0.5000 0.3750 0.0000
vt 0.5313 0.3750 0.0000
vt 0.5625 0.3750 0.0000
vt 0.5938 0.3750 0.0000
vt 0.6250 0.3750 0.0000
vt 0.6563 0.3750 0.0000
vt 0.6875 0.3750 0.0000
vt 0.7188 0.3750 0.0000
vt 0.7500 0.3750 0.0000
vt 0.7813 0.3750 0.0000
vt 0.8125 0.3750 0.0000
vt 0.8438 0.3750 0.0000
vt 0.8750 0.3750 0.0000
vt 0.9063 0.3750 0.0000
vt 0.9375 0.3750 0.0000
vt 0.9688 0.3750 0.0000
vt 1.0000 0.3750 0.0000
vt 0.0000 0.3125 0.0000
vt 0.0312 0.3125 0.0000
vt 0.0625 0.3125 0.0000
vt 0.0938 0.3125 0.0000
vt 0.1250 0.3125 0.0000
vt 0.1562 0.3125 0.0000
vt 0.1875 0.3125 0.0000
vt 0.2187 0.3125 0.0000
vt 0.2500 0.3125 0.0000
vt 0.2812 0.3125 0.0000
vt 0.3125 0.3125 0.0000
vt 0.3437 0.3125 0.0000
vt 0.3750 0.3125 0.0000
vt 0.4062 0.3125 0.0000
vt 0.4375 0.3125 0.0000
vt 0.4688 0.3125 0.0000
vt 0.5000 0.3125 0.0000
vt 0.5313 0.3125 0.0000
vt 0.5625 0.3125 0.0000
vt 0.5938 0.3125 0.0000
vt 0.6250 0.3125 0.0000
vt 0.6563 0.3125 0.0000
vt 0.6875 0.3125 0.0000
vt 0.7188 0.3125 0.0000
vt 0.7500 0.3125 0.0000
vt 0.7813 0.3125 0.0000
vt 0.8125 0.3125 0.0000
vt 0.8438 0.3125 0.0000
vt 0.8750 0.3125 0.0000
vt 0.9063 0.3125 0.0000
vt 0.9375 0.3125 0.0000
vt 0.9688 0.3125 0.0000
vt 1.0000 0.3125 0.0000
vt 0.0000 0.2500 0.0000
vt 0.0312 0.2500 0.0000
vt 0.0625 0.2500 0.0000
vt 0.0938 0.2500 0.0000
vt 0.1250 0.2500 0.0000
vt 0.1562 0.2500 0.0000
vt 0.1875 0.2500 0.0000
vt 0.2187 0.2500 0.0000
vt 0.2500 0.2500 0.0000
vt 0.2812 0.2500 0.0000
vt 0.3125 0.2500 0.0000
vt 0.3437 0.2500 0.0000
vt 0.3750 0.2500 0.0000
vt 0.4062 0.2500 0.0000
vt 0.4375 0.2500 0.0000
vt 0.4688 0.2500 0.0000
vt 0.5000 0.2500 0.0000
vt 0.5313 0.2500 0.0000
vt 0.5625 0.2500 0.0000
vt 0.5938 0.2500 0.0000
vt 0.6250 0.2500 0.0000
vt 0.6563 0.2500 0.0000
vt 0.6875 0.2500 0.0000
vt 0.7188 0.2500 0.0000
vt 0.7500 0.2500 0.0000
vt 0.7813 0.2500 0.0000
vt 0.8125 0.2500 0.0000
vt 0.8438 0.2500 0.0000
vt 0.8750 0.2500 0.0000
vt 0.9063 0.2500 0.0000
vt 0.9375 0.2500 0.0000
vt 0.9688 0.2500 0.0000
vt 1.0000 0.2500 0.0000
vt 0.0000 0.1875 0.0000
vt 0.0312 0.1875 0.0000
vt 0.0625 0.1875 0.0000
vt 0.0938 0.1875 0.0000
vt 0.1250 0.1875 0.0000
vt 0.1562 0.1875 0.0000
vt 0.1875 0.1875 0.0000
vt 0.2187 0.1875 0.0000
vt 0.2500 0.1875 0.0000
vt 0.2812 0.1875 0.0000
vt 0.3125 0.1875 0.0000
vt 0.3437 0.1875 0.0000
vt 0.3750 0.1875 0.0000
vt 0.4062 0.1875 0.0000
vt 0.4375 0.1875 0.0000
vt 0.4688 0.1875 0.0000
vt 0.5000 0.1875 0.0000
vt 0.5313 0.1875 0.0000
vt 0.5625 0.1875 0.0000
vt 0.5938 0.1875 0.0000
vt 0.6250 0.1875 0.0000
vt 0.6563 0.1875 0.0000
vt 0.6875 0.1875 0.0000
vt 0.7188 0.1875 0.0000
vt 0.7500 0.1875 0.0000
vt 0.7813 0.1875 0.0000
vt 0.8125 0.1875 0.0000
vt 0.8438 0.1875 0.0000
vt 0.8750 0.1875 0.0000
vt 0.9063 0.1875 0.0000
vt 0.9375 0.1875 0.0000
vt 0.9688 0.1875 0.0000
vt 1.0000 0.1875 0.0000
vt 0.0000 0.1250 0.0000
vt 0.0312 0.1250 0.0000
vt 0.0625 0.1250 0.0000
vt 0.0938 0.1250 0.0000
vt 0.1250 0.1250 0.0000
vt 0.1562 0.1250 0.0000
vt 0.1875 0.1250 0.0000
vt 0.2187 0.1250 0.0000
vt 0.2500 0.1250 0.0000
vt 0.2812 0.1250 0.0000
vt 0.3125 0.1250 0.0000
vt 0.3437 0.1250 0.0000
vt 0.3750 0.1250 0.0000
vt 0.4062 0.1250 0.0000
vt 0.4375 0.1250 0.0000
vt 0.4688 0.1250 0.0000
vt 0.5000 0.1250 0.0000
vt 0.5313 0.1250 0.0000
vt 0.5625 0.1250 0.0000
vt 0.5938 0.1250 0.0000
vt 0.6250 0.1250 0.0000
vt 0.6563 0.1250 0.0000
vt 0.6875 0.1250 0.0000
vt 0.7188 0.1250 0.0000
vt 0.7500 0.1250 0.0000
vt 0.7813 0.1250 0.0000
vt 0.8125 0.1250 0.0000
vt 0.8438 0.1250 0.0000
vt 0.8750 0.1250 0.0000
vt 0.9063 0.1250 0.0000
vt 0.9375 0.1250 0.0000
vt 0.9688 0.1250 0.0000
vt 1.0000 0.1250 0.0000
vt 0.0000 0.0625 0.0000
vt 0.0312 0.0625 0.0000
vt 0.0625 0.0625 0.0000
vt 0.0938 0.0625 0.0000
vt 0.1250 0.0625 0.0000
vt 0.1562 0.0625 0.0000
vt 0.1875 0.0625 0.0000
vt 0.2187 0.0625 0.0000
vt 0.2500 0.0625 0.0000
vt 0.2812 0.0625 0.0000
vt 0.3125 0.0625 0.0000
vt 0.3437 0.0625 0.0000
vt 0.3750 0.0625 0.0000
vt 0.4062 0.0625 0.0000
vt 0.4375 0.0625 0.0000
vt 0.4688 0.0625 0.0000
vt 0.5000 0.0625 0.0000
vt 0.5313 0.0625 0.0000
vt 0.5625 0.0625 0.0000
vt 0.5938 0.0625 0.0000
vt 0.6250 0.0625 0.0000
vt 0.6563 0.0625 0.0000
vt 0.6875 0.0625 0.0000
vt 0.7188 0.0625 0.0000
vt 0.7500 0.0625 0.0000
vt 0.7813 0.0625 0.0000
vt 0.8125 0.0625 0.0000
vt 0.8438 0.0625 0.0000
vt 0.8750 0.0625 0.0000
vt 0.9063 0.0625 0.0000
vt 0.9375 0.0625 0.0000
vt 0.9688 0.0625 0.0000
vt 1.0000 0.0625 0.0000
vt 0.0000 -0.0000 0.0000
vt 0.0312 -0.0000 0.0000
vt 0.0625 -0.0000 0.0000
vt 0.0938 -0.0000 0.0000
vt 0.1250 -0.0000 0.0000
vt 0.1562 -0.0000 0.0000
vt 0.1875 -0.0000 0.0000
vt 0.2187 -0.0000 0.0000
vt 0.2500 -0.0000 0.0000
vt 0.2812 -0.0000 0.0000
vt 0.3125 -0.0000 0.0000
vt 0.3437 -0.0000 0.0000
vt 0.3750 -0.0000 0.0000
vt 0.4062 -0.0000 0.0000
vt 0.4375 -0.0000 0.0000
vt 0.4688 -0.0000 0.0000
vt 0.5000 -0.0000 0.0000
vt 0.5313 -0.0000 0.0000
vt 0.5625 -0.0000 0.0000
vt 0.5938 -0.0000 0.0000
vt 0.6250 -0.0000 0.0000
vt 0.6563 -0.0000 0.0000
vt 0.6875 -0.0000 0.0000
vt 0.7188 -0.0000 0.0000
vt 0.7500 -0.0000 0.0000
vt 0.7813 -0.0000 0.0000
vt 0.8125 -0.0000 0.0000
vt 0.8438 -0.0000 0.0000
vt 0.8750 -0.0000 0.0000
vt 0.9063 -0.0000 0.0000
vt 0.9375 -0.0000 0.0000
vt 0.9688 -0.0000 0.0000
# 559 texture coords

o Sphere003
g Sphere003
usemtl 01___Default
s 1
f 1185/1351/1041 1186/1352/1042 1187/1353/1043 
f 1185/1354/1041 1187/1353/1043 1188/1355/1044 
f 1185/1356/1041 1188/1355/1044 1189/1357/1045 
f 1185/1358/1041 1189/1357/1045 1190/1359/1046 
f 1185/1360/1041 1190/1359/1046 1191/1361/1047 
f 1185/1362/1041 1191/1361/1047 1192/1363/1048 
f 1185/1364/1041 1192/1363/1048 1193/1365/1049 
f 1185/1366/1041 1193/1365/1049 1194/1367/1050 
f 1185/1368/1041 1194/1367/1050 1195/1369/1051 
f 1185/1370/1041 1195/1369/1051 1196/1371/1052 
f 1185/1372/1041 1196/1371/1052 1197/1373/1053 
f 1185/1374/1041 1197/1373/1053 1198/1375/1054 
f 1185/1376/1041 1198/1375/1054 1199/1377/1055 
f 1185/1378/1041 1199/1377/1055 1200/1379/1056 
f 1185/1380/1041 1200/1379/1056 1201/1381/1057 
f 1185/1382/1041 1201/1381/1057 1202/1383/1058 
f 1185/1384/1041 1202/1383/1058 1203/1385/1059 
f 1185/1386/1041 1203/1385/1059 1204/1387/1060 
f 1185/1388/1041 1204/1387/1060 1205/1389/1061 
f 1185/1390/1041 1205/1389/1061 1206/1391/1062 
f 1185/1392/1041 1206/1391/1062 1207/1393/1063 
f 1185/1394/1041 1207/1393/1063 1208/1395/1064 
f 1185/1396/1041 1208/1395/1064 1209/1397/1065 
f 1185/1398/1041 1209/1397/1065 1210/1399/1066 
f 1185/1400/1041 1210/1399/1066 1211/1401/1067 
f 1185/1402/1041 1211/1401/1067 1212/1403/1068 
f 1185/1404/1041 1212/1403/1068 1213/1405/1069 
f 1185/1406/1041 1213/1405/1069 1214/1407/1070 
f 1185/1408/1041 1214/1407/1070 1215/1409/1071 
f 1185/1410/1041 1215/1409/1071 1216/1411/1072 
f 1185/1412/1041 1216/1411/1072 1217/1413/1073 
f 1185/1414/1041 1217/1413/1073 1186/1415/1042 
f 1186/1352/1042 1218/1416/1074 1219/1417/1075 
f 1186/1352/1042 1219/1417/1075 1187/1353/1043 
f 1187/1353/1043 1219/1417/1075 1220/1418/1076 
f 1187/1353/1043 1220/1418/1076 1188/1355/1044 
f 1188/1355/1044 1220/1418/1076 1221/1419/1077 
f 1188/1355/1044 1221/1419/1077 1189/1357/1045 
f 1189/1357/1045 1221/1419/1077 1222/1420/1078 
f 1189/1357/1045 1222/1420/1078 1190/1359/1046 
f 1190/1359/1046 1222/1420/1078 1223/1421/1079 
f 1190/1359/1046 1223/1421/1079 1191/1361/1047 
f 1191/1361/1047 1223/1421/1079 1224/1422/1080 
f 1191/1361/1047 1224/1422/1080 1192/1363/1048 
f 1192/1363/1048 1224/1422/1080 1225/1423/1081 
f 1192/1363/1048 1225/1423/1081 1193/1365/1049 
f 1193/1365/1049 1225/1423/1081 1226/1424/1082 
f 1193/1365/1049 1226/1424/1082 1194/1367/1050 
f 1194/1367/1050 1226/1424/1082 1227/1425/1083 
f 1194/1367/1050 1227/1425/1083 1195/1369/1051 
f 1195/1369/1051 1227/1425/1083 1228/1426/1084 
f 1195/1369/1051 1228/1426/1084 1196/1371/1052 
f 1196/1371/1052 1228/1426/1084 1229/1427/1085 
f 1196/1371/1052 1229/1427/1085 1197/1373/1053 
f 1197/1373/1053 1229/1427/1085 1230/1428/1086 
f 1197/1373/1053 1230/1428/1086 1198/1375/1054 
f 1198/1375/1054 1230/1428/1086 1231/1429/1087 
f 1198/1375/1054 1231/1429/1087 1199/1377/1055 
f 1199/1377/1055 1231/1429/1087 1232/1430/1088 
f 1199/1377/1055 1232/1430/1088 1200/1379/1056 
f 1200/1379/1056 1232/1430/1088 1233/1431/1089 
f 1200/1379/1056 1233/1431/1089 1201/1381/1057 
f 1201/1381/1057 1233/1431/1089 1234/1432/1090 
f 1201/1381/1057 1234/1432/1090 1202/1383/1058 
f 1202/1383/1058 1234/1432/1090 1235/1433/1091 
f 1202/1383/1058 1235/1433/1091 1203/1385/1059 
f 1203/1385/1059 1235/1433/1091 1236/1434/1092 
f 1203/1385/1059 1236/1434/1092 1204/1387/1060 
f 1204/1387/1060 1236/1434/1092 1237/1435/1093 
f 1204/1387/1060 1237/1435/1093 1205/1389/1061 
f 1205/1389/1061 1237/1435/1093 1238/1436/1094 
f 1205/1389/1061 1238/1436/1094 1206/1391/1062 
f 1206/1391/1062 1238/1436/1094 1239/1437/1095 
f 1206/1391/1062 1239/1437/1095 1207/1393/1063 
f 1207/1393/1063 1239/1437/1095 1240/1438/1096 
f 1207/1393/1063 1240/1438/1096 1208/1395/1064 
f 1208/1395/1064 1240/1438/1096 1241/1439/1097 
f 1208/1395/1064 1241/1439/1097 1209/1397/1065 
f 1209/1397/1065 1241/1439/1097 1242/1440/1098 
f 1209/1397/1065 1242/1440/1098 1210/1399/1066 
f 1210/1399/1066 1242/1440/1098 1243/1441/1099 
f 1210/1399/1066 1243/1441/1099 1211/1401/1067 
f 1211/1401/1067 1243/1441/1099 1244/1442/1100 
f 1211/1401/1067 1244/1442/1100 1212/1403/1068 
f 1212/1403/1068 1244/1442/1100 1245/1443/1101 
f 1212/1403/1068 1245/1443/1101 1213/1405/1069 
f 1213/1405/1069 1245/1443/1101 1246/1444/1102 
f 1213/1405/1069 1246/1444/1102 1214/1407/1070 
f 1214/1407/1070 1246/1444/1102 1247/1445/1103 
f 1214/1407/1070 1247/1445/1103 1215/1409/1071 
f 1215/1409/1071 1247/1445/1103 1248/1446/1104 
f 1215/1409/1071 1248/1446/1104 1216/1411/1072 
f 1216/1411/1072 1248/1446/1104 1249/1447/1105 
f 1216/1411/1072 1249/1447/1105 1217/1413/1073 
f 1217/1413/1073 1249/1447/1105 1218/1448/1074 
f 1217/1413/1073 1218/1448/1074 1186/1415/1042 
f 1218/1416/1074 1250/1449/1106 1251/1450/1107 
f 1218/1416/1074 1251/1450/1107 1219/1417/1075 
f 1219/1417/1075 1251/1450/1107 1252/1451/1108 
f 1219/1417/1075 1252/1451/1108 1220/1418/1076 
f 1220/1418/1076 1252/1451/1108 1253/1452/1109 
f 1220/1418/1076 1253/1452/1109 1221/1419/1077 
f 1221/1419/1077 1253/1452/1109 1254/1453/1110 
f 1221/1419/1077 1254/1453/1110 1222/1420/1078 
f 1222/1420/1078 1254/1453/1110 1255/1454/1111 
f 1222/1420/1078 1255/1454/1111 1223/1421/1079 
f 1223/1421/1079 1255/1454/1111 1256/1455/1112 
f 1223/1421/1079 1256/1455/1112 1224/1422/1080 
f 1224/1422/1080 1256/1455/1112 1257/1456/1113 
f 1224/1422/1080 1257/1456/1113 1225/1423/1081 
f 1225/1423/1081 1257/1456/1113 1258/1457/1114 
f 1225/1423/1081 1258/1457/1114 1226/1424/1082 
f 1226/1424/1082 1258/1457/1114 1259/1458/1115 
f 1226/1424/1082 1259/1458/1115 1227/1425/1083 
f 1227/1425/1083 1259/1458/1115 1260/1459/1116 
f 1227/1425/1083 1260/1459/1116 1228/1426/1084 
f 1228/1426/1084 1260/1459/1116 1261/1460/1117 
f 1228/1426/1084 1261/1460/1117 1229/1427/1085 
f 1229/1427/1085 1261/1460/1117 1262/1461/1118 
f 1229/1427/1085 1262/1461/1118 1230/1428/1086 
f 1230/1428/1086 1262/1461/1118 1263/1462/1119 
f 1230/1428/1086 1263/1462/1119 1231/1429/1087 
f 1231/1429/1087 1263/1462/1119 1264/1463/1120 
f 1231/1429/1087 1264/1463/1120 1232/1430/1088 
f 1232/1430/1088 1264/1463/1120 1265/1464/1121 
f 1232/1430/1088 1265/1464/1121 1233/1431/1089 
f 1233/1431/1089 1265/1464/1121 1266/1465/1122 
f 1233/1431/1089 1266/1465/1122 1234/1432/1090 
f 1234/1432/1090 1266/1465/1122 1267/1466/1123 
f 1234/1432/1090 1267/1466/1123 1235/1433/1091 
f 1235/1433/1091 1267/1466/1123 1268/1467/1124 
f 1235/1433/1091 1268/1467/1124 1236/1434/1092 
f 1236/1434/1092 1268/1467/1124 1269/1468/1125 
f 1236/1434/1092 1269/1468/1125 1237/1435/1093 
f 1237/1435/1093 1269/1468/1125 1270/1469/1126 
f 1237/1435/1093 1270/1469/1126 1238/1436/1094 
f 1238/1436/1094 1270/1469/1126 1271/1470/1127 
f 1238/1436/1094 1271/1470/1127 1239/1437/1095 
f 1239/1437/1095 1271/1470/1127 1272/1471/1128 
f 1239/1437/1095 1272/1471/1128 1240/1438/1096 
f 1240/1438/1096 1272/1471/1128 1273/1472/1129 
f 1240/1438/1096 1273/1472/1129 1241/1439/1097 
f 1241/1439/1097 1273/1472/1129 1274/1473/1130 
f 1241/1439/1097 1274/1473/1130 1242/1440/1098 
f 1242/1440/1098 1274/1473/1130 1275/1474/1131 
f 1242/1440/1098 1275/1474/1131 1243/1441/1099 
f 1243/1441/1099 1275/1474/1131 1276/1475/1132 
f 1243/1441/1099 1276/1475/1132 1244/1442/1100 
f 1244/1442/1100 1276/1475/1132 1277/1476/1133 
f 1244/1442/1100 1277/1476/1133 1245/1443/1101 
f 1245/1443/1101 1277/1476/1133 1278/1477/1134 
f 1245/1443/1101 1278/1477/1134 1246/1444/1102 
f 1246/1444/1102 1278/1477/1134 1279/1478/1135 
f 1246/1444/1102 1279/1478/1135 1247/1445/1103 
f 1247/1445/1103 1279/1478/1135 1280/1479/1136 
f 1247/1445/1103 1280/1479/1136 1248/1446/1104 
f 1248/1446/1104 1280/1479/1136 1281/1480/1137 
f 1248/1446/1104 1281/1480/1137 1249/1447/1105 
f 1249/1447/1105 1281/1480/1137 1250/1481/1106 
f 1249/1447/1105 1250/1481/1106 1218/1448/1074 
f 1250/1449/1106 1282/1482/1138 1283/1483/1139 
f 1250/1449/1106 1283/1483/1139 1251/1450/1107 
f 1251/1450/1107 1283/1483/1139 1284/1484/1140 
f 1251/1450/1107 1284/1484/1140 1252/1451/1108 
f 1252/1451/1108 1284/1484/1140 1285/1485/1141 
f 1252/1451/1108 1285/1485/1141 1253/1452/1109 
f 1253/1452/1109 1285/1485/1141 1286/1486/1142 
f 1253/1452/1109 1286/1486/1142 1254/1453/1110 
f 1254/1453/1110 1286/1486/1142 1287/1487/1143 
f 1254/1453/1110 1287/1487/1143 1255/1454/1111 
f 1255/1454/1111 1287/1487/1143 1288/1488/1144 
f 1255/1454/1111 1288/1488/1144 1256/1455/1112 
f 1256/1455/1112 1288/1488/1144 1289/1489/1145 
f 1256/1455/1112 1289/1489/1145 1257/1456/1113 
f 1257/1456/1113 1289/1489/1145 1290/1490/1146 
f 1257/1456/1113 1290/1490/1146 1258/1457/1114 
f 1258/1457/1114 1290/1490/1146 1291/1491/1147 
f 1258/1457/1114 1291/1491/1147 1259/1458/1115 
f 1259/1458/1115 1291/1491/1147 1292/1492/1148 
f 1259/1458/1115 1292/1492/1148 1260/1459/1116 
f 1260/1459/1116 1292/1492/1148 1293/1493/1149 
f 1260/1459/1116 1293/1493/1149 1261/1460/1117 
f 1261/1460/1117 1293/1493/1149 1294/1494/1150 
f 1261/1460/1117 1294/1494/1150 1262/1461/1118 
f 1262/1461/1118 1294/1494/1150 1295/1495/1151 
f 1262/1461/1118 1295/1495/1151 1263/1462/1119 
f 1263/1462/1119 1295/1495/1151 1296/1496/1152 
f 1263/1462/1119 1296/1496/1152 1264/1463/1120 
f 1264/1463/1120 1296/1496/1152 1297/1497/1153 
f 1264/1463/1120 1297/1497/1153 1265/1464/1121 
f 1265/1464/1121 1297/1497/1153 1298/1498/1154 
f 1265/1464/1121 1298/1498/1154 1266/1465/1122 
f 1266/1465/1122 1298/1498/1154 1299/1499/1155 
f 1266/1465/1122 1299/1499/1155 1267/1466/1123 
f 1267/1466/1123 1299/1499/1155 1300/1500/1156 
f 1267/1466/1123 1300/1500/1156 1268/1467/1124 
f 1268/1467/1124 1300/1500/1156 1301/1501/1157 
f 1268/1467/1124 1301/1501/1157 1269/1468/1125 
f 1269/1468/1125 1301/1501/1157 1302/1502/1158 
f 1269/1468/1125 1302/1502/1158 1270/1469/1126 
f 1270/1469/1126 1302/1502/1158 1303/1503/1159 
f 1270/1469/1126 1303/1503/1159 1271/1470/1127 
f 1271/1470/1127 1303/1503/1159 1304/1504/1160 
f 1271/1470/1127 1304/1504/1160 1272/1471/1128 
f 1272/1471/1128 1304/1504/1160 1305/1505/1161 
f 1272/1471/1128 1305/1505/1161 1273/1472/1129 
f 1273/1472/1129 1305/1505/1161 1306/1506/1162 
f 1273/1472/1129 1306/1506/1162 1274/1473/1130 
f 1274/1473/1130 1306/1506/1162 1307/1507/1163 
f 1274/1473/1130 1307/1507/1163 1275/1474/1131 
f 1275/1474/1131 1307/1507/1163 1308/1508/1164 
f 1275/1474/1131 1308/1508/1164 1276/1475/1132 
f 1276/1475/1132 1308/1508/1164 1309/1509/1165 
f 1276/1475/1132 1309/1509/1165 1277/1476/1133 
f 1277/1476/1133 1309/1509/1165 1310/1510/1166 
f 1277/1476/1133 1310/1510/1166 1278/1477/1134 
f 1278/1477/1134 1310/1510/1166 1311/1511/1167 
f 1278/1477/1134 1311/1511/1167 1279/1478/1135 
f 1279/1478/1135 1311/1511/1167 1312/1512/1168 
f 1279/1478/1135 1312/1512/1168 1280/1479/1136 
f 1280/1479/1136 1312/1512/1168 1313/1513/1169 
f 1280/1479/1136 1313/1513/1169 1281/1480/1137 
f 1281/1480/1137 1313/1513/1169 1282/1514/1138 
f 1281/1480/1137 1282/1514/1138 1250/1481/1106 
f 1282/1482/1138 1314/1515/1170 1315/1516/1171 
f 1282/1482/1138 1315/1516/1171 1283/1483/1139 
f 1283/1483/1139 1315/1516/1171 1316/1517/1172 
f 1283/1483/1139 1316/1517/1172 1284/1484/1140 
f 1284/1484/1140 1316/1517/1172 1317/1518/1173 
f 1284/1484/1140 1317/1518/1173 1285/1485/1141 
f 1285/1485/1141 1317/1518/1173 1318/1519/1174 
f 1285/1485/1141 1318/1519/1174 1286/1486/1142 
f 1286/1486/1142 1318/1519/1174 1319/1520/1175 
f 1286/1486/1142 1319/1520/1175 1287/1487/1143 
f 1287/1487/1143 1319/1520/1175 1320/1521/1176 
f 1287/1487/1143 1320/1521/1176 1288/1488/1144 
f 1288/1488/1144 1320/1521/1176 1321/1522/1177 
f 1288/1488/1144 1321/1522/1177 1289/1489/1145 
f 1289/1489/1145 1321/1522/1177 1322/1523/1178 
f 1289/1489/1145 1322/1523/1178 1290/1490/1146 
f 1290/1490/1146 1322/1523/1178 1323/1524/1179 
f 1290/1490/1146 1323/1524/1179 1291/1491/1147 
f 1291/1491/1147 1323/1524/1179 1324/1525/1180 
f 1291/1491/1147 1324/1525/1180 1292/1492/1148 
f 1292/1492/1148 1324/1525/1180 1325/1526/1181 
f 1292/1492/1148 1325/1526/1181 1293/1493/1149 
f 1293/1493/1149 1325/1526/1181 1326/1527/1182 
f 1293/1493/1149 1326/1527/1182 1294/1494/1150 
f 1294/1494/1150 1326/1527/1182 1327/1528/1183 
f 1294/1494/1150 1327/1528/1183 1295/1495/1151 
f 1295/1495/1151 1327/1528/1183 1328/1529/1184 
f 1295/1495/1151 1328/1529/1184 1296/1496/1152 
f 1296/1496/1152 1328/1529/1184 1329/1530/1185 
f 1296/1496/1152 1329/1530/1185 1297/1497/1153 
f 1297/1497/1153 1329/1530/1185 1330/1531/1186 
f 1297/1497/1153 1330/1531/1186 1298/1498/1154 
f 1298/1498/1154 1330/1531/1186 1331/1532/1187 
f 1298/1498/1154 1331/1532/1187 1299/1499/1155 
f 1299/1499/1155 1331/1532/1187 1332/1533/1188 
f 1299/1499/1155 1332/1533/1188 1300/1500/1156 
f 1300/1500/1156 1332/1533/1188 1333/1534/1189 
f 1300/1500/1156 1333/1534/1189 1301/1501/1157 
f 1301/1501/1157 1333/1534/1189 1334/1535/1190 
f 1301/1501/1157 1334/1535/1190 1302/1502/1158 
f 1302/1502/1158 1334/1535/1190 1335/1536/1191 
f 1302/1502/1158 1335/1536/1191 1303/1503/1159 
f 1303/1503/1159 1335/1536/1191 1336/1537/1192 
f 1303/1503/1159 1336/1537/1192 1304/1504/1160 
f 1304/1504/1160 1336/1537/1192 1337/1538/1193 
f 1304/1504/1160 1337/1538/1193 1305/1505/1161 
f 1305/1505/1161 1337/1538/1193 1338/1539/1194 
f 1305/1505/1161 1338/1539/1194 1306/1506/1162 
f 1306/1506/1162 1338/1539/1194 1339/1540/1195 
f 1306/1506/1162 1339/1540/1195 1307/1507/1163 
f 1307/1507/1163 1339/1540/1195 1340/1541/1196 
f 1307/1507/1163 1340/1541/1196 1308/1508/1164 
f 1308/1508/1164 1340/1541/1196 1341/1542/1197 
f 1308/1508/1164 1341/1542/1197 1309/1509/1165 
f 1309/1509/1165 1341/1542/1197 1342/1543/1198 
f 1309/1509/1165 1342/1543/1198 1310/1510/1166 
f 1310/1510/1166 1342/1543/1198 1343/1544/1199 
f 1310/1510/1166 1343/1544/1199 1311/1511/1167 
f 1311/1511/1167 1343/1544/1199 1344/1545/1200 
f 1311/1511/1167 1344/1545/1200 1312/1512/1168 
f 1312/1512/1168 1344/1545/1200 1345/1546/1201 
f 1312/1512/1168 1345/1546/1201 1313/1513/1169 
f 1313/1513/1169 1345/1546/1201 1314/1547/1170 
f 1313/1513/1169 1314/1547/1170 1282/1514/1138 
f 1314/1515/1170 1346/1548/1202 1347/1549/1203 
f 1314/1515/1170 1347/1549/1203 1315/1516/1171 
f 1315/1516/1171 1347/1549/1203 1348/1550/1204 
f 1315/1516/1171 1348/1550/1204 1316/1517/1172 
f 1316/1517/1172 1348/1550/1204 1349/1551/1205 
f 1316/1517/1172 1349/1551/1205 1317/1518/1173 
f 1317/1518/1173 1349/1551/1205 1350/1552/1206 
f 1317/1518/1173 1350/1552/1206 1318/1519/1174 
f 1318/1519/1174 1350/1552/1206 1351/1553/1207 
f 1318/1519/1174 1351/1553/1207 1319/1520/1175 
f 1319/1520/1175 1351/1553/1207 1352/1554/1208 
f 1319/1520/1175 1352/1554/1208 1320/1521/1176 
f 1320/1521/1176 1352/1554/1208 1353/1555/1209 
f 1320/1521/1176 1353/1555/1209 1321/1522/1177 
f 1321/1522/1177 1353/1555/1209 1354/1556/1210 
f 1321/1522/1177 1354/1556/1210 1322/1523/1178 
f 1322/1523/1178 1354/1556/1210 1355/1557/1211 
f 1322/1523/1178 1355/1557/1211 1323/1524/1179 
f 1323/1524/1179 1355/1557/1211 1356/1558/1212 
f 1323/1524/1179 1356/1558/1212 1324/1525/1180 
f 1324/1525/1180 1356/1558/1212 1357/1559/1213 
f 1324/1525/1180 1357/1559/1213 1325/1526/1181 
f 1325/1526/1181 1357/1559/1213 1358/1560/1214 
f 1325/1526/1181 1358/1560/1214 1326/1527/1182 
f 1326/1527/1182 1358/1560/1214 1359/1561/1215 
f 1326/1527/1182 1359/1561/1215 1327/1528/1183 
f 1327/1528/1183 1359/1561/1215 1360/1562/1216 
f 1327/1528/1183 1360/1562/1216 1328/1529/1184 
f 1328/1529/1184 1360/1562/1216 1361/1563/1217 
f 1328/1529/1184 1361/1563/1217 1329/1530/1185 
f 1329/1530/1185 1361/1563/1217 1362/1564/1218 
f 1329/1530/1185 1362/1564/1218 1330/1531/1186 
f 1330/1531/1186 1362/1564/1218 1363/1565/1219 
f 1330/1531/1186 1363/1565/1219 1331/1532/1187 
f 1331/1532/1187 1363/1565/1219 1364/1566/1220 
f 1331/1532/1187 1364/1566/1220 1332/1533/1188 
f 1332/1533/1188 1364/1566/1220 1365/1567/1221 
f 1332/1533/1188 1365/1567/1221 1333/1534/1189 
f 1333/1534/1189 1365/1567/1221 1366/1568/1222 
f 1333/1534/1189 1366/1568/1222 1334/1535/1190 
f 1334/1535/1190 1366/1568/1222 1367/1569/1223 
f 1334/1535/1190 1367/1569/1223 1335/1536/1191 
f 1335/1536/1191 1367/1569/1223 1368/1570/1224 
f 1335/1536/1191 1368/1570/1224 1336/1537/1192 
f 1336/1537/1192 1368/1570/1224 1369/1571/1225 
f 1336/1537/1192 1369/1571/1225 1337/1538/1193 
f 1337/1538/1193 1369/1571/1225 1370/1572/1226 
f 1337/1538/1193 1370/1572/1226 1338/1539/1194 
f 1338/1539/1194 1370/1572/1226 1371/1573/1227 
f 1338/1539/1194 1371/1573/1227 1339/1540/1195 
f 1339/1540/1195 1371/1573/1227 1372/1574/1228 
f 1339/1540/1195 1372/1574/1228 1340/1541/1196 
f 1340/1541/1196 1372/1574/1228 1373/1575/1229 
f 1340/1541/1196 1373/1575/1229 1341/1542/1197 
f 1341/1542/1197 1373/1575/1229 1374/1576/1230 
f 1341/1542/1197 1374/1576/1230 1342/1543/1198 
f 1342/1543/1198 1374/1576/1230 1375/1577/1231 
f 1342/1543/1198 1375/1577/1231 1343/1544/1199 
f 1343/1544/1199 1375/1577/1231 1376/1578/1232 
f 1343/1544/1199 1376/1578/1232 1344/1545/1200 
f 1344/1545/1200 1376/1578/1232 1377/1579/1233 
f 1344/1545/1200 1377/1579/1233 1345/1546/1201 
f 1345/1546/1201 1377/1579/1233 1346/1580/1202 
f 1345/1546/1201 1346/1580/1202 1314/1547/1170 
f 1346/1548/1202 1378/1581/1234 1379/1582/1235 
f 1346/1548/1202 1379/1582/1235 1347/1549/1203 
f 1347/1549/1203 1379/1582/1235 1380/1583/1236 
f 1347/1549/1203 1380/1583/1236 1348/1550/1204 
f 1348/1550/1204 1380/1583/1236 1381/1584/1237 
f 1348/1550/1204 1381/1584/1237 1349/1551/1205 
f 1349/1551/1205 1381/1584/1237 1382/1585/1238 
f 1349/1551/1205 1382/1585/1238 1350/1552/1206 
f 1350/1552/1206 1382/1585/1238 1383/1586/1239 
f 1350/1552/1206 1383/1586/1239 1351/1553/1207 
f 1351/1553/1207 1383/1586/1239 1384/1587/1240 
f 1351/1553/1207 1384/1587/1240 1352/1554/1208 
f 1352/1554/1208 1384/1587/1240 1385/1588/1241 
f 1352/1554/1208 1385/1588/1241 1353/1555/1209 
f 1353/1555/1209 1385/1588/1241 1386/1589/1242 
f 1353/1555/1209 1386/1589/1242 1354/1556/1210 
f 1354/1556/1210 1386/1589/1242 1387/1590/1243 
f 1354/1556/1210 1387/1590/1243 1355/1557/1211 
f 1355/1557/1211 1387/1590/1243 1388/1591/1244 
f 1355/1557/1211 1388/1591/1244 1356/1558/1212 
f 1356/1558/1212 1388/1591/1244 1389/1592/1245 
f 1356/1558/1212 1389/1592/1245 1357/1559/1213 
f 1357/1559/1213 1389/1592/1245 1390/1593/1246 
f 1357/1559/1213 1390/1593/1246 1358/1560/1214 
f 1358/1560/1214 1390/1593/1246 1391/1594/1247 
f 1358/1560/1214 1391/1594/1247 1359/1561/1215 
f 1359/1561/1215 1391/1594/1247 1392/1595/1248 
f 1359/1561/1215 1392/1595/1248 1360/1562/1216 
f 1360/1562/1216 1392/1595/1248 1393/1596/1249 
f 1360/1562/1216 1393/1596/1249 1361/1563/1217 
f 1361/1563/1217 1393/1596/1249 1394/1597/1250 
f 1361/1563/1217 1394/1597/1250 1362/1564/1218 
f 1362/1564/1218 1394/1597/1250 1395/1598/1251 
f 1362/1564/1218 1395/1598/1251 1363/1565/1219 
f 1363/1565/1219 1395/1598/1251 1396/1599/1252 
f 1363/1565/1219 1396/1599/1252 1364/1566/1220 
f 1364/1566/1220 1396/1599/1252 1397/1600/1253 
f 1364/1566/1220 1397/1600/1253 1365/1567/1221 
f 1365/1567/1221 1397/1600/1253 1398/1601/1254 
f 1365/1567/1221 1398/1601/1254 1366/1568/1222 
f 1366/1568/1222 1398/1601/1254 1399/1602/1255 
f 1366/1568/1222 1399/1602/1255 1367/1569/1223 
f 1367/1569/1223 1399/1602/1255 1400/1603/1256 
f 1367/1569/1223 1400/1603/1256 1368/1570/1224 
f 1368/1570/1224 1400/1603/1256 1401/1604/1257 
f 1368/1570/1224 1401/1604/1257 1369/1571/1225 
f 1369/1571/1225 1401/1604/1257 1402/1605/1258 
f 1369/1571/1225 1402/1605/1258 1370/1572/1226 
f 1370/1572/1226 1402/1605/1258 1403/1606/1259 
f 1370/1572/1226 1403/1606/1259 1371/1573/1227 
f 1371/1573/1227 1403/1606/1259 1404/1607/1260 
f 1371/1573/1227 1404/1607/1260 1372/1574/1228 
f 1372/1574/1228 1404/1607/1260 1405/1608/1261 
f 1372/1574/1228 1405/1608/1261 1373/1575/1229 
f 1373/1575/1229 1405/1608/1261 1406/1609/1262 
f 1373/1575/1229 1406/1609/1262 1374/1576/1230 
f 1374/1576/1230 1406/1609/1262 1407/1610/1263 
f 1374/1576/1230 1407/1610/1263 1375/1577/1231 
f 1375/1577/1231 1407/1610/1263 1408/1611/1264 
f 1375/1577/1231 1408/1611/1264 1376/1578/1232 
f 1376/1578/1232 1408/1611/1264 1409/1612/1265 
f 1376/1578/1232 1409/1612/1265 1377/1579/1233 
f 1377/1579/1233 1409/1612/1265 1378/1613/1234 
f 1377/1579/1233 1378/1613/1234 1346/1580/1202 
f 1378/1581/1234 1410/1614/1266 1411/1615/1267 
f 1378/1581/1234 1411/1615/1267 1379/1582/1235 
f 1379/1582/1235 1411/1615/1267 1412/1616/1268 
f 1379/1582/1235 1412/1616/1268 1380/1583/1236 
f 1380/1583/1236 1412/1616/1268 1413/1617/1269 
f 1380/1583/1236 1413/1617/1269 1381/1584/1237 
f 1381/1584/1237 1413/1617/1269 1414/1618/1270 
f 1381/1584/1237 1414/1618/1270 1382/1585/1238 
f 1382/1585/1238 1414/1618/1270 1415/1619/1271 
f 1382/1585/1238 1415/1619/1271 1383/1586/1239 
f 1383/1586/1239 1415/1619/1271 1416/1620/1272 
f 1383/1586/1239 1416/1620/1272 1384/1587/1240 
f 1384/1587/1240 1416/1620/1272 1417/1621/1273 
f 1384/1587/1240 1417/1621/1273 1385/1588/1241 
f 1385/1588/1241 1417/1621/1273 1418/1622/1274 
f 1385/1588/1241 1418/1622/1274 1386/1589/1242 
f 1386/1589/1242 1418/1622/1274 1419/1623/1275 
f 1386/1589/1242 1419/1623/1275 1387/1590/1243 
f 1387/1590/1243 1419/1623/1275 1420/1624/1276 
f 1387/1590/1243 1420/1624/1276 1388/1591/1244 
f 1388/1591/1244 1420/1624/1276 1421/1625/1277 
f 1388/1591/1244 1421/1625/1277 1389/1592/1245 
f 1389/1592/1245 1421/1625/1277 1422/1626/1278 
f 1389/1592/1245 1422/1626/1278 1390/1593/1246 
f 1390/1593/1246 1422/1626/1278 1423/1627/1279 
f 1390/1593/1246 1423/1627/1279 1391/1594/1247 
f 1391/1594/1247 1423/1627/1279 1424/1628/1280 
f 1391/1594/1247 1424/1628/1280 1392/1595/1248 
f 1392/1595/1248 1424/1628/1280 1425/1629/1281 
f 1392/1595/1248 1425/1629/1281 1393/1596/1249 
f 1393/1596/1249 1425/1629/1281 1426/1630/1282 
f 1393/1596/1249 1426/1630/1282 1394/1597/1250 
f 1394/1597/1250 1426/1630/1282 1427/1631/1283 
f 1394/1597/1250 1427/1631/1283 1395/1598/1251 
f 1395/1598/1251 1427/1631/1283 1428/1632/1284 
f 1395/1598/1251 1428/1632/1284 1396/1599/1252 
f 1396/1599/1252 1428/1632/1284 1429/1633/1285 
f 1396/1599/1252 1429/1633/1285 1397/1600/1253 
f 1397/1600/1253 1429/1633/1285 1430/1634/1286 
f 1397/1600/1253 1430/1634/1286 1398/1601/1254 
f 1398/1601/1254 1430/1634/1286 1431/1635/1287 
f 1398/1601/1254 1431/1635/1287 1399/1602/1255 
f 1399/1602/1255 1431/1635/1287 1432/1636/1288 
f 1399/1602/1255 1432/1636/1288 1400/1603/1256 
f 1400/1603/1256 1432/1636/1288 1433/1637/1289 
f 1400/1603/1256 1433/1637/1289 1401/1604/1257 
f 1401/1604/1257 1433/1637/1289 1434/1638/1290 
f 1401/1604/1257 1434/1638/1290 1402/1605/1258 
f 1402/1605/1258 1434/1638/1290 1435/1639/1291 
f 1402/1605/1258 1435/1639/1291 1403/1606/1259 
f 1403/1606/1259 1435/1639/1291 1436/1640/1292 
f 1403/1606/1259 1436/1640/1292 1404/1607/1260 
f 1404/1607/1260 1436/1640/1292 1437/1641/1293 
f 1404/1607/1260 1437/1641/1293 1405/1608/1261 
f 1405/1608/1261 1437/1641/1293 1438/1642/1294 
f 1405/1608/1261 1438/1642/1294 1406/1609/1262 
f 1406/1609/1262 1438/1642/1294 1439/1643/1295 
f 1406/1609/1262 1439/1643/1295 1407/1610/1263 
f 1407/1610/1263 1439/1643/1295 1440/1644/1296 
f 1407/1610/1263 1440/1644/1296 1408/1611/1264 
f 1408/1611/1264 1440/1644/1296 1441/1645/1297 
f 1408/1611/1264 1441/1645/1297 1409/1612/1265 
f 1409/1612/1265 1441/1645/1297 1410/1646/1266 
f 1409/1612/1265 1410/1646/1266 1378/1613/1234 
f 1410/1614/1266 1442/1647/1298 1443/1648/1299 
f 1410/1614/1266 1443/1648/1299 1411/1615/1267 
f 1411/1615/1267 1443/1648/1299 1444/1649/1300 
f 1411/1615/1267 1444/1649/1300 1412/1616/1268 
f 1412/1616/1268 1444/1649/1300 1445/1650/1301 
f 1412/1616/1268 1445/1650/1301 1413/1617/1269 
f 1413/1617/1269 1445/1650/1301 1446/1651/1302 
f 1413/1617/1269 1446/1651/1302 1414/1618/1270 
f 1414/1618/1270 1446/1651/1302 1447/1652/1303 
f 1414/1618/1270 1447/1652/1303 1415/1619/1271 
f 1415/1619/1271 1447/1652/1303 1448/1653/1304 
f 1415/1619/1271 1448/1653/1304 1416/1620/1272 
f 1416/1620/1272 1448/1653/1304 1449/1654/1305 
f 1416/1620/1272 1449/1654/1305 1417/1621/1273 
f 1417/1621/1273 1449/1654/1305 1450/1655/1306 
f 1417/1621/1273 1450/1655/1306 1418/1622/1274 
f 1418/1622/1274 1450/1655/1306 1451/1656/1307 
f 1418/1622/1274 1451/1656/1307 1419/1623/1275 
f 1419/1623/1275 1451/1656/1307 1452/1657/1308 
f 1419/1623/1275 1452/1657/1308 1420/1624/1276 
f 1420/1624/1276 1452/1657/1308 1453/1658/1309 
f 1420/1624/1276 1453/1658/1309 1421/1625/1277 
f 1421/1625/1277 1453/1658/1309 1454/1659/1310 
f 1421/1625/1277 1454/1659/1310 1422/1626/1278 
f 1422/1626/1278 1454/1659/1310 1455/1660/1311 
f 1422/1626/1278 1455/1660/1311 1423/1627/1279 
f 1423/1627/1279 1455/1660/1311 1456/1661/1312 
f 1423/1627/1279 1456/1661/1312 1424/1628/1280 
f 1424/1628/1280 1456/1661/1312 1457/1662/1313 
f 1424/1628/1280 1457/1662/1313 1425/1629/1281 
f 1425/1629/1281 1457/1662/1313 1458/1663/1314 
f 1425/1629/1281 1458/1663/1314 1426/1630/1282 
f 1426/1630/1282 1458/1663/1314 1459/1664/1315 
f 1426/1630/1282 1459/1664/1315 1427/1631/1283 
f 1427/1631/1283 1459/1664/1315 1460/1665/1316 
f 1427/1631/1283 1460/1665/1316 1428/1632/1284 
f 1428/1632/1284 1460/1665/1316 1461/1666/1317 
f 1428/1632/1284 1461/1666/1317 1429/1633/1285 
f 1429/1633/1285 1461/1666/1317 1462/1667/1318 
f 1429/1633/1285 1462/1667/1318 1430/1634/1286 
f 1430/1634/1286 1462/1667/1318 1463/1668/1319 
f 1430/1634/1286 1463/1668/1319 1431/1635/1287 
f 1431/1635/1287 1463/1668/1319 1464/1669/1320 
f 1431/1635/1287 1464/1669/1320 1432/1636/1288 
f 1432/1636/1288 1464/1669/1320 1465/1670/1321 
f 1432/1636/1288 1465/1670/1321 1433/1637/1289 
f 1433/1637/1289 1465/1670/1321 1466/1671/1322 
f 1433/1637/1289 1466/1671/1322 1434/1638/1290 
f 1434/1638/1290 1466/1671/1322 1467/1672/1323 
f 1434/1638/1290 1467/1672/1323 1435/1639/1291 
f 1435/1639/1291 1467/1672/1323 1468/1673/1324 
f 1435/1639/1291 1468/1673/1324 1436/1640/1292 
f 1436/1640/1292 1468/1673/1324 1469/1674/1325 
f 1436/1640/1292 1469/1674/1325 1437/1641/1293 
f 1437/1641/1293 1469/1674/1325 1470/1675/1326 
f 1437/1641/1293 1470/1675/1326 1438/1642/1294 
f 1438/1642/1294 1470/1675/1326 1471/1676/1327 
f 1438/1642/1294 1471/1676/1327 1439/1643/1295 
f 1439/1643/1295 1471/1676/1327 1472/1677/1328 
f 1439/1643/1295 1472/1677/1328 1440/1644/1296 
f 1440/1644/1296 1472/1677/1328 1473/1678/1329 
f 1440/1644/1296 1473/1678/1329 1441/1645/1297 
f 1441/1645/1297 1473/1678/1329 1442/1679/1298 
f 1441/1645/1297 1442/1679/1298 1410/1646/1266 
f 1442/1647/1298 1474/1680/1330 1475/1681/1331 
f 1442/1647/1298 1475/1681/1331 1443/1648/1299 
f 1443/1648/1299 1475/1681/1331 1476/1682/1332 
f 1443/1648/1299 1476/1682/1332 1444/1649/1300 
f 1444/1649/1300 1476/1682/1332 1477/1683/1333 
f 1444/1649/1300 1477/1683/1333 1445/1650/1301 
f 1445/1650/1301 1477/1683/1333 1478/1684/1334 
f 1445/1650/1301 1478/1684/1334 1446/1651/1302 
f 1446/1651/1302 1478/1684/1334 1479/1685/1335 
f 1446/1651/1302 1479/1685/1335 1447/1652/1303 
f 1447/1652/1303 1479/1685/1335 1480/1686/1336 
f 1447/1652/1303 1480/1686/1336 1448/1653/1304 
f 1448/1653/1304 1480/1686/1336 1481/1687/1337 
f 1448/1653/1304 1481/1687/1337 1449/1654/1305 
f 1449/1654/1305 1481/1687/1337 1482/1688/1338 
f 1449/1654/1305 1482/1688/1338 1450/1655/1306 
f 1450/1655/1306 1482/1688/1338 1483/1689/1339 
f 1450/1655/1306 1483/1689/1339 1451/1656/1307 
f 1451/1656/1307 1483/1689/1339 1484/1690/1340 
f 1451/1656/1307 1484/1690/1340 1452/1657/1308 
f 1452/1657/1308 1484/1690/1340 1485/1691/1341 
f 1452/1657/1308 1485/1691/1341 1453/1658/1309 
f 1453/1658/1309 1485/1691/1341 1486/1692/1342 
f 1453/1658/1309 1486/1692/1342 1454/1659/1310 
f 1454/1659/1310 1486/1692/1342 1487/1693/1343 
f 1454/1659/1310 1487/1693/1343 1455/1660/1311 
f 1455/1660/1311 1487/1693/1343 1488/1694/1344 
f 1455/1660/1311 1488/1694/1344 1456/1661/1312 
f 1456/1661/1312 1488/1694/1344 1489/1695/1345 
f 1456/1661/1312 1489/1695/1345 1457/1662/1313 
f 1457/1662/1313 1489/1695/1345 1490/1696/1346 
f 1457/1662/1313 1490/1696/1346 1458/1663/1314 
f 1458/1663/1314 1490/1696/1346 1491/1697/1347 
f 1458/1663/1314 1491/1697/1347 1459/1664/1315 
f 1459/1664/1315 1491/1697/1347 1492/1698/1348 
f 1459/1664/1315 1492/1698/1348 1460/1665/1316 
f 1460/1665/1316 1492/1698/1348 1493/1699/1349 
f 1460/1665/1316 1493/1699/1349 1461/1666/1317 
f 1461/1666/1317 1493/1699/1349 1494/1700/1350 
f 1461/1666/1317 1494/1700/1350 1462/1667/1318 
f 1462/1667/1318 1494/1700/1350 1495/1701/1351 
f 1462/1667/1318 1495/1701/1351 1463/1668/1319 
f 1463/1668/1319 1495/1701/1351 1496/1702/1352 
f 1463/1668/1319 1496/1702/1352 1464/1669/1320 
f 1464/1669/1320 1496/1702/1352 1497/1703/1353 
f 1464/1669/1320 1497/1703/1353 1465/1670/1321 
f 1465/1670/1321 1497/1703/1353 1498/1704/1354 
f 1465/1670/1321 1498/1704/1354 1466/1671/1322 
f 1466/1671/1322 1498/1704/1354 1499/1705/1355 
f 1466/1671/1322 1499/1705/1355 1467/1672/1323 
f 1467/1672/1323 1499/1705/1355 1500/1706/1356 
f 1467/1672/1323 1500/1706/1356 1468/1673/1324 
f 1468/1673/1324 1500/1706/1356 1501/1707/1357 
f 1468/1673/1324 1501/1707/1357 1469/1674/1325 
f 1469/1674/1325 1501/1707/1357 1502/1708/1358 
f 1469/1674/1325 1502/1708/1358 1470/1675/1326 
f 1470/1675/1326 1502/1708/1358 1503/1709/1359 
f 1470/1675/1326 1503/1709/1359 1471/1676/1327 
f 1471/1676/1327 1503/1709/1359 1504/1710/1360 
f 1471/1676/1327 1504/1710/1360 1472/1677/1328 
f 1472/1677/1328 1504/1710/1360 1505/1711/1361 
f 1472/1677/1328 1505/1711/1361 1473/1678/1329 
f 1473/1678/1329 1505/1711/1361 1474/1712/1330 
f 1473/1678/1329 1474/1712/1330 1442/1679/1298 
f 1474/1680/1330 1506/1713/1362 1507/1714/1363 
f 1474/1680/1330 1507/1714/1363 1475/1681/1331 
f 1475/1681/1331 1507/1714/1363 1508/1715/1364 
f 1475/1681/1331 1508/1715/1364 1476/1682/1332 
f 1476/1682/1332 1508/1715/1364 1509/1716/1365 
f 1476/1682/1332 1509/1716/1365 1477/1683/1333 
f 1477/1683/1333 1509/1716/1365 1510/1717/1366 
f 1477/1683/1333 1510/1717/1366 1478/1684/1334 
f 1478/1684/1334 1510/1717/1366 1511/1718/1367 
f 1478/1684/1334 1511/1718/1367 1479/1685/1335 
f 1479/1685/1335 1511/1718/1367 1512/1719/1368 
f 1479/1685/1335 1512/1719/1368 1480/1686/1336 
f 1480/1686/1336 1512/1719/1368 1513/1720/1369 
f 1480/1686/1336 1513/1720/1369 1481/1687/1337 
f 1481/1687/1337 1513/1720/1369 1514/1721/1370 
f 1481/1687/1337 1514/1721/1370 1482/1688/1338 
f 1482/1688/1338 1514/1721/1370 1515/1722/1371 
f 1482/1688/1338 1515/1722/1371 1483/1689/1339 
f 1483/1689/1339 1515/1722/1371 1516/1723/1372 
f 1483/1689/1339 1516/1723/1372 1484/1690/1340 
f 1484/1690/1340 1516/1723/1372 1517/1724/1373 
f 1484/1690/1340 1517/1724/1373 1485/1691/1341 
f 1485/1691/1341 1517/1724/1373 1518/1725/1374 
f 1485/1691/1341 1518/1725/1374 1486/1692/1342 
f 1486/1692/1342 1518/1725/1374 1519/1726/1375 
f 1486/1692/1342 1519/1726/1375 1487/1693/1343 
f 1487/1693/1343 1519/1726/1375 1520/1727/1376 
f 1487/1693/1343 1520/1727/1376 1488/1694/1344 
f 1488/1694/1344 1520/1727/1376 1521/1728/1377 
f 1488/1694/1344 1521/1728/1377 1489/1695/1345 
f 1489/1695/1345 1521/1728/1377 1522/1729/1378 
f 1489/1695/1345 1522/1729/1378 1490/1696/1346 
f 1490/1696/1346 1522/1729/1378 1523/1730/1379 
f 1490/1696/1346 1523/1730/1379 1491/1697/1347 
f 1491/1697/1347 1523/1730/1379 1524/1731/1380 
f 1491/1697/1347 1524/1731/1380 1492/1698/1348 
f 1492/1698/1348 1524/1731/1380 1525/1732/1381 
f 1492/1698/1348 1525/1732/1381 1493/1699/1349 
f 1493/1699/1349 1525/1732/1381 1526/1733/1382 
f 1493/1699/1349 1526/1733/1382 1494/1700/1350 
f 1494/1700/1350 1526/1733/1382 1527/1734/1383 
f 1494/1700/1350 1527/1734/1383 1495/1701/1351 
f 1495/1701/1351 1527/1734/1383 1528/1735/1384 
f 1495/1701/1351 1528/1735/1384 1496/1702/1352 
f 1496/1702/1352 1528/1735/1384 1529/1736/1385 
f 1496/1702/1352 1529/1736/1385 1497/1703/1353 
f 1497/1703/1353 1529/1736/1385 1530/1737/1386 
f 1497/1703/1353 1530/1737/1386 1498/1704/1354 
f 1498/1704/1354 1530/1737/1386 1531/1738/1387 
f 1498/1704/1354 1531/1738/1387 1499/1705/1355 
f 1499/1705/1355 1531/1738/1387 1532/1739/1388 
f 1499/1705/1355 1532/1739/1388 1500/1706/1356 
f 1500/1706/1356 1532/1739/1388 1533/1740/1389 
f 1500/1706/1356 1533/1740/1389 1501/1707/1357 
f 1501/1707/1357 1533/1740/1389 1534/1741/1390 
f 1501/1707/1357 1534/1741/1390 1502/1708/1358 
f 1502/1708/1358 1534/1741/1390 1535/1742/1391 
f 1502/1708/1358 1535/1742/1391 1503/1709/1359 
f 1503/1709/1359 1535/1742/1391 1536/1743/1392 
f 1503/1709/1359 1536/1743/1392 1504/1710/1360 
f 1504/1710/1360 1536/1743/1392 1537/1744/1393 
f 1504/1710/1360 1537/1744/1393 1505/1711/1361 
f 1505/1711/1361 1537/1744/1393 1506/1745/1362 
f 1505/1711/1361 1506/1745/1362 1474/1712/1330 
f 1506/1713/1362 1538/1746/1394 1539/1747/1395 
f 1506/1713/1362 1539/1747/1395 1507/1714/1363 
f 1507/1714/1363 1539/1747/1395 1540/1748/1396 
f 1507/1714/1363 1540/1748/1396 1508/1715/1364 
f 1508/1715/1364 1540/1748/1396 1541/1749/1397 
f 1508/1715/1364 1541/1749/1397 1509/1716/1365 
f 1509/1716/1365 1541/1749/1397 1542/1750/1398 
f 1509/1716/1365 1542/1750/1398 1510/1717/1366 
f 1510/1717/1366 1542/1750/1398 1543/1751/1399 
f 1510/1717/1366 1543/1751/1399 1511/1718/1367 
f 1511/1718/1367 1543/1751/1399 1544/1752/1400 
f 1511/1718/1367 1544/1752/1400 1512/1719/1368 
f 1512/1719/1368 1544/1752/1400 1545/1753/1401 
f 1512/1719/1368 1545/1753/1401 1513/1720/1369 
f 1513/1720/1369 1545/1753/1401 1546/1754/1402 
f 1513/1720/1369 1546/1754/1402 1514/1721/1370 
f 1514/1721/1370 1546/1754/1402 1547/1755/1403 
f 1514/1721/1370 1547/1755/1403 1515/1722/1371 
f 1515/1722/1371 1547/1755/1403 1548/1756/1404 
f 1515/1722/1371 1548/1756/1404 1516/1723/1372 
f 1516/1723/1372 1548/1756/1404 1549/1757/1405 
f 1516/1723/1372 1549/1757/1405 1517/1724/1373 
f 1517/1724/1373 1549/1757/1405 1550/1758/1406 
f 1517/1724/1373 1550/1758/1406 1518/1725/1374 
f 1518/1725/1374 1550/1758/1406 1551/1759/1407 
f 1518/1725/1374 1551/1759/1407 1519/1726/1375 
f 1519/1726/1375 1551/1759/1407 1552/1760/1408 
f 1519/1726/1375 1552/1760/1408 1520/1727/1376 
f 1520/1727/1376 1552/1760/1408 1553/1761/1409 
f 1520/1727/1376 1553/1761/1409 1521/1728/1377 
f 1521/1728/1377 1553/1761/1409 1554/1762/1410 
f 1521/1728/1377 1554/1762/1410 1522/1729/1378 
f 1522/1729/1378 1554/1762/1410 1555/1763/1411 
f 1522/1729/1378 1555/1763/1411 1523/1730/1379 
f 1523/1730/1379 1555/1763/1411 1556/1764/1412 
f 1523/1730/1379 1556/1764/1412 1524/1731/1380 
f 1524/1731/1380 1556/1764/1412 1557/1765/1413 
f 1524/1731/1380 1557/1765/1413 1525/1732/1381 
f 1525/1732/1381 1557/1765/1413 1558/1766/1414 
f 1525/1732/1381 1558/1766/1414 1526/1733/1382 
f 1526/1733/1382 1558/1766/1414 1559/1767/1415 
f 1526/1733/1382 1559/1767/1415 1527/1734/1383 
f 1527/1734/1383 1559/1767/1415 1560/1768/1416 
f 1527/1734/1383 1560/1768/1416 1528/1735/1384 
f 1528/1735/1384 1560/1768/1416 1561/1769/1417 
f 1528/1735/1384 1561/1769/1417 1529/1736/1385 
f 1529/1736/1385 1561/1769/1417 1562/1770/1418 
f 1529/1736/1385 1562/1770/1418 1530/1737/1386 
f 1530/1737/1386 1562/1770/1418 1563/1771/1419 
f 1530/1737/1386 1563/1771/1419 1531/1738/1387 
f 1531/1738/1387 1563/1771/1419 1564/1772/1420 
f 1531/1738/1387 1564/1772/1420 1532/1739/1388 
f 1532/1739/1388 1564/1772/1420 1565/1773/1421 
f 1532/1739/1388 1565/1773/1421 1533/1740/1389 
f 1533/1740/1389 1565/1773/1421 1566/1774/1422 
f 1533/1740/1389 1566/1774/1422 1534/1741/1390 
f 1534/1741/1390 1566/1774/1422 1567/1775/1423 
f 1534/1741/1390 1567/1775/1423 1535/1742/1391 
f 1535/1742/1391 1567/1775/1423 1568/1776/1424 
f 1535/1742/1391 1568/1776/1424 1536/1743/1392 
f 1536/1743/1392 1568/1776/1424 1569/1777/1425 
f 1536/1743/1392 1569/1777/1425 1537/1744/1393 
f 1537/1744/1393 1569/1777/1425 1538/1778/1394 
f 1537/1744/1393 1538/1778/1394 1506/1745/1362 
f 1538/1746/1394 1570/1779/1426 1571/1780/1427 
f 1538/1746/1394 1571/1780/1427 1539/1747/1395 
f 1539/1747/1395 1571/1780/1427 1572/1781/1428 
f 1539/1747/1395 1572/1781/1428 1540/1748/1396 
f 1540/1748/1396 1572/1781/1428 1573/1782/1429 
f 1540/1748/1396 1573/1782/1429 1541/1749/1397 
f 1541/1749/1397 1573/1782/1429 1574/1783/1430 
f 1541/1749/1397 1574/1783/1430 1542/1750/1398 
f 1542/1750/1398 1574/1783/1430 1575/1784/1431 
f 1542/1750/1398 1575/1784/1431 1543/1751/1399 
f 1543/1751/1399 1575/1784/1431 1576/1785/1432 
f 1543/1751/1399 1576/1785/1432 1544/1752/1400 
f 1544/1752/1400 1576/1785/1432 1577/1786/1433 
f 1544/1752/1400 1577/1786/1433 1545/1753/1401 
f 1545/1753/1401 1577/1786/1433 1578/1787/1434 
f 1545/1753/1401 1578/1787/1434 1546/1754/1402 
f 1546/1754/1402 1578/1787/1434 1579/1788/1435 
f 1546/1754/1402 1579/1788/1435 1547/1755/1403 
f 1547/1755/1403 1579/1788/1435 1580/1789/1436 
f 1547/1755/1403 1580/1789/1436 1548/1756/1404 
f 1548/1756/1404 1580/1789/1436 1581/1790/1437 
f 1548/1756/1404 1581/1790/1437 1549/1757/1405 
f 1549/1757/1405 1581/1790/1437 1582/1791/1438 
f 1549/1757/1405 1582/1791/1438 1550/1758/1406 
f 1550/1758/1406 1582/1791/1438 1583/1792/1439 
f 1550/1758/1406 1583/1792/1439 1551/1759/1407 
f 1551/1759/1407 1583/1792/1439 1584/1793/1440 
f 1551/1759/1407 1584/1793/1440 1552/1760/1408 
f 1552/1760/1408 1584/1793/1440 1585/1794/1441 
f 1552/1760/1408 1585/1794/1441 1553/1761/1409 
f 1553/1761/1409 1585/1794/1441 1586/1795/1442 
f 1553/1761/1409 1586/1795/1442 1554/1762/1410 
f 1554/1762/1410 1586/1795/1442 1587/1796/1443 
f 1554/1762/1410 1587/1796/1443 1555/1763/1411 
f 1555/1763/1411 1587/1796/1443 1588/1797/1444 
f 1555/1763/1411 1588/1797/1444 1556/1764/1412 
f 1556/1764/1412 1588/1797/1444 1589/1798/1445 
f 1556/1764/1412 1589/1798/1445 1557/1765/1413 
f 1557/1765/1413 1589/1798/1445 1590/1799/1446 
f 1557/1765/1413 1590/1799/1446 1558/1766/1414 
f 1558/1766/1414 1590/1799/1446 1591/1800/1447 
f 1558/1766/1414 1591/1800/1447 1559/1767/1415 
f 1559/1767/1415 1591/1800/1447 1592/1801/1448 
f 1559/1767/1415 1592/1801/1448 1560/1768/1416 
f 1560/1768/1416 1592/1801/1448 1593/1802/1449 
f 1560/1768/1416 1593/1802/1449 1561/1769/1417 
f 1561/1769/1417 1593/1802/1449 1594/1803/1450 
f 1561/1769/1417 1594/1803/1450 1562/1770/1418 
f 1562/1770/1418 1594/1803/1450 1595/1804/1451 
f 1562/1770/1418 1595/1804/1451 1563/1771/1419 
f 1563/1771/1419 1595/1804/1451 1596/1805/1452 
f 1563/1771/1419 1596/1805/1452 1564/1772/1420 
f 1564/1772/1420 1596/1805/1452 1597/1806/1453 
f 1564/1772/1420 1597/1806/1453 1565/1773/1421 
f 1565/1773/1421 1597/1806/1453 1598/1807/1454 
f 1565/1773/1421 1598/1807/1454 1566/1774/1422 
f 1566/1774/1422 1598/1807/1454 1599/1808/1455 
f 1566/1774/1422 1599/1808/1455 1567/1775/1423 
f 1567/1775/1423 1599/1808/1455 1600/1809/1456 
f 1567/1775/1423 1600/1809/1456 1568/1776/1424 
f 1568/1776/1424 1600/1809/1456 1601/1810/1457 
f 1568/1776/1424 1601/1810/1457 1569/1777/1425 
f 1569/1777/1425 1601/1810/1457 1570/1811/1426 
f 1569/1777/1425 1570/1811/1426 1538/1778/1394 
f 1570/1779/1426 1602/1812/1458 1603/1813/1459 
f 1570/1779/1426 1603/1813/1459 1571/1780/1427 
f 1571/1780/1427 1603/1813/1459 1604/1814/1460 
f 1571/1780/1427 1604/1814/1460 1572/1781/1428 
f 1572/1781/1428 1604/1814/1460 1605/1815/1461 
f 1572/1781/1428 1605/1815/1461 1573/1782/1429 
f 1573/1782/1429 1605/1815/1461 1606/1816/1462 
f 1573/1782/1429 1606/1816/1462 1574/1783/1430 
f 1574/1783/1430 1606/1816/1462 1607/1817/1463 
f 1574/1783/1430 1607/1817/1463 1575/1784/1431 
f 1575/1784/1431 1607/1817/1463 1608/1818/1464 
f 1575/1784/1431 1608/1818/1464 1576/1785/1432 
f 1576/1785/1432 1608/1818/1464 1609/1819/1465 
f 1576/1785/1432 1609/1819/1465 1577/1786/1433 
f 1577/1786/1433 1609/1819/1465 1610/1820/1466 
f 1577/1786/1433 1610/1820/1466 1578/1787/1434 
f 1578/1787/1434 1610/1820/1466 1611/1821/1467 
f 1578/1787/1434 1611/1821/1467 1579/1788/1435 
f 1579/1788/1435 1611/1821/1467 1612/1822/1468 
f 1579/1788/1435 1612/1822/1468 1580/1789/1436 
f 1580/1789/1436 1612/1822/1468 1613/1823/1469 
f 1580/1789/1436 1613/1823/1469 1581/1790/1437 
f 1581/1790/1437 1613/1823/1469 1614/1824/1470 
f 1581/1790/1437 1614/1824/1470 1582/1791/1438 
f 1582/1791/1438 1614/1824/1470 1615/1825/1471 
f 1582/1791/1438 1615/1825/1471 1583/1792/1439 
f 1583/1792/1439 1615/1825/1471 1616/1826/1472 
f 1583/1792/1439 1616/1826/1472 1584/1793/1440 
f 1584/1793/1440 1616/1826/1472 1617/1827/1473 
f 1584/1793/1440 1617/1827/1473 1585/1794/1441 
f 1585/1794/1441 1617/1827/1473 1618/1828/1474 
f 1585/1794/1441 1618/1828/1474 1586/1795/1442 
f 1586/1795/1442 1618/1828/1474 1619/1829/1475 
f 1586/1795/1442 1619/1829/1475 1587/1796/1443 
f 1587/1796/1443 1619/1829/1475 1620/1830/1476 
f 1587/1796/1443 1620/1830/1476 1588/1797/1444 
f 1588/1797/1444 1620/1830/1476 1621/1831/1477 
f 1588/1797/1444 1621/1831/1477 1589/1798/1445 
f 1589/1798/1445 1621/1831/1477 1622/1832/1478 
f 1589/1798/1445 1622/1832/1478 1590/1799/1446 
f 1590/1799/1446 1622/1832/1478 1623/1833/1479 
f 1590/1799/1446 1623/1833/1479 1591/1800/1447 
f 1591/1800/1447 1623/1833/1479 1624/1834/1480 
f 1591/1800/1447 1624/1834/1480 1592/1801/1448 
f 1592/1801/1448 1624/1834/1480 1625/1835/1481 
f 1592/1801/1448 1625/1835/1481 1593/1802/1449 
f 1593/1802/1449 1625/1835/1481 1626/1836/1482 
f 1593/1802/1449 1626/1836/1482 1594/1803/1450 
f 1594/1803/1450 1626/1836/1482 1627/1837/1483 
f 1594/1803/1450 1627/1837/1483 1595/1804/1451 
f 1595/1804/1451 1627/1837/1483 1628/1838/1484 
f 1595/1804/1451 1628/1838/1484 1596/1805/1452 
f 1596/1805/1452 1628/1838/1484 1629/1839/1485 
f 1596/1805/1452 1629/1839/1485 1597/1806/1453 
f 1597/1806/1453 1629/1839/1485 1630/1840/1486 
f 1597/1806/1453 1630/1840/1486 1598/1807/1454 
f 1598/1807/1454 1630/1840/1486 1631/1841/1487 
f 1598/1807/1454 1631/1841/1487 1599/1808/1455 
f 1599/1808/1455 1631/1841/1487 1632/1842/1488 
f 1599/1808/1455 1632/1842/1488 1600/1809/1456 
f 1600/1809/1456 1632/1842/1488 1633/1843/1489 
f 1600/1809/1456 1633/1843/1489 1601/1810/1457 
f 1601/1810/1457 1633/1843/1489 1602/1844/1458 
f 1601/1810/1457 1602/1844/1458 1570/1811/1426 
f 1602/1812/1458 1634/1845/1490 1635/1846/1491 
f 1602/1812/1458 1635/1846/1491 1603/1813/1459 
f 1603/1813/1459 1635/1846/1491 1636/1847/1492 
f 1603/1813/1459 1636/1847/1492 1604/1814/1460 
f 1604/1814/1460 1636/1847/1492 1637/1848/1493 
f 1604/1814/1460 1637/1848/1493 1605/1815/1461 
f 1605/1815/1461 1637/1848/1493 1638/1849/1494 
f 1605/1815/1461 1638/1849/1494 1606/1816/1462 
f 1606/1816/1462 1638/1849/1494 1639/1850/1495 
f 1606/1816/1462 1639/1850/1495 1607/1817/1463 
f 1607/1817/1463 1639/1850/1495 1640/1851/1496 
f 1607/1817/1463 1640/1851/1496 1608/1818/1464 
f 1608/1818/1464 1640/1851/1496 1641/1852/1497 
f 1608/1818/1464 1641/1852/1497 1609/1819/1465 
f 1609/1819/1465 1641/1852/1497 1642/1853/1498 
f 1609/1819/1465 1642/1853/1498 1610/1820/1466 
f 1610/1820/1466 1642/1853/1498 1643/1854/1499 
f 1610/1820/1466 1643/1854/1499 1611/1821/1467 
f 1611/1821/1467 1643/1854/1499 1644/1855/1500 
f 1611/1821/1467 1644/1855/1500 1612/1822/1468 
f 1612/1822/1468 1644/1855/1500 1645/1856/1501 
f 1612/1822/1468 1645/1856/1501 1613/1823/1469 
f 1613/1823/1469 1645/1856/1501 1646/1857/1502 
f 1613/1823/1469 1646/1857/1502 1614/1824/1470 
f 1614/1824/1470 1646/1857/1502 1647/1858/1503 
f 1614/1824/1470 1647/1858/1503 1615/1825/1471 
f 1615/1825/1471 1647/1858/1503 1648/1859/1504 
f 1615/1825/1471 1648/1859/1504 1616/1826/1472 
f 1616/1826/1472 1648/1859/1504 1649/1860/1505 
f 1616/1826/1472 1649/1860/1505 1617/1827/1473 
f 1617/1827/1473 1649/1860/1505 1650/1861/1506 
f 1617/1827/1473 1650/1861/1506 1618/1828/1474 
f 1618/1828/1474 1650/1861/1506 1651/1862/1507 
f 1618/1828/1474 1651/1862/1507 1619/1829/1475 
f 1619/1829/1475 1651/1862/1507 1652/1863/1508 
f 1619/1829/1475 1652/1863/1508 1620/1830/1476 
f 1620/1830/1476 1652/1863/1508 1653/1864/1509 
f 1620/1830/1476 1653/1864/1509 1621/1831/1477 
f 1621/1831/1477 1653/1864/1509 1654/1865/1510 
f 1621/1831/1477 1654/1865/1510 1622/1832/1478 
f 1622/1832/1478 1654/1865/1510 1655/1866/1511 
f 1622/1832/1478 1655/1866/1511 1623/1833/1479 
f 1623/1833/1479 1655/1866/1511 1656/1867/1512 
f 1623/1833/1479 1656/1867/1512 1624/1834/1480 
f 1624/1834/1480 1656/1867/1512 1657/1868/1513 
f 1624/1834/1480 1657/1868/1513 1625/1835/1481 
f 1625/1835/1481 1657/1868/1513 1658/1869/1514 
f 1625/1835/1481 1658/1869/1514 1626/1836/1482 
f 1626/1836/1482 1658/1869/1514 1659/1870/1515 
f 1626/1836/1482 1659/1870/1515 1627/1837/1483 
f 1627/1837/1483 1659/1870/1515 1660/1871/1516 
f 1627/1837/1483 1660/1871/1516 1628/1838/1484 
f 1628/1838/1484 1660/1871/1516 1661/1872/1517 
f 1628/1838/1484 1661/1872/1517 1629/1839/1485 
f 1629/1839/1485 1661/1872/1517 1662/1873/1518 
f 1629/1839/1485 1662/1873/1518 1630/1840/1486 
f 1630/1840/1486 1662/1873/1518 1663/1874/1519 
f 1630/1840/1486 1663/1874/1519 1631/1841/1487 
f 1631/1841/1487 1663/1874/1519 1664/1875/1520 
f 1631/1841/1487 1664/1875/1520 1632/1842/1488 
f 1632/1842/1488 1664/1875/1520 1665/1876/1521 
f 1632/1842/1488 1665/1876/1521 1633/1843/1489 
f 1633/1843/1489 1665/1876/1521 1634/1877/1490 
f 1633/1843/1489 1634/1877/1490 1602/1844/1458 
f 1666/1878/1522 1635/1846/1491 1634/1845/1490 
f 1666/1879/1522 1636/1847/1492 1635/1846/1491 
f 1666/1880/1522 1637/1848/1493 1636/1847/1492 
f 1666/1881/1522 1638/1849/1494 1637/1848/1493 
f 1666/1882/1522 1639/1850/1495 1638/1849/1494 
f 1666/1883/1522 1640/1851/1496 1639/1850/1495 
f 1666/1884/1522 1641/1852/1497 1640/1851/1496 
f 1666/1885/1522 1642/1853/1498 1641/1852/1497 
f 1666/1886/1522 1643/1854/1499 1642/1853/1498 
f 1666/1887/1522 1644/1855/1500 1643/1854/1499 
f 1666/1888/1522 1645/1856/1501 1644/1855/1500 
f 1666/1889/1522 1646/1857/1502 1645/1856/1501 
f 1666/1890/1522 1647/1858/1503 1646/1857/1502 
f 1666/1891/1522 1648/1859/1504 1647/1858/1503 
f 1666/1892/1522 1649/1860/1505 1648/1859/1504 
f 1666/1893/1522 1650/1861/1506 1649/1860/1505 
f 1666/1894/1522 1651/1862/1507 1650/1861/1506 
f 1666/1895/1522 1652/1863/1508 1651/1862/1507 
f 1666/1896/1522 1653/1864/1509 1652/1863/1508 
f 1666/1897/1522 1654/1865/1510 1653/1864/1509 
f 1666/1898/1522 1655/1866/1511 1654/1865/1510 
f 1666/1899/1522 1656/1867/1512 1655/1866/1511 
f 1666/1900/1522 1657/1868/1513 1656/1867/1512 
f 1666/1901/1522 1658/1869/1514 1657/1868/1513 
f 1666/1902/1522 1659/1870/1515 1658/1869/1514 
f 1666/1903/1522 1660/1871/1516 1659/1870/1515 
f 1666/1904/1522 1661/1872/1517 1660/1871/1516 
f 1666/1905/1522 1662/1873/1518 1661/1872/1517 
f 1666/1906/1522 1663/1874/1519 1662/1873/1518 
f 1666/1907/1522 1664/1875/1520 1663/1874/1519 
f 1666/1908/1522 1665/1876/1521 1664/1875/1520 
f 1666/1909/1522 1634/1877/1490 1665/1876/1521 
# 960 faces

#
# object Cylinder003
#

v  0.0000 -5.9434 2.0093
v  0.1128 -5.9434 1.9683
v  0.1200 -5.9434 2.0093
v  0.0919 -5.9434 1.9322
v  0.0600 -5.9434 1.9054
v  0.0208 -5.9434 1.8912
v  -0.0208 -5.9434 1.8912
v  -0.0600 -5.9434 1.9054
v  -0.0919 -5.9434 1.9322
v  -0.1128 -5.9434 1.9683
v  -0.1200 -5.9434 2.0093
v  -0.1128 -5.9434 2.0504
v  -0.0919 -5.9434 2.0865
v  -0.0600 -5.9434 2.1133
v  -0.0208 -5.9434 2.1275
v  0.0208 -5.9434 2.1275
v  0.0600 -5.9434 2.1133
v  0.0919 -5.9434 2.0865
v  0.1128 -5.9434 2.0504
v  0.1128 -4.7434 1.9683
v  0.1200 -4.7434 2.0093
v  0.0919 -4.7434 1.9322
v  0.0600 -4.7434 1.9054
v  0.0208 -4.7434 1.8912
v  -0.0208 -4.7434 1.8912
v  -0.0600 -4.7434 1.9054
v  -0.0919 -4.7434 1.9322
v  -0.1128 -4.7434 1.9683
v  -0.1200 -4.7434 2.0093
v  -0.1128 -4.7434 2.0504
v  -0.0919 -4.7434 2.0865
v  -0.0600 -4.7434 2.1133
v  -0.0208 -4.7434 2.1275
v  0.0208 -4.7434 2.1275
v  0.0600 -4.7434 2.1133
v  0.0919 -4.7434 2.0865
v  0.1128 -4.7434 2.0504
v  0.1128 -3.5434 1.9683
v  0.1200 -3.5434 2.0093
v  0.0919 -3.5434 1.9322
v  0.0600 -3.5434 1.9054
v  0.0208 -3.5434 1.8912
v  -0.0208 -3.5434 1.8912
v  -0.0600 -3.5434 1.9054
v  -0.0919 -3.5434 1.9322
v  -0.1128 -3.5434 1.9683
v  -0.1200 -3.5434 2.0093
v  -0.1128 -3.5434 2.0504
v  -0.0919 -3.5434 2.0865
v  -0.0600 -3.5434 2.1133
v  -0.0208 -3.5434 2.1275
v  0.0208 -3.5434 2.1275
v  0.0600 -3.5434 2.1133
v  0.0919 -3.5434 2.0865
v  0.1128 -3.5434 2.0504
v  0.1128 -2.3434 1.9683
v  0.1200 -2.3434 2.0093
v  0.0919 -2.3434 1.9322
v  0.0600 -2.3434 1.9054
v  0.0208 -2.3434 1.8912
v  -0.0208 -2.3434 1.8912
v  -0.0600 -2.3434 1.9054
v  -0.0919 -2.3434 1.9322
v  -0.1128 -2.3434 1.9683
v  -0.1200 -2.3434 2.0093
v  -0.1128 -2.3434 2.0504
v  -0.0919 -2.3434 2.0865
v  -0.0600 -2.3434 2.1133
v  -0.0208 -2.3434 2.1275
v  0.0208 -2.3434 2.1275
v  0.0600 -2.3434 2.1133
v  0.0919 -2.3434 2.0865
v  0.1128 -2.3434 2.0504
v  0.1128 -1.1434 1.9683
v  0.1200 -1.1434 2.0093
v  0.0919 -1.1434 1.9322
v  0.0600 -1.1434 1.9054
v  0.0208 -1.1434 1.8912
v  -0.0208 -1.1434 1.8912
v  -0.0600 -1.1434 1.9054
v  -0.0919 -1.1434 1.9322
v  -0.1128 -1.1434 1.9683
v  -0.1200 -1.1434 2.0093
v  -0.1128 -1.1434 2.0504
v  -0.0919 -1.1434 2.0865
v  -0.0600 -1.1434 2.1133
v  -0.0208 -1.1434 2.1275
v  0.0208 -1.1434 2.1275
v  0.0600 -1.1434 2.1133
v  0.0919 -1.1434 2.0865
v  0.1128 -1.1434 2.0504
v  0.1128 0.0566 1.9683
v  0.1200 0.0566 2.0093
v  0.0919 0.0566 1.9322
v  0.0600 0.0566 1.9054
v  0.0208 0.0566 1.8912
v  -0.0208 0.0566 1.8912
v  -0.0600 0.0566 1.9054
v  -0.0919 0.0566 1.9322
v  -0.1128 0.0566 1.9683
v  -0.1200 0.0566 2.0093
v  -0.1128 0.0566 2.0504
v  -0.0919 0.0566 2.0865
v  -0.0600 0.0566 2.1133
v  -0.0208 0.0566 2.1275
v  0.0208 0.0566 2.1275
v  0.0600 0.0566 2.1133
v  0.0919 0.0566 2.0865
v  0.1128 0.0566 2.0504
v  0.0000 0.0566 2.0093
# 110 vertices

vn 0.0000 -1.0000 -0.0000
vn 1.0000 -0.0000 0.0000
vn 0.9397 -0.0000 -0.3420
vn 0.7660 -0.0000 -0.6428
vn 0.5000 -0.0000 -0.8660
vn 0.1736 -0.0000 -0.9848
vn -0.1736 -0.0000 -0.9848
vn -0.5000 -0.0000 -0.8660
vn -0.7660 -0.0000 -0.6428
vn -0.9397 -0.0000 -0.3420
vn -1.0000 -0.0000 -0.0000
vn -0.9397 -0.0000 0.3420
vn -0.7660 -0.0000 0.6428
vn -0.5000 -0.0000 0.8660
vn -0.1736 -0.0000 0.9848
vn 0.1736 -0.0000 0.9848
vn 0.5000 -0.0000 0.8660
vn 0.7660 -0.0000 0.6428
vn 0.9397 -0.0000 0.3420
vn 0.9397 0.0000 -0.3420
vn 1.0000 0.0000 0.0000
vn 0.7660 0.0000 -0.6428
vn 0.5000 0.0000 -0.8660
vn 0.1736 0.0000 -0.9848
vn -0.1736 0.0000 -0.9848
vn -0.5000 0.0000 -0.8660
vn -0.7660 0.0000 -0.6428
vn -0.9397 0.0000 -0.3420
vn -1.0000 0.0000 -0.0000
vn -0.9397 0.0000 0.3420
vn -0.7660 0.0000 0.6428
vn -0.5000 0.0000 0.8660
vn -0.1736 0.0000 0.9848
vn 0.1736 0.0000 0.9848
vn 0.5000 0.0000 0.8660
vn 0.7660 0.0000 0.6428
vn 0.9397 0.0000 0.3420
vn 0.0000 1.0000 -0.0000
# 38 vertex normals

vt 0.5000 0.0000 0.0000
vt 0.8056 0.0000 1.0000
vt 0.7500 0.0000 1.0000
vt 0.8611 0.0000 1.0000
vt 0.9167 0.0000 1.0000
vt 0.9722 0.0000 1.0000
vt 0.0278 0.0000 1.0000
vt -0.0278 0.0000 1.0000
vt 0.0833 0.0000 1.0000
vt 0.1389 0.0000 1.0000
vt 0.1944 0.0000 1.0000
vt 0.2500 0.0000 1.0000
vt 0.3056 0.0000 1.0000
vt 0.3611 0.0000 1.0000
vt 0.4167 0.0000 1.0000
vt 0.4722 0.0000 1.0000
vt 0.5278 0.0000 1.0000
vt 0.5833 0.0000 1.0000
vt 0.6389 0.0000 1.0000
vt 0.6944 0.0000 1.0000
vt 0.8056 0.2000 1.0000
vt 0.7500 0.2000 1.0000
vt 0.8611 0.2000 1.0000
vt 0.9167 0.2000 1.0000
vt 0.9722 0.2000 1.0000
vt 0.0278 0.2000 1.0000
vt -0.0278 0.2000 1.0000
vt 0.0833 0.2000 1.0000
vt 0.1389 0.2000 1.0000
vt 0.1944 0.2000 1.0000
vt 0.2500 0.2000 1.0000
vt 0.3056 0.2000 1.0000
vt 0.3611 0.2000 1.0000
vt 0.4167 0.2000 1.0000
vt 0.4722 0.2000 1.0000
vt 0.5278 0.2000 1.0000
vt 0.5833 0.2000 1.0000
vt 0.6389 0.2000 1.0000
vt 0.6944 0.2000 1.0000
vt 0.8056 0.4000 1.0000
vt 0.7500 0.4000 1.0000
vt 0.8611 0.4000 1.0000
vt 0.9167 0.4000 1.0000
vt 0.9722 0.4000 1.0000
vt 0.0278 0.4000 1.0000
vt -0.0278 0.4000 1.0000
vt 0.0833 0.4000 1.0000
vt 0.1389 0.4000 1.0000
vt 0.1944 0.4000 1.0000
vt 0.2500 0.4000 1.0000
vt 0.3056 0.4000 1.0000
vt 0.3611 0.4000 1.0000
vt 0.4167 0.4000 1.0000
vt 0.4722 0.4000 1.0000
vt 0.5278 0.4000 1.0000
vt 0.5833 0.4000 1.0000
vt 0.6389 0.4000 1.0000
vt 0.6944 0.4000 1.0000
vt 0.8056 0.6000 1.0000
vt 0.7500 0.6000 1.0000
vt 0.8611 0.6000 1.0000
vt 0.9167 0.6000 1.0000
vt 0.9722 0.6000 1.0000
vt 0.0278 0.6000 1.0000
vt -0.0278 0.6000 1.0000
vt 0.0833 0.6000 1.0000
vt 0.1389 0.6000 1.0000
vt 0.1944 0.6000 1.0000
vt 0.2500 0.6000 1.0000
vt 0.3056 0.6000 1.0000
vt 0.3611 0.6000 1.0000
vt 0.4167 0.6000 1.0000
vt 0.4722 0.6000 1.0000
vt 0.5278 0.6000 1.0000
vt 0.5833 0.6000 1.0000
vt 0.6389 0.6000 1.0000
vt 0.6944 0.6000 1.0000
vt 0.8056 0.8000 1.0000
vt 0.7500 0.8000 1.0000
vt 0.8611 0.8000 1.0000
vt 0.9167 0.8000 1.0000
vt 0.9722 0.8000 1.0000
vt 0.0278 0.8000 1.0000
vt -0.0278 0.8000 1.0000
vt 0.0833 0.8000 1.0000
vt 0.1389 0.8000 1.0000
vt 0.1944 0.8000 1.0000
vt 0.2500 0.8000 1.0000
vt 0.3056 0.8000 1.0000
vt 0.3611 0.8000 1.0000
vt 0.4167 0.8000 1.0000
vt 0.4722 0.8000 1.0000
vt 0.5278 0.8000 1.0000
vt 0.5833 0.8000 1.0000
vt 0.6389 0.8000 1.0000
vt 0.6944 0.8000 1.0000
vt 0.8056 1.0000 1.0000
vt 0.7500 1.0000 1.0000
vt 0.8611 1.0000 1.0000
vt 0.9167 1.0000 1.0000
vt 0.9722 1.0000 1.0000
vt 0.0278 1.0000 1.0000
vt -0.0278 1.0000 1.0000
vt 0.0833 1.0000 1.0000
vt 0.1389 1.0000 1.0000
vt 0.1944 1.0000 1.0000
vt 0.2500 1.0000 1.0000
vt 0.3056 1.0000 1.0000
vt 0.3611 1.0000 1.0000
vt 0.4167 1.0000 1.0000
vt 0.4722 1.0000 1.0000
vt 0.5278 1.0000 1.0000
vt 0.5833 1.0000 1.0000
vt 0.6389 1.0000 1.0000
vt 0.6944 1.0000 1.0000
vt 0.5000 1.0000 0.0000
# 116 texture coords

o Cylinder003
g Cylinder003
usemtl 02___Default
s 1
f 1667/1910/1523 1668/1911/1523 1669/1912/1523 
f 1667/1910/1523 1670/1913/1523 1668/1911/1523 
f 1667/1910/1523 1671/1914/1523 1670/1913/1523 
f 1667/1910/1523 1672/1915/1523 1671/1914/1523 
f 1667/1910/1523 1673/1916/1523 1672/1917/1523 
f 1667/1910/1523 1674/1918/1523 1673/1916/1523 
f 1667/1910/1523 1675/1919/1523 1674/1918/1523 
f 1667/1910/1523 1676/1920/1523 1675/1919/1523 
f 1667/1910/1523 1677/1921/1523 1676/1920/1523 
f 1667/1910/1523 1678/1922/1523 1677/1921/1523 
f 1667/1910/1523 1679/1923/1523 1678/1922/1523 
f 1667/1910/1523 1680/1924/1523 1679/1923/1523 
f 1667/1910/1523 1681/1925/1523 1680/1924/1523 
f 1667/1910/1523 1682/1926/1523 1681/1925/1523 
f 1667/1910/1523 1683/1927/1523 1682/1926/1523 
f 1667/1910/1523 1684/1928/1523 1683/1927/1523 
f 1667/1910/1523 1685/1929/1523 1684/1928/1523 
f 1667/1910/1523 1669/1912/1523 1685/1929/1523 
s 8
f 1669/1912/1524 1686/1930/1525 1687/1931/1524 
f 1669/1912/1524 1668/1911/1525 1686/1930/1525 
f 1668/1911/1525 1688/1932/1526 1686/1930/1525 
f 1668/1911/1525 1670/1913/1526 1688/1932/1526 
f 1670/1913/1526 1689/1933/1527 1688/1932/1526 
f 1670/1913/1526 1671/1914/1527 1689/1933/1527 
f 1671/1914/1527 1690/1934/1528 1689/1933/1527 
f 1671/1914/1527 1672/1915/1528 1690/1934/1528 
f 1672/1917/1528 1691/1935/1529 1690/1936/1528 
f 1672/1917/1528 1673/1916/1529 1691/1935/1529 
f 1673/1916/1529 1692/1937/1530 1691/1935/1529 
f 1673/1916/1529 1674/1918/1530 1692/1937/1530 
f 1674/1918/1530 1693/1938/1531 1692/1937/1530 
f 1674/1918/1530 1675/1919/1531 1693/1938/1531 
f 1675/1919/1531 1694/1939/1532 1693/1938/1531 
f 1675/1919/1531 1676/1920/1532 1694/1939/1532 
f 1676/1920/1532 1695/1940/1533 1694/1939/1532 
f 1676/1920/1532 1677/1921/1533 1695/1940/1533 
f 1677/1921/1533 1696/1941/1534 1695/1940/1533 
f 1677/1921/1533 1678/1922/1534 1696/1941/1534 
f 1678/1922/1534 1697/1942/1535 1696/1941/1534 
f 1678/1922/1534 1679/1923/1535 1697/1942/1535 
f 1679/1923/1535 1698/1943/1536 1697/1942/1535 
f 1679/1923/1535 1680/1924/1536 1698/1943/1536 
f 1680/1924/1536 1699/1944/1537 1698/1943/1536 
f 1680/1924/1536 1681/1925/1537 1699/1944/1537 
f 1681/1925/1537 1700/1945/1538 1699/1944/1537 
f 1681/1925/1537 1682/1926/1538 1700/1945/1538 
f 1682/1926/1538 1701/1946/1539 1700/1945/1538 
f 1682/1926/1538 1683/1927/1539 1701/1946/1539 
f 1683/1927/1539 1702/1947/1540 1701/1946/1539 
f 1683/1927/1539 1684/1928/1540 1702/1947/1540 
f 1684/1928/1540 1703/1948/1541 1702/1947/1540 
f 1684/1928/1540 1685/1929/1541 1703/1948/1541 
f 1685/1929/1541 1687/1931/1524 1703/1948/1541 
f 1685/1929/1541 1669/1912/1524 1687/1931/1524 
f 1687/1931/1524 1704/1949/1542 1705/1950/1543 
f 1687/1931/1524 1686/1930/1525 1704/1949/1542 
f 1686/1930/1525 1706/1951/1544 1704/1949/1542 
f 1686/1930/1525 1688/1932/1526 1706/1951/1544 
f 1688/1932/1526 1707/1952/1545 1706/1951/1544 
f 1688/1932/1526 1689/1933/1527 1707/1952/1545 
f 1689/1933/1527 1708/1953/1546 1707/1952/1545 
f 1689/1933/1527 1690/1934/1528 1708/1953/1546 
f 1690/1936/1528 1709/1954/1547 1708/1955/1546 
f 1690/1936/1528 1691/1935/1529 1709/1954/1547 
f 1691/1935/1529 1710/1956/1548 1709/1954/1547 
f 1691/1935/1529 1692/1937/1530 1710/1956/1548 
f 1692/1937/1530 1711/1957/1549 1710/1956/1548 
f 1692/1937/1530 1693/1938/1531 1711/1957/1549 
f 1693/1938/1531 1712/1958/1550 1711/1957/1549 
f 1693/1938/1531 1694/1939/1532 1712/1958/1550 
f 1694/1939/1532 1713/1959/1551 1712/1958/1550 
f 1694/1939/1532 1695/1940/1533 1713/1959/1551 
f 1695/1940/1533 1714/1960/1552 1713/1959/1551 
f 1695/1940/1533 1696/1941/1534 1714/1960/1552 
f 1696/1941/1534 1715/1961/1553 1714/1960/1552 
f 1696/1941/1534 1697/1942/1535 1715/1961/1553 
f 1697/1942/1535 1716/1962/1554 1715/1961/1553 
f 1697/1942/1535 1698/1943/1536 1716/1962/1554 
f 1698/1943/1536 1717/1963/1555 1716/1962/1554 
f 1698/1943/1536 1699/1944/1537 1717/1963/1555 
f 1699/1944/1537 1718/1964/1556 1717/1963/1555 
f 1699/1944/1537 1700/1945/1538 1718/1964/1556 
f 1700/1945/1538 1719/1965/1557 1718/1964/1556 
f 1700/1945/1538 1701/1946/1539 1719/1965/1557 
f 1701/1946/1539 1720/1966/1558 1719/1965/1557 
f 1701/1946/1539 1702/1947/1540 1720/1966/1558 
f 1702/1947/1540 1721/1967/1559 1720/1966/1558 
f 1702/1947/1540 1703/1948/1541 1721/1967/1559 
f 1703/1948/1541 1705/1950/1543 1721/1967/1559 
f 1703/1948/1541 1687/1931/1524 1705/1950/1543 
f 1705/1950/1543 1722/1968/1542 1723/1969/1543 
f 1705/1950/1543 1704/1949/1542 1722/1968/1542 
f 1704/1949/1542 1724/1970/1544 1722/1968/1542 
f 1704/1949/1542 1706/1951/1544 1724/1970/1544 
f 1706/1951/1544 1725/1971/1545 1724/1970/1544 
f 1706/1951/1544 1707/1952/1545 1725/1971/1545 
f 1707/1952/1545 1726/1972/1546 1725/1971/1545 
f 1707/1952/1545 1708/1953/1546 1726/1972/1546 
f 1708/1955/1546 1727/1973/1547 1726/1974/1546 
f 1708/1955/1546 1709/1954/1547 1727/1973/1547 
f 1709/1954/1547 1728/1975/1548 1727/1973/1547 
f 1709/1954/1547 1710/1956/1548 1728/1975/1548 
f 1710/1956/1548 1729/1976/1549 1728/1975/1548 
f 1710/1956/1548 1711/1957/1549 1729/1976/1549 
f 1711/1957/1549 1730/1977/1550 1729/1976/1549 
f 1711/1957/1549 1712/1958/1550 1730/1977/1550 
f 1712/1958/1550 1731/1978/1551 1730/1977/1550 
f 1712/1958/1550 1713/1959/1551 1731/1978/1551 
f 1713/1959/1551 1732/1979/1552 1731/1978/1551 
f 1713/1959/1551 1714/1960/1552 1732/1979/1552 
f 1714/1960/1552 1733/1980/1553 1732/1979/1552 
f 1714/1960/1552 1715/1961/1553 1733/1980/1553 
f 1715/1961/1553 1734/1981/1554 1733/1980/1553 
f 1715/1961/1553 1716/1962/1554 1734/1981/1554 
f 1716/1962/1554 1735/1982/1555 1734/1981/1554 
f 1716/1962/1554 1717/1963/1555 1735/1982/1555 
f 1717/1963/1555 1736/1983/1556 1735/1982/1555 
f 1717/1963/1555 1718/1964/1556 1736/1983/1556 
f 1718/1964/1556 1737/1984/1557 1736/1983/1556 
f 1718/1964/1556 1719/1965/1557 1737/1984/1557 
f 1719/1965/1557 1738/1985/1558 1737/1984/1557 
f 1719/1965/1557 1720/1966/1558 1738/1985/1558 
f 1720/1966/1558 1739/1986/1559 1738/1985/1558 
f 1720/1966/1558 1721/1967/1559 1739/1986/1559 
f 1721/1967/1559 1723/1969/1543 1739/1986/1559 
f 1721/1967/1559 1705/1950/1543 1723/1969/1543 
f 1723/1969/1543 1740/1987/1542 1741/1988/1543 
f 1723/1969/1543 1722/1968/1542 1740/1987/1542 
f 1722/1968/1542 1742/1989/1544 1740/1987/1542 
f 1722/1968/1542 1724/1970/1544 1742/1989/1544 
f 1724/1970/1544 1743/1990/1545 1742/1989/1544 
f 1724/1970/1544 1725/1971/1545 1743/1990/1545 
f 1725/1971/1545 1744/1991/1546 1743/1990/1545 
f 1725/1971/1545 1726/1972/1546 1744/1991/1546 
f 1726/1974/1546 1745/1992/1547 1744/1993/1546 
f 1726/1974/1546 1727/1973/1547 1745/1992/1547 
f 1727/1973/1547 1746/1994/1548 1745/1992/1547 
f 1727/1973/1547 1728/1975/1548 1746/1994/1548 
f 1728/1975/1548 1747/1995/1549 1746/1994/1548 
f 1728/1975/1548 1729/1976/1549 1747/1995/1549 
f 1729/1976/1549 1748/1996/1550 1747/1995/1549 
f 1729/1976/1549 1730/1977/1550 1748/1996/1550 
f 1730/1977/1550 1749/1997/1551 1748/1996/1550 
f 1730/1977/1550 1731/1978/1551 1749/1997/1551 
f 1731/1978/1551 1750/1998/1552 1749/1997/1551 
f 1731/1978/1551 1732/1979/1552 1750/1998/1552 
f 1732/1979/1552 1751/1999/1553 1750/1998/1552 
f 1732/1979/1552 1733/1980/1553 1751/1999/1553 
f 1733/1980/1553 1752/2000/1554 1751/1999/1553 
f 1733/1980/1553 1734/1981/1554 1752/2000/1554 
f 1734/1981/1554 1753/2001/1555 1752/2000/1554 
f 1734/1981/1554 1735/1982/1555 1753/2001/1555 
f 1735/1982/1555 1754/2002/1556 1753/2001/1555 
f 1735/1982/1555 1736/1983/1556 1754/2002/1556 
f 1736/1983/1556 1755/2003/1557 1754/2002/1556 
f 1736/1983/1556 1737/1984/1557 1755/2003/1557 
f 1737/1984/1557 1756/2004/1558 1755/2003/1557 
f 1737/1984/1557 1738/1985/1558 1756/2004/1558 
f 1738/1985/1558 1757/2005/1559 1756/2004/1558 
f 1738/1985/1558 1739/1986/1559 1757/2005/1559 
f 1739/1986/1559 1741/1988/1543 1757/2005/1559 
f 1739/1986/1559 1723/1969/1543 1741/1988/1543 
f 1741/1988/1543 1758/2006/1542 1759/2007/1543 
f 1741/1988/1543 1740/1987/1542 1758/2006/1542 
f 1740/1987/1542 1760/2008/1544 1758/2006/1542 
f 1740/1987/1542 1742/1989/1544 1760/2008/1544 
f 1742/1989/1544 1761/2009/1545 1760/2008/1544 
f 1742/1989/1544 1743/1990/1545 1761/2009/1545 
f 1743/1990/1545 1762/2010/1546 1761/2009/1545 
f 1743/1990/1545 1744/1991/1546 1762/2010/1546 
f 1744/1993/1546 1763/2011/1547 1762/2012/1546 
f 1744/1993/1546 1745/1992/1547 1763/2011/1547 
f 1745/1992/1547 1764/2013/1548 1763/2011/1547 
f 1745/1992/1547 1746/1994/1548 1764/2013/1548 
f 1746/1994/1548 1765/2014/1549 1764/2013/1548 
f 1746/1994/1548 1747/1995/1549 1765/2014/1549 
f 1747/1995/1549 1766/2015/1550 1765/2014/1549 
f 1747/1995/1549 1748/1996/1550 1766/2015/1550 
f 1748/1996/1550 1767/2016/1551 1766/2015/1550 
f 1748/1996/1550 1749/1997/1551 1767/2016/1551 
f 1749/1997/1551 1768/2017/1552 1767/2016/1551 
f 1749/1997/1551 1750/1998/1552 1768/2017/1552 
f 1750/1998/1552 1769/2018/1553 1768/2017/1552 
f 1750/1998/1552 1751/1999/1553 1769/2018/1553 
f 1751/1999/1553 1770/2019/1554 1769/2018/1553 
f 1751/1999/1553 1752/2000/1554 1770/2019/1554 
f 1752/2000/1554 1771/2020/1555 1770/2019/1554 
f 1752/2000/1554 1753/2001/1555 1771/2020/1555 
f 1753/2001/1555 1772/2021/1556 1771/2020/1555 
f 1753/2001/1555 1754/2002/1556 1772/2021/1556 
f 1754/2002/1556 1773/2022/1557 1772/2021/1556 
f 1754/2002/1556 1755/2003/1557 1773/2022/1557 
f 1755/2003/1557 1774/2023/1558 1773/2022/1557 
f 1755/2003/1557 1756/2004/1558 1774/2023/1558 
f 1756/2004/1558 1775/2024/1559 1774/2023/1558 
f 1756/2004/1558 1757/2005/1559 1775/2024/1559 
f 1757/2005/1559 1759/2007/1543 1775/2024/1559 
f 1757/2005/1559 1741/1988/1543 1759/2007/1543 
s 1
f 1776/2025/1560 1759/2007/1560 1758/2006/1560 
f 1776/2025/1560 1758/2006/1560 1760/2008/1560 
f 1776/2025/1560 1760/2008/1560 1761/2009/1560 
f 1776/2025/1560 1761/2009/1560 1762/2010/1560 
f 1776/2025/1560 1762/2012/1560 1763/2011/1560 
f 1776/2025/1560 1763/2011/1560 1764/2013/1560 
f 1776/2025/1560 1764/2013/1560 1765/2014/1560 
f 1776/2025/1560 1765/2014/1560 1766/2015/1560 
f 1776/2025/1560 1766/2015/1560 1767/2016/1560 
f 1776/2025/1560 1767/2016/1560 1768/2017/1560 
f 1776/2025/1560 1768/2017/1560 1769/2018/1560 
f 1776/2025/1560 1769/2018/1560 1770/2019/1560 
f 1776/2025/1560 1770/2019/1560 1771/2020/1560 
f 1776/2025/1560 1771/2020/1560 1772/2021/1560 
f 1776/2025/1560 1772/2021/1560 1773/2022/1560 
f 1776/2025/1560 1773/2022/1560 1774/2023/1560 
f 1776/2025/1560 1774/2023/1560 1775/2024/1560 
f 1776/2025/1560 1775/2024/1560 1759/2007/1560 
# 216 faces

#
# object Cylinder004
#

v  0.0000 0.0000 -6.0000
v  0.1410 0.0513 -6.0000
v  0.1500 0.0000 -6.0000
v  0.1149 0.0964 -6.0000
v  0.0750 0.1299 -6.0000
v  0.0260 0.1477 -6.0000
v  -0.0260 0.1477 -6.0000
v  -0.0750 0.1299 -6.0000
v  -0.1149 0.0964 -6.0000
v  -0.1410 0.0513 -6.0000
v  -0.1500 0.0000 -6.0000
v  -0.1410 -0.0513 -6.0000
v  -0.1149 -0.0964 -6.0000
v  -0.0750 -0.1299 -6.0000
v  -0.0260 -0.1477 -6.0000
v  0.0260 -0.1477 -6.0000
v  0.0750 -0.1299 -6.0000
v  0.1149 -0.0964 -6.0000
v  0.1410 -0.0513 -6.0000
v  0.1410 0.0513 -3.6000
v  0.1500 -0.0000 -3.6000
v  0.1149 0.0964 -3.6000
v  0.0750 0.1299 -3.6000
v  0.0260 0.1477 -3.6000
v  -0.0260 0.1477 -3.6000
v  -0.0750 0.1299 -3.6000
v  -0.1149 0.0964 -3.6000
v  -0.1410 0.0513 -3.6000
v  -0.1500 -0.0000 -3.6000
v  -0.1410 -0.0513 -3.6000
v  -0.1149 -0.0964 -3.6000
v  -0.0750 -0.1299 -3.6000
v  -0.0260 -0.1477 -3.6000
v  0.0260 -0.1477 -3.6000
v  0.0750 -0.1299 -3.6000
v  0.1149 -0.0964 -3.6000
v  0.1410 -0.0513 -3.6000
v  0.1410 0.0513 -1.2000
v  0.1500 -0.0000 -1.2000
v  0.1149 0.0964 -1.2000
v  0.0750 0.1299 -1.2000
v  0.0260 0.1477 -1.2000
v  -0.0260 0.1477 -1.2000
v  -0.0750 0.1299 -1.2000
v  -0.1149 0.0964 -1.2000
v  -0.1410 0.0513 -1.2000
v  -0.1500 -0.0000 -1.2000
v  -0.1410 -0.0513 -1.2000
v  -0.1149 -0.0964 -1.2000
v  -0.0750 -0.1299 -1.2000
v  -0.0260 -0.1477 -1.2000
v  0.0260 -0.1477 -1.2000
v  0.0750 -0.1299 -1.2000
v  0.1149 -0.0964 -1.2000
v  0.1410 -0.0513 -1.2000
v  0.1410 0.0513 1.2000
v  0.1500 -0.0000 1.2000
v  0.1149 0.0964 1.2000
v  0.0750 0.1299 1.2000
v  0.0260 0.1477 1.2000
v  -0.0260 0.1477 1.2000
v  -0.0750 0.1299 1.2000
v  -0.1149 0.0964 1.2000
v  -0.1410 0.0513 1.2000
v  -0.1500 -0.0000 1.2000
v  -0.1410 -0.0513 1.2000
v  -0.1149 -0.0964 1.2000
v  -0.0750 -0.1299 1.2000
v  -0.0260 -0.1477 1.2000
v  0.0260 -0.1477 1.2000
v  0.0750 -0.1299 1.2000
v  0.1149 -0.0964 1.2000
v  0.1410 -0.0513 1.2000
v  0.1410 0.0513 3.6000
v  0.1500 -0.0000 3.6000
v  0.1149 0.0964 3.6000
v  0.0750 0.1299 3.6000
v  0.0260 0.1477 3.6000
v  -0.0260 0.1477 3.6000
v  -0.0750 0.1299 3.6000
v  -0.1149 0.0964 3.6000
v  -0.1410 0.0513 3.6000
v  -0.1500 -0.0000 3.6000
v  -0.1410 -0.0513 3.6000
v  -0.1149 -0.0964 3.6000
v  -0.0750 -0.1299 3.6000
v  -0.0260 -0.1477 3.6000
v  0.0260 -0.1477 3.6000
v  0.0750 -0.1299 3.6000
v  0.1149 -0.0964 3.6000
v  0.1410 -0.0513 3.6000
v  0.1410 0.0513 6.0000
v  0.1500 -0.0000 6.0000
v  0.1149 0.0964 6.0000
v  0.0750 0.1299 6.0000
v  0.0260 0.1477 6.0000
v  -0.0260 0.1477 6.0000
v  -0.0750 0.1299 6.0000
v  -0.1149 0.0964 6.0000
v  -0.1410 0.0513 6.0000
v  -0.1500 -0.0000 6.0000
v  -0.1410 -0.0513 6.0000
v  -0.1149 -0.0964 6.0000
v  -0.0750 -0.1299 6.0000
v  -0.0260 -0.1477 6.0000
v  0.0260 -0.1477 6.0000
v  0.0750 -0.1299 6.0000
v  0.1149 -0.0964 6.0000
v  0.1410 -0.0513 6.0000
v  0.0000 -0.0000 6.0000
# 110 vertices

vn 0.0000 0.0000 -1.0000
vn 1.0000 -0.0000 -0.0000
vn 0.9397 0.3420 0.0000
vn 0.7660 0.6428 0.0000
vn 0.5000 0.8660 0.0000
vn 0.1736 0.9848 0.0000
vn -0.1736 0.9848 0.0000
vn -0.5000 0.8660 0.0000
vn -0.7660 0.6428 0.0000
vn -0.9397 0.3420 0.0000
vn -1.0000 0.0000 0.0000
vn -0.9397 -0.3420 -0.0000
vn -0.7660 -0.6428 -0.0000
vn -0.5000 -0.8660 -0.0000
vn -0.1736 -0.9848 -0.0000
vn 0.1736 -0.9848 -0.0000
vn 0.5000 -0.8660 -0.0000
vn 0.7660 -0.6428 -0.0000
vn 0.9397 -0.3420 -0.0000
vn 0.0000 -0.0000 1.0000
# 20 vertex normals

vt 0.5000 0.0000 0.0000
vt 0.8056 0.0000 1.0000
vt 0.7500 0.0000 1.0000
vt 0.8611 0.0000 1.0000
vt 0.9167 0.0000 1.0000
vt 0.9722 0.0000 1.0000
vt 0.0278 0.0000 1.0000
vt -0.0278 0.0000 1.0000
vt 0.0833 0.0000 1.0000
vt 0.1389 0.0000 1.0000
vt 0.1944 0.0000 1.0000
vt 0.2500 0.0000 1.0000
vt 0.3056 0.0000 1.0000
vt 0.3611 0.0000 1.0000
vt 0.4167 0.0000 1.0000
vt 0.4722 0.0000 1.0000
vt 0.5278 0.0000 1.0000
vt 0.5833 0.0000 1.0000
vt 0.6389 0.0000 1.0000
vt 0.6944 0.0000 1.0000
vt 0.8056 0.2000 1.0000
vt 0.7500 0.2000 1.0000
vt 0.8611 0.2000 1.0000
vt 0.9167 0.2000 1.0000
vt 0.9722 0.2000 1.0000
vt 0.0278 0.2000 1.0000
vt -0.0278 0.2000 1.0000
vt 0.0833 0.2000 1.0000
vt 0.1389 0.2000 1.0000
vt 0.1944 0.2000 1.0000
vt 0.2500 0.2000 1.0000
vt 0.3056 0.2000 1.0000
vt 0.3611 0.2000 1.0000
vt 0.4167 0.2000 1.0000
vt 0.4722 0.2000 1.0000
vt 0.5278 0.2000 1.0000
vt 0.5833 0.2000 1.0000
vt 0.6389 0.2000 1.0000
vt 0.6944 0.2000 1.0000
vt 0.8056 0.4000 1.0000
vt 0.7500 0.4000 1.0000
vt 0.8611 0.4000 1.0000
vt 0.9167 0.4000 1.0000
vt 0.9722 0.4000 1.0000
vt 0.0278 0.4000 1.0000
vt -0.0278 0.4000 1.0000
vt 0.0833 0.4000 1.0000
vt 0.1389 0.4000 1.0000
vt 0.1944 0.4000 1.0000
vt 0.2500 0.4000 1.0000
vt 0.3056 0.4000 1.0000
vt 0.3611 0.4000 1.0000
vt 0.4167 0.4000 1.0000
vt 0.4722 0.4000 1.0000
vt 0.5278 0.4000 1.0000
vt 0.5833 0.4000 1.0000
vt 0.6389 0.4000 1.0000
vt 0.6944 0.4000 1.0000
vt 0.8056 0.6000 1.0000
vt 0.7500 0.6000 1.0000
vt 0.8611 0.6000 1.0000
vt 0.9167 0.6000 1.0000
vt 0.9722 0.6000 1.0000
vt 0.0278 0.6000 1.0000
vt -0.0278 0.6000 1.0000
vt 0.0833 0.6000 1.0000
vt 0.1389 0.6000 1.0000
vt 0.1944 0.6000 1.0000
vt 0.2500 0.6000 1.0000
vt 0.3056 0.6000 1.0000
vt 0.3611 0.6000 1.0000
vt 0.4167 0.6000 1.0000
vt 0.4722 0.6000 1.0000
vt 0.5278 0.6000 1.0000
vt 0.5833 0.6000 1.0000
vt 0.6389 0.6000 1.0000
vt 0.6944 0.6000 1.0000
vt 0.8056 0.8000 1.0000
vt 0.7500 0.8000 1.0000
vt 0.8611 0.8000 1.0000
vt 0.9167 0.8000 1.0000
vt 0.9722 0.8000 1.0000
vt 0.0278 0.8000 1.0000
vt -0.0278 0.8000 1.0000
vt 0.0833 0.8000 1.0000
vt 0.1389 0.8000 1.0000
vt 0.1944 0.8000 1.0000
vt 0.2500 0.8000 1.0000
vt 0.3056 0.8000 1.0000
vt 0.3611 0.8000 1.0000
vt 0.4167 0.8000 1.0000
vt 0.4722 0.8000 1.0000
vt 0.5278 0.8000 1.0000
vt 0.5833 0.8000 1.0000
vt 0.6389 0.8000 1.0000
vt 0.6944 0.8000 1.0000
vt 0.8056 1.0000 1.0000
vt 0.7500 1.0000 1.0000
vt 0.8611 1.0000 1.0000
vt 0.9167 1.0000 1.0000
vt 0.9722 1.0000 1.0000
vt 0.0278 1.0000 1.0000
vt -0.0278 1.0000 1.0000
vt 0.0833 1.0000 1.0000
vt 0.1389 1.0000 1.0000
vt 0.1944 1.0000 1.0000
vt 0.2500 1.0000 1.0000
vt 0.3056 1.0000 1.0000
vt 0.3611 1.0000 1.0000
vt 0.4167 1.0000 1.0000
vt 0.4722 1.0000 1.0000
vt 0.5278 1.0000 1.0000
vt 0.5833 1.0000 1.0000
vt 0.6389 1.0000 1.0000
vt 0.6944 1.0000 1.0000
vt 0.5000 1.0000 0.0000
# 116 texture coords

o Cylinder004
g Cylinder004
usemtl 03___Default
s 1
f 1777/2026/1561 1778/2027/1561 1779/2028/1561 
f 1777/2026/1561 1780/2029/1561 1778/2027/1561 
f 1777/2026/1561 1781/2030/1561 1780/2029/1561 
f 1777/2026/1561 1782/2031/1561 1781/2030/1561 
f 1777/2026/1561 1783/2032/1561 1782/2033/1561 
f 1777/2026/1561 1784/2034/1561 1783/2032/1561 
f 1777/2026/1561 1785/2035/1561 1784/2034/1561 
f 1777/2026/1561 1786/2036/1561 1785/2035/1561 
f 1777/2026/1561 1787/2037/1561 1786/2036/1561 
f 1777/2026/1561 1788/2038/1561 1787/2037/1561 
f 1777/2026/1561 1789/2039/1561 1788/2038/1561 
f 1777/2026/1561 1790/2040/1561 1789/2039/1561 
f 1777/2026/1561 1791/2041/1561 1790/2040/1561 
f 1777/2026/1561 1792/2042/1561 1791/2041/1561 
f 1777/2026/1561 1793/2043/1561 1792/2042/1561 
f 1777/2026/1561 1794/2044/1561 1793/2043/1561 
f 1777/2026/1561 1795/2045/1561 1794/2044/1561 
f 1777/2026/1561 1779/2028/1561 1795/2045/1561 
s 8
f 1779/2028/1562 1796/2046/1563 1797/2047/1562 
f 1779/2028/1562 1778/2027/1563 1796/2046/1563 
f 1778/2027/1563 1798/2048/1564 1796/2046/1563 
f 1778/2027/1563 1780/2029/1564 1798/2048/1564 
f 1780/2029/1564 1799/2049/1565 1798/2048/1564 
f 1780/2029/1564 1781/2030/1565 1799/2049/1565 
f 1781/2030/1565 1800/2050/1566 1799/2049/1565 
f 1781/2030/1565 1782/2031/1566 1800/2050/1566 
f 1782/2033/1566 1801/2051/1567 1800/2052/1566 
f 1782/2033/1566 1783/2032/1567 1801/2051/1567 
f 1783/2032/1567 1802/2053/1568 1801/2051/1567 
f 1783/2032/1567 1784/2034/1568 1802/2053/1568 
f 1784/2034/1568 1803/2054/1569 1802/2053/1568 
f 1784/2034/1568 1785/2035/1569 1803/2054/1569 
f 1785/2035/1569 1804/2055/1570 1803/2054/1569 
f 1785/2035/1569 1786/2036/1570 1804/2055/1570 
f 1786/2036/1570 1805/2056/1571 1804/2055/1570 
f 1786/2036/1570 1787/2037/1571 1805/2056/1571 
f 1787/2037/1571 1806/2057/1572 1805/2056/1571 
f 1787/2037/1571 1788/2038/1572 1806/2057/1572 
f 1788/2038/1572 1807/2058/1573 1806/2057/1572 
f 1788/2038/1572 1789/2039/1573 1807/2058/1573 
f 1789/2039/1573 1808/2059/1574 1807/2058/1573 
f 1789/2039/1573 1790/2040/1574 1808/2059/1574 
f 1790/2040/1574 1809/2060/1575 1808/2059/1574 
f 1790/2040/1574 1791/2041/1575 1809/2060/1575 
f 1791/2041/1575 1810/2061/1576 1809/2060/1575 
f 1791/2041/1575 1792/2042/1576 1810/2061/1576 
f 1792/2042/1576 1811/2062/1577 1810/2061/1576 
f 1792/2042/1576 1793/2043/1577 1811/2062/1577 
f 1793/2043/1577 1812/2063/1578 1811/2062/1577 
f 1793/2043/1577 1794/2044/1578 1812/2063/1578 
f 1794/2044/1578 1813/2064/1579 1812/2063/1578 
f 1794/2044/1578 1795/2045/1579 1813/2064/1579 
f 1795/2045/1579 1797/2047/1562 1813/2064/1579 
f 1795/2045/1579 1779/2028/1562 1797/2047/1562 
f 1797/2047/1562 1814/2065/1563 1815/2066/1562 
f 1797/2047/1562 1796/2046/1563 1814/2065/1563 
f 1796/2046/1563 1816/2067/1564 1814/2065/1563 
f 1796/2046/1563 1798/2048/1564 1816/2067/1564 
f 1798/2048/1564 1817/2068/1565 1816/2067/1564 
f 1798/2048/1564 1799/2049/1565 1817/2068/1565 
f 1799/2049/1565 1818/2069/1566 1817/2068/1565 
f 1799/2049/1565 1800/2050/1566 1818/2069/1566 
f 1800/2052/1566 1819/2070/1567 1818/2071/1566 
f 1800/2052/1566 1801/2051/1567 1819/2070/1567 
f 1801/2051/1567 1820/2072/1568 1819/2070/1567 
f 1801/2051/1567 1802/2053/1568 1820/2072/1568 
f 1802/2053/1568 1821/2073/1569 1820/2072/1568 
f 1802/2053/1568 1803/2054/1569 1821/2073/1569 
f 1803/2054/1569 1822/2074/1570 1821/2073/1569 
f 1803/2054/1569 1804/2055/1570 1822/2074/1570 
f 1804/2055/1570 1823/2075/1571 1822/2074/1570 
f 1804/2055/1570 1805/2056/1571 1823/2075/1571 
f 1805/2056/1571 1824/2076/1572 1823/2075/1571 
f 1805/2056/1571 1806/2057/1572 1824/2076/1572 
f 1806/2057/1572 1825/2077/1573 1824/2076/1572 
f 1806/2057/1572 1807/2058/1573 1825/2077/1573 
f 1807/2058/1573 1826/2078/1574 1825/2077/1573 
f 1807/2058/1573 1808/2059/1574 1826/2078/1574 
f 1808/2059/1574 1827/2079/1575 1826/2078/1574 
f 1808/2059/1574 1809/2060/1575 1827/2079/1575 
f 1809/2060/1575 1828/2080/1576 1827/2079/1575 
f 1809/2060/1575 1810/2061/1576 1828/2080/1576 
f 1810/2061/1576 1829/2081/1577 1828/2080/1576 
f 1810/2061/1576 1811/2062/1577 1829/2081/1577 
f 1811/2062/1577 1830/2082/1578 1829/2081/1577 
f 1811/2062/1577 1812/2063/1578 1830/2082/1578 
f 1812/2063/1578 1831/2083/1579 1830/2082/1578 
f 1812/2063/1578 1813/2064/1579 1831/2083/1579 
f 1813/2064/1579 1815/2066/1562 1831/2083/1579 
f 1813/2064/1579 1797/2047/1562 1815/2066/1562 
f 1815/2066/1562 1832/2084/1563 1833/2085/1562 
f 1815/2066/1562 1814/2065/1563 1832/2084/1563 
f 1814/2065/1563 1834/2086/1564 1832/2084/1563 
f 1814/2065/1563 1816/2067/1564 1834/2086/1564 
f 1816/2067/1564 1835/2087/1565 1834/2086/1564 
f 1816/2067/1564 1817/2068/1565 1835/2087/1565 
f 1817/2068/1565 1836/2088/1566 1835/2087/1565 
f 1817/2068/1565 1818/2069/1566 1836/2088/1566 
f 1818/2071/1566 1837/2089/1567 1836/2090/1566 
f 1818/2071/1566 1819/2070/1567 1837/2089/1567 
f 1819/2070/1567 1838/2091/1568 1837/2089/1567 
f 1819/2070/1567 1820/2072/1568 1838/2091/1568 
f 1820/2072/1568 1839/2092/1569 1838/2091/1568 
f 1820/2072/1568 1821/2073/1569 1839/2092/1569 
f 1821/2073/1569 1840/2093/1570 1839/2092/1569 
f 1821/2073/1569 1822/2074/1570 1840/2093/1570 
f 1822/2074/1570 1841/2094/1571 1840/2093/1570 
f 1822/2074/1570 1823/2075/1571 1841/2094/1571 
f 1823/2075/1571 1842/2095/1572 1841/2094/1571 
f 1823/2075/1571 1824/2076/1572 1842/2095/1572 
f 1824/2076/1572 1843/2096/1573 1842/2095/1572 
f 1824/2076/1572 1825/2077/1573 1843/2096/1573 
f 1825/2077/1573 1844/2097/1574 1843/2096/1573 
f 1825/2077/1573 1826/2078/1574 1844/2097/1574 
f 1826/2078/1574 1845/2098/1575 1844/2097/1574 
f 1826/2078/1574 1827/2079/1575 1845/2098/1575 
f 1827/2079/1575 1846/2099/1576 1845/2098/1575 
f 1827/2079/1575 1828/2080/1576 1846/2099/1576 
f 1828/2080/1576 1847/2100/1577 1846/2099/1576 
f 1828/2080/1576 1829/2081/1577 1847/2100/1577 
f 1829/2081/1577 1848/2101/1578 1847/2100/1577 
f 1829/2081/1577 1830/2082/1578 1848/2101/1578 
f 1830/2082/1578 1849/2102/1579 1848/2101/1578 
f 1830/2082/1578 1831/2083/1579 1849/2102/1579 
f 1831/2083/1579 1833/2085/1562 1849/2102/1579 
f 1831/2083/1579 1815/2066/1562 1833/2085/1562 
f 1833/2085/1562 1850/2103/1563 1851/2104/1562 
f 1833/2085/1562 1832/2084/1563 1850/2103/1563 
f 1832/2084/1563 1852/2105/1564 1850/2103/1563 
f 1832/2084/1563 1834/2086/1564 1852/2105/1564 
f 1834/2086/1564 1853/2106/1565 1852/2105/1564 
f 1834/2086/1564 1835/2087/1565 1853/2106/1565 
f 1835/2087/1565 1854/2107/1566 1853/2106/1565 
f 1835/2087/1565 1836/2088/1566 1854/2107/1566 
f 1836/2090/1566 1855/2108/1567 1854/2109/1566 
f 1836/2090/1566 1837/2089/1567 1855/2108/1567 
f 1837/2089/1567 1856/2110/1568 1855/2108/1567 
f 1837/2089/1567 1838/2091/1568 1856/2110/1568 
f 1838/2091/1568 1857/2111/1569 1856/2110/1568 
f 1838/2091/1568 1839/2092/1569 1857/2111/1569 
f 1839/2092/1569 1858/2112/1570 1857/2111/1569 
f 1839/2092/1569 1840/2093/1570 1858/2112/1570 
f 1840/2093/1570 1859/2113/1571 1858/2112/1570 
f 1840/2093/1570 1841/2094/1571 1859/2113/1571 
f 1841/2094/1571 1860/2114/1572 1859/2113/1571 
f 1841/2094/1571 1842/2095/1572 1860/2114/1572 
f 1842/2095/1572 1861/2115/1573 1860/2114/1572 
f 1842/2095/1572 1843/2096/1573 1861/2115/1573 
f 1843/2096/1573 1862/2116/1574 1861/2115/1573 
f 1843/2096/1573 1844/2097/1574 1862/2116/1574 
f 1844/2097/1574 1863/2117/1575 1862/2116/1574 
f 1844/2097/1574 1845/2098/1575 1863/2117/1575 
f 1845/2098/1575 1864/2118/1576 1863/2117/1575 
f 1845/2098/1575 1846/2099/1576 1864/2118/1576 
f 1846/2099/1576 1865/2119/1577 1864/2118/1576 
f 1846/2099/1576 1847/2100/1577 1865/2119/1577 
f 1847/2100/1577 1866/2120/1578 1865/2119/1577 
f 1847/2100/1577 1848/2101/1578 1866/2120/1578 
f 1848/2101/1578 1867/2121/1579 1866/2120/1578 
f 1848/2101/1578 1849/2102/1579 1867/2121/1579 
f 1849/2102/1579 1851/2104/1562 1867/2121/1579 
f 1849/2102/1579 1833/2085/1562 1851/2104/1562 
f 1851/2104/1562 1868/2122/1563 1869/2123/1562 
f 1851/2104/1562 1850/2103/1563 1868/2122/1563 
f 1850/2103/1563 1870/2124/1564 1868/2122/1563 
f 1850/2103/1563 1852/2105/1564 1870/2124/1564 
f 1852/2105/1564 1871/2125/1565 1870/2124/1564 
f 1852/2105/1564 1853/2106/1565 1871/2125/1565 
f 1853/2106/1565 1872/2126/1566 1871/2125/1565 
f 1853/2106/1565 1854/2107/1566 1872/2126/1566 
f 1854/2109/1566 1873/2127/1567 1872/2128/1566 
f 1854/2109/1566 1855/2108/1567 1873/2127/1567 
f 1855/2108/1567 1874/2129/1568 1873/2127/1567 
f 1855/2108/1567 1856/2110/1568 1874/2129/1568 
f 1856/2110/1568 1875/2130/1569 1874/2129/1568 
f 1856/2110/1568 1857/2111/1569 1875/2130/1569 
f 1857/2111/1569 1876/2131/1570 1875/2130/1569 
f 1857/2111/1569 1858/2112/1570 1876/2131/1570 
f 1858/2112/1570 1877/2132/1571 1876/2131/1570 
f 1858/2112/1570 1859/2113/1571 1877/2132/1571 
f 1859/2113/1571 1878/2133/1572 1877/2132/1571 
f 1859/2113/1571 1860/2114/1572 1878/2133/1572 
f 1860/2114/1572 1879/2134/1573 1878/2133/1572 
f 1860/2114/1572 1861/2115/1573 1879/2134/1573 
f 1861/2115/1573 1880/2135/1574 1879/2134/1573 
f 1861/2115/1573 1862/2116/1574 1880/2135/1574 
f 1862/2116/1574 1881/2136/1575 1880/2135/1574 
f 1862/2116/1574 1863/2117/1575 1881/2136/1575 
f 1863/2117/1575 1882/2137/1576 1881/2136/1575 
f 1863/2117/1575 1864/2118/1576 1882/2137/1576 
f 1864/2118/1576 1883/2138/1577 1882/2137/1576 
f 1864/2118/1576 1865/2119/1577 1883/2138/1577 
f 1865/2119/1577 1884/2139/1578 1883/2138/1577 
f 1865/2119/1577 1866/2120/1578 1884/2139/1578 
f 1866/2120/1578 1885/2140/1579 1884/2139/1578 
f 1866/2120/1578 1867/2121/1579 1885/2140/1579 
f 1867/2121/1579 1869/2123/1562 1885/2140/1579 
f 1867/2121/1579 1851/2104/1562 1869/2123/1562 
s 1
f 1886/2141/1580 1869/2123/1580 1868/2122/1580 
f 1886/2141/1580 1868/2122/1580 1870/2124/1580 
f 1886/2141/1580 1870/2124/1580 1871/2125/1580 
f 1886/2141/1580 1871/2125/1580 1872/2126/1580 
f 1886/2141/1580 1872/2128/1580 1873/2127/1580 
f 1886/2141/1580 1873/2127/1580 1874/2129/1580 
f 1886/2141/1580 1874/2129/1580 1875/2130/1580 
f 1886/2141/1580 1875/2130/1580 1876/2131/1580 
f 1886/2141/1580 1876/2131/1580 1877/2132/1580 
f 1886/2141/1580 1877/2132/1580 1878/2133/1580 
f 1886/2141/1580 1878/2133/1580 1879/2134/1580 
f 1886/2141/1580 1879/2134/1580 1880/2135/1580 
f 1886/2141/1580 1880/2135/1580 1881/2136/1580 
f 1886/2141/1580 1881/2136/1580 1882/2137/1580 
f 1886/2141/1580 1882/2137/1580 1883/2138/1580 
f 1886/2141/1580 1883/2138/1580 1884/2139/1580 
f 1886/2141/1580 1884/2139/1580 1885/2140/1580 
f 1886/2141/1580 1885/2140/1580 1869/2123/1580 
# 216 faces

#
# object Cylinder005
#

v  0.0000 0.0048 -6.0000
v  -0.0458 0.0280 -5.8590
v  0.0000 0.0048 -5.8500
v  -0.0861 0.0483 -5.8851
v  -0.1159 0.0634 -5.9250
v  -0.1318 0.0715 -5.9740
v  -0.1318 0.0715 -6.0260
v  -0.1159 0.0634 -6.0750
v  -0.0861 0.0483 -6.1149
v  -0.0458 0.0280 -6.1410
v  -0.0000 0.0048 -6.1500
v  0.0458 -0.0183 -6.1410
v  0.0861 -0.0387 -6.1149
v  0.1159 -0.0538 -6.0750
v  0.1318 -0.0618 -6.0260
v  0.1318 -0.0618 -5.9740
v  0.1159 -0.0538 -5.9250
v  0.0861 -0.0387 -5.8851
v  0.0458 -0.0183 -5.8590
v  -0.9930 -1.8463 -5.8590
v  -0.9472 -1.8694 -5.8500
v  -1.0333 -1.8259 -5.8851
v  -1.0632 -1.8108 -5.9250
v  -1.0791 -1.8028 -5.9740
v  -1.0791 -1.8028 -6.0260
v  -1.0632 -1.8108 -6.0750
v  -1.0333 -1.8259 -6.1149
v  -0.9930 -1.8463 -6.1410
v  -0.9472 -1.8694 -6.1500
v  -0.9015 -1.8926 -6.1410
v  -0.8612 -1.9129 -6.1149
v  -0.8313 -1.9280 -6.0750
v  -0.8154 -1.9360 -6.0260
v  -0.8154 -1.9360 -5.9740
v  -0.8313 -1.9280 -5.9250
v  -0.8612 -1.9129 -5.8851
v  -0.9015 -1.8926 -5.8590
v  -1.9403 -3.7205 -5.8590
v  -1.8945 -3.7436 -5.8500
v  -1.9805 -3.7001 -5.8851
v  -2.0104 -3.6850 -5.9250
v  -2.0263 -3.6770 -5.9740
v  -2.0263 -3.6770 -6.0260
v  -2.0104 -3.6850 -6.0750
v  -1.9805 -3.7001 -6.1149
v  -1.9403 -3.7205 -6.1410
v  -1.8945 -3.7436 -6.1500
v  -1.8487 -3.7668 -6.1410
v  -1.8084 -3.7871 -6.1149
v  -1.7785 -3.8022 -6.0750
v  -1.7626 -3.8103 -6.0260
v  -1.7626 -3.8103 -5.9740
v  -1.7785 -3.8022 -5.9250
v  -1.8084 -3.7871 -5.8851
v  -1.8487 -3.7668 -5.8590
v  -2.8875 -5.5947 -5.8590
v  -2.8417 -5.6179 -5.8500
v  -2.9278 -5.5744 -5.8851
v  -2.9577 -5.5593 -5.9250
v  -2.9736 -5.5512 -5.9740
v  -2.9736 -5.5512 -6.0260
v  -2.9577 -5.5593 -6.0750
v  -2.9278 -5.5744 -6.1149
v  -2.8875 -5.5947 -6.1410
v  -2.8417 -5.6179 -6.1500
v  -2.7959 -5.6410 -6.1410
v  -2.7557 -5.6614 -6.1149
v  -2.7258 -5.6765 -6.0750
v  -2.7099 -5.6845 -6.0260
v  -2.7099 -5.6845 -5.9740
v  -2.7258 -5.6765 -5.9250
v  -2.7557 -5.6614 -5.8851
v  -2.7959 -5.6410 -5.8590
v  -3.8347 -7.4690 -5.8590
v  -3.7890 -7.4921 -5.8500
v  -3.8750 -7.4486 -5.8851
v  -3.9049 -7.4335 -5.9250
v  -3.9208 -7.4255 -5.9740
v  -3.9208 -7.4255 -6.0260
v  -3.9049 -7.4335 -6.0750
v  -3.8750 -7.4486 -6.1149
v  -3.8347 -7.4690 -6.1410
v  -3.7890 -7.4921 -6.1500
v  -3.7432 -7.5152 -6.1410
v  -3.7029 -7.5356 -6.1149
v  -3.6730 -7.5507 -6.0750
v  -3.6571 -7.5587 -6.0260
v  -3.6571 -7.5587 -5.9740
v  -3.6730 -7.5507 -5.9250
v  -3.7029 -7.5356 -5.8851
v  -3.7432 -7.5152 -5.8590
v  -4.7820 -9.3432 -5.8590
v  -4.7362 -9.3663 -5.8500
v  -4.8223 -9.3228 -5.8851
v  -4.8521 -9.3077 -5.9250
v  -4.8680 -9.2997 -5.9740
v  -4.8680 -9.2997 -6.0260
v  -4.8521 -9.3077 -6.0750
v  -4.8223 -9.3228 -6.1149
v  -4.7820 -9.3432 -6.1410
v  -4.7362 -9.3663 -6.1500
v  -4.6904 -9.3895 -6.1410
v  -4.6501 -9.4098 -6.1149
v  -4.6203 -9.4249 -6.0750
v  -4.6044 -9.4330 -6.0260
v  -4.6044 -9.4330 -5.9740
v  -4.6203 -9.4249 -5.9250
v  -4.6501 -9.4098 -5.8851
v  -4.6904 -9.3895 -5.8590
v  -4.7362 -9.3663 -6.0000
# 110 vertices

vn 0.4511 0.8925 -0.0000
vn 0.0000 0.0000 1.0000
vn -0.3052 0.1543 0.9397
vn 0.0000 -0.0000 1.0000
vn -0.5737 0.2899 0.7660
vn -0.7729 0.3906 0.5000
vn -0.8789 0.4442 0.1736
vn -0.8789 0.4442 -0.1736
vn -0.7729 0.3906 -0.5000
vn -0.5737 0.2899 -0.7660
vn -0.3052 0.1543 -0.9397
vn -0.0000 0.0000 -1.0000
vn -0.0000 -0.0000 -1.0000
vn 0.3052 -0.1543 -0.9397
vn 0.5737 -0.2899 -0.7660
vn 0.7729 -0.3906 -0.5000
vn 0.8789 -0.4442 -0.1736
vn 0.8789 -0.4442 0.1736
vn 0.7729 -0.3906 0.5000
vn 0.5737 -0.2899 0.7660
vn 0.3053 -0.1543 0.9397
vn -0.0000 0.0000 1.0000
vn 0.3052 -0.1543 0.9397
vn 0.0000 -0.0000 -1.0000
vn -0.4511 -0.8925 0.0000
# 25 vertex normals

vt 0.5000 0.0000 0.0000
vt 0.8056 0.0000 1.0000
vt 0.7500 0.0000 1.0000
vt 0.8611 0.0000 1.0000
vt 0.9167 0.0000 1.0000
vt 0.9722 0.0000 1.0000
vt 0.0278 0.0000 1.0000
vt -0.0278 0.0000 1.0000
vt 0.0833 0.0000 1.0000
vt 0.1389 0.0000 1.0000
vt 0.1944 0.0000 1.0000
vt 0.2500 0.0000 1.0000
vt 0.3056 0.0000 1.0000
vt 0.3611 0.0000 1.0000
vt 0.4167 0.0000 1.0000
vt 0.4722 0.0000 1.0000
vt 0.5278 0.0000 1.0000
vt 0.5833 0.0000 1.0000
vt 0.6389 0.0000 1.0000
vt 0.6944 0.0000 1.0000
vt 0.8056 0.2000 1.0000
vt 0.7500 0.2000 1.0000
vt 0.8611 0.2000 1.0000
vt 0.9167 0.2000 1.0000
vt 0.9722 0.2000 1.0000
vt 0.0278 0.2000 1.0000
vt -0.0278 0.2000 1.0000
vt 0.0833 0.2000 1.0000
vt 0.1389 0.2000 1.0000
vt 0.1944 0.2000 1.0000
vt 0.2500 0.2000 1.0000
vt 0.3056 0.2000 1.0000
vt 0.3611 0.2000 1.0000
vt 0.4167 0.2000 1.0000
vt 0.4722 0.2000 1.0000
vt 0.5278 0.2000 1.0000
vt 0.5833 0.2000 1.0000
vt 0.6389 0.2000 1.0000
vt 0.6944 0.2000 1.0000
vt 0.8056 0.4000 1.0000
vt 0.7500 0.4000 1.0000
vt 0.8611 0.4000 1.0000
vt 0.9167 0.4000 1.0000
vt 0.9722 0.4000 1.0000
vt 0.0278 0.4000 1.0000
vt -0.0278 0.4000 1.0000
vt 0.0833 0.4000 1.0000
vt 0.1389 0.4000 1.0000
vt 0.1944 0.4000 1.0000
vt 0.2500 0.4000 1.0000
vt 0.3056 0.4000 1.0000
vt 0.3611 0.4000 1.0000
vt 0.4167 0.4000 1.0000
vt 0.4722 0.4000 1.0000
vt 0.5278 0.4000 1.0000
vt 0.5833 0.4000 1.0000
vt 0.6389 0.4000 1.0000
vt 0.6944 0.4000 1.0000
vt 0.8056 0.6000 1.0000
vt 0.7500 0.6000 1.0000
vt 0.8611 0.6000 1.0000
vt 0.9167 0.6000 1.0000
vt 0.9722 0.6000 1.0000
vt 0.0278 0.6000 1.0000
vt -0.0278 0.6000 1.0000
vt 0.0833 0.6000 1.0000
vt 0.1389 0.6000 1.0000
vt 0.1944 0.6000 1.0000
vt 0.2500 0.6000 1.0000
vt 0.3056 0.6000 1.0000
vt 0.3611 0.6000 1.0000
vt 0.4167 0.6000 1.0000
vt 0.4722 0.6000 1.0000
vt 0.5278 0.6000 1.0000
vt 0.5833 0.6000 1.0000
vt 0.6389 0.6000 1.0000
vt 0.6944 0.6000 1.0000
vt 0.8056 0.8000 1.0000
vt 0.7500 0.8000 1.0000
vt 0.8611 0.8000 1.0000
vt 0.9167 0.8000 1.0000
vt 0.9722 0.8000 1.0000
vt 0.0278 0.8000 1.0000
vt -0.0278 0.8000 1.0000
vt 0.0833 0.8000 1.0000
vt 0.1389 0.8000 1.0000
vt 0.1944 0.8000 1.0000
vt 0.2500 0.8000 1.0000
vt 0.3056 0.8000 1.0000
vt 0.3611 0.8000 1.0000
vt 0.4167 0.8000 1.0000
vt 0.4722 0.8000 1.0000
vt 0.5278 0.8000 1.0000
vt 0.5833 0.8000 1.0000
vt 0.6389 0.8000 1.0000
vt 0.6944 0.8000 1.0000
vt 0.8056 1.0000 1.0000
vt 0.7500 1.0000 1.0000
vt 0.8611 1.0000 1.0000
vt 0.9167 1.0000 1.0000
vt 0.9722 1.0000 1.0000
vt 0.0278 1.0000 1.0000
vt -0.0278 1.0000 1.0000
vt 0.0833 1.0000 1.0000
vt 0.1389 1.0000 1.0000
vt 0.1944 1.0000 1.0000
vt 0.2500 1.0000 1.0000
vt 0.3056 1.0000 1.0000
vt 0.3611 1.0000 1.0000
vt 0.4167 1.0000 1.0000
vt 0.4722 1.0000 1.0000
vt 0.5278 1.0000 1.0000
vt 0.5833 1.0000 1.0000
vt 0.6389 1.0000 1.0000
vt 0.6944 1.0000 1.0000
vt 0.5000 1.0000 0.0000
# 116 texture coords

o Cylinder005
g Cylinder005
usemtl 03___Default
s 1
f 1887/2142/1581 1888/2143/1581 1889/2144/1581 
f 1887/2142/1581 1890/2145/1581 1888/2143/1581 
f 1887/2142/1581 1891/2146/1581 1890/2145/1581 
f 1887/2142/1581 1892/2147/1581 1891/2146/1581 
f 1887/2142/1581 1893/2148/1581 1892/2149/1581 
f 1887/2142/1581 1894/2150/1581 1893/2148/1581 
f 1887/2142/1581 1895/2151/1581 1894/2150/1581 
f 1887/2142/1581 1896/2152/1581 1895/2151/1581 
f 1887/2142/1581 1897/2153/1581 1896/2152/1581 
f 1887/2142/1581 1898/2154/1581 1897/2153/1581 
f 1887/2142/1581 1899/2155/1581 1898/2154/1581 
f 1887/2142/1581 1900/2156/1581 1899/2155/1581 
f 1887/2142/1581 1901/2157/1581 1900/2156/1581 
f 1887/2142/1581 1902/2158/1581 1901/2157/1581 
f 1887/2142/1581 1903/2159/1581 1902/2158/1581 
f 1887/2142/1581 1904/2160/1581 1903/2159/1581 
f 1887/2142/1581 1905/2161/1581 1904/2160/1581 
f 1887/2142/1581 1889/2144/1581 1905/2161/1581 
s 8
f 1889/2144/1582 1906/2162/1583 1907/2163/1584 
f 1889/2144/1582 1888/2143/1583 1906/2162/1583 
f 1888/2143/1583 1908/2164/1585 1906/2162/1583 
f 1888/2143/1583 1890/2145/1585 1908/2164/1585 
f 1890/2145/1585 1909/2165/1586 1908/2164/1585 
f 1890/2145/1585 1891/2146/1586 1909/2165/1586 
f 1891/2146/1586 1910/2166/1587 1909/2165/1586 
f 1891/2146/1586 1892/2147/1587 1910/2166/1587 
f 1892/2149/1587 1911/2167/1588 1910/2168/1587 
f 1892/2149/1587 1893/2148/1588 1911/2167/1588 
f 1893/2148/1588 1912/2169/1589 1911/2167/1588 
f 1893/2148/1588 1894/2150/1589 1912/2169/1589 
f 1894/2150/1589 1913/2170/1590 1912/2169/1589 
f 1894/2150/1589 1895/2151/1590 1913/2170/1590 
f 1895/2151/1590 1914/2171/1591 1913/2170/1590 
f 1895/2151/1590 1896/2152/1591 1914/2171/1591 
f 1896/2152/1591 1915/2172/1592 1914/2171/1591 
f 1896/2152/1591 1897/2153/1593 1915/2172/1592 
f 1897/2153/1593 1916/2173/1594 1915/2172/1592 
f 1897/2153/1593 1898/2154/1594 1916/2173/1594 
f 1898/2154/1594 1917/2174/1595 1916/2173/1594 
f 1898/2154/1594 1899/2155/1595 1917/2174/1595 
f 1899/2155/1595 1918/2175/1596 1917/2174/1595 
f 1899/2155/1595 1900/2156/1596 1918/2175/1596 
f 1900/2156/1596 1919/2176/1597 1918/2175/1596 
f 1900/2156/1596 1901/2157/1597 1919/2176/1597 
f 1901/2157/1597 1920/2177/1598 1919/2176/1597 
f 1901/2157/1597 1902/2158/1598 1920/2177/1598 
f 1902/2158/1598 1921/2178/1599 1920/2177/1598 
f 1902/2158/1598 1903/2159/1599 1921/2178/1599 
f 1903/2159/1599 1922/2179/1600 1921/2178/1599 
f 1903/2159/1599 1904/2160/1600 1922/2179/1600 
f 1904/2160/1600 1923/2180/1601 1922/2179/1600 
f 1904/2160/1600 1905/2161/1601 1923/2180/1601 
f 1905/2161/1601 1907/2163/1584 1923/2180/1601 
f 1905/2161/1601 1889/2144/1582 1907/2163/1584 
f 1907/2163/1584 1924/2181/1583 1925/2182/1584 
f 1907/2163/1584 1906/2162/1583 1924/2181/1583 
f 1906/2162/1583 1926/2183/1585 1924/2181/1583 
f 1906/2162/1583 1908/2164/1585 1926/2183/1585 
f 1908/2164/1585 1927/2184/1586 1926/2183/1585 
f 1908/2164/1585 1909/2165/1586 1927/2184/1586 
f 1909/2165/1586 1928/2185/1587 1927/2184/1586 
f 1909/2165/1586 1910/2166/1587 1928/2185/1587 
f 1910/2168/1587 1929/2186/1588 1928/2187/1587 
f 1910/2168/1587 1911/2167/1588 1929/2186/1588 
f 1911/2167/1588 1930/2188/1589 1929/2186/1588 
f 1911/2167/1588 1912/2169/1589 1930/2188/1589 
f 1912/2169/1589 1931/2189/1590 1930/2188/1589 
f 1912/2169/1589 1913/2170/1590 1931/2189/1590 
f 1913/2170/1590 1932/2190/1591 1931/2189/1590 
f 1913/2170/1590 1914/2171/1591 1932/2190/1591 
f 1914/2171/1591 1933/2191/1592 1932/2190/1591 
f 1914/2171/1591 1915/2172/1592 1933/2191/1592 
f 1915/2172/1592 1934/2192/1594 1933/2191/1592 
f 1915/2172/1592 1916/2173/1594 1934/2192/1594 
f 1916/2173/1594 1935/2193/1595 1934/2192/1594 
f 1916/2173/1594 1917/2174/1595 1935/2193/1595 
f 1917/2174/1595 1936/2194/1596 1935/2193/1595 
f 1917/2174/1595 1918/2175/1596 1936/2194/1596 
f 1918/2175/1596 1937/2195/1597 1936/2194/1596 
f 1918/2175/1596 1919/2176/1597 1937/2195/1597 
f 1919/2176/1597 1938/2196/1598 1937/2195/1597 
f 1919/2176/1597 1920/2177/1598 1938/2196/1598 
f 1920/2177/1598 1939/2197/1599 1938/2196/1598 
f 1920/2177/1598 1921/2178/1599 1939/2197/1599 
f 1921/2178/1599 1940/2198/1600 1939/2197/1599 
f 1921/2178/1599 1922/2179/1600 1940/2198/1600 
f 1922/2179/1600 1941/2199/1601 1940/2198/1600 
f 1922/2179/1600 1923/2180/1601 1941/2199/1601 
f 1923/2180/1601 1925/2182/1584 1941/2199/1601 
f 1923/2180/1601 1907/2163/1584 1925/2182/1584 
f 1925/2182/1584 1942/2200/1583 1943/2201/1602 
f 1925/2182/1584 1924/2181/1583 1942/2200/1583 
f 1924/2181/1583 1944/2202/1585 1942/2200/1583 
f 1924/2181/1583 1926/2183/1585 1944/2202/1585 
f 1926/2183/1585 1945/2203/1586 1944/2202/1585 
f 1926/2183/1585 1927/2184/1586 1945/2203/1586 
f 1927/2184/1586 1946/2204/1587 1945/2203/1586 
f 1927/2184/1586 1928/2185/1587 1946/2204/1587 
f 1928/2187/1587 1947/2205/1588 1946/2206/1587 
f 1928/2187/1587 1929/2186/1588 1947/2205/1588 
f 1929/2186/1588 1948/2207/1589 1947/2205/1588 
f 1929/2186/1588 1930/2188/1589 1948/2207/1589 
f 1930/2188/1589 1949/2208/1590 1948/2207/1589 
f 1930/2188/1589 1931/2189/1590 1949/2208/1590 
f 1931/2189/1590 1950/2209/1591 1949/2208/1590 
f 1931/2189/1590 1932/2190/1591 1950/2209/1591 
f 1932/2190/1591 1951/2210/1593 1950/2209/1591 
f 1932/2190/1591 1933/2191/1592 1951/2210/1593 
f 1933/2191/1592 1952/2211/1594 1951/2210/1593 
f 1933/2191/1592 1934/2192/1594 1952/2211/1594 
f 1934/2192/1594 1953/2212/1595 1952/2211/1594 
f 1934/2192/1594 1935/2193/1595 1953/2212/1595 
f 1935/2193/1595 1954/2213/1596 1953/2212/1595 
f 1935/2193/1595 1936/2194/1596 1954/2213/1596 
f 1936/2194/1596 1955/2214/1597 1954/2213/1596 
f 1936/2194/1596 1937/2195/1597 1955/2214/1597 
f 1937/2195/1597 1956/2215/1598 1955/2214/1597 
f 1937/2195/1597 1938/2196/1598 1956/2215/1598 
f 1938/2196/1598 1957/2216/1599 1956/2215/1598 
f 1938/2196/1598 1939/2197/1599 1957/2216/1599 
f 1939/2197/1599 1958/2217/1600 1957/2216/1599 
f 1939/2197/1599 1940/2198/1600 1958/2217/1600 
f 1940/2198/1600 1959/2218/1603 1958/2217/1600 
f 1940/2198/1600 1941/2199/1601 1959/2218/1603 
f 1941/2199/1601 1943/2201/1602 1959/2218/1603 
f 1941/2199/1601 1925/2182/1584 1943/2201/1602 
f 1943/2201/1602 1960/2219/1583 1961/2220/1584 
f 1943/2201/1602 1942/2200/1583 1960/2219/1583 
f 1942/2200/1583 1962/2221/1585 1960/2219/1583 
f 1942/2200/1583 1944/2202/1585 1962/2221/1585 
f 1944/2202/1585 1963/2222/1586 1962/2221/1585 
f 1944/2202/1585 1945/2203/1586 1963/2222/1586 
f 1945/2203/1586 1964/2223/1587 1963/2222/1586 
f 1945/2203/1586 1946/2204/1587 1964/2223/1587 
f 1946/2206/1587 1965/2224/1588 1964/2225/1587 
f 1946/2206/1587 1947/2205/1588 1965/2224/1588 
f 1947/2205/1588 1966/2226/1589 1965/2224/1588 
f 1947/2205/1588 1948/2207/1589 1966/2226/1589 
f 1948/2207/1589 1967/2227/1590 1966/2226/1589 
f 1948/2207/1589 1949/2208/1590 1967/2227/1590 
f 1949/2208/1590 1968/2228/1591 1967/2227/1590 
f 1949/2208/1590 1950/2209/1591 1968/2228/1591 
f 1950/2209/1591 1969/2229/1592 1968/2228/1591 
f 1950/2209/1591 1951/2210/1593 1969/2229/1592 
f 1951/2210/1593 1970/2230/1594 1969/2229/1592 
f 1951/2210/1593 1952/2211/1594 1970/2230/1594 
f 1952/2211/1594 1971/2231/1595 1970/2230/1594 
f 1952/2211/1594 1953/2212/1595 1971/2231/1595 
f 1953/2212/1595 1972/2232/1596 1971/2231/1595 
f 1953/2212/1595 1954/2213/1596 1972/2232/1596 
f 1954/2213/1596 1973/2233/1597 1972/2232/1596 
f 1954/2213/1596 1955/2214/1597 1973/2233/1597 
f 1955/2214/1597 1974/2234/1598 1973/2233/1597 
f 1955/2214/1597 1956/2215/1598 1974/2234/1598 
f 1956/2215/1598 1975/2235/1599 1974/2234/1598 
f 1956/2215/1598 1957/2216/1599 1975/2235/1599 
f 1957/2216/1599 1976/2236/1600 1975/2235/1599 
f 1957/2216/1599 1958/2217/1600 1976/2236/1600 
f 1958/2217/1600 1977/2237/1601 1976/2236/1600 
f 1958/2217/1600 1959/2218/1603 1977/2237/1601 
f 1959/2218/1603 1961/2220/1584 1977/2237/1601 
f 1959/2218/1603 1943/2201/1602 1961/2220/1584 
f 1961/2220/1584 1978/2238/1583 1979/2239/1602 
f 1961/2220/1584 1960/2219/1583 1978/2238/1583 
f 1960/2219/1583 1980/2240/1585 1978/2238/1583 
f 1960/2219/1583 1962/2221/1585 1980/2240/1585 
f 1962/2221/1585 1981/2241/1586 1980/2240/1585 
f 1962/2221/1585 1963/2222/1586 1981/2241/1586 
f 1963/2222/1586 1982/2242/1587 1981/2241/1586 
f 1963/2222/1586 1964/2223/1587 1982/2242/1587 
f 1964/2225/1587 1983/2243/1588 1982/2244/1587 
f 1964/2225/1587 1965/2224/1588 1983/2243/1588 
f 1965/2224/1588 1984/2245/1589 1983/2243/1588 
f 1965/2224/1588 1966/2226/1589 1984/2245/1589 
f 1966/2226/1589 1985/2246/1590 1984/2245/1589 
f 1966/2226/1589 1967/2227/1590 1985/2246/1590 
f 1967/2227/1590 1986/2247/1591 1985/2246/1590 
f 1967/2227/1590 1968/2228/1591 1986/2247/1591 
f 1968/2228/1591 1987/2248/1604 1986/2247/1591 
f 1968/2228/1591 1969/2229/1592 1987/2248/1604 
f 1969/2229/1592 1988/2249/1594 1987/2248/1604 
f 1969/2229/1592 1970/2230/1594 1988/2249/1594 
f 1970/2230/1594 1989/2250/1595 1988/2249/1594 
f 1970/2230/1594 1971/2231/1595 1989/2250/1595 
f 1971/2231/1595 1990/2251/1596 1989/2250/1595 
f 1971/2231/1595 1972/2232/1596 1990/2251/1596 
f 1972/2232/1596 1991/2252/1597 1990/2251/1596 
f 1972/2232/1596 1973/2233/1597 1991/2252/1597 
f 1973/2233/1597 1992/2253/1598 1991/2252/1597 
f 1973/2233/1597 1974/2234/1598 1992/2253/1598 
f 1974/2234/1598 1993/2254/1599 1992/2253/1598 
f 1974/2234/1598 1975/2235/1599 1993/2254/1599 
f 1975/2235/1599 1994/2255/1600 1993/2254/1599 
f 1975/2235/1599 1976/2236/1600 1994/2255/1600 
f 1976/2236/1600 1995/2256/1603 1994/2255/1600 
f 1976/2236/1600 1977/2237/1601 1995/2256/1603 
f 1977/2237/1601 1979/2239/1602 1995/2256/1603 
f 1977/2237/1601 1961/2220/1584 1979/2239/1602 
s 1
f 1996/2257/1605 1979/2239/1605 1978/2238/1605 
f 1996/2257/1605 1978/2238/1605 1980/2240/1605 
f 1996/2257/1605 1980/2240/1605 1981/2241/1605 
f 1996/2257/1605 1981/2241/1605 1982/2242/1605 
f 1996/2257/1605 1982/2244/1605 1983/2243/1605 
f 1996/2257/1605 1983/2243/1605 1984/2245/1605 
f 1996/2257/1605 1984/2245/1605 1985/2246/1605 
f 1996/2257/1605 1985/2246/1605 1986/2247/1605 
f 1996/2257/1605 1986/2247/1605 1987/2248/1605 
f 1996/2257/1605 1987/2248/1605 1988/2249/1605 
f 1996/2257/1605 1988/2249/1605 1989/2250/1605 
f 1996/2257/1605 1989/2250/1605 1990/2251/1605 
f 1996/2257/1605 1990/2251/1605 1991/2252/1605 
f 1996/2257/1605 1991/2252/1605 1992/2253/1605 
f 1996/2257/1605 1992/2253/1605 1993/2254/1605 
f 1996/2257/1605 1993/2254/1605 1994/2255/1605 
f 1996/2257/1605 1994/2255/1605 1995/2256/1605 
f 1996/2257/1605 1995/2256/1605 1979/2239/1605 
# 216 faces

#
# object Cylinder006
#

v  0.0000 0.0048 -6.0000
v  0.0477 0.0280 -6.1403
v  0.0021 0.0048 -6.1500
v  0.0876 0.0483 -6.1137
v  0.1170 0.0634 -6.0734
v  0.1322 0.0715 -6.0242
v  0.1315 0.0715 -5.9721
v  0.1149 0.0634 -5.9234
v  0.0845 0.0483 -5.8839
v  0.0438 0.0280 -5.8584
v  -0.0021 0.0048 -5.8500
v  -0.0477 -0.0183 -5.8597
v  -0.0876 -0.0387 -5.8863
v  -0.1170 -0.0538 -5.9266
v  -0.1322 -0.0618 -5.9758
v  -0.1315 -0.0618 -6.0279
v  -0.1149 -0.0538 -6.0766
v  -0.0845 -0.0387 -6.1161
v  -0.0438 -0.0183 -6.1416
v  0.9949 -1.8463 -6.1272
v  0.9492 -1.8694 -6.1369
v  1.0348 -1.8259 -6.1006
v  1.0641 -1.8108 -6.0603
v  1.0793 -1.8028 -6.0111
v  1.0786 -1.8028 -5.9590
v  1.0620 -1.8108 -5.9103
v  1.0316 -1.8259 -5.8708
v  0.9910 -1.8463 -5.8453
v  0.9451 -1.8694 -5.8369
v  0.8994 -1.8926 -5.8466
v  0.8595 -1.9129 -5.8732
v  0.8302 -1.9280 -5.9135
v  0.8150 -1.9360 -5.9627
v  0.8157 -1.9360 -6.0148
v  0.8323 -1.9280 -6.0635
v  0.8627 -1.9129 -6.1030
v  0.9033 -1.8926 -6.1285
v  1.9420 -3.7205 -6.1141
v  1.8964 -3.7436 -6.1238
v  1.9819 -3.7001 -6.0875
v  2.0113 -3.6850 -6.0472
v  2.0265 -3.6770 -5.9980
v  2.0258 -3.6770 -5.9459
v  2.0092 -3.6850 -5.8972
v  1.9788 -3.7001 -5.8577
v  1.9381 -3.7205 -5.8322
v  1.8922 -3.7436 -5.8238
v  1.8466 -3.7668 -5.8335
v  1.8067 -3.7871 -5.8601
v  1.7773 -3.8022 -5.9004
v  1.7621 -3.8103 -5.9496
v  1.7628 -3.8103 -6.0017
v  1.7794 -3.8022 -6.0504
v  1.8098 -3.7871 -6.0899
v  1.8505 -3.7668 -6.1154
v  2.8892 -5.5947 -6.1010
v  2.8435 -5.6179 -6.1107
v  2.9291 -5.5744 -6.0744
v  2.9584 -5.5593 -6.0341
v  2.9736 -5.5512 -5.9849
v  2.9729 -5.5512 -5.9328
v  2.9563 -5.5593 -5.8841
v  2.9259 -5.5744 -5.8446
v  2.8853 -5.5947 -5.8191
v  2.8394 -5.6179 -5.8107
v  2.7937 -5.6410 -5.8204
v  2.7538 -5.6614 -5.8470
v  2.7245 -5.6765 -5.8873
v  2.7093 -5.6845 -5.9365
v  2.7100 -5.6845 -5.9886
v  2.7266 -5.6765 -6.0373
v  2.7570 -5.6614 -6.0768
v  2.7976 -5.6410 -6.1023
v  3.8363 -7.4690 -6.0879
v  3.7907 -7.4921 -6.0976
v  3.8762 -7.4486 -6.0613
v  3.9056 -7.4335 -6.0210
v  3.9208 -7.4255 -5.9718
v  3.9201 -7.4255 -5.9197
v  3.9035 -7.4335 -5.8710
v  3.8731 -7.4486 -5.8315
v  3.8324 -7.4690 -5.8060
v  3.7865 -7.4921 -5.7976
v  3.7409 -7.5152 -5.8073
v  3.7010 -7.5356 -5.8339
v  3.6716 -7.5507 -5.8742
v  3.6564 -7.5587 -5.9234
v  3.6571 -7.5587 -5.9754
v  3.6737 -7.5507 -6.0242
v  3.7041 -7.5356 -6.0637
v  3.7448 -7.5152 -6.0892
v  4.7835 -9.3432 -6.0748
v  4.7378 -9.3663 -6.0845
v  4.8234 -9.3228 -6.0482
v  4.8527 -9.3077 -6.0079
v  4.8679 -9.2997 -5.9587
v  4.8672 -9.2997 -5.9066
v  4.8506 -9.3077 -5.8579
v  4.8202 -9.3228 -5.8184
v  4.7796 -9.3432 -5.7929
v  4.7337 -9.3663 -5.7845
v  4.6880 -9.3895 -5.7942
v  4.6481 -9.4098 -5.8208
v  4.6188 -9.4249 -5.8611
v  4.6036 -9.4330 -5.9103
v  4.6043 -9.4330 -5.9623
v  4.6209 -9.4249 -6.0111
v  4.6513 -9.4098 -6.0506
v  4.6919 -9.3895 -6.0760
v  4.7357 -9.3663 -5.9345
# 110 vertices

vn -0.4510 0.8925 -0.0062
vn 0.0138 0.0000 -0.9999
vn 0.3182 0.1543 -0.9354
vn 0.0138 -0.0000 -0.9999
vn 0.5842 0.2899 -0.7580
vn 0.7798 0.3906 -0.4893
vn 0.8812 0.4442 -0.1615
vn 0.8764 0.4442 0.1858
vn 0.7659 0.3906 0.5106
vn 0.5630 0.2899 0.7739
vn 0.2922 0.1543 0.9438
vn -0.0138 0.0000 0.9999
vn -0.0138 -0.0000 0.9999
vn -0.3182 -0.1543 0.9354
vn -0.5842 -0.2899 0.7580
vn -0.7798 -0.3906 0.4893
vn -0.8812 -0.4442 0.1615
vn -0.8764 -0.4442 -0.1858
vn -0.7659 -0.3906 -0.5106
vn -0.5630 -0.2899 -0.7739
vn -0.2922 -0.1543 -0.9438
vn 0.4510 -0.8925 0.0062
# 22 vertex normals

vt 0.5000 0.0000 0.0000
vt 0.8056 0.0000 1.0000
vt 0.7500 0.0000 1.0000
vt 0.8611 0.0000 1.0000
vt 0.9167 0.0000 1.0000
vt 0.9722 0.0000 1.0000
vt 0.0278 0.0000 1.0000
vt -0.0278 0.0000 1.0000
vt 0.0833 0.0000 1.0000
vt 0.1389 0.0000 1.0000
vt 0.1944 0.0000 1.0000
vt 0.2500 0.0000 1.0000
vt 0.3056 0.0000 1.0000
vt 0.3611 0.0000 1.0000
vt 0.4167 0.0000 1.0000
vt 0.4722 0.0000 1.0000
vt 0.5278 0.0000 1.0000
vt 0.5833 0.0000 1.0000
vt 0.6389 0.0000 1.0000
vt 0.6944 0.0000 1.0000
vt 0.8056 0.2000 1.0000
vt 0.7500 0.2000 1.0000
vt 0.8611 0.2000 1.0000
vt 0.9167 0.2000 1.0000
vt 0.9722 0.2000 1.0000
vt 0.0278 0.2000 1.0000
vt -0.0278 0.2000 1.0000
vt 0.0833 0.2000 1.0000
vt 0.1389 0.2000 1.0000
vt 0.1944 0.2000 1.0000
vt 0.2500 0.2000 1.0000
vt 0.3056 0.2000 1.0000
vt 0.3611 0.2000 1.0000
vt 0.4167 0.2000 1.0000
vt 0.4722 0.2000 1.0000
vt 0.5278 0.2000 1.0000
vt 0.5833 0.2000 1.0000
vt 0.6389 0.2000 1.0000
vt 0.6944 0.2000 1.0000
vt 0.8056 0.4000 1.0000
vt 0.7500 0.4000 1.0000
vt 0.8611 0.4000 1.0000
vt 0.9167 0.4000 1.0000
vt 0.9722 0.4000 1.0000
vt 0.0278 0.4000 1.0000
vt -0.0278 0.4000 1.0000
vt 0.0833 0.4000 1.0000
vt 0.1389 0.4000 1.0000
vt 0.1944 0.4000 1.0000
vt 0.2500 0.4000 1.0000
vt 0.3056 0.4000 1.0000
vt 0.3611 0.4000 1.0000
vt 0.4167 0.4000 1.0000
vt 0.4722 0.4000 1.0000
vt 0.5278 0.4000 1.0000
vt 0.5833 0.4000 1.0000
vt 0.6389 0.4000 1.0000
vt 0.6944 0.4000 1.0000
vt 0.8056 0.6000 1.0000
vt 0.7500 0.6000 1.0000
vt 0.8611 0.6000 1.0000
vt 0.9167 0.6000 1.0000
vt 0.9722 0.6000 1.0000
vt 0.0278 0.6000 1.0000
vt -0.0278 0.6000 1.0000
vt 0.0833 0.6000 1.0000
vt 0.1389 0.6000 1.0000
vt 0.1944 0.6000 1.0000
vt 0.2500 0.6000 1.0000
vt 0.3056 0.6000 1.0000
vt 0.3611 0.6000 1.0000
vt 0.4167 0.6000 1.0000
vt 0.4722 0.6000 1.0000
vt 0.5278 0.6000 1.0000
vt 0.5833 0.6000 1.0000
vt 0.6389 0.6000 1.0000
vt 0.6944 0.6000 1.0000
vt 0.8056 0.8000 1.0000
vt 0.7500 0.8000 1.0000
vt 0.8611 0.8000 1.0000
vt 0.9167 0.8000 1.0000
vt 0.9722 0.8000 1.0000
vt 0.0278 0.8000 1.0000
vt -0.0278 0.8000 1.0000
vt 0.0833 0.8000 1.0000
vt 0.1389 0.8000 1.0000
vt 0.1944 0.8000 1.0000
vt 0.2500 0.8000 1.0000
vt 0.3056 0.8000 1.0000
vt 0.3611 0.8000 1.0000
vt 0.4167 0.8000 1.0000
vt 0.4722 0.8000 1.0000
vt 0.5278 0.8000 1.0000
vt 0.5833 0.8000 1.0000
vt 0.6389 0.8000 1.0000
vt 0.6944 0.8000 1.0000
vt 0.8056 1.0000 1.0000
vt 0.7500 1.0000 1.0000
vt 0.8611 1.0000 1.0000
vt 0.9167 1.0000 1.0000
vt 0.9722 1.0000 1.0000
vt 0.0278 1.0000 1.0000
vt -0.0278 1.0000 1.0000
vt 0.0833 1.0000 1.0000
vt 0.1389 1.0000 1.0000
vt 0.1944 1.0000 1.0000
vt 0.2500 1.0000 1.0000
vt 0.3056 1.0000 1.0000
vt 0.3611 1.0000 1.0000
vt 0.4167 1.0000 1.0000
vt 0.4722 1.0000 1.0000
vt 0.5278 1.0000 1.0000
vt 0.5833 1.0000 1.0000
vt 0.6389 1.0000 1.0000
vt 0.6944 1.0000 1.0000
vt 0.5000 1.0000 0.0000
# 116 texture coords

o Cylinder006
g Cylinder006
usemtl 03___Default
s 1
f 1997/2258/1606 1998/2259/1606 1999/2260/1606 
f 1997/2258/1606 2000/2261/1606 1998/2259/1606 
f 1997/2258/1606 2001/2262/1606 2000/2261/1606 
f 1997/2258/1606 2002/2263/1606 2001/2262/1606 
f 1997/2258/1606 2003/2264/1606 2002/2265/1606 
f 1997/2258/1606 2004/2266/1606 2003/2264/1606 
f 1997/2258/1606 2005/2267/1606 2004/2266/1606 
f 1997/2258/1606 2006/2268/1606 2005/2267/1606 
f 1997/2258/1606 2007/2269/1606 2006/2268/1606 
f 1997/2258/1606 2008/2270/1606 2007/2269/1606 
f 1997/2258/1606 2009/2271/1606 2008/2270/1606 
f 1997/2258/1606 2010/2272/1606 2009/2271/1606 
f 1997/2258/1606 2011/2273/1606 2010/2272/1606 
f 1997/2258/1606 2012/2274/1606 2011/2273/1606 
f 1997/2258/1606 2013/2275/1606 2012/2274/1606 
f 1997/2258/1606 2014/2276/1606 2013/2275/1606 
f 1997/2258/1606 2015/2277/1606 2014/2276/1606 
f 1997/2258/1606 1999/2260/1606 2015/2277/1606 
s 8
f 1999/2260/1607 2016/2278/1608 2017/2279/1609 
f 1999/2260/1607 1998/2259/1608 2016/2278/1608 
f 1998/2259/1608 2018/2280/1610 2016/2278/1608 
f 1998/2259/1608 2000/2261/1610 2018/2280/1610 
f 2000/2261/1610 2019/2281/1611 2018/2280/1610 
f 2000/2261/1610 2001/2262/1611 2019/2281/1611 
f 2001/2262/1611 2020/2282/1612 2019/2281/1611 
f 2001/2262/1611 2002/2263/1612 2020/2282/1612 
f 2002/2265/1612 2021/2283/1613 2020/2284/1612 
f 2002/2265/1612 2003/2264/1613 2021/2283/1613 
f 2003/2264/1613 2022/2285/1614 2021/2283/1613 
f 2003/2264/1613 2004/2266/1614 2022/2285/1614 
f 2004/2266/1614 2023/2286/1615 2022/2285/1614 
f 2004/2266/1614 2005/2267/1615 2023/2286/1615 
f 2005/2267/1615 2024/2287/1616 2023/2286/1615 
f 2005/2267/1615 2006/2268/1616 2024/2287/1616 
f 2006/2268/1616 2025/2288/1617 2024/2287/1616 
f 2006/2268/1616 2007/2269/1618 2025/2288/1617 
f 2007/2269/1618 2026/2289/1619 2025/2288/1617 
f 2007/2269/1618 2008/2270/1619 2026/2289/1619 
f 2008/2270/1619 2027/2290/1620 2026/2289/1619 
f 2008/2270/1619 2009/2271/1620 2027/2290/1620 
f 2009/2271/1620 2028/2291/1621 2027/2290/1620 
f 2009/2271/1620 2010/2272/1621 2028/2291/1621 
f 2010/2272/1621 2029/2292/1622 2028/2291/1621 
f 2010/2272/1621 2011/2273/1622 2029/2292/1622 
f 2011/2273/1622 2030/2293/1623 2029/2292/1622 
f 2011/2273/1622 2012/2274/1623 2030/2293/1623 
f 2012/2274/1623 2031/2294/1624 2030/2293/1623 
f 2012/2274/1623 2013/2275/1624 2031/2294/1624 
f 2013/2275/1624 2032/2295/1625 2031/2294/1624 
f 2013/2275/1624 2014/2276/1625 2032/2295/1625 
f 2014/2276/1625 2033/2296/1626 2032/2295/1625 
f 2014/2276/1625 2015/2277/1626 2033/2296/1626 
f 2015/2277/1626 2017/2279/1609 2033/2296/1626 
f 2015/2277/1626 1999/2260/1607 2017/2279/1609 
f 2017/2279/1609 2034/2297/1608 2035/2298/1609 
f 2017/2279/1609 2016/2278/1608 2034/2297/1608 
f 2016/2278/1608 2036/2299/1610 2034/2297/1608 
f 2016/2278/1608 2018/2280/1610 2036/2299/1610 
f 2018/2280/1610 2037/2300/1611 2036/2299/1610 
f 2018/2280/1610 2019/2281/1611 2037/2300/1611 
f 2019/2281/1611 2038/2301/1612 2037/2300/1611 
f 2019/2281/1611 2020/2282/1612 2038/2301/1612 
f 2020/2284/1612 2039/2302/1613 2038/2303/1612 
f 2020/2284/1612 2021/2283/1613 2039/2302/1613 
f 2021/2283/1613 2040/2304/1614 2039/2302/1613 
f 2021/2283/1613 2022/2285/1614 2040/2304/1614 
f 2022/2285/1614 2041/2305/1615 2040/2304/1614 
f 2022/2285/1614 2023/2286/1615 2041/2305/1615 
f 2023/2286/1615 2042/2306/1616 2041/2305/1615 
f 2023/2286/1615 2024/2287/1616 2042/2306/1616 
f 2024/2287/1616 2043/2307/1617 2042/2306/1616 
f 2024/2287/1616 2025/2288/1617 2043/2307/1617 
f 2025/2288/1617 2044/2308/1619 2043/2307/1617 
f 2025/2288/1617 2026/2289/1619 2044/2308/1619 
f 2026/2289/1619 2045/2309/1620 2044/2308/1619 
f 2026/2289/1619 2027/2290/1620 2045/2309/1620 
f 2027/2290/1620 2046/2310/1621 2045/2309/1620 
f 2027/2290/1620 2028/2291/1621 2046/2310/1621 
f 2028/2291/1621 2047/2311/1622 2046/2310/1621 
f 2028/2291/1621 2029/2292/1622 2047/2311/1622 
f 2029/2292/1622 2048/2312/1623 2047/2311/1622 
f 2029/2292/1622 2030/2293/1623 2048/2312/1623 
f 2030/2293/1623 2049/2313/1624 2048/2312/1623 
f 2030/2293/1623 2031/2294/1624 2049/2313/1624 
f 2031/2294/1624 2050/2314/1625 2049/2313/1624 
f 2031/2294/1624 2032/2295/1625 2050/2314/1625 
f 2032/2295/1625 2051/2315/1626 2050/2314/1625 
f 2032/2295/1625 2033/2296/1626 2051/2315/1626 
f 2033/2296/1626 2035/2298/1609 2051/2315/1626 
f 2033/2296/1626 2017/2279/1609 2035/2298/1609 
f 2035/2298/1609 2052/2316/1608 2053/2317/1607 
f 2035/2298/1609 2034/2297/1608 2052/2316/1608 
f 2034/2297/1608 2054/2318/1610 2052/2316/1608 
f 2034/2297/1608 2036/2299/1610 2054/2318/1610 
f 2036/2299/1610 2055/2319/1611 2054/2318/1610 
f 2036/2299/1610 2037/2300/1611 2055/2319/1611 
f 2037/2300/1611 2056/2320/1612 2055/2319/1611 
f 2037/2300/1611 2038/2301/1612 2056/2320/1612 
f 2038/2303/1612 2057/2321/1613 2056/2322/1612 
f 2038/2303/1612 2039/2302/1613 2057/2321/1613 
f 2039/2302/1613 2058/2323/1614 2057/2321/1613 
f 2039/2302/1613 2040/2304/1614 2058/2323/1614 
f 2040/2304/1614 2059/2324/1615 2058/2323/1614 
f 2040/2304/1614 2041/2305/1615 2059/2324/1615 
f 2041/2305/1615 2060/2325/1616 2059/2324/1615 
f 2041/2305/1615 2042/2306/1616 2060/2325/1616 
f 2042/2306/1616 2061/2326/1618 2060/2325/1616 
f 2042/2306/1616 2043/2307/1617 2061/2326/1618 
f 2043/2307/1617 2062/2327/1619 2061/2326/1618 
f 2043/2307/1617 2044/2308/1619 2062/2327/1619 
f 2044/2308/1619 2063/2328/1620 2062/2327/1619 
f 2044/2308/1619 2045/2309/1620 2063/2328/1620 
f 2045/2309/1620 2064/2329/1621 2063/2328/1620 
f 2045/2309/1620 2046/2310/1621 2064/2329/1621 
f 2046/2310/1621 2065/2330/1622 2064/2329/1621 
f 2046/2310/1621 2047/2311/1622 2065/2330/1622 
f 2047/2311/1622 2066/2331/1623 2065/2330/1622 
f 2047/2311/1622 2048/2312/1623 2066/2331/1623 
f 2048/2312/1623 2067/2332/1624 2066/2331/1623 
f 2048/2312/1623 2049/2313/1624 2067/2332/1624 
f 2049/2313/1624 2068/2333/1625 2067/2332/1624 
f 2049/2313/1624 2050/2314/1625 2068/2333/1625 
f 2050/2314/1625 2069/2334/1626 2068/2333/1625 
f 2050/2314/1625 2051/2315/1626 2069/2334/1626 
f 2051/2315/1626 2053/2317/1607 2069/2334/1626 
f 2051/2315/1626 2035/2298/1609 2053/2317/1607 
f 2053/2317/1607 2070/2335/1608 2071/2336/1609 
f 2053/2317/1607 2052/2316/1608 2070/2335/1608 
f 2052/2316/1608 2072/2337/1610 2070/2335/1608 
f 2052/2316/1608 2054/2318/1610 2072/2337/1610 
f 2054/2318/1610 2073/2338/1611 2072/2337/1610 
f 2054/2318/1610 2055/2319/1611 2073/2338/1611 
f 2055/2319/1611 2074/2339/1612 2073/2338/1611 
f 2055/2319/1611 2056/2320/1612 2074/2339/1612 
f 2056/2322/1612 2075/2340/1613 2074/2341/1612 
f 2056/2322/1612 2057/2321/1613 2075/2340/1613 
f 2057/2321/1613 2076/2342/1614 2075/2340/1613 
f 2057/2321/1613 2058/2323/1614 2076/2342/1614 
f 2058/2323/1614 2077/2343/1615 2076/2342/1614 
f 2058/2323/1614 2059/2324/1615 2077/2343/1615 
f 2059/2324/1615 2078/2344/1616 2077/2343/1615 
f 2059/2324/1615 2060/2325/1616 2078/2344/1616 
f 2060/2325/1616 2079/2345/1617 2078/2344/1616 
f 2060/2325/1616 2061/2326/1618 2079/2345/1617 
f 2061/2326/1618 2080/2346/1619 2079/2345/1617 
f 2061/2326/1618 2062/2327/1619 2080/2346/1619 
f 2062/2327/1619 2081/2347/1620 2080/2346/1619 
f 2062/2327/1619 2063/2328/1620 2081/2347/1620 
f 2063/2328/1620 2082/2348/1621 2081/2347/1620 
f 2063/2328/1620 2064/2329/1621 2082/2348/1621 
f 2064/2329/1621 2083/2349/1622 2082/2348/1621 
f 2064/2329/1621 2065/2330/1622 2083/2349/1622 
f 2065/2330/1622 2084/2350/1623 2083/2349/1622 
f 2065/2330/1622 2066/2331/1623 2084/2350/1623 
f 2066/2331/1623 2085/2351/1624 2084/2350/1623 
f 2066/2331/1623 2067/2332/1624 2085/2351/1624 
f 2067/2332/1624 2086/2352/1625 2085/2351/1624 
f 2067/2332/1624 2068/2333/1625 2086/2352/1625 
f 2068/2333/1625 2087/2353/1626 2086/2352/1625 
f 2068/2333/1625 2069/2334/1626 2087/2353/1626 
f 2069/2334/1626 2071/2336/1609 2087/2353/1626 
f 2069/2334/1626 2053/2317/1607 2071/2336/1609 
f 2071/2336/1609 2088/2354/1608 2089/2355/1607 
f 2071/2336/1609 2070/2335/1608 2088/2354/1608 
f 2070/2335/1608 2090/2356/1610 2088/2354/1608 
f 2070/2335/1608 2072/2337/1610 2090/2356/1610 
f 2072/2337/1610 2091/2357/1611 2090/2356/1610 
f 2072/2337/1610 2073/2338/1611 2091/2357/1611 
f 2073/2338/1611 2092/2358/1612 2091/2357/1611 
f 2073/2338/1611 2074/2339/1612 2092/2358/1612 
f 2074/2341/1612 2093/2359/1613 2092/2360/1612 
f 2074/2341/1612 2075/2340/1613 2093/2359/1613 
f 2075/2340/1613 2094/2361/1614 2093/2359/1613 
f 2075/2340/1613 2076/2342/1614 2094/2361/1614 
f 2076/2342/1614 2095/2362/1615 2094/2361/1614 
f 2076/2342/1614 2077/2343/1615 2095/2362/1615 
f 2077/2343/1615 2096/2363/1616 2095/2362/1615 
f 2077/2343/1615 2078/2344/1616 2096/2363/1616 
f 2078/2344/1616 2097/2364/1618 2096/2363/1616 
f 2078/2344/1616 2079/2345/1617 2097/2364/1618 
f 2079/2345/1617 2098/2365/1619 2097/2364/1618 
f 2079/2345/1617 2080/2346/1619 2098/2365/1619 
f 2080/2346/1619 2099/2366/1620 2098/2365/1619 
f 2080/2346/1619 2081/2347/1620 2099/2366/1620 
f 2081/2347/1620 2100/2367/1621 2099/2366/1620 
f 2081/2347/1620 2082/2348/1621 2100/2367/1621 
f 2082/2348/1621 2101/2368/1622 2100/2367/1621 
f 2082/2348/1621 2083/2349/1622 2101/2368/1622 
f 2083/2349/1622 2102/2369/1623 2101/2368/1622 
f 2083/2349/1622 2084/2350/1623 2102/2369/1623 
f 2084/2350/1623 2103/2370/1624 2102/2369/1623 
f 2084/2350/1623 2085/2351/1624 2103/2370/1624 
f 2085/2351/1624 2104/2371/1625 2103/2370/1624 
f 2085/2351/1624 2086/2352/1625 2104/2371/1625 
f 2086/2352/1625 2105/2372/1626 2104/2371/1625 
f 2086/2352/1625 2087/2353/1626 2105/2372/1626 
f 2087/2353/1626 2089/2355/1607 2105/2372/1626 
f 2087/2353/1626 2071/2336/1609 2089/2355/1607 
s 1
f 2106/2373/1627 2089/2355/1627 2088/2354/1627 
f 2106/2373/1627 2088/2354/1627 2090/2356/1627 
f 2106/2373/1627 2090/2356/1627 2091/2357/1627 
f 2106/2373/1627 2091/2357/1627 2092/2358/1627 
f 2106/2373/1627 2092/2360/1627 2093/2359/1627 
f 2106/2373/1627 2093/2359/1627 2094/2361/1627 
f 2106/2373/1627 2094/2361/1627 2095/2362/1627 
f 2106/2373/1627 2095/2362/1627 2096/2363/1627 
f 2106/2373/1627 2096/2363/1627 2097/2364/1627 
f 2106/2373/1627 2097/2364/1627 2098/2365/1627 
f 2106/2373/1627 2098/2365/1627 2099/2366/1627 
f 2106/2373/1627 2099/2366/1627 2100/2367/1627 
f 2106/2373/1627 2100/2367/1627 2101/2368/1627 
f 2106/2373/1627 2101/2368/1627 2102/2369/1627 
f 2106/2373/1627 2102/2369/1627 2103/2370/1627 
f 2106/2373/1627 2103/2370/1627 2104/2371/1627 
f 2106/2373/1627 2104/2371/1627 2105/2372/1627 
f 2106/2373/1627 2105/2372/1627 2089/2355/1627 
# 216 faces

#
# object Cylinder007
#

v  0.0000 0.0048 5.8894
v  0.0477 0.0280 5.7491
v  0.0021 0.0048 5.7394
v  0.0876 0.0483 5.7757
v  0.1170 0.0634 5.8160
v  0.1322 0.0715 5.8652
v  0.1315 0.0715 5.9173
v  0.1149 0.0634 5.9660
v  0.0845 0.0483 6.0055
v  0.0438 0.0280 6.0310
v  -0.0021 0.0048 6.0394
v  -0.0477 -0.0183 6.0297
v  -0.0876 -0.0387 6.0031
v  -0.1170 -0.0538 5.9628
v  -0.1322 -0.0618 5.9136
v  -0.1315 -0.0618 5.8616
v  -0.1149 -0.0538 5.8128
v  -0.0845 -0.0387 5.7733
v  -0.0438 -0.0183 5.7479
v  0.9949 -1.8463 5.7622
v  0.9492 -1.8694 5.7525
v  1.0348 -1.8259 5.7888
v  1.0641 -1.8108 5.8291
v  1.0793 -1.8028 5.8783
v  1.0786 -1.8028 5.9304
v  1.0620 -1.8108 5.9791
v  1.0316 -1.8259 6.0186
v  0.9910 -1.8463 6.0441
v  0.9451 -1.8694 6.0525
v  0.8994 -1.8926 6.0428
v  0.8595 -1.9129 6.0162
v  0.8302 -1.9280 5.9759
v  0.8150 -1.9360 5.9268
v  0.8157 -1.9360 5.8747
v  0.8323 -1.9280 5.8259
v  0.8627 -1.9129 5.7864
v  0.9033 -1.8926 5.7610
v  1.9420 -3.7205 5.7753
v  1.8964 -3.7436 5.7656
v  1.9819 -3.7001 5.8019
v  2.0113 -3.6850 5.8422
v  2.0265 -3.6770 5.8914
v  2.0258 -3.6770 5.9435
v  2.0092 -3.6850 5.9922
v  1.9788 -3.7001 6.0317
v  1.9381 -3.7205 6.0572
v  1.8922 -3.7436 6.0656
v  1.8466 -3.7668 6.0559
v  1.8067 -3.7871 6.0293
v  1.7773 -3.8022 5.9890
v  1.7621 -3.8103 5.9399
v  1.7628 -3.8103 5.8878
v  1.7794 -3.8022 5.8390
v  1.8098 -3.7871 5.7995
v  1.8505 -3.7668 5.7741
v  2.8892 -5.5947 5.7884
v  2.8435 -5.6179 5.7788
v  2.9291 -5.5744 5.8150
v  2.9584 -5.5593 5.8554
v  2.9736 -5.5512 5.9045
v  2.9729 -5.5512 5.9566
v  2.9563 -5.5593 6.0053
v  2.9259 -5.5744 6.0448
v  2.8853 -5.5947 6.0703
v  2.8394 -5.6179 6.0787
v  2.7937 -5.6410 6.0690
v  2.7538 -5.6614 6.0424
v  2.7245 -5.6765 6.0021
v  2.7093 -5.6845 5.9530
v  2.7100 -5.6845 5.9009
v  2.7266 -5.6765 5.8521
v  2.7570 -5.6614 5.8127
v  2.7976 -5.6410 5.7872
v  3.8363 -7.4690 5.8015
v  3.7907 -7.4921 5.7919
v  3.8762 -7.4486 5.8281
v  3.9056 -7.4335 5.8685
v  3.9208 -7.4255 5.9176
v  3.9201 -7.4255 5.9697
v  3.9035 -7.4335 6.0184
v  3.8731 -7.4486 6.0579
v  3.8324 -7.4690 6.0834
v  3.7865 -7.4921 6.0918
v  3.7409 -7.5152 6.0822
v  3.7010 -7.5356 6.0555
v  3.6716 -7.5507 6.0152
v  3.6564 -7.5587 5.9661
v  3.6571 -7.5587 5.9140
v  3.6737 -7.5507 5.8652
v  3.7041 -7.5356 5.8258
v  3.7448 -7.5152 5.8003
v  4.7835 -9.3432 5.8146
v  4.7378 -9.3663 5.8050
v  4.8234 -9.3228 5.8412
v  4.8527 -9.3077 5.8816
v  4.8679 -9.2997 5.9307
v  4.8672 -9.2997 5.9828
v  4.8506 -9.3077 6.0315
v  4.8202 -9.3228 6.0710
v  4.7796 -9.3432 6.0965
v  4.7337 -9.3663 6.1049
v  4.6880 -9.3895 6.0953
v  4.6481 -9.4098 6.0687
v  4.6188 -9.4249 6.0283
v  4.6036 -9.4330 5.9792
v  4.6043 -9.4330 5.9271
v  4.6209 -9.4249 5.8784
v  4.6513 -9.4098 5.8389
v  4.6919 -9.3895 5.8134
v  4.7357 -9.3663 5.9549
# 110 vertices

vn -0.4510 0.8925 -0.0062
vn 0.0138 0.0000 -0.9999
vn 0.3182 0.1543 -0.9354
vn 0.0138 -0.0000 -0.9999
vn 0.5842 0.2899 -0.7580
vn 0.7798 0.3906 -0.4893
vn 0.8812 0.4442 -0.1615
vn 0.8764 0.4442 0.1858
vn 0.7659 0.3906 0.5106
vn 0.5630 0.2899 0.7739
vn 0.2922 0.1543 0.9438
vn -0.0138 0.0000 0.9999
vn -0.0138 -0.0000 0.9999
vn -0.3182 -0.1543 0.9354
vn -0.5842 -0.2899 0.7580
vn -0.7798 -0.3906 0.4893
vn -0.8812 -0.4442 0.1615
vn -0.8764 -0.4442 -0.1858
vn -0.7659 -0.3906 -0.5106
vn -0.5630 -0.2899 -0.7739
vn -0.2922 -0.1543 -0.9438
vn 0.4510 -0.8925 0.0062
# 22 vertex normals

vt 0.5000 0.0000 0.0000
vt 0.8056 0.0000 1.0000
vt 0.7500 0.0000 1.0000
vt 0.8611 0.0000 1.0000
vt 0.9167 0.0000 1.0000
vt 0.9722 0.0000 1.0000
vt 0.0278 0.0000 1.0000
vt -0.0278 0.0000 1.0000
vt 0.0833 0.0000 1.0000
vt 0.1389 0.0000 1.0000
vt 0.1944 0.0000 1.0000
vt 0.2500 0.0000 1.0000
vt 0.3056 0.0000 1.0000
vt 0.3611 0.0000 1.0000
vt 0.4167 0.0000 1.0000
vt 0.4722 0.0000 1.0000
vt 0.5278 0.0000 1.0000
vt 0.5833 0.0000 1.0000
vt 0.6389 0.0000 1.0000
vt 0.6944 0.0000 1.0000
vt 0.8056 0.2000 1.0000
vt 0.7500 0.2000 1.0000
vt 0.8611 0.2000 1.0000
vt 0.9167 0.2000 1.0000
vt 0.9722 0.2000 1.0000
vt 0.0278 0.2000 1.0000
vt -0.0278 0.2000 1.0000
vt 0.0833 0.2000 1.0000
vt 0.1389 0.2000 1.0000
vt 0.1944 0.2000 1.0000
vt 0.2500 0.2000 1.0000
vt 0.3056 0.2000 1.0000
vt 0.3611 0.2000 1.0000
vt 0.4167 0.2000 1.0000
vt 0.4722 0.2000 1.0000
vt 0.5278 0.2000 1.0000
vt 0.5833 0.2000 1.0000
vt 0.6389 0.2000 1.0000
vt 0.6944 0.2000 1.0000
vt 0.8056 0.4000 1.0000
vt 0.7500 0.4000 1.0000
vt 0.8611 0.4000 1.0000
vt 0.9167 0.4000 1.0000
vt 0.9722 0.4000 1.0000
vt 0.0278 0.4000 1.0000
vt -0.0278 0.4000 1.0000
vt 0.0833 0.4000 1.0000
vt 0.1389 0.4000 1.0000
vt 0.1944 0.4000 1.0000
vt 0.2500 0.4000 1.0000
vt 0.3056 0.4000 1.0000
vt 0.3611 0.4000 1.0000
vt 0.4167 0.4000 1.0000
vt 0.4722 0.4000 1.0000
vt 0.5278 0.4000 1.0000
vt 0.5833 0.4000 1.0000
vt 0.6389 0.4000 1.0000
vt 0.6944 0.4000 1.0000
vt 0.8056 0.6000 1.0000
vt 0.7500 0.6000 1.0000
vt 0.8611 0.6000 1.0000
vt 0.9167 0.6000 1.0000
vt 0.9722 0.6000 1.0000
vt 0.0278 0.6000 1.0000
vt -0.0278 0.6000 1.0000
vt 0.0833 0.6000 1.0000
vt 0.1389 0.6000 1.0000
vt 0.1944 0.6000 1.0000
vt 0.2500 0.6000 1.0000
vt 0.3056 0.6000 1.0000
vt 0.3611 0.6000 1.0000
vt 0.4167 0.6000 1.0000
vt 0.4722 0.6000 1.0000
vt 0.5278 0.6000 1.0000
vt 0.5833 0.6000 1.0000
vt 0.6389 0.6000 1.0000
vt 0.6944 0.6000 1.0000
vt 0.8056 0.8000 1.0000
vt 0.7500 0.8000 1.0000
vt 0.8611 0.8000 1.0000
vt 0.9167 0.8000 1.0000
vt 0.9722 0.8000 1.0000
vt 0.0278 0.8000 1.0000
vt -0.0278 0.8000 1.0000
vt 0.0833 0.8000 1.0000
vt 0.1389 0.8000 1.0000
vt 0.1944 0.8000 1.0000
vt 0.2500 0.8000 1.0000
vt 0.3056 0.8000 1.0000
vt 0.3611 0.8000 1.0000
vt 0.4167 0.8000 1.0000
vt 0.4722 0.8000 1.0000
vt 0.5278 0.8000 1.0000
vt 0.5833 0.8000 1.0000
vt 0.6389 0.8000 1.0000
vt 0.6944 0.8000 1.0000
vt 0.8056 1.0000 1.0000
vt 0.7500 1.0000 1.0000
vt 0.8611 1.0000 1.0000
vt 0.9167 1.0000 1.0000
vt 0.9722 1.0000 1.0000
vt 0.0278 1.0000 1.0000
vt -0.0278 1.0000 1.0000
vt 0.0833 1.0000 1.0000
vt 0.1389 1.0000 1.0000
vt 0.1944 1.0000 1.0000
vt 0.2500 1.0000 1.0000
vt 0.3056 1.0000 1.0000
vt 0.3611 1.0000 1.0000
vt 0.4167 1.0000 1.0000
vt 0.4722 1.0000 1.0000
vt 0.5278 1.0000 1.0000
vt 0.5833 1.0000 1.0000
vt 0.6389 1.0000 1.0000
vt 0.6944 1.0000 1.0000
vt 0.5000 1.0000 0.0000
# 116 texture coords

o Cylinder007
g Cylinder007
usemtl 03___Default
s 1
f 2107/2374/1628 2108/2375/1628 2109/2376/1628 
f 2107/2374/1628 2110/2377/1628 2108/2375/1628 
f 2107/2374/1628 2111/2378/1628 2110/2377/1628 
f 2107/2374/1628 2112/2379/1628 2111/2378/1628 
f 2107/2374/1628 2113/2380/1628 2112/2381/1628 
f 2107/2374/1628 2114/2382/1628 2113/2380/1628 
f 2107/2374/1628 2115/2383/1628 2114/2382/1628 
f 2107/2374/1628 2116/2384/1628 2115/2383/1628 
f 2107/2374/1628 2117/2385/1628 2116/2384/1628 
f 2107/2374/1628 2118/2386/1628 2117/2385/1628 
f 2107/2374/1628 2119/2387/1628 2118/2386/1628 
f 2107/2374/1628 2120/2388/1628 2119/2387/1628 
f 2107/2374/1628 2121/2389/1628 2120/2388/1628 
f 2107/2374/1628 2122/2390/1628 2121/2389/1628 
f 2107/2374/1628 2123/2391/1628 2122/2390/1628 
f 2107/2374/1628 2124/2392/1628 2123/2391/1628 
f 2107/2374/1628 2125/2393/1628 2124/2392/1628 
f 2107/2374/1628 2109/2376/1628 2125/2393/1628 
s 8
f 2109/2376/1629 2126/2394/1630 2127/2395/1631 
f 2109/2376/1629 2108/2375/1630 2126/2394/1630 
f 2108/2375/1630 2128/2396/1632 2126/2394/1630 
f 2108/2375/1630 2110/2377/1632 2128/2396/1632 
f 2110/2377/1632 2129/2397/1633 2128/2396/1632 
f 2110/2377/1632 2111/2378/1633 2129/2397/1633 
f 2111/2378/1633 2130/2398/1634 2129/2397/1633 
f 2111/2378/1633 2112/2379/1634 2130/2398/1634 
f 2112/2381/1634 2131/2399/1635 2130/2400/1634 
f 2112/2381/1634 2113/2380/1635 2131/2399/1635 
f 2113/2380/1635 2132/2401/1636 2131/2399/1635 
f 2113/2380/1635 2114/2382/1636 2132/2401/1636 
f 2114/2382/1636 2133/2402/1637 2132/2401/1636 
f 2114/2382/1636 2115/2383/1637 2133/2402/1637 
f 2115/2383/1637 2134/2403/1638 2133/2402/1637 
f 2115/2383/1637 2116/2384/1638 2134/2403/1638 
f 2116/2384/1638 2135/2404/1639 2134/2403/1638 
f 2116/2384/1638 2117/2385/1640 2135/2404/1639 
f 2117/2385/1640 2136/2405/1641 2135/2404/1639 
f 2117/2385/1640 2118/2386/1641 2136/2405/1641 
f 2118/2386/1641 2137/2406/1642 2136/2405/1641 
f 2118/2386/1641 2119/2387/1642 2137/2406/1642 
f 2119/2387/1642 2138/2407/1643 2137/2406/1642 
f 2119/2387/1642 2120/2388/1643 2138/2407/1643 
f 2120/2388/1643 2139/2408/1644 2138/2407/1643 
f 2120/2388/1643 2121/2389/1644 2139/2408/1644 
f 2121/2389/1644 2140/2409/1645 2139/2408/1644 
f 2121/2389/1644 2122/2390/1645 2140/2409/1645 
f 2122/2390/1645 2141/2410/1646 2140/2409/1645 
f 2122/2390/1645 2123/2391/1646 2141/2410/1646 
f 2123/2391/1646 2142/2411/1647 2141/2410/1646 
f 2123/2391/1646 2124/2392/1647 2142/2411/1647 
f 2124/2392/1647 2143/2412/1648 2142/2411/1647 
f 2124/2392/1647 2125/2393/1648 2143/2412/1648 
f 2125/2393/1648 2127/2395/1631 2143/2412/1648 
f 2125/2393/1648 2109/2376/1629 2127/2395/1631 
f 2127/2395/1631 2144/2413/1630 2145/2414/1631 
f 2127/2395/1631 2126/2394/1630 2144/2413/1630 
f 2126/2394/1630 2146/2415/1632 2144/2413/1630 
f 2126/2394/1630 2128/2396/1632 2146/2415/1632 
f 2128/2396/1632 2147/2416/1633 2146/2415/1632 
f 2128/2396/1632 2129/2397/1633 2147/2416/1633 
f 2129/2397/1633 2148/2417/1634 2147/2416/1633 
f 2129/2397/1633 2130/2398/1634 2148/2417/1634 
f 2130/2400/1634 2149/2418/1635 2148/2419/1634 
f 2130/2400/1634 2131/2399/1635 2149/2418/1635 
f 2131/2399/1635 2150/2420/1636 2149/2418/1635 
f 2131/2399/1635 2132/2401/1636 2150/2420/1636 
f 2132/2401/1636 2151/2421/1637 2150/2420/1636 
f 2132/2401/1636 2133/2402/1637 2151/2421/1637 
f 2133/2402/1637 2152/2422/1638 2151/2421/1637 
f 2133/2402/1637 2134/2403/1638 2152/2422/1638 
f 2134/2403/1638 2153/2423/1639 2152/2422/1638 
f 2134/2403/1638 2135/2404/1639 2153/2423/1639 
f 2135/2404/1639 2154/2424/1641 2153/2423/1639 
f 2135/2404/1639 2136/2405/1641 2154/2424/1641 
f 2136/2405/1641 2155/2425/1642 2154/2424/1641 
f 2136/2405/1641 2137/2406/1642 2155/2425/1642 
f 2137/2406/1642 2156/2426/1643 2155/2425/1642 
f 2137/2406/1642 2138/2407/1643 2156/2426/1643 
f 2138/2407/1643 2157/2427/1644 2156/2426/1643 
f 2138/2407/1643 2139/2408/1644 2157/2427/1644 
f 2139/2408/1644 2158/2428/1645 2157/2427/1644 
f 2139/2408/1644 2140/2409/1645 2158/2428/1645 
f 2140/2409/1645 2159/2429/1646 2158/2428/1645 
f 2140/2409/1645 2141/2410/1646 2159/2429/1646 
f 2141/2410/1646 2160/2430/1647 2159/2429/1646 
f 2141/2410/1646 2142/2411/1647 2160/2430/1647 
f 2142/2411/1647 2161/2431/1648 2160/2430/1647 
f 2142/2411/1647 2143/2412/1648 2161/2431/1648 
f 2143/2412/1648 2145/2414/1631 2161/2431/1648 
f 2143/2412/1648 2127/2395/1631 2145/2414/1631 
f 2145/2414/1631 2162/2432/1630 2163/2433/1629 
f 2145/2414/1631 2144/2413/1630 2162/2432/1630 
f 2144/2413/1630 2164/2434/1632 2162/2432/1630 
f 2144/2413/1630 2146/2415/1632 2164/2434/1632 
f 2146/2415/1632 2165/2435/1633 2164/2434/1632 
f 2146/2415/1632 2147/2416/1633 2165/2435/1633 
f 2147/2416/1633 2166/2436/1634 2165/2435/1633 
f 2147/2416/1633 2148/2417/1634 2166/2436/1634 
f 2148/2419/1634 2167/2437/1635 2166/2438/1634 
f 2148/2419/1634 2149/2418/1635 2167/2437/1635 
f 2149/2418/1635 2168/2439/1636 2167/2437/1635 
f 2149/2418/1635 2150/2420/1636 2168/2439/1636 
f 2150/2420/1636 2169/2440/1637 2168/2439/1636 
f 2150/2420/1636 2151/2421/1637 2169/2440/1637 
f 2151/2421/1637 2170/2441/1638 2169/2440/1637 
f 2151/2421/1637 2152/2422/1638 2170/2441/1638 
f 2152/2422/1638 2171/2442/1640 2170/2441/1638 
f 2152/2422/1638 2153/2423/1639 2171/2442/1640 
f 2153/2423/1639 2172/2443/1641 2171/2442/1640 
f 2153/2423/1639 2154/2424/1641 2172/2443/1641 
f 2154/2424/1641 2173/2444/1642 2172/2443/1641 
f 2154/2424/1641 2155/2425/1642 2173/2444/1642 
f 2155/2425/1642 2174/2445/1643 2173/2444/1642 
f 2155/2425/1642 2156/2426/1643 2174/2445/1643 
f 2156/2426/1643 2175/2446/1644 2174/2445/1643 
f 2156/2426/1643 2157/2427/1644 2175/2446/1644 
f 2157/2427/1644 2176/2447/1645 2175/2446/1644 
f 2157/2427/1644 2158/2428/1645 2176/2447/1645 
f 2158/2428/1645 2177/2448/1646 2176/2447/1645 
f 2158/2428/1645 2159/2429/1646 2177/2448/1646 
f 2159/2429/1646 2178/2449/1647 2177/2448/1646 
f 2159/2429/1646 2160/2430/1647 2178/2449/1647 
f 2160/2430/1647 2179/2450/1648 2178/2449/1647 
f 2160/2430/1647 2161/2431/1648 2179/2450/1648 
f 2161/2431/1648 2163/2433/1629 2179/2450/1648 
f 2161/2431/1648 2145/2414/1631 2163/2433/1629 
f 2163/2433/1629 2180/2451/1630 2181/2452/1631 
f 2163/2433/1629 2162/2432/1630 2180/2451/1630 
f 2162/2432/1630 2182/2453/1632 2180/2451/1630 
f 2162/2432/1630 2164/2434/1632 2182/2453/1632 
f 2164/2434/1632 2183/2454/1633 2182/2453/1632 
f 2164/2434/1632 2165/2435/1633 2183/2454/1633 
f 2165/2435/1633 2184/2455/1634 2183/2454/1633 
f 2165/2435/1633 2166/2436/1634 2184/2455/1634 
f 2166/2438/1634 2185/2456/1635 2184/2457/1634 
f 2166/2438/1634 2167/2437/1635 2185/2456/1635 
f 2167/2437/1635 2186/2458/1636 2185/2456/1635 
f 2167/2437/1635 2168/2439/1636 2186/2458/1636 
f 2168/2439/1636 2187/2459/1637 2186/2458/1636 
f 2168/2439/1636 2169/2440/1637 2187/2459/1637 
f 2169/2440/1637 2188/2460/1638 2187/2459/1637 
f 2169/2440/1637 2170/2441/1638 2188/2460/1638 
f 2170/2441/1638 2189/2461/1639 2188/2460/1638 
f 2170/2441/1638 2171/2442/1640 2189/2461/1639 
f 2171/2442/1640 2190/2462/1641 2189/2461/1639 
f 2171/2442/1640 2172/2443/1641 2190/2462/1641 
f 2172/2443/1641 2191/2463/1642 2190/2462/1641 
f 2172/2443/1641 2173/2444/1642 2191/2463/1642 
f 2173/2444/1642 2192/2464/1643 2191/2463/1642 
f 2173/2444/1642 2174/2445/1643 2192/2464/1643 
f 2174/2445/1643 2193/2465/1644 2192/2464/1643 
f 2174/2445/1643 2175/2446/1644 2193/2465/1644 
f 2175/2446/1644 2194/2466/1645 2193/2465/1644 
f 2175/2446/1644 2176/2447/1645 2194/2466/1645 
f 2176/2447/1645 2195/2467/1646 2194/2466/1645 
f 2176/2447/1645 2177/2448/1646 2195/2467/1646 
f 2177/2448/1646 2196/2468/1647 2195/2467/1646 
f 2177/2448/1646 2178/2449/1647 2196/2468/1647 
f 2178/2449/1647 2197/2469/1648 2196/2468/1647 
f 2178/2449/1647 2179/2450/1648 2197/2469/1648 
f 2179/2450/1648 2181/2452/1631 2197/2469/1648 
f 2179/2450/1648 2163/2433/1629 2181/2452/1631 
f 2181/2452/1631 2198/2470/1630 2199/2471/1629 
f 2181/2452/1631 2180/2451/1630 2198/2470/1630 
f 2180/2451/1630 2200/2472/1632 2198/2470/1630 
f 2180/2451/1630 2182/2453/1632 2200/2472/1632 
f 2182/2453/1632 2201/2473/1633 2200/2472/1632 
f 2182/2453/1632 2183/2454/1633 2201/2473/1633 
f 2183/2454/1633 2202/2474/1634 2201/2473/1633 
f 2183/2454/1633 2184/2455/1634 2202/2474/1634 
f 2184/2457/1634 2203/2475/1635 2202/2476/1634 
f 2184/2457/1634 2185/2456/1635 2203/2475/1635 
f 2185/2456/1635 2204/2477/1636 2203/2475/1635 
f 2185/2456/1635 2186/2458/1636 2204/2477/1636 
f 2186/2458/1636 2205/2478/1637 2204/2477/1636 
f 2186/2458/1636 2187/2459/1637 2205/2478/1637 
f 2187/2459/1637 2206/2479/1638 2205/2478/1637 
f 2187/2459/1637 2188/2460/1638 2206/2479/1638 
f 2188/2460/1638 2207/2480/1640 2206/2479/1638 
f 2188/2460/1638 2189/2461/1639 2207/2480/1640 
f 2189/2461/1639 2208/2481/1641 2207/2480/1640 
f 2189/2461/1639 2190/2462/1641 2208/2481/1641 
f 2190/2462/1641 2209/2482/1642 2208/2481/1641 
f 2190/2462/1641 2191/2463/1642 2209/2482/1642 
f 2191/2463/1642 2210/2483/1643 2209/2482/1642 
f 2191/2463/1642 2192/2464/1643 2210/2483/1643 
f 2192/2464/1643 2211/2484/1644 2210/2483/1643 
f 2192/2464/1643 2193/2465/1644 2211/2484/1644 
f 2193/2465/1644 2212/2485/1645 2211/2484/1644 
f 2193/2465/1644 2194/2466/1645 2212/2485/1645 
f 2194/2466/1645 2213/2486/1646 2212/2485/1645 
f 2194/2466/1645 2195/2467/1646 2213/2486/1646 
f 2195/2467/1646 2214/2487/1647 2213/2486/1646 
f 2195/2467/1646 2196/2468/1647 2214/2487/1647 
f 2196/2468/1647 2215/2488/1648 2214/2487/1647 
f 2196/2468/1647 2197/2469/1648 2215/2488/1648 
f 2197/2469/1648 2199/2471/1629 2215/2488/1648 
f 2197/2469/1648 2181/2452/1631 2199/2471/1629 
s 1
f 2216/2489/1649 2199/2471/1649 2198/2470/1649 
f 2216/2489/1649 2198/2470/1649 2200/2472/1649 
f 2216/2489/1649 2200/2472/1649 2201/2473/1649 
f 2216/2489/1649 2201/2473/1649 2202/2474/1649 
f 2216/2489/1649 2202/2476/1649 2203/2475/1649 
f 2216/2489/1649 2203/2475/1649 2204/2477/1649 
f 2216/2489/1649 2204/2477/1649 2205/2478/1649 
f 2216/2489/1649 2205/2478/1649 2206/2479/1649 
f 2216/2489/1649 2206/2479/1649 2207/2480/1649 
f 2216/2489/1649 2207/2480/1649 2208/2481/1649 
f 2216/2489/1649 2208/2481/1649 2209/2482/1649 
f 2216/2489/1649 2209/2482/1649 2210/2483/1649 
f 2216/2489/1649 2210/2483/1649 2211/2484/1649 
f 2216/2489/1649 2211/2484/1649 2212/2485/1649 
f 2216/2489/1649 2212/2485/1649 2213/2486/1649 
f 2216/2489/1649 2213/2486/1649 2214/2487/1649 
f 2216/2489/1649 2214/2487/1649 2215/2488/1649 
f 2216/2489/1649 2215/2488/1649 2199/2471/1649 
# 216 faces

#
# object Cylinder008
#

v  0.0000 0.0048 5.8894
v  -0.0458 0.0280 6.0304
v  0.0000 0.0048 6.0394
v  -0.0861 0.0483 6.0043
v  -0.1159 0.0634 5.9644
v  -0.1318 0.0715 5.9155
v  -0.1318 0.0715 5.8634
v  -0.1159 0.0634 5.8144
v  -0.0861 0.0483 5.7745
v  -0.0458 0.0280 5.7485
v  -0.0000 0.0048 5.7394
v  0.0458 -0.0183 5.7485
v  0.0861 -0.0387 5.7745
v  0.1159 -0.0538 5.8144
v  0.1318 -0.0618 5.8634
v  0.1318 -0.0618 5.9155
v  0.1159 -0.0538 5.9644
v  0.0861 -0.0387 6.0043
v  0.0458 -0.0183 6.0304
v  -0.9930 -1.8463 6.0304
v  -0.9472 -1.8694 6.0394
v  -1.0333 -1.8259 6.0043
v  -1.0632 -1.8108 5.9644
v  -1.0791 -1.8028 5.9155
v  -1.0791 -1.8028 5.8634
v  -1.0632 -1.8108 5.8144
v  -1.0333 -1.8259 5.7745
v  -0.9930 -1.8463 5.7485
v  -0.9472 -1.8694 5.7394
v  -0.9015 -1.8926 5.7485
v  -0.8612 -1.9129 5.7745
v  -0.8313 -1.9280 5.8144
v  -0.8154 -1.9360 5.8634
v  -0.8154 -1.9360 5.9155
v  -0.8313 -1.9280 5.9644
v  -0.8612 -1.9129 6.0043
v  -0.9015 -1.8926 6.0304
v  -1.9403 -3.7205 6.0304
v  -1.8945 -3.7436 6.0394
v  -1.9805 -3.7001 6.0043
v  -2.0104 -3.6850 5.9644
v  -2.0263 -3.6770 5.9155
v  -2.0263 -3.6770 5.8634
v  -2.0104 -3.6850 5.8144
v  -1.9805 -3.7001 5.7745
v  -1.9403 -3.7205 5.7485
v  -1.8945 -3.7436 5.7394
v  -1.8487 -3.7668 5.7485
v  -1.8084 -3.7871 5.7745
v  -1.7785 -3.8022 5.8144
v  -1.7626 -3.8103 5.8634
v  -1.7626 -3.8103 5.9155
v  -1.7785 -3.8022 5.9644
v  -1.8084 -3.7871 6.0043
v  -1.8487 -3.7668 6.0304
v  -2.8875 -5.5947 6.0304
v  -2.8417 -5.6179 6.0394
v  -2.9278 -5.5744 6.0043
v  -2.9577 -5.5593 5.9644
v  -2.9736 -5.5512 5.9155
v  -2.9736 -5.5512 5.8634
v  -2.9577 -5.5593 5.8144
v  -2.9278 -5.5744 5.7745
v  -2.8875 -5.5947 5.7485
v  -2.8417 -5.6179 5.7394
v  -2.7959 -5.6410 5.7485
v  -2.7557 -5.6614 5.7745
v  -2.7258 -5.6765 5.8144
v  -2.7099 -5.6845 5.8634
v  -2.7099 -5.6845 5.9155
v  -2.7258 -5.6765 5.9644
v  -2.7557 -5.6614 6.0043
v  -2.7959 -5.6410 6.0304
v  -3.8347 -7.4690 6.0304
v  -3.7890 -7.4921 6.0394
v  -3.8750 -7.4486 6.0043
v  -3.9049 -7.4335 5.9644
v  -3.9208 -7.4255 5.9155
v  -3.9208 -7.4255 5.8634
v  -3.9049 -7.4335 5.8144
v  -3.8750 -7.4486 5.7745
v  -3.8347 -7.4690 5.7485
v  -3.7890 -7.4921 5.7394
v  -3.7432 -7.5152 5.7485
v  -3.7029 -7.5356 5.7745
v  -3.6730 -7.5507 5.8144
v  -3.6571 -7.5587 5.8634
v  -3.6571 -7.5587 5.9155
v  -3.6730 -7.5507 5.9644
v  -3.7029 -7.5356 6.0043
v  -3.7432 -7.5152 6.0304
v  -4.7820 -9.3432 6.0304
v  -4.7362 -9.3663 6.0394
v  -4.8223 -9.3228 6.0043
v  -4.8521 -9.3077 5.9644
v  -4.8680 -9.2997 5.9155
v  -4.8680 -9.2997 5.8634
v  -4.8521 -9.3077 5.8144
v  -4.8223 -9.3228 5.7745
v  -4.7820 -9.3432 5.7485
v  -4.7362 -9.3663 5.7394
v  -4.6904 -9.3895 5.7485
v  -4.6501 -9.4098 5.7745
v  -4.6203 -9.4249 5.8144
v  -4.6044 -9.4330 5.8634
v  -4.6044 -9.4330 5.9155
v  -4.6203 -9.4249 5.9644
v  -4.6501 -9.4098 6.0043
v  -4.6904 -9.3895 6.0304
v  -4.7362 -9.3663 5.8894
# 110 vertices

vn 0.4511 0.8925 -0.0000
vn 0.0000 0.0000 1.0000
vn -0.3052 0.1543 0.9397
vn 0.0000 -0.0000 1.0000
vn -0.5737 0.2899 0.7660
vn -0.7729 0.3906 0.5000
vn -0.8789 0.4442 0.1736
vn -0.8789 0.4442 -0.1736
vn -0.7729 0.3906 -0.5000
vn -0.5737 0.2899 -0.7660
vn -0.3052 0.1543 -0.9397
vn -0.0000 0.0000 -1.0000
vn -0.0000 -0.0000 -1.0000
vn 0.3052 -0.1543 -0.9397
vn 0.5737 -0.2899 -0.7660
vn 0.7729 -0.3906 -0.5000
vn 0.8789 -0.4442 -0.1736
vn 0.8789 -0.4442 0.1736
vn 0.7729 -0.3906 0.5000
vn 0.5737 -0.2899 0.7660
vn 0.3053 -0.1543 0.9397
vn -0.0000 0.0000 1.0000
vn 0.3052 -0.1543 0.9397
vn 0.0000 -0.0000 -1.0000
vn -0.4511 -0.8925 0.0000
# 25 vertex normals

vt 0.5000 0.0000 0.0000
vt 0.8056 0.0000 1.0000
vt 0.7500 0.0000 1.0000
vt 0.8611 0.0000 1.0000
vt 0.9167 0.0000 1.0000
vt 0.9722 0.0000 1.0000
vt 0.0278 0.0000 1.0000
vt -0.0278 0.0000 1.0000
vt 0.0833 0.0000 1.0000
vt 0.1389 0.0000 1.0000
vt 0.1944 0.0000 1.0000
vt 0.2500 0.0000 1.0000
vt 0.3056 0.0000 1.0000
vt 0.3611 0.0000 1.0000
vt 0.4167 0.0000 1.0000
vt 0.4722 0.0000 1.0000
vt 0.5278 0.0000 1.0000
vt 0.5833 0.0000 1.0000
vt 0.6389 0.0000 1.0000
vt 0.6944 0.0000 1.0000
vt 0.8056 0.2000 1.0000
vt 0.7500 0.2000 1.0000
vt 0.8611 0.2000 1.0000
vt 0.9167 0.2000 1.0000
vt 0.9722 0.2000 1.0000
vt 0.0278 0.2000 1.0000
vt -0.0278 0.2000 1.0000
vt 0.0833 0.2000 1.0000
vt 0.1389 0.2000 1.0000
vt 0.1944 0.2000 1.0000
vt 0.2500 0.2000 1.0000
vt 0.3056 0.2000 1.0000
vt 0.3611 0.2000 1.0000
vt 0.4167 0.2000 1.0000
vt 0.4722 0.2000 1.0000
vt 0.5278 0.2000 1.0000
vt 0.5833 0.2000 1.0000
vt 0.6389 0.2000 1.0000
vt 0.6944 0.2000 1.0000
vt 0.8056 0.4000 1.0000
vt 0.7500 0.4000 1.0000
vt 0.8611 0.4000 1.0000
vt 0.9167 0.4000 1.0000
vt 0.9722 0.4000 1.0000
vt 0.0278 0.4000 1.0000
vt -0.0278 0.4000 1.0000
vt 0.0833 0.4000 1.0000
vt 0.1389 0.4000 1.0000
vt 0.1944 0.4000 1.0000
vt 0.2500 0.4000 1.0000
vt 0.3056 0.4000 1.0000
vt 0.3611 0.4000 1.0000
vt 0.4167 0.4000 1.0000
vt 0.4722 0.4000 1.0000
vt 0.5278 0.4000 1.0000
vt 0.5833 0.4000 1.0000
vt 0.6389 0.4000 1.0000
vt 0.6944 0.4000 1.0000
vt 0.8056 0.6000 1.0000
vt 0.7500 0.6000 1.0000
vt 0.8611 0.6000 1.0000
vt 0.9167 0.6000 1.0000
vt 0.9722 0.6000 1.0000
vt 0.0278 0.6000 1.0000
vt -0.0278 0.6000 1.0000
vt 0.0833 0.6000 1.0000
vt 0.1389 0.6000 1.0000
vt 0.1944 0.6000 1.0000
vt 0.2500 0.6000 1.0000
vt 0.3056 0.6000 1.0000
vt 0.3611 0.6000 1.0000
vt 0.4167 0.6000 1.0000
vt 0.4722 0.6000 1.0000
vt 0.5278 0.6000 1.0000
vt 0.5833 0.6000 1.0000
vt 0.6389 0.6000 1.0000
vt 0.6944 0.6000 1.0000
vt 0.8056 0.8000 1.0000
vt 0.7500 0.8000 1.0000
vt 0.8611 0.8000 1.0000
vt 0.9167 0.8000 1.0000
vt 0.9722 0.8000 1.0000
vt 0.0278 0.8000 1.0000
vt -0.0278 0.8000 1.0000
vt 0.0833 0.8000 1.0000
vt 0.1389 0.8000 1.0000
vt 0.1944 0.8000 1.0000
vt 0.2500 0.8000 1.0000
vt 0.3056 0.8000 1.0000
vt 0.3611 0.8000 1.0000
vt 0.4167 0.8000 1.0000
vt 0.4722 0.8000 1.0000
vt 0.5278 0.8000 1.0000
vt 0.5833 0.8000 1.0000
vt 0.6389 0.8000 1.0000
vt 0.6944 0.8000 1.0000
vt 0.8056 1.0000 1.0000
vt 0.7500 1.0000 1.0000
vt 0.8611 1.0000 1.0000
vt 0.9167 1.0000 1.0000
vt 0.9722 1.0000 1.0000
vt 0.0278 1.0000 1.0000
vt -0.0278 1.0000 1.0000
vt 0.0833 1.0000 1.0000
vt 0.1389 1.0000 1.0000
vt 0.1944 1.0000 1.0000
vt 0.2500 1.0000 1.0000
vt 0.3056 1.0000 1.0000
vt 0.3611 1.0000 1.0000
vt 0.4167 1.0000 1.0000
vt 0.4722 1.0000 1.0000
vt 0.5278 1.0000 1.0000
vt 0.5833 1.0000 1.0000
vt 0.6389 1.0000 1.0000
vt 0.6944 1.0000 1.0000
vt 0.5000 1.0000 0.0000
# 116 texture coords

o Cylinder008
g Cylinder008
usemtl 03___Default
s 1
f 2217/2490/1650 2218/2491/1650 2219/2492/1650 
f 2217/2490/1650 2220/2493/1650 2218/2491/1650 
f 2217/2490/1650 2221/2494/1650 2220/2493/1650 
f 2217/2490/1650 2222/2495/1650 2221/2494/1650 
f 2217/2490/1650 2223/2496/1650 2222/2497/1650 
f 2217/2490/1650 2224/2498/1650 2223/2496/1650 
f 2217/2490/1650 2225/2499/1650 2224/2498/1650 
f 2217/2490/1650 2226/2500/1650 2225/2499/1650 
f 2217/2490/1650 2227/2501/1650 2226/2500/1650 
f 2217/2490/1650 2228/2502/1650 2227/2501/1650 
f 2217/2490/1650 2229/2503/1650 2228/2502/1650 
f 2217/2490/1650 2230/2504/1650 2229/2503/1650 
f 2217/2490/1650 2231/2505/1650 2230/2504/1650 
f 2217/2490/1650 2232/2506/1650 2231/2505/1650 
f 2217/2490/1650 2233/2507/1650 2232/2506/1650 
f 2217/2490/1650 2234/2508/1650 2233/2507/1650 
f 2217/2490/1650 2235/2509/1650 2234/2508/1650 
f 2217/2490/1650 2219/2492/1650 2235/2509/1650 
s 8
f 2219/2492/1651 2236/2510/1652 2237/2511/1653 
f 2219/2492/1651 2218/2491/1652 2236/2510/1652 
f 2218/2491/1652 2238/2512/1654 2236/2510/1652 
f 2218/2491/1652 2220/2493/1654 2238/2512/1654 
f 2220/2493/1654 2239/2513/1655 2238/2512/1654 
f 2220/2493/1654 2221/2494/1655 2239/2513/1655 
f 2221/2494/1655 2240/2514/1656 2239/2513/1655 
f 2221/2494/1655 2222/2495/1656 2240/2514/1656 
f 2222/2497/1656 2241/2515/1657 2240/2516/1656 
f 2222/2497/1656 2223/2496/1657 2241/2515/1657 
f 2223/2496/1657 2242/2517/1658 2241/2515/1657 
f 2223/2496/1657 2224/2498/1658 2242/2517/1658 
f 2224/2498/1658 2243/2518/1659 2242/2517/1658 
f 2224/2498/1658 2225/2499/1659 2243/2518/1659 
f 2225/2499/1659 2244/2519/1660 2243/2518/1659 
f 2225/2499/1659 2226/2500/1660 2244/2519/1660 
f 2226/2500/1660 2245/2520/1661 2244/2519/1660 
f 2226/2500/1660 2227/2501/1662 2245/2520/1661 
f 2227/2501/1662 2246/2521/1663 2245/2520/1661 
f 2227/2501/1662 2228/2502/1663 2246/2521/1663 
f 2228/2502/1663 2247/2522/1664 2246/2521/1663 
f 2228/2502/1663 2229/2503/1664 2247/2522/1664 
f 2229/2503/1664 2248/2523/1665 2247/2522/1664 
f 2229/2503/1664 2230/2504/1665 2248/2523/1665 
f 2230/2504/1665 2249/2524/1666 2248/2523/1665 
f 2230/2504/1665 2231/2505/1666 2249/2524/1666 
f 2231/2505/1666 2250/2525/1667 2249/2524/1666 
f 2231/2505/1666 2232/2506/1667 2250/2525/1667 
f 2232/2506/1667 2251/2526/1668 2250/2525/1667 
f 2232/2506/1667 2233/2507/1668 2251/2526/1668 
f 2233/2507/1668 2252/2527/1669 2251/2526/1668 
f 2233/2507/1668 2234/2508/1669 2252/2527/1669 
f 2234/2508/1669 2253/2528/1670 2252/2527/1669 
f 2234/2508/1669 2235/2509/1670 2253/2528/1670 
f 2235/2509/1670 2237/2511/1653 2253/2528/1670 
f 2235/2509/1670 2219/2492/1651 2237/2511/1653 
f 2237/2511/1653 2254/2529/1652 2255/2530/1653 
f 2237/2511/1653 2236/2510/1652 2254/2529/1652 
f 2236/2510/1652 2256/2531/1654 2254/2529/1652 
f 2236/2510/1652 2238/2512/1654 2256/2531/1654 
f 2238/2512/1654 2257/2532/1655 2256/2531/1654 
f 2238/2512/1654 2239/2513/1655 2257/2532/1655 
f 2239/2513/1655 2258/2533/1656 2257/2532/1655 
f 2239/2513/1655 2240/2514/1656 2258/2533/1656 
f 2240/2516/1656 2259/2534/1657 2258/2535/1656 
f 2240/2516/1656 2241/2515/1657 2259/2534/1657 
f 2241/2515/1657 2260/2536/1658 2259/2534/1657 
f 2241/2515/1657 2242/2517/1658 2260/2536/1658 
f 2242/2517/1658 2261/2537/1659 2260/2536/1658 
f 2242/2517/1658 2243/2518/1659 2261/2537/1659 
f 2243/2518/1659 2262/2538/1660 2261/2537/1659 
f 2243/2518/1659 2244/2519/1660 2262/2538/1660 
f 2244/2519/1660 2263/2539/1661 2262/2538/1660 
f 2244/2519/1660 2245/2520/1661 2263/2539/1661 
f 2245/2520/1661 2264/2540/1663 2263/2539/1661 
f 2245/2520/1661 2246/2521/1663 2264/2540/1663 
f 2246/2521/1663 2265/2541/1664 2264/2540/1663 
f 2246/2521/1663 2247/2522/1664 2265/2541/1664 
f 2247/2522/1664 2266/2542/1665 2265/2541/1664 
f 2247/2522/1664 2248/2523/1665 2266/2542/1665 
f 2248/2523/1665 2267/2543/1666 2266/2542/1665 
f 2248/2523/1665 2249/2524/1666 2267/2543/1666 
f 2249/2524/1666 2268/2544/1667 2267/2543/1666 
f 2249/2524/1666 2250/2525/1667 2268/2544/1667 
f 2250/2525/1667 2269/2545/1668 2268/2544/1667 
f 2250/2525/1667 2251/2526/1668 2269/2545/1668 
f 2251/2526/1668 2270/2546/1669 2269/2545/1668 
f 2251/2526/1668 2252/2527/1669 2270/2546/1669 
f 2252/2527/1669 2271/2547/1670 2270/2546/1669 
f 2252/2527/1669 2253/2528/1670 2271/2547/1670 
f 2253/2528/1670 2255/2530/1653 2271/2547/1670 
f 2253/2528/1670 2237/2511/1653 2255/2530/1653 
f 2255/2530/1653 2272/2548/1652 2273/2549/1671 
f 2255/2530/1653 2254/2529/1652 2272/2548/1652 
f 2254/2529/1652 2274/2550/1654 2272/2548/1652 
f 2254/2529/1652 2256/2531/1654 2274/2550/1654 
f 2256/2531/1654 2275/2551/1655 2274/2550/1654 
f 2256/2531/1654 2257/2532/1655 2275/2551/1655 
f 2257/2532/1655 2276/2552/1656 2275/2551/1655 
f 2257/2532/1655 2258/2533/1656 2276/2552/1656 
f 2258/2535/1656 2277/2553/1657 2276/2554/1656 
f 2258/2535/1656 2259/2534/1657 2277/2553/1657 
f 2259/2534/1657 2278/2555/1658 2277/2553/1657 
f 2259/2534/1657 2260/2536/1658 2278/2555/1658 
f 2260/2536/1658 2279/2556/1659 2278/2555/1658 
f 2260/2536/1658 2261/2537/1659 2279/2556/1659 
f 2261/2537/1659 2280/2557/1660 2279/2556/1659 
f 2261/2537/1659 2262/2538/1660 2280/2557/1660 
f 2262/2538/1660 2281/2558/1662 2280/2557/1660 
f 2262/2538/1660 2263/2539/1661 2281/2558/1662 
f 2263/2539/1661 2282/2559/1663 2281/2558/1662 
f 2263/2539/1661 2264/2540/1663 2282/2559/1663 
f 2264/2540/1663 2283/2560/1664 2282/2559/1663 
f 2264/2540/1663 2265/2541/1664 2283/2560/1664 
f 2265/2541/1664 2284/2561/1665 2283/2560/1664 
f 2265/2541/1664 2266/2542/1665 2284/2561/1665 
f 2266/2542/1665 2285/2562/1666 2284/2561/1665 
f 2266/2542/1665 2267/2543/1666 2285/2562/1666 
f 2267/2543/1666 2286/2563/1667 2285/2562/1666 
f 2267/2543/1666 2268/2544/1667 2286/2563/1667 
f 2268/2544/1667 2287/2564/1668 2286/2563/1667 
f 2268/2544/1667 2269/2545/1668 2287/2564/1668 
f 2269/2545/1668 2288/2565/1669 2287/2564/1668 
f 2269/2545/1668 2270/2546/1669 2288/2565/1669 
f 2270/2546/1669 2289/2566/1672 2288/2565/1669 
f 2270/2546/1669 2271/2547/1670 2289/2566/1672 
f 2271/2547/1670 2273/2549/1671 2289/2566/1672 
f 2271/2547/1670 2255/2530/1653 2273/2549/1671 
f 2273/2549/1671 2290/2567/1652 2291/2568/1653 
f 2273/2549/1671 2272/2548/1652 2290/2567/1652 
f 2272/2548/1652 2292/2569/1654 2290/2567/1652 
f 2272/2548/1652 2274/2550/1654 2292/2569/1654 
f 2274/2550/1654 2293/2570/1655 2292/2569/1654 
f 2274/2550/1654 2275/2551/1655 2293/2570/1655 
f 2275/2551/1655 2294/2571/1656 2293/2570/1655 
f 2275/2551/1655 2276/2552/1656 2294/2571/1656 
f 2276/2554/1656 2295/2572/1657 2294/2573/1656 
f 2276/2554/1656 2277/2553/1657 2295/2572/1657 
f 2277/2553/1657 2296/2574/1658 2295/2572/1657 
f 2277/2553/1657 2278/2555/1658 2296/2574/1658 
f 2278/2555/1658 2297/2575/1659 2296/2574/1658 
f 2278/2555/1658 2279/2556/1659 2297/2575/1659 
f 2279/2556/1659 2298/2576/1660 2297/2575/1659 
f 2279/2556/1659 2280/2557/1660 2298/2576/1660 
f 2280/2557/1660 2299/2577/1661 2298/2576/1660 
f 2280/2557/1660 2281/2558/1662 2299/2577/1661 
f 2281/2558/1662 2300/2578/1663 2299/2577/1661 
f 2281/2558/1662 2282/2559/1663 2300/2578/1663 
f 2282/2559/1663 2301/2579/1664 2300/2578/1663 
f 2282/2559/1663 2283/2560/1664 2301/2579/1664 
f 2283/2560/1664 2302/2580/1665 2301/2579/1664 
f 2283/2560/1664 2284/2561/1665 2302/2580/1665 
f 2284/2561/1665 2303/2581/1666 2302/2580/1665 
f 2284/2561/1665 2285/2562/1666 2303/2581/1666 
f 2285/2562/1666 2304/2582/1667 2303/2581/1666 
f 2285/2562/1666 2286/2563/1667 2304/2582/1667 
f 2286/2563/1667 2305/2583/1668 2304/2582/1667 
f 2286/2563/1667 2287/2564/1668 2305/2583/1668 
f 2287/2564/1668 2306/2584/1669 2305/2583/1668 
f 2287/2564/1668 2288/2565/1669 2306/2584/1669 
f 2288/2565/1669 2307/2585/1670 2306/2584/1669 
f 2288/2565/1669 2289/2566/1672 2307/2585/1670 
f 2289/2566/1672 2291/2568/1653 2307/2585/1670 
f 2289/2566/1672 2273/2549/1671 2291/2568/1653 
f 2291/2568/1653 2308/2586/1652 2309/2587/1671 
f 2291/2568/1653 2290/2567/1652 2308/2586/1652 
f 2290/2567/1652 2310/2588/1654 2308/2586/1652 
f 2290/2567/1652 2292/2569/1654 2310/2588/1654 
f 2292/2569/1654 2311/2589/1655 2310/2588/1654 
f 2292/2569/1654 2293/2570/1655 2311/2589/1655 
f 2293/2570/1655 2312/2590/1656 2311/2589/1655 
f 2293/2570/1655 2294/2571/1656 2312/2590/1656 
f 2294/2573/1656 2313/2591/1657 2312/2592/1656 
f 2294/2573/1656 2295/2572/1657 2313/2591/1657 
f 2295/2572/1657 2314/2593/1658 2313/2591/1657 
f 2295/2572/1657 2296/2574/1658 2314/2593/1658 
f 2296/2574/1658 2315/2594/1659 2314/2593/1658 
f 2296/2574/1658 2297/2575/1659 2315/2594/1659 
f 2297/2575/1659 2316/2595/1660 2315/2594/1659 
f 2297/2575/1659 2298/2576/1660 2316/2595/1660 
f 2298/2576/1660 2317/2596/1673 2316/2595/1660 
f 2298/2576/1660 2299/2577/1661 2317/2596/1673 
f 2299/2577/1661 2318/2597/1663 2317/2596/1673 
f 2299/2577/1661 2300/2578/1663 2318/2597/1663 
f 2300/2578/1663 2319/2598/1664 2318/2597/1663 
f 2300/2578/1663 2301/2579/1664 2319/2598/1664 
f 2301/2579/1664 2320/2599/1665 2319/2598/1664 
f 2301/2579/1664 2302/2580/1665 2320/2599/1665 
f 2302/2580/1665 2321/2600/1666 2320/2599/1665 
f 2302/2580/1665 2303/2581/1666 2321/2600/1666 
f 2303/2581/1666 2322/2601/1667 2321/2600/1666 
f 2303/2581/1666 2304/2582/1667 2322/2601/1667 
f 2304/2582/1667 2323/2602/1668 2322/2601/1667 
f 2304/2582/1667 2305/2583/1668 2323/2602/1668 
f 2305/2583/1668 2324/2603/1669 2323/2602/1668 
f 2305/2583/1668 2306/2584/1669 2324/2603/1669 
f 2306/2584/1669 2325/2604/1672 2324/2603/1669 
f 2306/2584/1669 2307/2585/1670 2325/2604/1672 
f 2307/2585/1670 2309/2587/1671 2325/2604/1672 
f 2307/2585/1670 2291/2568/1653 2309/2587/1671 
s 1
f 2326/2605/1674 2309/2587/1674 2308/2586/1674 
f 2326/2605/1674 2308/2586/1674 2310/2588/1674 
f 2326/2605/1674 2310/2588/1674 2311/2589/1674 
f 2326/2605/1674 2311/2589/1674 2312/2590/1674 
f 2326/2605/1674 2312/2592/1674 2313/2591/1674 
f 2326/2605/1674 2313/2591/1674 2314/2593/1674 
f 2326/2605/1674 2314/2593/1674 2315/2594/1674 
f 2326/2605/1674 2315/2594/1674 2316/2595/1674 
f 2326/2605/1674 2316/2595/1674 2317/2596/1674 
f 2326/2605/1674 2317/2596/1674 2318/2597/1674 
f 2326/2605/1674 2318/2597/1674 2319/2598/1674 
f 2326/2605/1674 2319/2598/1674 2320/2599/1674 
f 2326/2605/1674 2320/2599/1674 2321/2600/1674 
f 2326/2605/1674 2321/2600/1674 2322/2601/1674 
f 2326/2605/1674 2322/2601/1674 2323/2602/1674 
f 2326/2605/1674 2323/2602/1674 2324/2603/1674 
f 2326/2605/1674 2324/2603/1674 2325/2604/1674 
f 2326/2605/1674 2325/2604/1674 2309/2587/1674 
# 216 faces

