# Wavefront OBJ file
# Exported by Misfit Model 3D 1.2.4
# Fri Sep 30 19:32:19 2016

mtllib PoliceCar.mtl

# 9081 Vertices
v 0.341614 0.88512 -2.035627
v 0.662804 0.558042 -2.036066
v 0.662804 0.88512 -2.035434
v 0.341614 0.558042 -2.037416
v 0.662804 0.88512 -2.035434
v 0.341614 0.88512 -1.899625
v 0.341614 0.88512 -2.035627
v 0.662804 0.88512 -1.899431
v 0.662804 0.558042 -2.036066
v 0.662804 0.88512 -1.899431
v 0.662804 0.88512 -2.035434
v 0.662804 0.558042 -1.900063
v -0.323843 0.88512 -2.035627
v -0.645034 0.558042 -2.036066
v -0.323843 0.558042 -2.037416
v -0.645034 0.88512 -2.035434
v -0.645034 0.88512 -2.035434
v -0.323843 0.88512 -1.899625
v -0.645034 0.88512 -1.899431
v -0.323843 0.88512 -2.035627
v -0.645034 0.558042 -2.036066
v -0.645034 0.88512 -1.899431
v -0.645034 0.558042 -1.900063
v -0.645034 0.88512 -2.035434
v -0.63798 2.037816 -0.053006
v 0.661979 2.037816 -0.371154
v 0.661979 2.037816 -0.053006
v -0.63798 2.037816 -0.371154
v -0.63798 1.905239 -0.053006
v 0.661979 2.037816 -0.053006
v 0.661979 1.905239 -0.053006
v -0.63798 2.037816 -0.053006
v 0.661979 1.905239 -0.053006
v 0.661979 2.037816 -0.371154
v 0.661979 1.905239 -0.371154
v 0.661979 2.037816 -0.053006
v 0.661979 1.905239 -0.371154
v -0.63798 2.037816 -0.371154
v -0.63798 1.905239 -0.371154
v 0.661979 2.037816 -0.371154
v -0.63798 1.905239 -0.371154
v -0.63798 2.037816 -0.053006
v -0.63798 1.905239 -0.053006
v -0.63798 2.037816 -0.371154
v 0.347433 0.88512 2.324392
v 0.668624 0.557709 2.190418
v 0.347433 0.557709 2.324392
v 0.668624 0.88512 2.190416
v 0.668624 0.88512 2.190416
v 0.668624 0.557709 2.079943
v 0.668624 0.557709 2.190418
v 0.668624 0.88512 2.079942
v 0.347433 0.88512 2.324392
v 0.668624 0.88512 2.079942
v 0.668624 0.88512 2.190416
v 0.347433 0.88512 2.079943
v -0.318024 0.88512 2.324392
v -0.639214 0.557709 2.190418
v -0.639214 0.88512 2.190416
v -0.318024 0.557709 2.324392
v -0.639214 0.88512 2.190416
v -0.639214 0.557709 2.079943
v -0.639214 0.88512 2.079942
v -0.639214 0.557709 2.190418
v -0.318024 0.88512 2.324392
v -0.639214 0.88512 2.079942
v -0.318024 0.88512 2.079943
v -0.639214 0.88512 2.190416
v 0.660592 1.21929 1.103192
v 0.614092 1.129302 1.184192
v 0.614092 1.219283 1.184192
v 0.543992 1.219283 1.229691
v 0.614092 1.129302 1.184192
v 0.660592 1.129302 1.099592
v 0.660592 1.129302 0.268592
v 0.660592 1.219133 0.268492
v 0.543992 1.219283 1.229691
v 0.540791 1.129302 1.229691
v -0.508008 1.129302 1.229691
v -0.511208 1.219283 1.229691
v 0.540791 1.129302 1.229691
v -0.581308 1.129302 1.184192
v -0.581308 1.219283 1.184192
v -0.627808 1.21929 1.103192
v -0.627808 1.129302 0.268592
v -0.627808 1.129302 1.099592
v -0.627808 1.219133 0.268492
v 0.655692 1.675891 0.457492
v 0.660592 1.219133 0.268492
v 0.660592 1.21929 1.103192
v 0.660592 1.675891 0.267292
v 0.612092 1.675891 0.544392
v 0.614092 1.219283 1.184192
v 0.536992 1.676791 0.585192
v 0.543992 1.219283 1.229691
v -0.504208 1.676791 0.585192
v -0.511208 1.219283 1.229691
v -0.581308 1.219283 1.184192
v -0.579308 1.675891 0.544392
v -0.627808 1.21929 1.103192
v -0.622908 1.675891 0.457492
v -0.627808 1.219133 0.268492
v -0.627808 1.675891 0.267292
v 0.588092 1.129302 0.268592
v 0.660592 1.219133 0.268492
v 0.588015 1.219219 0.268394
v 0.660592 1.129302 0.268592
v 0.587591 1.585463 0.267292
v 0.660592 1.675891 0.267292
v 0.521892 1.675891 0.266692
v 0.421592 1.675891 0.318192
v 0.521892 1.585463 0.266692
v 0.521892 1.675891 0.266692
v 0.421592 1.585463 0.318192
v 0.388392 1.675891 0.419092
v 0.388392 1.585463 0.419092
v 0.587591 1.585463 0.267292
v 0.387392 1.587563 0.540192
v 0.388091 1.675891 0.540292
v 0.521892 1.585463 0.266692
v 0.587591 1.585463 0.495192
v 0.587591 1.585463 0.267292
v 0.388392 1.585463 0.419092
v 0.421592 1.585463 0.318192
v 0.387392 1.587563 0.540192
v 0.514091 1.585463 0.586592
v 0.387392 1.587563 0.588192
v -0.354608 1.587563 0.588192
v -0.354608 1.587563 0.540192
v -0.481308 1.585463 0.586592
v -0.554808 1.585463 0.495192
v -0.355608 1.585463 0.419092
v -0.489108 1.585463 0.266692
v -0.554808 1.585463 0.267292
v -0.388808 1.585463 0.318192
v 0.514091 1.217376 1.119278
v 0.387392 1.587563 0.588192
v 0.387392 1.217353 1.123078
v 0.514091 1.585463 0.586592
v 0.587591 1.585463 0.495192
v 0.591326 1.216784 0.911546
v -0.354608 1.217353 1.123078
v -0.354608 1.587563 0.588192
v -0.481308 1.217376 1.119278
v -0.481308 1.585463 0.586592
v -0.554808 1.585463 0.495192
v -0.558542 1.216784 0.911546
v 0.588092 1.129302 0.268592
v 0.588015 1.219219 0.268394
v 0.587591 1.585463 0.267292
v 0.587591 1.585463 0.495192
v -0.555308 1.129302 0.268592
v -0.555232 1.219219 0.268394
v -0.554808 1.585463 0.267292
v -0.554808 1.585463 0.495192
v 0.588092 1.129302 0.268592
v 0.591326 1.216784 0.911546
v 0.589709 1.129186 0.912485
v 0.387392 1.217353 1.123078
v 0.514091 1.217376 0.911462
v 0.514091 1.217376 1.119278
v 0.387392 1.217353 0.911537
v 0.591326 1.216784 0.911546
v -0.354608 1.217353 1.123078
v -0.354608 1.217353 0.911537
v -0.481308 1.217376 0.911462
v -0.481308 1.217376 1.119278
v -0.558542 1.216784 0.911546
v 0.387392 1.217353 0.911537
v 0.514091 1.129663 0.9123
v 0.514091 1.217376 0.911462
v 0.387392 1.12964 0.912375
v 0.589709 1.129186 0.912485
v 0.591326 1.216784 0.911546
v -0.354608 1.12964 0.912375
v -0.354608 1.217353 0.911537
v -0.481308 1.129663 0.9123
v -0.481308 1.217376 0.911462
v -0.556925 1.129186 0.912485
v -0.558542 1.216784 0.911546
v 0.660592 1.21929 -1.831084
v 0.614092 1.129302 -1.912084
v 0.660592 1.129302 -1.827484
v 0.614092 1.219283 -1.912084
v 0.543992 1.219283 -1.957584
v 0.660592 1.129302 -0.996484
v 0.660592 1.219133 -0.996384
v 0.660592 1.219133 -0.375296
v 0.660592 1.129302 -0.375396
v 0.543992 1.219283 -1.957584
v 0.540792 1.129302 -1.957584
v -0.508009 1.129302 -1.957584
v -0.511209 1.219283 -1.957584
v 0.660592 1.530823 -0.374096
v 0.660592 1.530823 -0.995184
v -0.581309 1.129302 -1.912084
v -0.581309 1.219283 -1.912084
v -0.627809 1.21929 -1.831084
v -0.627809 1.129302 -0.996484
v -0.627809 1.219133 -0.996384
v -0.627809 1.129302 -1.827484
v -0.627809 1.219133 -0.375296
v -0.627809 1.129302 -0.375396
v -0.627808 1.530823 -0.374096
v -0.627809 1.530823 -0.995184
v 0.655692 1.675891 -1.185384
v 0.660592 1.219133 -0.996384
v 0.660592 1.675891 -0.995184
v 0.660592 1.21929 -1.831084
v 0.612092 1.675891 -1.272284
v 0.614092 1.219283 -1.912084
v 0.536992 1.676791 -1.313083
v 0.543992 1.219283 -1.957584
v -0.511209 1.219283 -1.957584
v -0.504208 1.676791 -1.313083
v -0.581309 1.219283 -1.912084
v -0.579309 1.675891 -1.272284
v -0.627809 1.21929 -1.831084
v -0.622908 1.675891 -1.185384
v -0.627809 1.219133 -0.996384
v -0.627808 1.675891 -0.995184
v 0.660592 1.530823 -0.374096
v 0.660592 1.219133 -0.375296
v -0.627808 1.530823 -0.374096
v -0.627809 1.219133 -0.375296
v 0.421592 1.675891 -1.046084
v 0.521892 1.585463 -0.994584
v 0.421592 1.585463 -1.046084
v 0.521892 1.675891 -0.994584
v 0.388392 1.675891 -1.146984
v 0.388392 1.585463 -1.146984
v 0.587592 1.585463 -0.995184
v 0.387392 1.587563 -1.268084
v 0.388092 1.675891 -1.268183
v 0.587592 1.585463 -0.995184
v 0.521892 1.675891 -0.994584
v 0.660592 1.675891 -0.995184
v 0.660592 1.219133 -0.996384
v 0.588015 1.219219 -0.996286
v 0.387392 1.587563 -1.268084
v -0.355309 1.675891 -1.268183
v 0.388092 1.675891 -1.268183
v -0.354609 1.587563 -1.268084
v 0.521892 1.585463 -0.994584
v 0.587592 1.585463 -0.995184
v 0.587592 1.585463 -1.223084
v 0.388392 1.585463 -1.146984
v 0.421592 1.585463 -1.046084
v 0.387392 1.587563 -1.268084
v 0.514092 1.585463 -1.314484
v 0.387392 1.587563 -1.316084
v -0.354609 1.587563 -1.268084
v -0.354609 1.587563 -1.316084
v -0.481309 1.585463 -1.314484
v -0.554809 1.585463 -1.223084
v -0.355609 1.585463 -1.146984
v -0.489109 1.585463 -0.994584
v -0.554809 1.585463 -0.995184
v -0.388809 1.585463 -1.046084
v 0.514092 1.217376 -1.84717
v 0.387392 1.587563 -1.316084
v 0.514092 1.585463 -1.314484
v 0.387392 1.217353 -1.85097
v 0.587592 1.585463 -1.223084
v 0.591326 1.216784 -1.639438
v -0.354609 1.587563 -1.316084
v -0.354609 1.217353 -1.85097
v -0.481309 1.217376 -1.84717
v -0.481309 1.585463 -1.314484
v -0.554809 1.585463 -1.223084
v -0.558543 1.216784 -1.639438
v 0.588092 1.129302 -0.996484
v 0.588015 1.219219 -0.996286
v 0.587592 1.585463 -0.995184
v 0.587592 1.585463 -1.223084
v -0.555309 1.129302 -0.996484
v -0.555232 1.219219 -0.996286
v -0.554809 1.585463 -0.995184
v -0.554809 1.585463 -1.223084
v 0.591326 1.216784 -1.639438
v 0.588092 1.129302 -0.996484
v 0.589709 1.129186 -1.640377
v 0.387392 1.217353 -1.85097
v 0.514092 1.217376 -1.639354
v 0.387392 1.217353 -1.63943
v 0.514092 1.217376 -1.84717
v 0.591326 1.216784 -1.639438
v -0.354609 1.217353 -1.63943
v -0.354609 1.217353 -1.85097
v -0.481309 1.217376 -1.639354
v -0.481309 1.217376 -1.84717
v -0.558543 1.216784 -1.639438
v 0.387392 1.217353 -1.63943
v 0.514092 1.129663 -1.640191
v 0.387392 1.12964 -1.640267
v 0.514092 1.217376 -1.639354
v 0.589709 1.129186 -1.640377
v 0.591326 1.216784 -1.639438
v -0.354609 1.12964 -1.640267
v -0.354609 1.217353 -1.63943
v -0.481309 1.129663 -1.640191
v -0.481309 1.217376 -1.639354
v -0.556926 1.129186 -1.640377
v -0.558543 1.216784 -1.639438
v 0.660592 1.129302 -0.375396
v 0.599526 1.219133 -0.375296
v 0.660592 1.219133 -0.375296
v 0.599526 1.129302 -0.375396
v 0.599525 1.530823 -0.374096
v 0.660592 1.530823 -0.374096
v 0.35376 1.219133 -0.375296
v 0.35376 1.129302 -0.375396
v 0.660592 1.530823 -0.374096
v 0.599526 1.530823 -0.995184
v 0.660592 1.530823 -0.995184
v 0.599525 1.530823 -0.374096
v 0.599525 1.530823 -0.374096
v 0.599526 1.219133 -0.996384
v 0.599526 1.530823 -0.995184
v 0.599526 1.219133 -0.996384
v 0.599525 1.530823 -0.374096
v 0.599526 1.219133 -0.375296
v 0.599526 1.219133 -0.996384
v 0.35376 1.129302 -0.996484
v 0.599526 1.129302 -0.996484
v 0.35376 1.219133 -0.996384
v 0.599526 1.219133 -0.375296
v 0.35376 1.219133 -0.996384
v 0.599526 1.219133 -0.996384
v 0.35376 1.219133 -0.375296
v 0.35376 1.219133 -0.375296
v 0.35376 1.129302 -0.996484
v 0.35376 1.219133 -0.996384
v 0.35376 1.129302 -0.375396
v -0.627808 1.21929 1.103192
v -0.581308 1.129302 1.184192
v -0.627808 1.129302 1.099592
v -0.511208 1.219283 1.229691
v -0.508008 1.129302 1.229691
v -0.555308 1.129302 0.268592
v -0.627808 1.219133 0.268492
v -0.627808 1.129302 0.268592
v -0.555232 1.219219 0.268394
v -0.554808 1.585463 0.267292
v -0.627808 1.675891 0.267292
v -0.489108 1.675891 0.266692
v -0.388808 1.675891 0.318192
v -0.489108 1.585463 0.266692
v -0.388808 1.585463 0.318192
v -0.489108 1.675891 0.266692
v -0.355608 1.675891 0.419092
v -0.355608 1.585463 0.419092
v -0.554808 1.585463 0.267292
v -0.354608 1.587563 0.540192
v -0.354608 1.587563 0.540192
v 0.388091 1.675891 0.540292
v -0.355308 1.675891 0.540292
v 0.387392 1.587563 0.540192
v -0.355608 1.675891 0.419092
v -0.354608 1.587563 0.540192
v -0.355308 1.675891 0.540292
v -0.558542 1.216784 0.911546
v -0.555308 1.129302 0.268592
v -0.556925 1.129186 0.912485
v -0.581309 1.129302 -1.912084
v -0.627809 1.21929 -1.831084
v -0.627809 1.129302 -1.827484
v -0.511209 1.219283 -1.957584
v -0.508009 1.129302 -1.957584
v -0.388809 1.675891 -1.046084
v -0.489109 1.585463 -0.994584
v -0.489109 1.675891 -0.994584
v -0.388809 1.585463 -1.046084
v -0.355609 1.675891 -1.146984
v -0.355609 1.585463 -1.146984
v -0.554809 1.585463 -0.995184
v -0.354609 1.587563 -1.268084
v -0.489109 1.675891 -0.994584
v -0.554809 1.585463 -0.995184
v -0.627808 1.675891 -0.995184
v -0.627809 1.219133 -0.996384
v -0.555232 1.219219 -0.996286
v -0.354609 1.587563 -1.268084
v -0.355609 1.675891 -1.146984
v -0.355309 1.675891 -1.268183
v -0.555309 1.129302 -0.996484
v -0.558543 1.216784 -1.639438
v -0.556926 1.129186 -1.640377
v -0.627809 1.129302 -0.375396
v -0.566742 1.219133 -0.375296
v -0.566742 1.129302 -0.375396
v -0.627809 1.219133 -0.375296
v -0.566742 1.530823 -0.374096
v -0.627808 1.530823 -0.374096
v -0.320977 1.219133 -0.375296
v -0.320977 1.129302 -0.375396
v -0.627808 1.530823 -0.374096
v -0.566742 1.530823 -0.995184
v -0.566742 1.530823 -0.374096
v -0.627809 1.530823 -0.995184
v -0.566742 1.530823 -0.374096
v -0.566742 1.219133 -0.996384
v -0.566742 1.219133 -0.375296
v -0.566742 1.219133 -0.996384
v -0.566742 1.530823 -0.374096
v -0.566742 1.530823 -0.995184
v -0.566742 1.219133 -0.996384
v -0.320977 1.129302 -0.996484
v -0.320977 1.219133 -0.996384
v -0.566742 1.129302 -0.996484
v -0.566742 1.219133 -0.375296
v -0.320977 1.219133 -0.996384
v -0.320977 1.219133 -0.375296
v -0.566742 1.219133 -0.996384
v -0.320977 1.219133 -0.375296
v -0.320977 1.129302 -0.996484
v -0.320977 1.129302 -0.375396
v -0.320977 1.219133 -0.996384
v 0.321395 0.257353 2.408869
v 0.0 0.559152 2.465456
v 0.321395 0.559152 2.409045
v 0.0 0.257353 2.46528
v 0.637736 0.257353 2.299104
v 0.637736 0.559152 2.298892
v -0.321395 0.257353 2.408869
v -0.321395 0.559152 2.409045
v 0.637736 0.257353 -1.866082
v 0.637736 0.810893 -0.373732
v 0.637736 0.563426 -1.919706
v 0.637736 0.257353 -0.373732
v 0.637736 0.570966 -2.040265
v 0.637736 0.810893 -0.314532
v 0.637736 1.134684 -0.373732
v 0.637736 0.893737 -1.920499
v 0.637736 1.134684 -1.921227
v 0.637736 1.134684 -1.983111
v 0.637736 0.898044 -1.983111
v 0.637736 1.083035 -0.314587
v 0.637736 1.134684 0.910148
v 0.637736 1.085225 0.846292
v 0.637736 0.810893 0.844187
v 0.637736 0.810893 0.910149
v 0.637736 1.134684 1.556233
v 0.637736 0.257353 1.556233
v 0.637736 1.12373 1.88267
v 0.637736 0.257353 1.88267
v 0.637736 0.257353 0.910149
v 0.637736 0.559152 2.081095
v 0.637736 0.882185 2.081095
v 0.637736 1.050487 2.081095
v 0.637736 0.257353 2.081095
v 0.637736 0.97498 2.190507
v 0.637736 0.882185 2.190507
v 0.637736 0.559152 2.298892
v 0.637736 0.257353 2.299104
v 0.321395 0.257353 -1.866082
v 0.637736 0.570966 -2.040265
v 0.321395 0.570966 -2.040529
v 0.637736 0.257353 -1.866082
v 0.0 0.257353 -1.866082
v 0.0 0.570633 -2.039978
v 0.637736 0.97498 2.190507
v 0.321395 0.882185 2.190684
v 0.21664 0.974839 2.190507
v 0.637736 0.882185 2.190507
v 0.0 0.882185 2.190684
v 0.0 0.97477 2.190507
v 0.321395 1.134684 -1.983111
v 0.0 1.134684 -1.652137
v 0.0 1.134684 -1.983111
v 0.321395 1.134684 -1.652137
v 0.637736 1.134684 -1.921227
v 0.637736 1.134684 -1.983111
v 0.321395 1.134684 -0.688796
v 0.637736 1.134684 -0.373732
v 0.582303 1.134684 -0.373732
v 0.321395 1.134684 -0.373732
v 0.321395 1.134684 -1.983111
v 0.637736 0.898044 -1.983111
v 0.637736 1.134684 -1.983111
v 0.321395 0.898044 -1.98237
v 0.0 1.134684 -1.983111
v 0.0 0.898044 -1.985942
v 0.0 0.882185 2.32083
v 0.321395 0.559152 2.321066
v 0.0 0.559152 2.32083
v 0.321395 0.882185 2.320829
v 0.637736 1.134684 -0.373732
v 0.581242 1.134684 0.910149
v 0.582303 1.134684 -0.373732
v 0.637736 1.134684 0.910148
v 0.637736 1.134684 1.556233
v 0.21664 1.134684 1.547381
v 0.0 1.134684 0.910148
v 0.0 1.134684 1.543074
v 0.582303 1.134684 -0.373732
v 0.583055 0.89913 0.910209
v 0.582914 0.898044 -0.373732
v 0.581242 1.134684 0.910149
v 0.321395 0.384269 0.281166
v 0.321395 0.384269 -0.373732
v 0.321395 0.470257 0.286679
v 0.321395 0.898493 0.588
v 0.321395 0.899808 -0.373732
v 0.321395 0.470301 0.589952
v 0.321395 0.570966 -1.922169
v 0.321395 0.898044 -1.920655
v 0.321395 0.898044 -1.98237
v 0.321395 0.570966 -2.040529
v 0.321395 0.898044 -2.04243
v 0.321395 0.570966 -2.040529
v 0.0 0.898044 -2.041932
v 0.0 0.570633 -2.039978
v 0.321395 0.898044 -2.04243
v -0.321395 0.570966 -2.040529
v -0.321395 0.898044 -2.04243
v 0.21664 1.12373 1.88267
v 0.637736 1.050487 2.081095
v 0.21664 1.050487 2.081095
v 0.637736 1.12373 1.88267
v 0.637736 1.134684 1.556233
v 0.21664 1.134684 1.547381
v 0.0 1.12373 1.88267
v 0.0 1.050487 2.081095
v 0.0 0.97477 2.190507
v 0.21664 0.974839 2.190507
v 0.0 1.134684 1.543074
v 0.637736 0.97498 2.190507
v -0.21664 1.050487 2.081095
v -0.21664 0.974839 2.190507
v -0.21664 1.12373 1.88267
v -0.637736 1.050487 2.081095
v -0.637736 1.12373 1.88267
v -0.21664 1.134684 1.547381
v -0.637736 0.97498 2.190507
v 0.321395 0.559152 2.081095
v 0.637736 0.882185 2.081095
v 0.637736 0.559152 2.081095
v 0.321395 0.882185 2.081095
v 0.321395 0.559152 2.081095
v 0.321395 0.882185 2.190684
v 0.321395 0.882185 2.081095
v 0.321395 0.882185 2.320829
v 0.321395 0.559152 2.321066
v 0.321395 0.882185 2.190684
v 0.0 0.882185 2.32083
v 0.0 0.882185 2.190684
v 0.321395 0.882185 2.320829
v 0.637736 0.559152 2.081095
v 0.321395 0.559152 2.321066
v 0.321395 0.559152 2.081095
v 0.637736 0.559152 2.298892
v 0.321395 0.559152 2.409045
v 0.0 0.559152 2.465456
v 0.0 0.559152 2.32083
v 0.321395 1.134684 -0.373732
v 0.582914 0.898044 -0.373732
v 0.321395 0.899808 -0.373732
v 0.582303 1.134684 -0.373732
v 0.257894 1.134684 -0.373732
v 0.257621 1.375253 -0.503627
v 0.321395 1.375253 -0.503627
v 0.321395 1.525653 -0.574259
v 0.257621 1.525653 -0.574259
v 0.0 1.525653 -0.574259
v 0.0 1.375253 -0.48011
v 0.0 0.898044 -0.373732
v 0.321395 0.384269 -0.373732
v 0.0 0.384269 -0.373732
v 0.0 1.134684 -0.373732
v 0.321395 0.898493 0.588
v 0.582914 0.898044 -0.373732
v 0.583055 0.89913 0.910209
v 0.321395 0.899808 -0.373732
v 0.321395 0.89913 0.910134
v 0.321395 0.898044 -2.04243
v 0.0 0.898044 -1.985942
v 0.0 0.898044 -2.041932
v 0.321395 0.898044 -1.98237
v 0.321395 0.882185 2.190684
v 0.637736 0.882185 2.081095
v 0.321395 0.882185 2.081095
v 0.637736 0.882185 2.190507
v 0.321395 0.898044 -1.98237
v 0.637736 0.893737 -1.920499
v 0.637736 0.898044 -1.983111
v 0.321395 0.898044 -1.920655
v 0.321395 0.898044 -1.920655
v 0.637736 0.563426 -1.919706
v 0.637736 0.893737 -1.920499
v 0.321395 0.570966 -1.922169
v 0.321395 0.570966 -1.922169
v 0.637736 0.570966 -2.040265
v 0.637736 0.563426 -1.919706
v 0.321395 0.570966 -2.040529
v 0.321395 1.134684 -1.652137
v 0.321395 1.016866 -0.688796
v 0.321395 1.016334 -1.652137
v 0.321395 1.134684 -0.688796
v 0.0 1.016427 -1.652137
v 0.321395 1.016866 -0.688796
v 0.0 1.017266 -0.688796
v 0.321395 1.016334 -1.652137
v 0.321395 1.525653 -0.688796
v 0.257621 1.525653 -0.574259
v 0.269903 1.525653 -0.688796
v 0.321395 1.525653 -0.574259
v 0.0 1.525653 -0.688796
v 0.0 1.525653 -0.574259
v 0.321395 1.134684 -0.688796
v 0.257621 1.134684 -0.688796
v 0.321395 1.016866 -0.688796
v 0.0 1.017266 -0.688796
v 0.0 1.134684 -0.688796
v 0.321395 1.375253 -0.688796
v 0.257621 1.375253 -0.688796
v 0.269903 1.525653 -0.688796
v 0.321395 1.525653 -0.688796
v 0.0 1.375253 -0.688796
v 0.0 1.525653 -0.688796
v 0.0 1.134684 -0.688796
v 0.257894 1.134684 -0.373732
v 0.0 1.134684 -0.373732
v 0.257621 1.134684 -0.688796
v 0.321395 1.134684 -0.688796
v 0.321395 1.375253 -0.503627
v 0.321395 1.375253 -0.688796
v 0.321395 1.134684 -0.373732
v 0.321395 1.525653 -0.574259
v 0.321395 1.525653 -0.688796
v 0.257621 1.134684 -0.688796
v 0.257621 1.375253 -0.503627
v 0.257894 1.134684 -0.373732
v 0.257621 1.375253 -0.688796
v 0.321395 0.898493 0.588
v 0.0 1.036709 0.90955
v 0.176835 0.898439 0.591303
v 0.321395 1.033947 0.910143
v 0.0 0.898215 0.591819
v 0.321395 1.033947 0.910143
v 0.321395 0.898493 0.588
v 0.321395 0.89913 0.910134
v 0.321395 0.898493 0.588
v 0.178761 0.470273 0.590037
v 0.321395 0.470301 0.589952
v 0.176835 0.898439 0.591303
v 0.321395 0.470301 0.589952
v 0.178761 0.470273 0.590037
v 0.177747 0.470793 0.493768
v 0.321395 0.470257 0.286679
v 0.0 0.470257 0.281161
v 0.0 0.470775 0.493808
v 0.321395 0.470257 0.286679
v 0.0 0.384269 0.281166
v 0.321395 0.384269 0.281166
v 0.0 0.470257 0.281161
v 0.321395 0.384269 -0.373732
v 0.0 0.384269 0.281166
v 0.0 0.384269 -0.373732
v 0.321395 0.384269 0.281166
v 0.0 0.470775 0.493808
v 0.174235 0.899582 0.494584
v 0.0 0.899268 0.495549
v 0.177747 0.470793 0.493768
v 0.0 0.898215 0.591819
v 0.174235 0.899582 0.494584
v 0.176835 0.898439 0.591303
v 0.0 0.899268 0.495549
v 0.176835 0.898439 0.591303
v 0.177747 0.470793 0.493768
v 0.178761 0.470273 0.590037
v 0.174235 0.899582 0.494584
v 0.0 1.782758 -1.286088
v 0.509997 1.92232 -0.898656
v 0.0 1.9153 -0.898656
v 0.489724 1.785743 -1.282729
v 0.489594 1.734705 -1.330521
v 0.0 1.734892 -1.330521
v 0.489465 1.674393 -1.330521
v 0.001227 1.674486 -1.330731
v 0.0 1.934724 -0.34721
v 0.509997 1.933798 -0.348417
v 0.613287 1.836221 -0.347924
v 0.613859 1.831022 -0.898656
v 0.0 1.920455 0.162918
v 0.509997 1.916251 0.160595
v 0.0 1.796376 0.532909
v 0.48972 1.808799 0.534184
v 0.0 1.740948 0.601935
v 0.489594 1.740548 0.601935
v 0.0 1.673763 0.601935
v 0.489465 1.673363 0.601935
v 0.589158 1.673363 0.580405
v 0.589831 1.746544 0.582117
v 0.589831 1.746544 0.582117
v 0.600786 1.775836 0.527201
v 0.613287 1.827599 0.161543
v 0.644388 1.767888 0.162363
v 0.644319 1.749888 0.521024
v 0.628185 1.673567 0.162918
v 0.628185 1.673363 0.515813
v 0.628185 1.673857 -0.34721
v 0.644388 1.769489 -0.347498
v 0.628185 1.674172 -0.898656
v 0.644388 1.77122 -0.898656
v 0.628185 1.674393 -1.253172
v 0.619736 1.734705 -1.253318
v 0.573968 1.773178 -1.278181
v 0.580809 1.734705 -1.314366
v 0.58478 1.674393 -1.314385
v 0.628185 1.674393 -1.253172
v 0.619736 1.734705 -1.253318
v 0.583055 0.89913 0.910209
v 0.321395 1.033947 0.910143
v 0.321395 0.89913 0.910134
v 0.581242 1.134684 0.910149
v 0.0 1.134684 0.910148
v 0.0 1.036709 0.90955
v 0.628185 1.673363 0.515813
v 0.644319 1.749888 0.521024
v 0.321395 1.134684 -1.652137
v 0.0 1.016427 -1.652137
v 0.0 1.134684 -1.652137
v 0.321395 1.016334 -1.652137
v 0.90499 1.147316 1.140354
v 0.885972 1.024276 1.001497
v 0.885972 1.024276 1.140354
v 0.90499 1.147316 1.001497
v 0.878055 1.240242 1.140354
v 0.878055 1.240242 1.001497
v 0.90499 1.147316 1.001497
v 0.626743 1.024276 1.001497
v 0.885972 1.024276 1.001497
v 0.633056 1.161971 1.001497
v 0.878055 1.240242 1.001497
v 0.713897 1.262398 1.001497
v 0.885972 1.024276 1.001497
v 0.626743 1.024276 1.140354
v 0.885972 1.024276 1.140354
v 0.626743 1.024276 1.001497
v 0.878055 1.240242 1.140354
v 0.713897 1.262398 1.001497
v 0.878055 1.240242 1.001497
v 0.878055 1.240242 1.140354
v 0.713897 1.262398 1.140354
v 0.651065 1.182001 1.209311
v 0.628908 1.065575 1.209311
v 0.628908 1.15506 1.209311
v 0.708152 1.15989 1.209311
v 0.706543 1.086746 1.209311
v 0.711825 1.091542 1.003836
v 0.711825 1.15553 0.930312
v 0.711825 1.091542 0.930312
v 0.711825 1.15553 1.003836
v 0.641548 1.064134 0.930312
v 0.711825 1.15553 0.930312
v 0.641548 1.178411 0.930312
v 0.711825 1.091542 0.930312
v 0.711825 1.091542 0.930312
v 0.641548 1.064134 1.003836
v 0.711825 1.091542 1.003836
v 0.641548 1.064134 0.930312
v 0.711825 1.15553 1.003836
v 0.641548 1.178411 0.930312
v 0.711825 1.15553 0.930312
v 0.641548 1.178411 1.003836
v 0.711825 1.091542 1.003836
v 0.641548 1.178411 1.003836
v 0.711825 1.15553 1.003836
v 0.641548 1.064134 1.003836
v 0.628908 1.065575 1.139368
v 0.706543 1.086746 1.209311
v 0.706543 1.086746 1.139368
v 0.628908 1.065575 1.209311
v 0.706543 1.086746 1.139368
v 0.708152 1.15989 1.209311
v 0.708152 1.15989 1.139368
v 0.706543 1.086746 1.209311
v 0.651663 1.181769 1.139368
v 0.708152 1.15989 1.209311
v 0.651065 1.182001 1.209311
v 0.708152 1.15989 1.139368
v 0.628908 1.15506 1.139368
v 0.651065 1.182001 1.209311
v 0.628908 1.15506 1.209311
v 0.651663 1.181769 1.139368
v 0.713897 1.262398 1.140354
v 0.633056 1.161971 1.001497
v 0.713897 1.262398 1.001497
v 0.633056 1.161971 1.140354
v 0.626743 1.024276 1.140354
v 0.626743 1.024276 1.001497
v 0.633056 1.161971 1.140354
v 0.885972 1.024276 1.140354
v 0.626743 1.024276 1.140354
v 0.90499 1.147316 1.140354
v 0.713897 1.262398 1.140354
v 0.878055 1.240242 1.140354
v 0.637736 1.085225 0.846292
v 0.637736 0.810893 -0.314532
v 0.637736 0.810893 0.844187
v 0.637736 1.083035 -0.314587
v 0.62516 0.973464 1.871934
v 0.686575 1.039773 1.549817
v 0.686575 0.957347 1.861882
v 0.62516 1.062488 1.549817
v 0.686575 0.743082 2.10111
v 0.62516 0.753682 2.119415
v 0.686575 0.420818 2.196852
v 0.62516 0.420818 2.219774
v 0.62516 0.260535 2.201854
v 0.686575 0.259998 2.178402
v 0.787649 0.875015 1.811922
v 0.787649 0.94397 1.549817
v 0.787649 0.692043 2.003988
v 0.787649 0.642192 1.93157
v 0.787649 0.80207 1.774271
v 0.787649 0.94397 1.549817
v 0.787649 0.858434 1.549817
v 0.787649 0.420818 1.987975
v 0.787649 0.427687 2.077339
v 0.787649 0.258082 2.067131
v 0.787649 0.256543 1.982606
v 0.787649 0.94397 1.549817
v 0.787649 0.80207 1.325364
v 0.787649 0.875015 1.287712
v 0.787649 0.642192 1.168064
v 0.787649 0.692043 1.095646
v 0.787649 0.420818 1.11166
v 0.787649 0.427687 1.022296
v 0.787649 0.258082 1.032503
v 0.787649 0.256542 1.117028
v 0.686575 0.957347 1.237751
v 0.686575 1.039773 1.549817
v 0.62516 0.973464 1.227699
v 0.62516 1.062488 1.549817
v 0.686575 0.743082 0.998524
v 0.62516 0.753682 0.980219
v 0.686575 0.420818 0.902782
v 0.62516 0.420818 0.87986
v 0.62516 0.260535 0.897781
v 0.686575 0.259998 0.921232
v 0.787649 0.94397 1.549817
v 0.62516 0.973464 -0.688614
v 0.686575 1.039773 -1.010732
v 0.686575 0.957347 -0.698666
v 0.62516 1.062488 -1.010732
v 0.686575 0.743082 -0.459439
v 0.62516 0.753682 -0.441133
v 0.686575 0.420818 -0.363697
v 0.62516 0.420818 -0.340775
v 0.62516 0.260535 -0.358695
v 0.686575 0.259998 -0.382147
v 0.787649 0.875015 -0.748627
v 0.787649 0.94397 -1.010732
v 0.787649 0.802071 -0.786278
v 0.787649 0.858434 -1.010732
v 0.787649 0.642192 -0.628979
v 0.787649 0.692043 -0.556561
v 0.787649 0.420818 -0.572574
v 0.787649 0.427687 -0.483211
v 0.787649 0.258082 -0.493418
v 0.787649 0.256542 -0.577942
v 0.62516 0.973464 -1.332849
v 0.686575 1.039773 -1.010732
v 0.62516 1.062488 -1.010732
v 0.686575 0.957347 -1.322798
v 0.686575 0.743082 -1.562024
v 0.62516 0.753682 -1.580331
v 0.686575 0.420818 -1.657767
v 0.62516 0.420818 -1.680689
v 0.62516 0.260535 -1.662768
v 0.686575 0.259998 -1.639317
v 0.787649 0.875015 -1.272837
v 0.787649 0.94397 -1.010732
v 0.787649 0.802071 -1.235186
v 0.787649 0.858434 -1.010732
v 0.787649 0.642192 -1.392485
v 0.787649 0.692043 -1.464902
v 0.787649 0.420818 -1.448889
v 0.787649 0.427687 -1.538253
v 0.787649 0.258082 -1.528046
v 0.787649 0.256542 -1.443522
v -0.637736 0.257353 -1.866082
v -0.637736 0.810893 -0.373732
v -0.637736 0.257353 -0.373732
v -0.637736 0.563426 -1.919706
v -0.637736 0.570966 -2.040265
v -0.637736 0.810893 -0.314532
v -0.637736 1.134684 -0.373732
v -0.637736 0.893737 -1.920499
v -0.637736 1.134684 -1.921227
v -0.637736 1.134684 -1.983111
v -0.637736 0.898044 -1.983111
v -0.637736 1.083035 -0.314587
v -0.637736 1.134684 0.910148
v -0.637736 1.085225 0.846292
v -0.637736 0.810893 0.844187
v -0.637736 0.810893 0.910149
v -0.637736 1.134684 1.556233
v -0.637736 0.257353 1.556233
v -0.637736 1.12373 1.88267
v -0.637736 0.257353 1.88267
v -0.637736 0.257353 0.910149
v -0.637736 0.559152 2.081095
v -0.637736 0.882185 2.081095
v -0.637736 1.050487 2.081095
v -0.637736 0.257353 2.081095
v -0.637736 0.97498 2.190507
v -0.637736 0.882185 2.190507
v -0.637736 0.559152 2.298892
v -0.637736 0.257353 2.299104
v -0.321395 0.257353 -1.866082
v -0.637736 0.570966 -2.040265
v -0.637736 0.257353 -1.866082
v -0.321395 0.570966 -2.040529
v 0.0 0.257353 -1.866082
v 0.0 0.570633 -2.039978
v -0.637736 0.97498 2.190507
v -0.321395 0.882185 2.190684
v -0.637736 0.882185 2.190507
v -0.21664 0.974839 2.190507
v 0.0 0.882185 2.190684
v 0.0 0.97477 2.190507
v -0.321395 1.134684 -1.983111
v 0.0 1.134684 -1.652137
v -0.321395 1.134684 -1.652137
v 0.0 1.134684 -1.983111
v -0.637736 1.134684 -1.921227
v -0.637736 1.134684 -1.983111
v -0.321395 1.134684 -0.688796
v -0.637736 1.134684 -0.373732
v -0.582303 1.134684 -0.373732
v -0.321395 1.134684 -0.373732
v -0.637736 0.257353 2.299104
v -0.321395 0.559152 2.409045
v -0.321395 0.257353 2.408869
v -0.637736 0.559152 2.298892
v -0.321395 1.134684 -1.983111
v -0.637736 0.898044 -1.983111
v -0.321395 0.898044 -1.98237
v -0.637736 1.134684 -1.983111
v 0.0 1.134684 -1.983111
v 0.0 0.898044 -1.985942
v 0.0 0.882185 2.32083
v -0.321395 0.559152 2.321066
v -0.321395 0.882185 2.320829
v 0.0 0.559152 2.32083
v -0.637736 1.134684 -0.373732
v -0.581242 1.134684 0.910149
v -0.637736 1.134684 0.910148
v -0.582303 1.134684 -0.373732
v -0.637736 1.134684 1.556233
v -0.21664 1.134684 1.547381
v 0.0 1.134684 0.910148
v 0.0 1.134684 1.543074
v -0.582303 1.134684 -0.373732
v -0.583055 0.89913 0.910209
v -0.581242 1.134684 0.910149
v -0.582914 0.898044 -0.373732
v -0.321395 0.384269 0.281166
v -0.321395 0.470257 0.286679
v -0.321395 0.384269 -0.373732
v -0.321395 0.898493 0.588
v -0.321395 0.899808 -0.373732
v -0.321395 0.470301 0.589952
v -0.321395 0.570966 -1.922169
v -0.321395 0.898044 -1.98237
v -0.321395 0.898044 -1.920655
v -0.321395 0.570966 -2.040529
v -0.321395 0.898044 -2.04243
v -0.637736 1.134684 1.556233
v -0.21664 1.12373 1.88267
v -0.637736 1.12373 1.88267
v -0.21664 1.134684 1.547381
v -0.321395 0.559152 2.081095
v -0.637736 0.882185 2.081095
v -0.321395 0.882185 2.081095
v -0.637736 0.559152 2.081095
v -0.321395 0.559152 2.081095
v -0.321395 0.882185 2.081095
v -0.321395 0.882185 2.190684
v -0.321395 0.882185 2.320829
v -0.321395 0.559152 2.321066
v -0.321395 0.882185 2.190684
v 0.0 0.882185 2.32083
v -0.321395 0.882185 2.320829
v 0.0 0.882185 2.190684
v -0.637736 0.559152 2.081095
v -0.321395 0.559152 2.321066
v -0.637736 0.559152 2.298892
v -0.321395 0.559152 2.081095
v -0.321395 0.559152 2.409045
v 0.0 0.559152 2.465456
v 0.0 0.559152 2.32083
v -0.321395 1.134684 -0.373732
v -0.582914 0.898044 -0.373732
v -0.582303 1.134684 -0.373732
v -0.321395 0.899808 -0.373732
v -0.257894 1.134684 -0.373732
v -0.257621 1.375253 -0.503627
v -0.321395 1.375253 -0.503627
v -0.321395 1.525653 -0.574259
v -0.257621 1.525653 -0.574259
v 0.0 1.525653 -0.574259
v 0.0 1.375253 -0.48011
v 0.0 0.898044 -0.373732
v -0.321395 0.384269 -0.373732
v 0.0 0.384269 -0.373732
v 0.0 1.134684 -0.373732
v -0.321395 0.898493 0.588
v -0.582914 0.898044 -0.373732
v -0.321395 0.899808 -0.373732
v -0.583055 0.89913 0.910209
v -0.321395 0.89913 0.910134
v -0.321395 0.898044 -2.04243
v 0.0 0.898044 -1.985942
v -0.321395 0.898044 -1.98237
v 0.0 0.898044 -2.041932
v -0.321395 0.882185 2.190684
v -0.637736 0.882185 2.081095
v -0.637736 0.882185 2.190507
v -0.321395 0.882185 2.081095
v -0.321395 0.898044 -1.98237
v -0.637736 0.893737 -1.920499
v -0.321395 0.898044 -1.920655
v -0.637736 0.898044 -1.983111
v -0.321395 0.898044 -1.920655
v -0.637736 0.563426 -1.919706
v -0.321395 0.570966 -1.922169
v -0.637736 0.893737 -1.920499
v -0.321395 0.570966 -1.922169
v -0.637736 0.570966 -2.040265
v -0.321395 0.570966 -2.040529
v -0.637736 0.563426 -1.919706
v -0.321395 1.134684 -1.652137
v -0.321395 1.016866 -0.688796
v -0.321395 1.134684 -0.688796
v -0.321395 1.016334 -1.652137
v 0.0 1.016427 -1.652137
v -0.321395 1.016866 -0.688796
v -0.321395 1.016334 -1.652137
v 0.0 1.017266 -0.688796
v -0.321395 1.525653 -0.688796
v -0.257621 1.525653 -0.574259
v -0.321395 1.525653 -0.574259
v -0.269903 1.525653 -0.688796
v 0.0 1.525653 -0.688796
v 0.0 1.525653 -0.574259
v -0.321395 1.134684 -0.688796
v -0.321395 1.016866 -0.688796
v -0.257621 1.134684 -0.688796
v 0.0 1.017266 -0.688796
v 0.0 1.134684 -0.688796
v -0.321395 1.375253 -0.688796
v -0.257621 1.375253 -0.688796
v -0.269903 1.525653 -0.688796
v -0.321395 1.525653 -0.688796
v 0.0 1.375253 -0.688796
v 0.0 1.525653 -0.688796
v 0.0 1.134684 -0.688796
v -0.257894 1.134684 -0.373732
v -0.257621 1.134684 -0.688796
v 0.0 1.134684 -0.373732
v -0.321395 1.134684 -0.688796
v -0.321395 1.375253 -0.503627
v -0.321395 1.134684 -0.373732
v -0.321395 1.375253 -0.688796
v -0.321395 1.525653 -0.574259
v -0.321395 1.525653 -0.688796
v -0.257621 1.134684 -0.688796
v -0.257621 1.375253 -0.503627
v -0.257621 1.375253 -0.688796
v -0.257894 1.134684 -0.373732
v -0.321395 0.898493 0.588
v 0.0 1.036709 0.90955
v -0.321395 1.033947 0.910143
v -0.176835 0.898439 0.591303
v 0.0 0.898215 0.591819
v -0.321395 1.033947 0.910143
v -0.321395 0.89913 0.910134
v -0.321395 0.898493 0.588
v -0.321395 0.898493 0.588
v -0.178761 0.470273 0.590037
v -0.176835 0.898439 0.591303
v -0.321395 0.470301 0.589952
v -0.321395 0.470301 0.589952
v -0.177747 0.470793 0.493768
v -0.178761 0.470273 0.590037
v -0.321395 0.470257 0.286679
v 0.0 0.470257 0.281161
v 0.0 0.470775 0.493808
v -0.321395 0.470257 0.286679
v 0.0 0.384269 0.281166
v 0.0 0.470257 0.281161
v -0.321395 0.384269 0.281166
v -0.321395 0.384269 -0.373732
v 0.0 0.384269 0.281166
v -0.321395 0.384269 0.281166
v 0.0 0.384269 -0.373732
v 0.0 0.470775 0.493808
v -0.174235 0.899582 0.494584
v -0.177747 0.470793 0.493768
v 0.0 0.899268 0.495549
v 0.0 0.898215 0.591819
v -0.174235 0.899582 0.494584
v 0.0 0.899268 0.495549
v -0.176835 0.898439 0.591303
v -0.176835 0.898439 0.591303
v -0.177747 0.470793 0.493768
v -0.174235 0.899582 0.494584
v -0.178761 0.470273 0.590037
v 0.0 1.782758 -1.286088
v -0.509997 1.92232 -0.898656
v -0.489724 1.785743 -1.282729
v 0.0 1.9153 -0.898656
v -0.489594 1.734705 -1.330521
v 0.0 1.734892 -1.330521
v -0.489465 1.674393 -1.330521
v 0.001227 1.674486 -1.330731
v 0.0 1.934724 -0.34721
v -0.509997 1.933798 -0.348417
v -0.613287 1.836221 -0.347924
v -0.613859 1.831022 -0.898656
v -0.644388 1.77122 -0.898656
v -0.619736 1.734705 -1.253318
v -0.573968 1.773179 -1.278181
v -0.628185 1.674393 -1.253172
v -0.628185 1.674172 -0.898656
v -0.580809 1.734705 -1.314366
v -0.644388 1.769489 -0.347498
v -0.613287 1.827599 0.161543
v -0.644388 1.767888 0.162363
v -0.628185 1.673857 -0.34721
v -0.628185 1.673567 0.162918
v -0.644319 1.749888 0.521024
v -0.628185 1.673363 0.515813
v -0.600786 1.775836 0.527201
v -0.48972 1.808799 0.534184
v -0.589831 1.746544 0.582117
v -0.489594 1.740548 0.601935
v 0.0 1.740948 0.601935
v 0.0 1.673763 0.601935
v -0.489465 1.673363 0.601935
v -0.589158 1.673363 0.580405
v -0.589831 1.746544 0.582117
v 0.0 1.796376 0.532909
v -0.509997 1.916251 0.160595
v -0.628185 1.673363 0.515813
v -0.644319 1.749888 0.521024
v -0.628185 1.674393 -1.253172
v -0.619736 1.734705 -1.253318
v -0.58478 1.674393 -1.314385
v -0.509997 1.916251 0.160595
v -0.48972 1.808799 0.534184
v -0.509997 1.933798 -0.348417
v -0.583055 0.89913 0.910209
v -0.321395 1.033947 0.910143
v -0.581242 1.134684 0.910149
v -0.321395 0.89913 0.910134
v 0.0 1.134684 0.910148
v 0.0 1.036709 0.90955
v -0.321395 1.134684 -1.652137
v 0.0 1.016427 -1.652137
v -0.321395 1.016334 -1.652137
v 0.0 1.134684 -1.652137
v -0.90499 1.147316 1.140354
v -0.885972 1.024276 1.001497
v -0.90499 1.147316 1.001497
v -0.885972 1.024276 1.140354
v -0.878055 1.240242 1.140354
v -0.878055 1.240242 1.001497
v -0.90499 1.147316 1.001497
v -0.626742 1.024276 1.001497
v -0.633056 1.161971 1.001497
v -0.885972 1.024276 1.001497
v -0.878055 1.240242 1.001497
v -0.713897 1.262398 1.001497
v -0.885972 1.024276 1.001497
v -0.626742 1.024276 1.140354
v -0.626742 1.024276 1.001497
v -0.885972 1.024276 1.140354
v -0.878055 1.240242 1.140354
v -0.713897 1.262398 1.001497
v -0.713897 1.262398 1.140354
v -0.878055 1.240242 1.140354
v -0.878055 1.240242 1.001497
v -0.628908 1.065575 1.209311
v -0.651065 1.182001 1.209311
v -0.628908 1.15506 1.209311
v -0.708152 1.15989 1.209311
v -0.706543 1.086746 1.209311
v -0.711825 1.091542 1.003836
v -0.711825 1.15553 0.930312
v -0.711825 1.15553 1.003836
v -0.711825 1.091542 0.930312
v -0.641548 1.064134 0.930312
v -0.711825 1.15553 0.930312
v -0.711825 1.091542 0.930312
v -0.641548 1.178411 0.930312
v -0.711825 1.091542 0.930312
v -0.641548 1.064134 1.003836
v -0.641548 1.064134 0.930312
v -0.711825 1.091542 1.003836
v -0.711825 1.15553 1.003836
v -0.641548 1.178411 0.930312
v -0.641548 1.178411 1.003836
v -0.711825 1.15553 0.930312
v -0.711825 1.091542 1.003836
v -0.641548 1.178411 1.003836
v -0.641548 1.064134 1.003836
v -0.711825 1.15553 1.003836
v -0.628908 1.065575 1.139368
v -0.706543 1.086746 1.209311
v -0.628908 1.065575 1.209311
v -0.706543 1.086746 1.139368
v -0.706543 1.086746 1.139368
v -0.708152 1.15989 1.209311
v -0.706543 1.086746 1.209311
v -0.708152 1.15989 1.139368
v -0.651663 1.181769 1.139368
v -0.708152 1.15989 1.209311
v -0.708152 1.15989 1.139368
v -0.651065 1.182001 1.209311
v -0.628908 1.15506 1.139368
v -0.651065 1.182001 1.209311
v -0.651663 1.181769 1.139368
v -0.628908 1.15506 1.209311
v -0.713897 1.262398 1.140354
v -0.633056 1.161971 1.001497
v -0.633056 1.161971 1.140354
v -0.713897 1.262398 1.001497
v -0.626742 1.024276 1.140354
v -0.626742 1.024276 1.001497
v -0.633056 1.161971 1.140354
v -0.885972 1.024276 1.140354
v -0.90499 1.147316 1.140354
v -0.626742 1.024276 1.140354
v -0.713897 1.262398 1.140354
v -0.878055 1.240242 1.140354
v -0.637736 1.085225 0.846292
v -0.637736 0.810893 -0.314532
v -0.637736 1.083035 -0.314587
v -0.637736 0.810893 0.844187
v -0.62516 0.973464 1.871934
v -0.686575 1.039773 1.549817
v -0.62516 1.062488 1.549817
v -0.686575 0.957347 1.861882
v -0.686575 0.743082 2.10111
v -0.62516 0.753682 2.119415
v -0.686575 0.420818 2.196852
v -0.62516 0.420818 2.219774
v -0.62516 0.260535 2.201854
v -0.686575 0.259998 2.178402
v -0.787649 0.875015 1.811922
v -0.787649 0.94397 1.549817
v -0.787649 0.692043 2.003988
v -0.787649 0.642192 1.93157
v -0.787649 0.80207 1.774271
v -0.787649 0.94397 1.549817
v -0.787649 0.858434 1.549817
v -0.787649 0.420818 1.987975
v -0.787649 0.427687 2.077339
v -0.787649 0.258082 2.067131
v -0.787649 0.256543 1.982606
v -0.787649 0.80207 1.325364
v -0.787649 0.94397 1.549817
v -0.787649 0.875015 1.287712
v -0.787649 0.642192 1.168064
v -0.787649 0.692043 1.095646
v -0.787649 0.420818 1.11166
v -0.787649 0.427687 1.022296
v -0.787649 0.258082 1.032503
v -0.787649 0.256542 1.117028
v -0.686575 0.957347 1.237751
v -0.686575 1.039773 1.549817
v -0.62516 0.973464 1.227699
v -0.62516 1.062488 1.549817
v -0.686575 0.743082 0.998524
v -0.62516 0.753682 0.980219
v -0.686575 0.420818 0.902782
v -0.62516 0.420818 0.87986
v -0.62516 0.260535 0.897781
v -0.686575 0.259998 0.921232
v -0.787649 0.94397 1.549817
v -0.62516 0.973464 -0.688614
v -0.686575 1.039773 -1.010732
v -0.62516 1.062488 -1.010732
v -0.686575 0.957347 -0.698666
v -0.686575 0.743082 -0.459439
v -0.62516 0.753682 -0.441133
v -0.686575 0.420818 -0.363697
v -0.62516 0.420818 -0.340775
v -0.62516 0.260535 -0.358695
v -0.686575 0.259998 -0.382147
v -0.787649 0.875015 -0.748627
v -0.787648 0.94397 -1.010732
v -0.787649 0.692043 -0.556561
v -0.787649 0.642192 -0.628979
v -0.787649 0.802071 -0.786278
v -0.787648 0.94397 -1.010732
v -0.787648 0.858434 -1.010732
v -0.787649 0.420818 -0.572574
v -0.787648 0.427687 -0.483211
v -0.787648 0.258082 -0.493418
v -0.787649 0.256542 -0.577942
v -0.787649 0.802071 -1.235186
v -0.787648 0.94397 -1.010732
v -0.787649 0.875015 -1.272837
v -0.787649 0.642192 -1.392485
v -0.787649 0.692043 -1.464902
v -0.787649 0.420818 -1.448889
v -0.787648 0.427687 -1.538253
v -0.787648 0.258082 -1.528046
v -0.787649 0.256542 -1.443522
v -0.686575 0.957347 -1.322798
v -0.686575 1.039773 -1.010732
v -0.62516 0.973464 -1.332849
v -0.62516 1.062488 -1.010732
v -0.686575 0.743082 -1.562024
v -0.62516 0.753682 -1.580331
v -0.686575 0.420818 -1.657767
v -0.62516 0.420818 -1.680689
v -0.62516 0.260535 -1.662768
v -0.686575 0.259998 -1.639317
v -0.787648 0.94397 -1.010732
v 0.07626 0.75755 0.272423
v -0.234172 0.854647 0.369674
v -0.078871 0.757396 0.272317
v -0.234172 0.998744 0.469156
v 0.231732 0.854135 0.369321
v -0.079481 1.116824 0.533238
v 0.231254 0.995221 0.466723
v 0.078306 1.116824 0.533238
v 0.868266 0.608256 1.606712
v 0.868266 0.541372 1.69877
v 0.868266 0.582105 1.658038
v 0.868266 0.433151 1.733934
v 0.868266 0.490046 1.724922
v 0.868266 0.258046 1.606712
v 0.868266 0.32493 1.69877
v 0.868266 0.376256 1.724922
v 0.868266 0.284198 1.658038
v 0.868266 0.32493 1.400864
v 0.868266 0.258046 1.492923
v 0.868266 0.249035 1.549817
v 0.868266 0.284198 1.441596
v 0.868266 0.541372 1.400864
v 0.868266 0.433151 1.365701
v 0.868266 0.376256 1.374712
v 0.868266 0.490046 1.374712
v 0.868266 0.608256 1.492923
v 0.868266 0.582105 1.441596
v 0.868266 0.617268 1.549817
v 0.504289 0.871718 1.549817
v 0.957072 0.850253 1.685342
v 0.504289 0.850253 1.685342
v 0.957072 0.871718 1.549817
v 0.957072 0.787959 1.8076
v 0.504289 0.787959 1.8076
v 0.957072 0.690934 1.904625
v 0.504289 0.690934 1.904625
v 0.957072 0.568676 1.966918
v 0.504289 0.568676 1.966918
v 0.957072 0.433151 1.988384
v 0.504289 0.432849 1.988352
v 0.957072 0.297627 1.966918
v 0.504018 0.297325 1.966887
v 0.957072 0.175368 1.904625
v 0.504018 0.175066 1.904593
v 0.957072 0.078343 1.8076
v 0.504018 0.078041 1.807568
v 0.957072 0.01605 1.685342
v 0.504018 0.015748 1.68531
v 0.957072 -0.005415 1.549817
v 0.504018 -0.005717 1.549785
v 0.957072 0.871718 1.549817
v 1.007801 0.762737 1.656906
v 0.957072 0.850253 1.685342
v 1.007801 0.779698 1.549817
v 1.007801 0.713513 1.753513
v 0.957072 0.787959 1.8076
v 1.007801 0.636846 1.830179
v 0.957072 0.690934 1.904625
v 1.007801 0.54024 1.879403
v 0.957072 0.568676 1.966918
v 1.007801 0.433151 1.896364
v 0.957072 0.433151 1.988384
v 1.007801 0.326062 1.879403
v 0.957072 0.297627 1.966918
v 1.007801 0.229456 1.830179
v 0.957072 0.175368 1.904625
v 1.007801 0.152789 1.753513
v 0.957072 0.078343 1.8076
v 1.007801 0.103566 1.656906
v 0.957072 0.01605 1.685342
v 1.007801 0.086605 1.549817
v 0.957072 -0.005415 1.549817
v 1.007801 0.49022 1.725458
v 1.007801 0.433151 1.734497
v 1.007801 0.376082 1.725458
v 1.007801 0.324599 1.699226
v 1.007801 0.283742 1.658369
v 1.007801 0.25751 1.606886
v 1.007801 0.248471 1.549817
v 1.007801 0.541703 1.699226
v 1.007801 0.58256 1.658369
v 1.007801 0.608792 1.606886
v 1.007801 0.617831 1.549817
v 1.007801 0.617831 1.549817
v 0.868266 0.608256 1.606712
v 1.007801 0.608792 1.606886
v 0.868266 0.617268 1.549817
v 0.868266 0.582105 1.658038
v 1.007801 0.58256 1.658369
v 0.868266 0.541372 1.69877
v 1.007801 0.541703 1.699226
v 0.868266 0.490046 1.724922
v 1.007801 0.49022 1.725458
v 0.868266 0.433151 1.733934
v 1.007801 0.433151 1.734497
v 0.868266 0.376256 1.724922
v 1.007801 0.376082 1.725458
v 0.868266 0.32493 1.69877
v 1.007801 0.324599 1.699226
v 0.868266 0.284198 1.658038
v 1.007801 0.283742 1.658369
v 0.868266 0.258046 1.606712
v 1.007801 0.25751 1.606886
v 0.868266 0.249035 1.549817
v 1.007801 0.248471 1.549817
v 0.504289 0.871718 1.549817
v 0.957072 0.850253 1.414293
v 0.957072 0.871718 1.549817
v 0.504289 0.850253 1.414292
v 0.957072 0.787959 1.292034
v 0.504289 0.787959 1.292034
v 0.957072 0.690934 1.195009
v 0.504289 0.690934 1.195009
v 0.957072 0.568676 1.132716
v 0.504289 0.568676 1.132716
v 0.957072 0.433151 1.111251
v 0.504289 0.432849 1.111219
v 0.957072 0.297627 1.132716
v 0.504018 0.297325 1.132684
v 0.957072 0.175368 1.195009
v 0.504018 0.175066 1.194978
v 0.957072 0.078343 1.292034
v 0.504018 0.078041 1.292002
v 0.957072 0.01605 1.414293
v 0.504018 0.015748 1.414261
v 0.957072 -0.005415 1.549817
v 0.504018 -0.005717 1.549785
v 0.957072 0.871718 1.549817
v 1.007801 0.762737 1.442728
v 1.007801 0.779698 1.549817
v 0.957072 0.850253 1.414293
v 1.007801 0.713513 1.346122
v 0.957072 0.787959 1.292034
v 1.007801 0.636846 1.269455
v 0.957072 0.690934 1.195009
v 1.007801 0.54024 1.220232
v 0.957072 0.568676 1.132716
v 1.007801 0.433151 1.203271
v 0.957072 0.433151 1.111251
v 1.007801 0.326062 1.220232
v 0.957072 0.297627 1.132716
v 1.007801 0.229456 1.269455
v 0.957072 0.175368 1.195009
v 1.007801 0.152789 1.346122
v 0.957072 0.078343 1.292034
v 1.007801 0.103566 1.442728
v 0.957072 0.01605 1.414293
v 1.007801 0.086605 1.549817
v 0.957072 -0.005415 1.549817
v 1.007801 0.49022 1.374176
v 1.007801 0.541703 1.400408
v 1.007801 0.58256 1.441265
v 1.007801 0.608792 1.492748
v 1.007801 0.617831 1.549817
v 1.007801 0.25751 1.492748
v 1.007801 0.283742 1.441265
v 1.007801 0.248471 1.549817
v 1.007801 0.433151 1.365137
v 1.007801 0.376082 1.374176
v 1.007801 0.324599 1.400408
v 1.007801 0.617831 1.549817
v 0.868266 0.608256 1.492923
v 0.868266 0.617268 1.549817
v 1.007801 0.608792 1.492748
v 0.868266 0.582105 1.441596
v 1.007801 0.58256 1.441265
v 0.868266 0.541372 1.400864
v 1.007801 0.541703 1.400408
v 0.868266 0.490046 1.374712
v 1.007801 0.49022 1.374176
v 0.868266 0.433151 1.365701
v 1.007801 0.433151 1.365137
v 0.868266 0.376256 1.374712
v 1.007801 0.376082 1.374176
v 0.868266 0.32493 1.400864
v 1.007801 0.324599 1.400408
v 0.868266 0.284198 1.441596
v 1.007801 0.283742 1.441265
v 0.868266 0.258046 1.492923
v 1.007801 0.25751 1.492748
v 0.868266 0.249035 1.549817
v 1.007801 0.248471 1.549817
v -0.868266 0.608256 1.492923
v -0.868266 0.541372 1.400864
v -0.868266 0.582105 1.441596
v -0.868266 0.608256 1.606712
v -0.868266 0.32493 1.400864
v -0.868266 0.433151 1.365701
v -0.868266 0.490046 1.374712
v -0.868266 0.376256 1.374712
v -0.868266 0.258046 1.606712
v -0.868266 0.258046 1.492923
v -0.868266 0.284198 1.441596
v -0.868266 0.249035 1.549817
v -0.868266 0.433151 1.733934
v -0.868266 0.32493 1.69877
v -0.868266 0.284198 1.658038
v -0.868266 0.376256 1.724922
v -0.868266 0.541372 1.69877
v -0.868266 0.490046 1.724922
v -0.868266 0.582105 1.658038
v -0.868266 0.617268 1.549817
v -0.501572 0.871718 1.549817
v -0.957072 0.850253 1.685342
v -0.957072 0.871718 1.549817
v -0.501572 0.850253 1.685342
v -0.957072 0.787959 1.8076
v -0.501572 0.787959 1.8076
v -0.957072 0.690934 1.904625
v -0.501572 0.690934 1.904625
v -0.957072 0.568676 1.966918
v -0.501572 0.568676 1.966918
v -0.957072 0.433151 1.988384
v -0.501572 0.432547 1.98832
v -0.957072 0.297627 1.966918
v -0.502112 0.297023 1.966855
v -0.957072 0.175368 1.904625
v -0.502112 0.174764 1.904561
v -0.957072 0.078343 1.8076
v -0.502112 0.077739 1.807536
v -0.957072 0.01605 1.685342
v -0.502112 0.015446 1.685278
v -0.957072 -0.005415 1.549817
v -0.502112 -0.006019 1.549753
v -0.957072 0.871718 1.549817
v -1.007801 0.762737 1.656906
v -1.007801 0.779698 1.549817
v -0.957072 0.850253 1.685342
v -1.007801 0.713513 1.753513
v -0.957072 0.787959 1.8076
v -1.007801 0.636846 1.830179
v -0.957072 0.690934 1.904625
v -1.007801 0.54024 1.879403
v -0.957072 0.568676 1.966918
v -1.007801 0.433151 1.896364
v -0.957072 0.433151 1.988384
v -1.007801 0.326062 1.879403
v -0.957072 0.297627 1.966918
v -1.007801 0.229456 1.830179
v -0.957072 0.175368 1.904625
v -1.007801 0.152789 1.753513
v -0.957072 0.078343 1.8076
v -1.007801 0.103566 1.656906
v -0.957072 0.01605 1.685342
v -1.007801 0.086605 1.549817
v -0.957072 -0.005415 1.549817
v -1.007801 0.49022 1.725458
v -1.007801 0.541703 1.699226
v -1.007801 0.58256 1.658369
v -1.007801 0.608792 1.606886
v -1.007801 0.617831 1.549817
v -1.007801 0.25751 1.606886
v -1.007801 0.283742 1.658369
v -1.007801 0.248471 1.549817
v -1.007801 0.433151 1.734497
v -1.007801 0.376082 1.725458
v -1.007801 0.324599 1.699226
v -1.007801 0.617831 1.549817
v -0.868266 0.608256 1.606712
v -0.868266 0.617268 1.549817
v -1.007801 0.608792 1.606886
v -0.868266 0.582105 1.658038
v -1.007801 0.58256 1.658369
v -0.868266 0.541372 1.69877
v -1.007801 0.541703 1.699226
v -0.868266 0.490046 1.724922
v -1.007801 0.49022 1.725458
v -0.868266 0.433151 1.733934
v -1.007801 0.433151 1.734497
v -0.868266 0.376256 1.724922
v -1.007801 0.376082 1.725458
v -0.868266 0.32493 1.69877
v -1.007801 0.324599 1.699226
v -0.868266 0.284198 1.658038
v -1.007801 0.283742 1.658369
v -0.868266 0.258046 1.606712
v -1.007801 0.25751 1.606886
v -0.868266 0.249035 1.549817
v -1.007801 0.248471 1.549817
v -0.501572 0.871718 1.549817
v -0.957072 0.850253 1.414293
v -0.501572 0.850253 1.414292
v -0.957072 0.871718 1.549817
v -0.957072 0.787959 1.292034
v -0.501572 0.787959 1.292034
v -0.957072 0.690934 1.195009
v -0.501572 0.690934 1.195009
v -0.957072 0.568676 1.132716
v -0.501572 0.568676 1.132716
v -0.957072 0.433151 1.111251
v -0.501572 0.432547 1.111187
v -0.957072 0.297627 1.132716
v -0.502112 0.297023 1.132652
v -0.957072 0.175368 1.195009
v -0.502112 0.174764 1.194946
v -0.957072 0.078343 1.292034
v -0.502112 0.077739 1.291971
v -0.957072 0.01605 1.414293
v -0.502112 0.015446 1.414229
v -0.957072 -0.005415 1.549817
v -0.502112 -0.006019 1.549753
v -0.957072 0.871718 1.549817
v -1.007801 0.762737 1.442728
v -0.957072 0.850253 1.414293
v -1.007801 0.779698 1.549817
v -1.007801 0.713513 1.346122
v -0.957072 0.787959 1.292034
v -1.007801 0.636846 1.269455
v -0.957072 0.690934 1.195009
v -1.007801 0.54024 1.220232
v -0.957072 0.568676 1.132716
v -1.007801 0.433151 1.203271
v -0.957072 0.433151 1.111251
v -1.007801 0.326062 1.220232
v -0.957072 0.297627 1.132716
v -1.007801 0.229456 1.269455
v -0.957072 0.175368 1.195009
v -1.007801 0.152789 1.346122
v -0.957072 0.078343 1.292034
v -1.007801 0.103566 1.442728
v -0.957072 0.01605 1.414293
v -1.007801 0.086605 1.549817
v -0.957072 -0.005415 1.549817
v -1.007801 0.49022 1.374176
v -1.007801 0.433151 1.365137
v -1.007801 0.376082 1.374176
v -1.007801 0.324599 1.400408
v -1.007801 0.283742 1.441265
v -1.007801 0.25751 1.492748
v -1.007801 0.248471 1.549817
v -1.007801 0.541703 1.400408
v -1.007801 0.58256 1.441265
v -1.007801 0.608792 1.492748
v -1.007801 0.617831 1.549817
v -1.007801 0.617831 1.549817
v -0.868266 0.608256 1.492923
v -1.007801 0.608792 1.492748
v -0.868266 0.617268 1.549817
v -0.868266 0.582105 1.441596
v -1.007801 0.58256 1.441265
v -0.868266 0.541372 1.400864
v -1.007801 0.541703 1.400408
v -0.868266 0.490046 1.374712
v -1.007801 0.49022 1.374176
v -0.868266 0.433151 1.365701
v -1.007801 0.433151 1.365137
v -0.868266 0.376256 1.374712
v -1.007801 0.376082 1.374176
v -0.868266 0.32493 1.400864
v -1.007801 0.324599 1.400408
v -0.868266 0.284198 1.441596
v -1.007801 0.283742 1.441265
v -0.868266 0.258046 1.492923
v -1.007801 0.25751 1.492748
v -0.868266 0.249035 1.549817
v -1.007801 0.248471 1.549817
v 0.868266 0.608256 -0.953837
v 0.868266 0.541372 -0.861778
v 0.868266 0.582105 -0.902511
v 0.868266 0.433151 -0.826615
v 0.868266 0.490046 -0.835626
v 0.868266 0.258046 -0.953837
v 0.868266 0.32493 -0.861778
v 0.868266 0.376256 -0.835626
v 0.868266 0.284198 -0.902511
v 0.868266 0.32493 -1.159685
v 0.868266 0.258046 -1.067627
v 0.868266 0.249035 -1.010732
v 0.868266 0.284198 -1.118953
v 0.868266 0.541372 -1.159685
v 0.868266 0.433151 -1.194848
v 0.868266 0.376256 -1.185837
v 0.868266 0.490046 -1.185837
v 0.868266 0.608256 -1.067627
v 0.868266 0.582105 -1.118953
v 0.868266 0.617268 -1.010732
v 0.504289 0.871718 -1.010499
v 0.957072 0.850253 -0.875207
v 0.504289 0.850253 -0.874975
v 0.957072 0.871718 -1.010732
v 0.957072 0.787959 -0.752949
v 0.504289 0.787959 -0.752717
v 0.957072 0.690934 -0.655924
v 0.504289 0.690934 -0.655692
v 0.957072 0.568676 -0.59363
v 0.504289 0.568676 -0.593398
v 0.957072 0.433151 -0.572165
v 0.504289 0.432849 -0.571965
v 0.957072 0.297627 -0.59363
v 0.504018 0.297325 -0.59343
v 0.957072 0.175368 -0.655924
v 0.504018 0.175066 -0.655724
v 0.957072 0.078343 -0.752949
v 0.504018 0.078041 -0.752749
v 0.957072 0.01605 -0.875207
v 0.504018 0.015748 -0.875007
v 0.957072 -0.005415 -1.010732
v 0.504018 -0.005717 -1.010531
v 0.957072 0.871718 -1.010732
v 1.007801 0.762737 -0.903643
v 0.957072 0.850253 -0.875207
v 1.007801 0.779698 -1.010732
v 1.007801 0.713513 -0.807037
v 0.957072 0.787959 -0.752949
v 1.007801 0.636846 -0.73037
v 0.957072 0.690934 -0.655924
v 1.007801 0.54024 -0.681146
v 0.957072 0.568676 -0.59363
v 1.007801 0.433151 -0.664185
v 0.957072 0.433151 -0.572165
v 1.007801 0.326062 -0.681146
v 0.957072 0.297627 -0.59363
v 1.007801 0.229456 -0.73037
v 0.957072 0.175368 -0.655924
v 1.007801 0.152789 -0.807037
v 0.957072 0.078343 -0.752949
v 1.007801 0.103566 -0.903643
v 0.957072 0.01605 -0.875207
v 1.007801 0.086605 -1.010732
v 0.957072 -0.005415 -1.010732
v 1.007801 0.49022 -0.835091
v 1.007801 0.433151 -0.826052
v 1.007801 0.376082 -0.835091
v 1.007801 0.324599 -0.861323
v 1.007801 0.283742 -0.90218
v 1.007801 0.25751 -0.953663
v 1.007801 0.248471 -1.010732
v 1.007801 0.541703 -0.861323
v 1.007801 0.58256 -0.90218
v 1.007801 0.608792 -0.953663
v 1.007801 0.617831 -1.010732
v 1.007801 0.617831 -1.010732
v 0.868266 0.608256 -0.953837
v 1.007801 0.608792 -0.953663
v 0.868266 0.617268 -1.010732
v 0.868266 0.582105 -0.902511
v 1.007801 0.58256 -0.90218
v 0.868266 0.541372 -0.861778
v 1.007801 0.541703 -0.861323
v 0.868266 0.490046 -0.835626
v 1.007801 0.49022 -0.835091
v 0.868266 0.433151 -0.826615
v 1.007801 0.433151 -0.826052
v 0.868266 0.376256 -0.835626
v 1.007801 0.376082 -0.835091
v 0.868266 0.32493 -0.861778
v 1.007801 0.324599 -0.861323
v 0.868266 0.284198 -0.902511
v 1.007801 0.283742 -0.90218
v 0.868266 0.258046 -0.953837
v 1.007801 0.25751 -0.953663
v 0.868266 0.249035 -1.010732
v 1.007801 0.248471 -1.010732
v 0.504289 0.871718 -1.010499
v 0.957072 0.850253 -1.146256
v 0.957072 0.871718 -1.010732
v 0.504289 0.850253 -1.146024
v 0.957072 0.787959 -1.268514
v 0.504289 0.787959 -1.268283
v 0.957072 0.690934 -1.365539
v 0.504289 0.690934 -1.365307
v 0.957072 0.568676 -1.427833
v 0.504289 0.568676 -1.427601
v 0.957072 0.433151 -1.449299
v 0.504289 0.432849 -1.449098
v 0.957072 0.297627 -1.427833
v 0.504018 0.297325 -1.427633
v 0.957072 0.175368 -1.365539
v 0.504018 0.175066 -1.365339
v 0.957072 0.078343 -1.268514
v 0.504018 0.078041 -1.268314
v 0.957072 0.01605 -1.146256
v 0.504018 0.015748 -1.146056
v 0.957072 -0.005415 -1.010732
v 0.504018 -0.005717 -1.010531
v 0.957072 0.871718 -1.010732
v 1.007801 0.762737 -1.117821
v 1.007801 0.779698 -1.010732
v 0.957072 0.850253 -1.146256
v 1.007801 0.713513 -1.214427
v 0.957072 0.787959 -1.268514
v 1.007801 0.636846 -1.291094
v 0.957072 0.690934 -1.365539
v 1.007801 0.54024 -1.340317
v 0.957072 0.568676 -1.427833
v 1.007801 0.433151 -1.357278
v 0.957072 0.433151 -1.449299
v 1.007801 0.326062 -1.340317
v 0.957072 0.297627 -1.427833
v 1.007801 0.229456 -1.291094
v 0.957072 0.175368 -1.365539
v 1.007801 0.152789 -1.214427
v 0.957072 0.078343 -1.268514
v 1.007801 0.103566 -1.11782
v 0.957072 0.01605 -1.146256
v 1.007801 0.086605 -1.010732
v 0.957072 -0.005415 -1.010732
v 1.007801 0.49022 -1.186372
v 1.007801 0.541703 -1.160141
v 1.007801 0.58256 -1.119284
v 1.007801 0.608792 -1.067801
v 1.007801 0.617831 -1.010732
v 1.007801 0.25751 -1.067801
v 1.007801 0.283742 -1.119284
v 1.007801 0.248471 -1.010732
v 1.007801 0.433151 -1.195411
v 1.007801 0.376082 -1.186372
v 1.007801 0.324599 -1.160141
v 1.007801 0.617831 -1.010732
v 0.868266 0.608256 -1.067627
v 0.868266 0.617268 -1.010732
v 1.007801 0.608792 -1.067801
v 0.868266 0.582105 -1.118953
v 1.007801 0.58256 -1.119284
v 0.868266 0.541372 -1.159685
v 1.007801 0.541703 -1.160141
v 0.868266 0.490046 -1.185837
v 1.007801 0.49022 -1.186372
v 0.868266 0.433151 -1.194848
v 1.007801 0.433151 -1.195411
v 0.868266 0.376256 -1.185837
v 1.007801 0.376082 -1.186372
v 0.868266 0.32493 -1.159685
v 1.007801 0.324599 -1.160141
v 0.868266 0.284198 -1.118953
v 1.007801 0.283742 -1.119284
v 0.868266 0.258046 -1.067627
v 1.007801 0.25751 -1.067801
v 0.868266 0.249035 -1.010732
v 1.007801 0.248471 -1.010732
v -0.868266 0.608256 -1.067627
v -0.868266 0.541372 -1.159685
v -0.868266 0.582105 -1.118953
v -0.868266 0.608256 -0.953837
v -0.868266 0.32493 -1.159685
v -0.868266 0.433151 -1.194848
v -0.868266 0.490046 -1.185837
v -0.868266 0.376256 -1.185837
v -0.868266 0.258046 -0.953837
v -0.868266 0.258046 -1.067627
v -0.868266 0.284198 -1.118953
v -0.868266 0.249035 -1.010732
v -0.868266 0.433151 -0.826615
v -0.868266 0.32493 -0.861778
v -0.868266 0.284198 -0.902511
v -0.868266 0.376256 -0.835626
v -0.868266 0.541372 -0.861778
v -0.868266 0.490046 -0.835626
v -0.868266 0.582105 -0.902511
v -0.868266 0.617268 -1.010732
v -0.501284 0.871718 -1.010499
v -0.957072 0.850253 -0.875207
v -0.957072 0.871718 -1.010732
v -0.501284 0.850253 -0.874975
v -0.957072 0.787959 -0.752949
v -0.501284 0.787959 -0.752717
v -0.957072 0.690934 -0.655924
v -0.501284 0.690934 -0.655692
v -0.957072 0.568676 -0.59363
v -0.501284 0.568676 -0.593398
v -0.957072 0.433151 -0.572165
v -0.501284 0.432849 -0.571965
v -0.957072 0.297627 -0.59363
v -0.501555 0.297325 -0.59343
v -0.957072 0.175368 -0.655924
v -0.501555 0.175066 -0.655724
v -0.957072 0.078343 -0.752949
v -0.501555 0.078041 -0.752749
v -0.957072 0.01605 -0.875207
v -0.501555 0.015748 -0.875007
v -0.957072 -0.005415 -1.010732
v -0.501555 -0.005717 -1.010531
v -0.957072 0.871718 -1.010732
v -1.007801 0.762737 -0.903643
v -1.007801 0.779698 -1.010732
v -0.957072 0.850253 -0.875207
v -1.007801 0.713513 -0.807037
v -0.957072 0.787959 -0.752949
v -1.007801 0.636846 -0.73037
v -0.957072 0.690934 -0.655924
v -1.007801 0.54024 -0.681146
v -0.957072 0.568676 -0.59363
v -1.007801 0.433151 -0.664185
v -0.957072 0.433151 -0.572165
v -1.007801 0.326062 -0.681146
v -0.957072 0.297627 -0.59363
v -1.007801 0.229456 -0.73037
v -0.957072 0.175368 -0.655924
v -1.007801 0.152789 -0.807037
v -0.957072 0.078343 -0.752949
v -1.007801 0.103566 -0.903643
v -0.957072 0.01605 -0.875207
v -1.007801 0.086605 -1.010732
v -0.957072 -0.005415 -1.010732
v -1.007801 0.49022 -0.835091
v -1.007801 0.541703 -0.861323
v -1.007801 0.58256 -0.90218
v -1.007801 0.608792 -0.953663
v -1.007801 0.617831 -1.010732
v -1.007801 0.25751 -0.953663
v -1.007801 0.283742 -0.90218
v -1.007801 0.248471 -1.010732
v -1.007801 0.433151 -0.826052
v -1.007801 0.376082 -0.835091
v -1.007801 0.324599 -0.861323
v -1.007801 0.617831 -1.010732
v -0.868266 0.608256 -0.953837
v -0.868266 0.617268 -1.010732
v -1.007801 0.608792 -0.953663
v -0.868266 0.582105 -0.902511
v -1.007801 0.58256 -0.90218
v -0.868266 0.541372 -0.861778
v -1.007801 0.541703 -0.861323
v -0.868266 0.490046 -0.835626
v -1.007801 0.49022 -0.835091
v -0.868266 0.433151 -0.826615
v -1.007801 0.433151 -0.826052
v -0.868266 0.376256 -0.835626
v -1.007801 0.376082 -0.835091
v -0.868266 0.32493 -0.861778
v -1.007801 0.324599 -0.861323
v -0.868266 0.284198 -0.902511
v -1.007801 0.283742 -0.90218
v -0.868266 0.258046 -0.953837
v -1.007801 0.25751 -0.953663
v -0.868266 0.249035 -1.010732
v -1.007801 0.248471 -1.010732
v -0.501284 0.871718 -1.010499
v -0.957072 0.850253 -1.146256
v -0.501284 0.850253 -1.146024
v -0.957072 0.871718 -1.010732
v -0.957072 0.787959 -1.268514
v -0.501284 0.787959 -1.268283
v -0.957072 0.690934 -1.365539
v -0.501284 0.690934 -1.365307
v -0.957072 0.568676 -1.427833
v -0.501284 0.568676 -1.427601
v -0.957072 0.433151 -1.449299
v -0.501284 0.432849 -1.449098
v -0.957072 0.297627 -1.427833
v -0.501555 0.297325 -1.427633
v -0.957072 0.175368 -1.365539
v -0.501555 0.175066 -1.365339
v -0.957072 0.078343 -1.268514
v -0.501555 0.078041 -1.268314
v -0.957072 0.01605 -1.146256
v -0.501555 0.015748 -1.146056
v -0.957072 -0.005415 -1.010732
v -0.501555 -0.005717 -1.010531
v -0.957072 0.871718 -1.010732
v -1.007801 0.762737 -1.117821
v -0.957072 0.850253 -1.146256
v -1.007801 0.779698 -1.010732
v -1.007801 0.713513 -1.214427
v -0.957072 0.787959 -1.268514
v -1.007801 0.636846 -1.291094
v -0.957072 0.690934 -1.365539
v -1.007801 0.54024 -1.340317
v -0.957072 0.568676 -1.427833
v -1.007801 0.433151 -1.357278
v -0.957072 0.433151 -1.449299
v -1.007801 0.326062 -1.340317
v -0.957072 0.297627 -1.427833
v -1.007801 0.229456 -1.291094
v -0.957072 0.175368 -1.365539
v -1.007801 0.152789 -1.214427
v -0.957072 0.078343 -1.268514
v -1.007801 0.103566 -1.11782
v -0.957072 0.01605 -1.146256
v -1.007801 0.086605 -1.010732
v -0.957072 -0.005415 -1.010732
v -1.007801 0.49022 -1.186372
v -1.007801 0.433151 -1.195411
v -1.007801 0.376082 -1.186372
v -1.007801 0.324599 -1.160141
v -1.007801 0.283742 -1.119284
v -1.007801 0.25751 -1.067801
v -1.007801 0.248471 -1.010732
v -1.007801 0.541703 -1.160141
v -1.007801 0.58256 -1.119284
v -1.007801 0.608792 -1.067801
v -1.007801 0.617831 -1.010732
v -1.007801 0.617831 -1.010732
v -0.868266 0.608256 -1.067627
v -1.007801 0.608792 -1.067801
v -0.868266 0.617268 -1.010732
v -0.868266 0.582105 -1.118953
v -1.007801 0.58256 -1.119284
v -0.868266 0.541372 -1.159685
v -1.007801 0.541703 -1.160141
v -0.868266 0.490046 -1.185837
v -1.007801 0.49022 -1.186372
v -0.868266 0.433151 -1.194848
v -1.007801 0.433151 -1.195411
v -0.868266 0.376256 -1.185837
v -1.007801 0.376082 -1.186372
v -0.868266 0.32493 -1.159685
v -1.007801 0.324599 -1.160141
v -0.868266 0.284198 -1.118953
v -1.007801 0.283742 -1.119284
v -0.868266 0.258046 -1.067627
v -1.007801 0.25751 -1.067801
v -0.868266 0.249035 -1.010732
v -1.007801 0.248471 -1.010732
v -0.489465 1.673363 0.601935
v 0.000055 1.673795 0.515609
v -0.489464 1.673458 0.515768
v -0.628185 1.673363 0.515813
v 0.000055 1.673795 0.515609
v -0.489465 1.673363 0.601935
v 0.0 1.673763 0.601935
v 0.58478 1.674393 -1.314385
v 0.489465 1.674393 -1.330521
v 0.628185 1.674393 -1.253172
v 0.628185 1.674172 -0.898656
v 0.489465 1.674403 -1.253175
v 0.489465 1.797592 -0.898657
v 0.489465 1.674403 -1.253175
v 0.628185 1.674172 -0.898656
v 0.628185 1.674393 -1.253172
v 0.489465 1.674393 -1.330521
v 0.628185 1.673363 0.515813
v 0.489465 1.673458 0.515768
v 0.489465 1.673363 0.601935
v 0.000055 1.673795 0.515609
v 0.628185 1.673363 0.515813
v 0.489465 1.673363 0.601935
v 0.589158 1.673363 0.580405
v -0.500405 0.608524 1.6068
v -0.501572 0.871718 1.549817
v -0.500405 0.617549 1.549817
v -0.501572 0.850253 1.685342
v -0.500405 0.582332 1.658203
v -0.501572 0.787959 1.8076
v -0.500405 0.541538 1.698998
v -0.501572 0.690934 1.904625
v -0.500405 0.490133 1.72519
v -0.501572 0.568676 1.966918
v -0.501572 0.432547 1.98832
v -0.500405 0.432547 1.734151
v -0.501572 0.871718 1.549817
v -0.500405 0.608524 1.492835
v -0.500405 0.617549 1.549817
v -0.501572 0.850253 1.414292
v -0.500405 0.582332 1.44143
v -0.501572 0.787959 1.292034
v -0.500405 0.541538 1.400635
v -0.501572 0.690934 1.195009
v -0.500405 0.490133 1.374444
v -0.501572 0.568676 1.132716
v -0.500405 0.432547 1.365356
v -0.501572 0.432547 1.111187
v -0.500405 0.582332 1.44143
v -0.500405 0.432547 1.549753
v -0.500405 0.608524 1.492835
v -0.500405 0.617549 1.549817
v -0.500405 0.608524 1.6068
v -0.500405 0.582332 1.658203
v -0.500405 0.541538 1.698998
v -0.500405 0.490133 1.72519
v -0.500405 0.432547 1.734151
v -0.500405 0.541538 1.400635
v -0.500405 0.490133 1.374444
v -0.500405 0.432547 1.365356
v -0.500405 0.25657 1.492707
v -0.502112 -0.006019 1.549753
v -0.500405 0.247545 1.54969
v -0.502112 0.015446 1.414229
v -0.500405 0.282762 1.441304
v -0.502112 0.077739 1.291971
v -0.500405 0.323557 1.400509
v -0.502112 0.174764 1.194946
v -0.500405 0.374961 1.374318
v -0.502112 0.297023 1.132652
v -0.501572 0.432547 1.111187
v -0.500405 0.432547 1.365356
v -0.502112 -0.006019 1.549753
v -0.500405 0.25657 1.606672
v -0.500405 0.247545 1.54969
v -0.502112 0.015446 1.685278
v -0.500405 0.282762 1.658077
v -0.502112 0.077739 1.807536
v -0.500405 0.323557 1.698871
v -0.502112 0.174764 1.904561
v -0.500405 0.374961 1.725063
v -0.502112 0.297023 1.966855
v -0.500405 0.432547 1.734151
v -0.501572 0.432547 1.98832
v -0.500405 0.282762 1.658077
v -0.500405 0.432547 1.549753
v -0.500405 0.25657 1.606672
v -0.500405 0.247545 1.54969
v -0.500405 0.25657 1.492707
v -0.500405 0.282762 1.441304
v -0.500405 0.323557 1.400509
v -0.500405 0.374961 1.374318
v -0.500405 0.432547 1.365356
v -0.500405 0.323557 1.698871
v -0.500405 0.374961 1.725063
v -0.500405 0.432547 1.734151
v 0.507091 0.608524 1.606799
v 0.504289 0.871718 1.549817
v 0.504289 0.850253 1.685342
v 0.507091 0.617549 1.549817
v 0.507091 0.582332 1.658203
v 0.504289 0.787959 1.8076
v 0.507091 0.541538 1.698998
v 0.504289 0.690934 1.904625
v 0.507091 0.490133 1.72519
v 0.504289 0.568676 1.966918
v 0.504289 0.432849 1.988352
v 0.507091 0.432547 1.734151
v 0.504289 0.871718 1.549817
v 0.507091 0.608524 1.492835
v 0.504289 0.850253 1.414292
v 0.507091 0.617549 1.549817
v 0.507091 0.582332 1.44143
v 0.504289 0.787959 1.292034
v 0.507091 0.541538 1.400635
v 0.504289 0.690934 1.195009
v 0.507091 0.490133 1.374444
v 0.504289 0.568676 1.132716
v 0.507091 0.432547 1.365356
v 0.504289 0.432849 1.111219
v 0.507091 0.582332 1.44143
v 0.507091 0.608524 1.492835
v 0.507091 0.432547 1.549753
v 0.507091 0.617549 1.549817
v 0.507091 0.608524 1.606799
v 0.507091 0.582332 1.658203
v 0.507091 0.541538 1.698998
v 0.507091 0.490133 1.72519
v 0.507091 0.432547 1.734151
v 0.507091 0.541538 1.400635
v 0.507091 0.490133 1.374444
v 0.507091 0.432547 1.365356
v 0.507091 0.25657 1.492707
v 0.504018 -0.005717 1.549785
v 0.504018 0.015748 1.414261
v 0.507091 0.247545 1.54969
v 0.507091 0.282762 1.441304
v 0.504018 0.078041 1.292002
v 0.507091 0.323557 1.400509
v 0.504018 0.175066 1.194978
v 0.507091 0.374961 1.374318
v 0.504018 0.297325 1.132684
v 0.504289 0.432849 1.111219
v 0.507091 0.432547 1.365356
v 0.504018 -0.005717 1.549785
v 0.507091 0.25657 1.606672
v 0.504018 0.015748 1.68531
v 0.507091 0.247545 1.54969
v 0.507091 0.282762 1.658077
v 0.504018 0.078041 1.807568
v 0.507091 0.323557 1.698871
v 0.504018 0.175066 1.904593
v 0.507091 0.374961 1.725063
v 0.504018 0.297325 1.966887
v 0.507091 0.432547 1.734151
v 0.504289 0.432849 1.988352
v 0.507091 0.282762 1.658077
v 0.507091 0.25657 1.606672
v 0.507091 0.432547 1.549753
v 0.507091 0.247545 1.54969
v 0.507091 0.25657 1.492707
v 0.507091 0.282762 1.441304
v 0.507091 0.323557 1.400509
v 0.507091 0.374961 1.374318
v 0.507091 0.432547 1.365356
v 0.507091 0.323557 1.698871
v 0.507091 0.374961 1.725063
v 0.507091 0.432547 1.734151
v 0.507091 0.608524 -0.953285
v 0.504289 0.871718 -1.010499
v 0.504289 0.850253 -0.874975
v 0.507091 0.617549 -1.010267
v 0.507091 0.582332 -0.901881
v 0.504289 0.787959 -0.752717
v 0.507091 0.541538 -0.861086
v 0.504289 0.690934 -0.655692
v 0.507091 0.490133 -0.834894
v 0.504289 0.568676 -0.593398
v 0.504289 0.432849 -0.571965
v 0.507091 0.432547 -0.825932
v 0.504289 0.871718 -1.010499
v 0.507091 0.608524 -1.067249
v 0.504289 0.850253 -1.146024
v 0.507091 0.617549 -1.010267
v 0.507091 0.582332 -1.118654
v 0.504289 0.787959 -1.268283
v 0.507091 0.541538 -1.159448
v 0.504289 0.690934 -1.365307
v 0.507091 0.490133 -1.18564
v 0.504289 0.568676 -1.427601
v 0.507091 0.432547 -1.194729
v 0.504289 0.432849 -1.449098
v 0.507091 0.582332 -1.118654
v 0.507091 0.608524 -1.067249
v 0.507091 0.432547 -1.010331
v 0.507091 0.617549 -1.010267
v 0.507091 0.608524 -0.953285
v 0.507091 0.582332 -0.901881
v 0.507091 0.541538 -0.861086
v 0.507091 0.490133 -0.834894
v 0.507091 0.432547 -0.825932
v 0.507091 0.541538 -1.159448
v 0.507091 0.490133 -1.18564
v 0.507091 0.432547 -1.194729
v 0.507091 0.25657 -1.067376
v 0.504018 -0.005717 -1.010531
v 0.504018 0.015748 -1.146056
v 0.507091 0.247545 -1.010394
v 0.507091 0.282762 -1.11878
v 0.504018 0.078041 -1.268314
v 0.507091 0.323557 -1.159575
v 0.504018 0.175066 -1.365339
v 0.507091 0.374961 -1.185767
v 0.504018 0.297325 -1.427633
v 0.504289 0.432849 -1.449098
v 0.507091 0.432547 -1.194729
v 0.504018 -0.005717 -1.010531
v 0.507091 0.25657 -0.953412
v 0.504018 0.015748 -0.875007
v 0.507091 0.247545 -1.010394
v 0.507091 0.282762 -0.902008
v 0.504018 0.078041 -0.752749
v 0.507091 0.323557 -0.861213
v 0.504018 0.175066 -0.655724
v 0.507091 0.374961 -0.835021
v 0.504018 0.297325 -0.59343
v 0.507091 0.432547 -0.825932
v 0.504289 0.432849 -0.571965
v 0.507091 0.282762 -0.902008
v 0.507091 0.25657 -0.953412
v 0.507091 0.432547 -1.010331
v 0.507091 0.247545 -1.010394
v 0.507091 0.25657 -1.067376
v 0.507091 0.282762 -1.11878
v 0.507091 0.323557 -1.159575
v 0.507091 0.374961 -1.185767
v 0.507091 0.432547 -1.194729
v 0.507091 0.323557 -0.861213
v 0.507091 0.374961 -0.835021
v 0.507091 0.432547 -0.825932
v -0.498749 0.608524 -0.953285
v -0.501284 0.871718 -1.010499
v -0.498749 0.617549 -1.010267
v -0.501284 0.850253 -0.874975
v -0.498749 0.582332 -0.901881
v -0.501284 0.787959 -0.752717
v -0.498749 0.541538 -0.861086
v -0.501284 0.690934 -0.655692
v -0.498749 0.490133 -0.834894
v -0.501284 0.568676 -0.593398
v -0.501284 0.432849 -0.571965
v -0.498749 0.432547 -0.825932
v -0.501284 0.871718 -1.010499
v -0.498749 0.608524 -1.067249
v -0.498749 0.617549 -1.010267
v -0.501284 0.850253 -1.146024
v -0.498749 0.582332 -1.118654
v -0.501284 0.787959 -1.268283
v -0.498749 0.541538 -1.159448
v -0.501284 0.690934 -1.365307
v -0.498749 0.490133 -1.18564
v -0.501284 0.568676 -1.427601
v -0.498749 0.432547 -1.194729
v -0.501284 0.432849 -1.449098
v -0.498749 0.582332 -1.118654
v -0.498749 0.432547 -1.010331
v -0.498749 0.608524 -1.067249
v -0.498749 0.617549 -1.010267
v -0.498749 0.608524 -0.953285
v -0.498749 0.582332 -0.901881
v -0.498749 0.541538 -0.861086
v -0.498749 0.490133 -0.834894
v -0.498749 0.432547 -0.825932
v -0.498749 0.541538 -1.159448
v -0.498749 0.490133 -1.18564
v -0.498749 0.432547 -1.194729
v -0.498749 0.25657 -1.067376
v -0.501555 -0.005717 -1.010531
v -0.498749 0.247545 -1.010394
v -0.501555 0.015748 -1.146056
v -0.498749 0.282762 -1.11878
v -0.501555 0.078041 -1.268314
v -0.498749 0.323557 -1.159575
v -0.501555 0.175066 -1.365339
v -0.498749 0.374961 -1.185767
v -0.501555 0.297325 -1.427633
v -0.501284 0.432849 -1.449098
v -0.498749 0.432547 -1.194729
v -0.501555 -0.005717 -1.010531
v -0.498749 0.25657 -0.953412
v -0.498749 0.247545 -1.010394
v -0.501555 0.015748 -0.875007
v -0.498749 0.282762 -0.902008
v -0.501555 0.078041 -0.752749
v -0.498749 0.323557 -0.861213
v -0.501555 0.175066 -0.655724
v -0.498749 0.374961 -0.835021
v -0.501555 0.297325 -0.59343
v -0.498749 0.432547 -0.825932
v -0.501284 0.432849 -0.571965
v -0.498749 0.282762 -0.902008
v -0.498749 0.432547 -1.010331
v -0.498749 0.25657 -0.953412
v -0.498749 0.247545 -1.010394
v -0.498749 0.25657 -1.067376
v -0.498749 0.282762 -1.11878
v -0.498749 0.323557 -1.159575
v -0.498749 0.374961 -1.185767
v -0.498749 0.432547 -1.194729
v -0.498749 0.323557 -0.861213
v -0.498749 0.374961 -0.835021
v -0.498749 0.432547 -0.825932
v 0.000952 1.817913 -0.898659
v -0.489464 1.797302 -0.347211
v 0.000602 1.817707 -0.347215
v -0.489465 1.797592 -0.898657
v -0.489464 1.797034 0.162917
v 0.000279 1.817516 0.162911
v 0.628185 1.674172 -0.898656
v 0.489465 1.797302 -0.347211
v 0.628185 1.673857 -0.34721
v 0.489465 1.797592 -0.898657
v 0.489465 1.797034 0.162917
v 0.628185 1.673567 0.162918
v 0.001177 1.674457 -1.253196
v -0.489465 1.797592 -0.898657
v 0.000952 1.817913 -0.898659
v -0.489465 1.797592 -0.898657
v 0.001177 1.674457 -1.253196
v -0.489464 1.674403 -1.253175
v 0.000279 1.817516 0.162911
v -0.489464 1.673458 0.515768
v 0.000055 1.673795 0.515609
v -0.489464 1.673458 0.515768
v 0.000279 1.817516 0.162911
v -0.489464 1.797034 0.162917
v -0.628185 1.673363 0.515813
v 0.628185 1.673567 0.162918
v 0.489465 1.673458 0.515768
v 0.628185 1.673363 0.515813
v 0.489465 1.673458 0.515768
v 0.628185 1.673567 0.162918
v 0.489465 1.797034 0.162917
v -0.489465 1.673363 0.601935
v -0.628185 1.673363 0.515813
v -0.589158 1.673363 0.580405
v -0.628185 1.673363 0.515813
v -0.489464 1.797034 0.162917
v -0.628185 1.673567 0.162918
v -0.489464 1.797302 -0.347211
v -0.628185 1.673857 -0.34721
v -0.489465 1.797592 -0.898657
v -0.628185 1.674172 -0.898656
v -0.628185 1.674172 -0.898656
v -0.489464 1.674403 -1.253175
v -0.628185 1.674393 -1.253172
v -0.489465 1.674393 -1.330521
v 0.001227 1.674486 -1.330731
v 0.001177 1.674457 -1.253196
v -0.489464 1.674403 -1.253175
v -0.628185 1.674172 -0.898656
v -0.489465 1.797592 -0.898657
v -0.489465 1.674393 -1.330521
v -0.58478 1.674393 -1.314385
v -0.628185 1.674393 -1.253172
v 0.489465 1.673363 0.601935
v 0.000055 1.673795 0.515609
v 0.0 1.673763 0.601935
v 0.000055 1.673795 0.515609
v 0.489465 1.797034 0.162917
v 0.000279 1.817516 0.162911
v 0.489465 1.797034 0.162917
v 0.000055 1.673795 0.515609
v 0.489465 1.673458 0.515768
v 0.000279 1.817516 0.162911
v 0.489465 1.797302 -0.347211
v 0.000602 1.817707 -0.347215
v 0.489465 1.797034 0.162917
v 0.489465 1.797592 -0.898657
v 0.000602 1.817707 -0.347215
v 0.489465 1.797592 -0.898657
v 0.000952 1.817913 -0.898659
v 0.000952 1.817913 -0.898659
v 0.489465 1.674403 -1.253175
v 0.001177 1.674457 -1.253196
v 0.489465 1.674403 -1.253175
v 0.000952 1.817913 -0.898659
v 0.489465 1.797592 -0.898657
v -0.489464 1.674403 -1.253175
v 0.001227 1.674486 -1.330731
v -0.489465 1.674393 -1.330521
v 0.489465 1.674393 -1.330521
v 0.001177 1.674457 -1.253196
v 0.489465 1.674403 -1.253175
v 0.001177 1.674457 -1.253196
v 0.489465 1.674393 -1.330521
v 0.001227 1.674486 -1.330731
v 0.268747 1.92737 -0.213725
v 0.212892 1.999739 -0.310468
v 0.212892 1.92737 -0.310468
v 0.268747 1.999739 -0.213725
v 0.101183 1.999739 -0.310468
v 0.101183 1.92737 -0.310468
v 0.045328 1.999739 -0.213725
v 0.045328 1.92737 -0.213725
v 0.101183 1.999739 -0.116981
v 0.101183 1.92737 -0.116981
v 0.212892 1.999739 -0.116981
v 0.212892 1.92737 -0.116981
v 0.268747 1.999739 -0.213725
v 0.268747 1.92737 -0.213725
v 0.212892 1.999739 -0.310468
v 0.045328 1.999739 -0.213725
v 0.101183 1.999739 -0.310468
v 0.212892 1.999739 -0.116981
v 0.101183 1.999739 -0.116981
v 0.268747 1.999739 -0.213725
v 0.268747 1.92737 -0.52698
v 0.212892 1.999739 -0.623724
v 0.212892 1.92737 -0.623724
v 0.268747 1.999739 -0.52698
v 0.101183 1.999739 -0.623724
v 0.101183 1.92737 -0.623724
v 0.045328 1.999739 -0.52698
v 0.045328 1.92737 -0.52698
v 0.101183 1.999739 -0.430237
v 0.101183 1.92737 -0.430237
v 0.212892 1.999739 -0.430237
v 0.212892 1.92737 -0.430237
v 0.268747 1.999739 -0.52698
v 0.268747 1.92737 -0.52698
v 0.212892 1.999739 -0.623724
v 0.045328 1.999739 -0.52698
v 0.101183 1.999739 -0.623724
v 0.212892 1.999739 -0.430237
v 0.101183 1.999739 -0.430237
v 0.268747 1.999739 -0.52698
v -0.045794 1.92737 -0.52698
v -0.101649 1.999739 -0.623724
v -0.101649 1.92737 -0.623724
v -0.045794 1.999739 -0.52698
v -0.213359 1.999739 -0.623724
v -0.213359 1.92737 -0.623724
v -0.269213 1.999739 -0.52698
v -0.269213 1.92737 -0.52698
v -0.213359 1.999739 -0.430237
v -0.213359 1.92737 -0.430237
v -0.101649 1.999739 -0.430237
v -0.101649 1.92737 -0.430237
v -0.045794 1.999739 -0.52698
v -0.045794 1.92737 -0.52698
v -0.101649 1.999739 -0.623724
v -0.269213 1.999739 -0.52698
v -0.213359 1.999739 -0.623724
v -0.101649 1.999739 -0.430237
v -0.213359 1.999739 -0.430237
v -0.045794 1.999739 -0.52698
v -0.045794 1.92737 -0.213725
v -0.101649 1.999739 -0.310468
v -0.101649 1.92737 -0.310468
v -0.045794 1.999739 -0.213725
v -0.213359 1.999739 -0.310468
v -0.213359 1.92737 -0.310468
v -0.269213 1.999739 -0.213725
v -0.269213 1.92737 -0.213725
v -0.213359 1.999739 -0.116981
v -0.213359 1.92737 -0.116981
v -0.101649 1.999739 -0.116981
v -0.101649 1.92737 -0.116981
v -0.045794 1.999739 -0.213725
v -0.045794 1.92737 -0.213725
v -0.101649 1.999739 -0.310468
v -0.269213 1.999739 -0.213725
v -0.213359 1.999739 -0.310468
v -0.101649 1.999739 -0.116981
v -0.213359 1.999739 -0.116981
v -0.045794 1.999739 -0.213725
v -0.04826 1.009731 -1.491038
v -0.104115 1.082101 -1.587781
v -0.104115 1.009731 -1.587781
v -0.04826 1.082101 -1.491038
v -0.215824 1.082101 -1.587781
v -0.215824 1.009731 -1.587781
v -0.271679 1.082101 -1.491038
v -0.271679 1.009731 -1.491038
v -0.215824 1.082101 -1.394295
v -0.215824 1.009731 -1.394295
v -0.104115 1.082101 -1.394295
v -0.104115 1.009731 -1.394295
v -0.04826 1.082101 -1.491038
v -0.04826 1.009731 -1.491038
v -0.104115 1.082101 -1.587781
v -0.271679 1.082101 -1.491038
v -0.215824 1.082101 -1.587781
v -0.104115 1.082101 -1.394295
v -0.215824 1.082101 -1.394295
v -0.04826 1.082101 -1.491038
v 0.59174 1.13773 -1.811038
v 0.535885 1.2101 -1.907781
v 0.535885 1.13773 -1.907781
v 0.59174 1.2101 -1.811038
v 0.424175 1.2101 -1.907781
v 0.424175 1.13773 -1.907781
v 0.368321 1.2101 -1.811038
v 0.368321 1.13773 -1.811038
v 0.424175 1.2101 -1.714295
v 0.424175 1.13773 -1.714295
v 0.535885 1.2101 -1.714295
v 0.535885 1.13773 -1.714295
v 0.59174 1.2101 -1.811038
v 0.59174 1.13773 -1.811038
v 0.535885 1.2101 -1.907781
v 0.368321 1.2101 -1.811038
v 0.424175 1.2101 -1.907781
v 0.535885 1.2101 -1.714295
v 0.424175 1.2101 -1.714295
v 0.59174 1.2101 -1.811038
v 0.59174 1.13773 -1.491038
v 0.535885 1.2101 -1.587781
v 0.535885 1.13773 -1.587781
v 0.59174 1.2101 -1.491038
v 0.424175 1.2101 -1.587781
v 0.424175 1.13773 -1.587781
v 0.368321 1.2101 -1.491038
v 0.368321 1.13773 -1.491038
v 0.424175 1.2101 -1.394295
v 0.424175 1.13773 -1.394295
v 0.535885 1.2101 -1.394295
v 0.535885 1.13773 -1.394295
v 0.59174 1.2101 -1.491038
v 0.59174 1.13773 -1.491038
v 0.535885 1.2101 -1.587781
v 0.368321 1.2101 -1.491038
v 0.424175 1.2101 -1.587781
v 0.535885 1.2101 -1.394295
v 0.424175 1.2101 -1.394295
v 0.59174 1.2101 -1.491038
v 0.59174 1.13773 -1.171038
v 0.535885 1.2101 -1.267781
v 0.535885 1.13773 -1.267781
v 0.59174 1.2101 -1.171038
v 0.424175 1.2101 -1.267781
v 0.424175 1.13773 -1.267781
v 0.368321 1.2101 -1.171038
v 0.368321 1.13773 -1.171038
v 0.424175 1.2101 -1.074295
v 0.424175 1.13773 -1.074295
v 0.535885 1.2101 -1.074295
v 0.535885 1.13773 -1.074295
v 0.59174 1.2101 -1.171038
v 0.59174 1.13773 -1.171038
v 0.535885 1.2101 -1.267781
v 0.368321 1.2101 -1.171038
v 0.424175 1.2101 -1.267781
v 0.535885 1.2101 -1.074295
v 0.424175 1.2101 -1.074295
v 0.59174 1.2101 -1.171038
v 0.59174 1.13773 -0.851038
v 0.535885 1.2101 -0.947781
v 0.535885 1.13773 -0.947781
v 0.59174 1.2101 -0.851038
v 0.424175 1.2101 -0.947781
v 0.424175 1.13773 -0.947781
v 0.368321 1.2101 -0.851038
v 0.368321 1.13773 -0.851038
v 0.424175 1.2101 -0.754295
v 0.424175 1.13773 -0.754295
v 0.535885 1.2101 -0.754295
v 0.535885 1.13773 -0.754295
v 0.59174 1.2101 -0.851038
v 0.59174 1.13773 -0.851038
v 0.535885 1.2101 -0.947781
v 0.368321 1.2101 -0.851038
v 0.424175 1.2101 -0.947781
v 0.535885 1.2101 -0.754295
v 0.424175 1.2101 -0.754295
v 0.59174 1.2101 -0.851038
v 0.59174 1.13773 -0.531038
v 0.535885 1.2101 -0.627782
v 0.535885 1.13773 -0.627782
v 0.59174 1.2101 -0.531038
v 0.424175 1.2101 -0.627782
v 0.424175 1.13773 -0.627782
v 0.368321 1.2101 -0.531038
v 0.368321 1.13773 -0.531038
v 0.424175 1.2101 -0.434295
v 0.424175 1.13773 -0.434295
v 0.535885 1.2101 -0.434295
v 0.535885 1.13773 -0.434295
v 0.59174 1.2101 -0.531038
v 0.59174 1.13773 -0.531038
v 0.535885 1.2101 -0.627782
v 0.368321 1.2101 -0.531038
v 0.424175 1.2101 -0.627782
v 0.535885 1.2101 -0.434295
v 0.424175 1.2101 -0.434295
v 0.59174 1.2101 -0.531038
v 0.27174 1.13773 -1.811038
v 0.215885 1.2101 -1.907781
v 0.215885 1.13773 -1.907781
v 0.27174 1.2101 -1.811038
v 0.104175 1.2101 -1.907781
v 0.104175 1.13773 -1.907781
v 0.048321 1.2101 -1.811038
v 0.048321 1.13773 -1.811038
v 0.104175 1.2101 -1.714295
v 0.104175 1.13773 -1.714295
v 0.215885 1.2101 -1.714295
v 0.215885 1.13773 -1.714295
v 0.27174 1.2101 -1.811038
v 0.27174 1.13773 -1.811038
v 0.215885 1.2101 -1.907781
v 0.048321 1.2101 -1.811038
v 0.104175 1.2101 -1.907781
v 0.215885 1.2101 -1.714295
v 0.104175 1.2101 -1.714295
v 0.27174 1.2101 -1.811038
v -0.04826 1.13773 -1.811038
v -0.104115 1.2101 -1.907781
v -0.104115 1.13773 -1.907781
v -0.04826 1.2101 -1.811038
v -0.215825 1.2101 -1.907781
v -0.215825 1.13773 -1.907781
v -0.271679 1.2101 -1.811038
v -0.271679 1.13773 -1.811038
v -0.215825 1.2101 -1.714295
v -0.215825 1.13773 -1.714295
v -0.104115 1.2101 -1.714295
v -0.104115 1.13773 -1.714295
v -0.04826 1.2101 -1.811038
v -0.04826 1.13773 -1.811038
v -0.104115 1.2101 -1.907781
v -0.271679 1.2101 -1.811038
v -0.215825 1.2101 -1.907781
v -0.104115 1.2101 -1.714295
v -0.215825 1.2101 -1.714295
v -0.04826 1.2101 -1.811038
v -0.36826 1.13773 -1.811038
v -0.424115 1.2101 -1.907781
v -0.424115 1.13773 -1.907781
v -0.36826 1.2101 -1.811038
v -0.535825 1.2101 -1.907781
v -0.535825 1.13773 -1.907781
v -0.591679 1.2101 -1.811038
v -0.591679 1.13773 -1.811038
v -0.535825 1.2101 -1.714295
v -0.535825 1.13773 -1.714295
v -0.424115 1.2101 -1.714295
v -0.424115 1.13773 -1.714295
v -0.36826 1.2101 -1.811038
v -0.36826 1.13773 -1.811038
v -0.424115 1.2101 -1.907781
v -0.591679 1.2101 -1.811038
v -0.535825 1.2101 -1.907781
v -0.424115 1.2101 -1.714295
v -0.535825 1.2101 -1.714295
v -0.36826 1.2101 -1.811038
v -0.36826 1.13773 -1.491038
v -0.424115 1.2101 -1.587781
v -0.424115 1.13773 -1.587781
v -0.36826 1.2101 -1.491038
v -0.535825 1.2101 -1.587781
v -0.535825 1.13773 -1.587781
v -0.591679 1.2101 -1.491038
v -0.591679 1.13773 -1.491038
v -0.535825 1.2101 -1.394295
v -0.535825 1.13773 -1.394295
v -0.424115 1.2101 -1.394295
v -0.424115 1.13773 -1.394295
v -0.36826 1.2101 -1.491038
v -0.36826 1.13773 -1.491038
v -0.424115 1.2101 -1.587781
v -0.591679 1.2101 -1.491038
v -0.535825 1.2101 -1.587781
v -0.424115 1.2101 -1.394295
v -0.535825 1.2101 -1.394295
v -0.36826 1.2101 -1.491038
v -0.36826 1.13773 -1.171038
v -0.424115 1.2101 -1.267781
v -0.424115 1.13773 -1.267781
v -0.36826 1.2101 -1.171038
v -0.535825 1.2101 -1.267781
v -0.535825 1.13773 -1.267781
v -0.591679 1.2101 -1.171038
v -0.591679 1.13773 -1.171038
v -0.535825 1.2101 -1.074295
v -0.535825 1.13773 -1.074295
v -0.424115 1.2101 -1.074295
v -0.424115 1.13773 -1.074295
v -0.36826 1.2101 -1.171038
v -0.36826 1.13773 -1.171038
v -0.424115 1.2101 -1.267781
v -0.591679 1.2101 -1.171038
v -0.535825 1.2101 -1.267781
v -0.424115 1.2101 -1.074295
v -0.535825 1.2101 -1.074295
v -0.36826 1.2101 -1.171038
v -0.36826 1.13773 -0.851038
v -0.424115 1.2101 -0.947781
v -0.424115 1.13773 -0.947781
v -0.36826 1.2101 -0.851038
v -0.535825 1.2101 -0.947781
v -0.535825 1.13773 -0.947781
v -0.591679 1.2101 -0.851038
v -0.591679 1.13773 -0.851038
v -0.535825 1.2101 -0.754295
v -0.535825 1.13773 -0.754295
v -0.424115 1.2101 -0.754295
v -0.424115 1.13773 -0.754295
v -0.36826 1.2101 -0.851038
v -0.36826 1.13773 -0.851038
v -0.424115 1.2101 -0.947781
v -0.591679 1.2101 -0.851038
v -0.535825 1.2101 -0.947781
v -0.424115 1.2101 -0.754295
v -0.535825 1.2101 -0.754295
v -0.36826 1.2101 -0.851038
v -0.36826 1.13773 -0.531038
v -0.424115 1.2101 -0.627782
v -0.424115 1.13773 -0.627782
v -0.36826 1.2101 -0.531038
v -0.535825 1.2101 -0.627782
v -0.535825 1.13773 -0.627782
v -0.591679 1.2101 -0.531038
v -0.591679 1.13773 -0.531038
v -0.535825 1.2101 -0.434295
v -0.535825 1.13773 -0.434295
v -0.424115 1.2101 -0.434295
v -0.424115 1.13773 -0.434295
v -0.36826 1.2101 -0.531038
v -0.36826 1.13773 -0.531038
v -0.424115 1.2101 -0.627782
v -0.591679 1.2101 -0.531038
v -0.535825 1.2101 -0.627782
v -0.424115 1.2101 -0.434295
v -0.535825 1.2101 -0.434295
v -0.36826 1.2101 -0.531038
v 0.27174 1.009731 -1.491038
v 0.215885 1.082101 -1.587781
v 0.215885 1.009731 -1.587781
v 0.27174 1.082101 -1.491038
v 0.104176 1.082101 -1.587781
v 0.104176 1.009731 -1.587781
v 0.048321 1.082101 -1.491038
v 0.048321 1.009731 -1.491038
v 0.104176 1.082101 -1.394295
v 0.104176 1.009731 -1.394295
v 0.215885 1.082101 -1.394295
v 0.215885 1.009731 -1.394295
v 0.27174 1.082101 -1.491038
v 0.27174 1.009731 -1.491038
v 0.215885 1.082101 -1.587781
v 0.048321 1.082101 -1.491038
v 0.104176 1.082101 -1.587781
v 0.215885 1.082101 -1.394295
v 0.104176 1.082101 -1.394295
v 0.27174 1.082101 -1.491038
v -0.04826 1.009731 -1.171038
v -0.104115 1.082101 -1.267781
v -0.104115 1.009731 -1.267781
v -0.04826 1.082101 -1.171038
v -0.215824 1.082101 -1.267781
v -0.215824 1.009731 -1.267781
v -0.271679 1.082101 -1.171038
v -0.271679 1.009731 -1.171038
v -0.215824 1.082101 -1.074295
v -0.215824 1.009731 -1.074295
v -0.104115 1.082101 -1.074295
v -0.104115 1.009731 -1.074295
v -0.04826 1.082101 -1.171038
v -0.04826 1.009731 -1.171038
v -0.104115 1.082101 -1.267781
v -0.271679 1.082101 -1.171038
v -0.215824 1.082101 -1.267781
v -0.104115 1.082101 -1.074295
v -0.215824 1.082101 -1.074295
v -0.04826 1.082101 -1.171038
v 0.27174 1.009731 -1.171038
v 0.215885 1.082101 -1.267781
v 0.215885 1.009731 -1.267781
v 0.27174 1.082101 -1.171038
v 0.104176 1.082101 -1.267781
v 0.104176 1.009731 -1.267781
v 0.048321 1.082101 -1.171038
v 0.048321 1.009731 -1.171038
v 0.104176 1.082101 -1.074295
v 0.104176 1.009731 -1.074295
v 0.215885 1.082101 -1.074295
v 0.215885 1.009731 -1.074295
v 0.27174 1.082101 -1.171038
v 0.27174 1.009731 -1.171038
v 0.215885 1.082101 -1.267781
v 0.048321 1.082101 -1.171038
v 0.104176 1.082101 -1.267781
v 0.215885 1.082101 -1.074295
v 0.104176 1.082101 -1.074295
v 0.27174 1.082101 -1.171038
v -0.04826 1.009731 -0.851038
v -0.104115 1.082101 -0.947781
v -0.104115 1.009731 -0.947781
v -0.04826 1.082101 -0.851038
v -0.215824 1.082101 -0.947781
v -0.215824 1.009731 -0.947781
v -0.271679 1.082101 -0.851038
v -0.271679 1.009731 -0.851038
v -0.215824 1.082101 -0.754295
v -0.215824 1.009731 -0.754295
v -0.104115 1.082101 -0.754295
v -0.104115 1.009731 -0.754295
v -0.04826 1.082101 -0.851038
v -0.04826 1.009731 -0.851038
v -0.104115 1.082101 -0.947781
v -0.271679 1.082101 -0.851038
v -0.215824 1.082101 -0.947781
v -0.104115 1.082101 -0.754295
v -0.215824 1.082101 -0.754295
v -0.04826 1.082101 -0.851038
v 0.27174 1.009731 -0.851038
v 0.215885 1.082101 -0.947781
v 0.215885 1.009731 -0.947781
v 0.27174 1.082101 -0.851038
v 0.104176 1.082101 -0.947781
v 0.104176 1.009731 -0.947781
v 0.048321 1.082101 -0.851038
v 0.048321 1.009731 -0.851038
v 0.104176 1.082101 -0.754295
v 0.104176 1.009731 -0.754295
v 0.215885 1.082101 -0.754295
v 0.215885 1.009731 -0.754295
v 0.27174 1.082101 -0.851038
v 0.27174 1.009731 -0.851038
v 0.215885 1.082101 -0.947781
v 0.048321 1.082101 -0.851038
v 0.104176 1.082101 -0.947781
v 0.215885 1.082101 -0.754295
v 0.104176 1.082101 -0.754295
v 0.27174 1.082101 -0.851038
v -0.36826 1.137669 1.068962
v -0.424115 1.210039 0.972219
v -0.424115 1.137669 0.972219
v -0.36826 1.210039 1.068962
v -0.535824 1.210039 0.972219
v -0.535824 1.137669 0.972219
v -0.591679 1.210039 1.068962
v -0.591679 1.137669 1.068962
v -0.535824 1.210039 1.165706
v -0.535824 1.137669 1.165706
v -0.424115 1.210039 1.165706
v -0.424115 1.137669 1.165706
v -0.36826 1.210039 1.068962
v -0.36826 1.137669 1.068962
v -0.424115 1.210039 0.972219
v -0.591679 1.210039 1.068962
v -0.535824 1.210039 0.972219
v -0.424115 1.210039 1.165706
v -0.535824 1.210039 1.165706
v -0.36826 1.210039 1.068962
v -0.04826 1.137669 1.068962
v -0.104115 1.210039 0.972219
v -0.104115 1.137669 0.972219
v -0.04826 1.210039 1.068962
v -0.215824 1.210039 0.972219
v -0.215824 1.137669 0.972219
v -0.271679 1.210039 1.068962
v -0.271679 1.137669 1.068962
v -0.215824 1.210039 1.165706
v -0.215824 1.137669 1.165706
v -0.104115 1.210039 1.165706
v -0.104115 1.137669 1.165706
v -0.04826 1.210039 1.068962
v -0.04826 1.137669 1.068962
v -0.104115 1.210039 0.972219
v -0.271679 1.210039 1.068962
v -0.215824 1.210039 0.972219
v -0.104115 1.210039 1.165706
v -0.215824 1.210039 1.165706
v -0.04826 1.210039 1.068962
v 0.27174 1.137669 1.068962
v 0.215885 1.210039 0.972219
v 0.215885 1.137669 0.972219
v 0.27174 1.210039 1.068962
v 0.104176 1.210039 0.972219
v 0.104176 1.137669 0.972219
v 0.048321 1.210039 1.068962
v 0.048321 1.137669 1.068962
v 0.104176 1.210039 1.165706
v 0.104176 1.137669 1.165706
v 0.215885 1.210039 1.165706
v 0.215885 1.137669 1.165706
v 0.27174 1.210039 1.068962
v 0.27174 1.137669 1.068962
v 0.215885 1.210039 0.972219
v 0.048321 1.210039 1.068962
v 0.104176 1.210039 0.972219
v 0.215885 1.210039 1.165706
v 0.104176 1.210039 1.165706
v 0.27174 1.210039 1.068962
v 0.59174 1.137669 1.068962
v 0.535885 1.210039 0.972219
v 0.535885 1.137669 0.972219
v 0.59174 1.210039 1.068962
v 0.424176 1.210039 0.972219
v 0.424176 1.137669 0.972219
v 0.368321 1.210039 1.068962
v 0.368321 1.137669 1.068962
v 0.424176 1.210039 1.165706
v 0.424176 1.137669 1.165706
v 0.535885 1.210039 1.165706
v 0.535885 1.137669 1.165706
v 0.59174 1.210039 1.068962
v 0.59174 1.137669 1.068962
v 0.535885 1.210039 0.972219
v 0.368321 1.210039 1.068962
v 0.424176 1.210039 0.972219
v 0.535885 1.210039 1.165706
v 0.424176 1.210039 1.165706
v 0.59174 1.210039 1.068962
v -0.36826 0.721996 2.057196
v -0.424115 0.818739 2.129565
v -0.424115 0.818739 2.057196
v -0.36826 0.721996 2.129565
v -0.535824 0.818739 2.129565
v -0.535824 0.818739 2.057196
v -0.591679 0.721996 2.129565
v -0.591679 0.721996 2.057196
v -0.535824 0.625252 2.129565
v -0.535824 0.625252 2.057196
v -0.424115 0.625252 2.129565
v -0.424115 0.625252 2.057196
v -0.36826 0.721996 2.129565
v -0.36826 0.721996 2.057196
v -0.424115 0.818739 2.129565
v -0.591679 0.721996 2.129565
v -0.535824 0.818739 2.129565
v -0.424115 0.625252 2.129565
v -0.535824 0.625252 2.129565
v -0.36826 0.721996 2.129565
v 0.587354 0.721996 2.057196
v 0.531499 0.818739 2.129565
v 0.531499 0.818739 2.057196
v 0.587354 0.721996 2.129565
v 0.41979 0.818739 2.129565
v 0.41979 0.818739 2.057196
v 0.363935 0.721996 2.129565
v 0.363935 0.721996 2.057196
v 0.41979 0.625252 2.129565
v 0.41979 0.625252 2.057196
v 0.531499 0.625252 2.129565
v 0.531499 0.625252 2.057196
v 0.587354 0.721996 2.129565
v 0.587354 0.721996 2.057196
v 0.531499 0.818739 2.129565
v 0.363935 0.721996 2.129565
v 0.41979 0.818739 2.129565
v 0.531499 0.625252 2.129565
v 0.41979 0.625252 2.129565
v 0.587354 0.721996 2.129565
v -0.591679 0.721996 -1.912507
v -0.535824 0.818739 -1.984877
v -0.535824 0.818739 -1.912507
v -0.591679 0.721996 -1.984877
v -0.424115 0.818739 -1.984877
v -0.424115 0.818739 -1.912507
v -0.36826 0.721996 -1.984877
v -0.36826 0.721996 -1.912507
v -0.424115 0.625252 -1.984877
v -0.424115 0.625252 -1.912507
v -0.535824 0.625252 -1.984877
v -0.535824 0.625252 -1.912507
v -0.591679 0.721996 -1.984877
v -0.591679 0.721996 -1.912507
v -0.535824 0.818739 -1.984877
v -0.36826 0.721996 -1.984877
v -0.424115 0.818739 -1.984877
v -0.535824 0.625252 -1.984877
v -0.424115 0.625252 -1.984877
v -0.591679 0.721996 -1.984877
v 0.363935 0.721996 -1.912507
v 0.41979 0.818739 -1.984877
v 0.41979 0.818739 -1.912507
v 0.363935 0.721996 -1.984877
v 0.531499 0.818739 -1.984877
v 0.531499 0.818739 -1.912507
v 0.587354 0.721996 -1.984877
v 0.587354 0.721996 -1.912507
v 0.531499 0.625252 -1.984877
v 0.531499 0.625252 -1.912507
v 0.41979 0.625252 -1.984877
v 0.41979 0.625252 -1.912507
v 0.363935 0.721996 -1.984877
v 0.363935 0.721996 -1.912507
v 0.41979 0.818739 -1.984877
v 0.587354 0.721996 -1.984877
v 0.531499 0.818739 -1.984877
v 0.41979 0.625252 -1.984877
v 0.531499 0.625252 -1.984877
v 0.363935 0.721996 -1.984877
v 0.341614 0.88512 -2.035627
v 0.662804 0.558042 -2.036066
v 0.662804 0.88512 -2.035434
v 0.341614 0.558042 -2.037416
v 0.662804 0.88512 -2.035434
v 0.341614 0.88512 -1.899625
v 0.341614 0.88512 -2.035627
v 0.662804 0.88512 -1.899431
v 0.662804 0.558042 -2.036066
v 0.662804 0.88512 -1.899431
v 0.662804 0.88512 -2.035434
v 0.662804 0.558042 -1.900063
v -0.323843 0.88512 -2.035627
v -0.645034 0.558042 -2.036066
v -0.323843 0.558042 -2.037416
v -0.645034 0.88512 -2.035434
v -0.645034 0.88512 -2.035434
v -0.323843 0.88512 -1.899625
v -0.645034 0.88512 -1.899431
v -0.323843 0.88512 -2.035627
v -0.645034 0.558042 -2.036066
v -0.645034 0.88512 -1.899431
v -0.645034 0.558042 -1.900063
v -0.645034 0.88512 -2.035434
v -0.63798 2.037816 -0.053006
v 0.661979 2.037816 -0.371154
v 0.661979 2.037816 -0.053006
v -0.63798 2.037816 -0.371154
v -0.63798 1.905239 -0.053006
v 0.661979 2.037816 -0.053006
v 0.661979 1.905239 -0.053006
v -0.63798 2.037816 -0.053006
v 0.661979 1.905239 -0.053006
v 0.661979 2.037816 -0.371154
v 0.661979 1.905239 -0.371154
v 0.661979 2.037816 -0.053006
v 0.661979 1.905239 -0.371154
v -0.63798 2.037816 -0.371154
v -0.63798 1.905239 -0.371154
v 0.661979 2.037816 -0.371154
v -0.63798 1.905239 -0.371154
v -0.63798 2.037816 -0.053006
v -0.63798 1.905239 -0.053006
v -0.63798 2.037816 -0.371154
v 0.347433 0.88512 2.324392
v 0.668624 0.557709 2.190418
v 0.347433 0.557709 2.324392
v 0.668624 0.88512 2.190416
v 0.668624 0.88512 2.190416
v 0.668624 0.557709 2.079943
v 0.668624 0.557709 2.190418
v 0.668624 0.88512 2.079942
v 0.347433 0.88512 2.324392
v 0.668624 0.88512 2.079942
v 0.668624 0.88512 2.190416
v 0.347433 0.88512 2.079943
v -0.318024 0.88512 2.324392
v -0.639214 0.557709 2.190418
v -0.639214 0.88512 2.190416
v -0.318024 0.557709 2.324392
v -0.639214 0.88512 2.190416
v -0.639214 0.557709 2.079943
v -0.639214 0.88512 2.079942
v -0.639214 0.557709 2.190418
v -0.318024 0.88512 2.324392
v -0.639214 0.88512 2.079942
v -0.318024 0.88512 2.079943
v -0.639214 0.88512 2.190416
v 0.660592 1.21929 1.103192
v 0.614092 1.129302 1.184192
v 0.614092 1.219283 1.184192
v 0.543992 1.219283 1.229691
v 0.614092 1.129302 1.184192
v 0.660592 1.129302 1.099592
v 0.660592 1.129302 0.268592
v 0.660592 1.219133 0.268492
v 0.543992 1.219283 1.229691
v 0.540791 1.129302 1.229691
v -0.508008 1.129302 1.229691
v -0.511208 1.219283 1.229691
v 0.540791 1.129302 1.229691
v -0.581308 1.129302 1.184192
v -0.581308 1.219283 1.184192
v -0.627808 1.21929 1.103192
v -0.627808 1.129302 0.268592
v -0.627808 1.129302 1.099592
v -0.627808 1.219133 0.268492
v 0.655692 1.675891 0.457492
v 0.660592 1.219133 0.268492
v 0.660592 1.21929 1.103192
v 0.660592 1.675891 0.267292
v 0.612092 1.675891 0.544392
v 0.614092 1.219283 1.184192
v 0.536992 1.676791 0.585192
v 0.543992 1.219283 1.229691
v -0.504208 1.676791 0.585192
v -0.511208 1.219283 1.229691
v -0.581308 1.219283 1.184192
v -0.579308 1.675891 0.544392
v -0.627808 1.21929 1.103192
v -0.622908 1.675891 0.457492
v -0.627808 1.219133 0.268492
v -0.627808 1.675891 0.267292
v 0.588092 1.129302 0.268592
v 0.660592 1.219133 0.268492
v 0.588015 1.219219 0.268394
v 0.660592 1.129302 0.268592
v 0.587591 1.585463 0.267292
v 0.660592 1.675891 0.267292
v 0.521892 1.675891 0.266692
v 0.421592 1.675891 0.318192
v 0.521892 1.585463 0.266692
v 0.521892 1.675891 0.266692
v 0.421592 1.585463 0.318192
v 0.388392 1.675891 0.419092
v 0.388392 1.585463 0.419092
v 0.587591 1.585463 0.267292
v 0.387392 1.587563 0.540192
v 0.388091 1.675891 0.540292
v 0.521892 1.585463 0.266692
v 0.587591 1.585463 0.495192
v 0.587591 1.585463 0.267292
v 0.388392 1.585463 0.419092
v 0.421592 1.585463 0.318192
v 0.387392 1.587563 0.540192
v 0.514091 1.585463 0.586592
v 0.387392 1.587563 0.588192
v -0.354608 1.587563 0.588192
v -0.354608 1.587563 0.540192
v -0.481308 1.585463 0.586592
v -0.554808 1.585463 0.495192
v -0.355608 1.585463 0.419092
v -0.489108 1.585463 0.266692
v -0.554808 1.585463 0.267292
v -0.388808 1.585463 0.318192
v 0.514091 1.217376 1.119278
v 0.387392 1.587563 0.588192
v 0.387392 1.217353 1.123078
v 0.514091 1.585463 0.586592
v 0.587591 1.585463 0.495192
v 0.591326 1.216784 0.911546
v -0.354608 1.217353 1.123078
v -0.354608 1.587563 0.588192
v -0.481308 1.217376 1.119278
v -0.481308 1.585463 0.586592
v -0.554808 1.585463 0.495192
v -0.558542 1.216784 0.911546
v 0.588092 1.129302 0.268592
v 0.588015 1.219219 0.268394
v 0.587591 1.585463 0.267292
v 0.587591 1.585463 0.495192
v -0.555308 1.129302 0.268592
v -0.555232 1.219219 0.268394
v -0.554808 1.585463 0.267292
v -0.554808 1.585463 0.495192
v 0.588092 1.129302 0.268592
v 0.591326 1.216784 0.911546
v 0.589709 1.129186 0.912485
v 0.387392 1.217353 1.123078
v 0.514091 1.217376 0.911462
v 0.514091 1.217376 1.119278
v 0.387392 1.217353 0.911537
v 0.591326 1.216784 0.911546
v -0.354608 1.217353 1.123078
v -0.354608 1.217353 0.911537
v -0.481308 1.217376 0.911462
v -0.481308 1.217376 1.119278
v -0.558542 1.216784 0.911546
v 0.387392 1.217353 0.911537
v 0.514091 1.129663 0.9123
v 0.514091 1.217376 0.911462
v 0.387392 1.12964 0.912375
v 0.589709 1.129186 0.912485
v 0.591326 1.216784 0.911546
v -0.354608 1.12964 0.912375
v -0.354608 1.217353 0.911537
v -0.481308 1.129663 0.9123
v -0.481308 1.217376 0.911462
v -0.556925 1.129186 0.912485
v -0.558542 1.216784 0.911546
v 0.660592 1.21929 -1.831084
v 0.614092 1.129302 -1.912084
v 0.660592 1.129302 -1.827484
v 0.614092 1.219283 -1.912084
v 0.543992 1.219283 -1.957584
v 0.660592 1.129302 -0.996484
v 0.660592 1.219133 -0.996384
v 0.660592 1.219133 -0.375296
v 0.660592 1.129302 -0.375396
v 0.543992 1.219283 -1.957584
v 0.540792 1.129302 -1.957584
v -0.508009 1.129302 -1.957584
v -0.511209 1.219283 -1.957584
v 0.660592 1.530823 -0.374096
v 0.660592 1.530823 -0.995184
v -0.581309 1.129302 -1.912084
v -0.581309 1.219283 -1.912084
v -0.627809 1.21929 -1.831084
v -0.627809 1.129302 -0.996484
v -0.627809 1.219133 -0.996384
v -0.627809 1.129302 -1.827484
v -0.627809 1.219133 -0.375296
v -0.627809 1.129302 -0.375396
v -0.627808 1.530823 -0.374096
v -0.627809 1.530823 -0.995184
v 0.655692 1.675891 -1.185384
v 0.660592 1.219133 -0.996384
v 0.660592 1.675891 -0.995184
v 0.660592 1.21929 -1.831084
v 0.612092 1.675891 -1.272284
v 0.614092 1.219283 -1.912084
v 0.536992 1.676791 -1.313083
v 0.543992 1.219283 -1.957584
v -0.511209 1.219283 -1.957584
v -0.504208 1.676791 -1.313083
v -0.581309 1.219283 -1.912084
v -0.579309 1.675891 -1.272284
v -0.627809 1.21929 -1.831084
v -0.622908 1.675891 -1.185384
v -0.627809 1.219133 -0.996384
v -0.627808 1.675891 -0.995184
v 0.660592 1.530823 -0.374096
v 0.660592 1.219133 -0.375296
v -0.627808 1.530823 -0.374096
v -0.627809 1.219133 -0.375296
v 0.421592 1.675891 -1.046084
v 0.521892 1.585463 -0.994584
v 0.421592 1.585463 -1.046084
v 0.521892 1.675891 -0.994584
v 0.388392 1.675891 -1.146984
v 0.388392 1.585463 -1.146984
v 0.587592 1.585463 -0.995184
v 0.387392 1.587563 -1.268084
v 0.388092 1.675891 -1.268183
v 0.587592 1.585463 -0.995184
v 0.521892 1.675891 -0.994584
v 0.660592 1.675891 -0.995184
v 0.660592 1.219133 -0.996384
v 0.588015 1.219219 -0.996286
v 0.387392 1.587563 -1.268084
v -0.355309 1.675891 -1.268183
v 0.388092 1.675891 -1.268183
v -0.354609 1.587563 -1.268084
v 0.521892 1.585463 -0.994584
v 0.587592 1.585463 -0.995184
v 0.587592 1.585463 -1.223084
v 0.388392 1.585463 -1.146984
v 0.421592 1.585463 -1.046084
v 0.387392 1.587563 -1.268084
v 0.514092 1.585463 -1.314484
v 0.387392 1.587563 -1.316084
v -0.354609 1.587563 -1.268084
v -0.354609 1.587563 -1.316084
v -0.481309 1.585463 -1.314484
v -0.554809 1.585463 -1.223084
v -0.355609 1.585463 -1.146984
v -0.489109 1.585463 -0.994584
v -0.554809 1.585463 -0.995184
v -0.388809 1.585463 -1.046084
v 0.514092 1.217376 -1.84717
v 0.387392 1.587563 -1.316084
v 0.514092 1.585463 -1.314484
v 0.387392 1.217353 -1.85097
v 0.587592 1.585463 -1.223084
v 0.591326 1.216784 -1.639438
v -0.354609 1.587563 -1.316084
v -0.354609 1.217353 -1.85097
v -0.481309 1.217376 -1.84717
v -0.481309 1.585463 -1.314484
v -0.554809 1.585463 -1.223084
v -0.558543 1.216784 -1.639438
v 0.588092 1.129302 -0.996484
v 0.588015 1.219219 -0.996286
v 0.587592 1.585463 -0.995184
v 0.587592 1.585463 -1.223084
v -0.555309 1.129302 -0.996484
v -0.555232 1.219219 -0.996286
v -0.554809 1.585463 -0.995184
v -0.554809 1.585463 -1.223084
v 0.591326 1.216784 -1.639438
v 0.588092 1.129302 -0.996484
v 0.589709 1.129186 -1.640377
v 0.387392 1.217353 -1.85097
v 0.514092 1.217376 -1.639354
v 0.387392 1.217353 -1.63943
v 0.514092 1.217376 -1.84717
v 0.591326 1.216784 -1.639438
v -0.354609 1.217353 -1.63943
v -0.354609 1.217353 -1.85097
v -0.481309 1.217376 -1.639354
v -0.481309 1.217376 -1.84717
v -0.558543 1.216784 -1.639438
v 0.387392 1.217353 -1.63943
v 0.514092 1.129663 -1.640191
v 0.387392 1.12964 -1.640267
v 0.514092 1.217376 -1.639354
v 0.589709 1.129186 -1.640377
v 0.591326 1.216784 -1.639438
v -0.354609 1.12964 -1.640267
v -0.354609 1.217353 -1.63943
v -0.481309 1.129663 -1.640191
v -0.481309 1.217376 -1.639354
v -0.556926 1.129186 -1.640377
v -0.558543 1.216784 -1.639438
v 0.660592 1.129302 -0.375396
v 0.599526 1.219133 -0.375296
v 0.660592 1.219133 -0.375296
v 0.599526 1.129302 -0.375396
v 0.599525 1.530823 -0.374096
v 0.660592 1.530823 -0.374096
v 0.35376 1.219133 -0.375296
v 0.35376 1.129302 -0.375396
v 0.660592 1.530823 -0.374096
v 0.599526 1.530823 -0.995184
v 0.660592 1.530823 -0.995184
v 0.599525 1.530823 -0.374096
v 0.599525 1.530823 -0.374096
v 0.599526 1.219133 -0.996384
v 0.599526 1.530823 -0.995184
v 0.599526 1.219133 -0.996384
v 0.599525 1.530823 -0.374096
v 0.599526 1.219133 -0.375296
v 0.599526 1.219133 -0.996384
v 0.35376 1.129302 -0.996484
v 0.599526 1.129302 -0.996484
v 0.35376 1.219133 -0.996384
v 0.599526 1.219133 -0.375296
v 0.35376 1.219133 -0.996384
v 0.599526 1.219133 -0.996384
v 0.35376 1.219133 -0.375296
v 0.35376 1.219133 -0.375296
v 0.35376 1.129302 -0.996484
v 0.35376 1.219133 -0.996384
v 0.35376 1.129302 -0.375396
v -0.627808 1.21929 1.103192
v -0.581308 1.129302 1.184192
v -0.627808 1.129302 1.099592
v -0.511208 1.219283 1.229691
v -0.508008 1.129302 1.229691
v -0.555308 1.129302 0.268592
v -0.627808 1.219133 0.268492
v -0.627808 1.129302 0.268592
v -0.555232 1.219219 0.268394
v -0.554808 1.585463 0.267292
v -0.627808 1.675891 0.267292
v -0.489108 1.675891 0.266692
v -0.388808 1.675891 0.318192
v -0.489108 1.585463 0.266692
v -0.388808 1.585463 0.318192
v -0.489108 1.675891 0.266692
v -0.355608 1.675891 0.419092
v -0.355608 1.585463 0.419092
v -0.554808 1.585463 0.267292
v -0.354608 1.587563 0.540192
v -0.354608 1.587563 0.540192
v 0.388091 1.675891 0.540292
v -0.355308 1.675891 0.540292
v 0.387392 1.587563 0.540192
v -0.355608 1.675891 0.419092
v -0.354608 1.587563 0.540192
v -0.355308 1.675891 0.540292
v -0.558542 1.216784 0.911546
v -0.555308 1.129302 0.268592
v -0.556925 1.129186 0.912485
v -0.581309 1.129302 -1.912084
v -0.627809 1.21929 -1.831084
v -0.627809 1.129302 -1.827484
v -0.511209 1.219283 -1.957584
v -0.508009 1.129302 -1.957584
v -0.388809 1.675891 -1.046084
v -0.489109 1.585463 -0.994584
v -0.489109 1.675891 -0.994584
v -0.388809 1.585463 -1.046084
v -0.355609 1.675891 -1.146984
v -0.355609 1.585463 -1.146984
v -0.554809 1.585463 -0.995184
v -0.354609 1.587563 -1.268084
v -0.489109 1.675891 -0.994584
v -0.554809 1.585463 -0.995184
v -0.627808 1.675891 -0.995184
v -0.627809 1.219133 -0.996384
v -0.555232 1.219219 -0.996286
v -0.354609 1.587563 -1.268084
v -0.355609 1.675891 -1.146984
v -0.355309 1.675891 -1.268183
v -0.555309 1.129302 -0.996484
v -0.558543 1.216784 -1.639438
v -0.556926 1.129186 -1.640377
v -0.627809 1.129302 -0.375396
v -0.566742 1.219133 -0.375296
v -0.566742 1.129302 -0.375396
v -0.627809 1.219133 -0.375296
v -0.566742 1.530823 -0.374096
v -0.627808 1.530823 -0.374096
v -0.320977 1.219133 -0.375296
v -0.320977 1.129302 -0.375396
v -0.627808 1.530823 -0.374096
v -0.566742 1.530823 -0.995184
v -0.566742 1.530823 -0.374096
v -0.627809 1.530823 -0.995184
v -0.566742 1.530823 -0.374096
v -0.566742 1.219133 -0.996384
v -0.566742 1.219133 -0.375296
v -0.566742 1.219133 -0.996384
v -0.566742 1.530823 -0.374096
v -0.566742 1.530823 -0.995184
v -0.566742 1.219133 -0.996384
v -0.320977 1.129302 -0.996484
v -0.320977 1.219133 -0.996384
v -0.566742 1.129302 -0.996484
v -0.566742 1.219133 -0.375296
v -0.320977 1.219133 -0.996384
v -0.320977 1.219133 -0.375296
v -0.566742 1.219133 -0.996384
v -0.320977 1.219133 -0.375296
v -0.320977 1.129302 -0.996484
v -0.320977 1.129302 -0.375396
v -0.320977 1.219133 -0.996384
v 0.321395 0.257353 2.408869
v 0.0 0.559152 2.465456
v 0.321395 0.559152 2.409045
v 0.0 0.257353 2.46528
v 0.637736 0.257353 2.299104
v 0.637736 0.559152 2.298892
v -0.321395 0.257353 2.408869
v -0.321395 0.559152 2.409045
v 0.637736 0.257353 -1.866082
v 0.637736 0.810893 -0.373732
v 0.637736 0.563426 -1.919706
v 0.637736 0.257353 -0.373732
v 0.637736 0.570966 -2.040265
v 0.637736 0.810893 -0.314532
v 0.637736 1.134684 -0.373732
v 0.637736 0.893737 -1.920499
v 0.637736 1.134684 -1.921227
v 0.637736 1.134684 -1.983111
v 0.637736 0.898044 -1.983111
v 0.637736 1.083035 -0.314587
v 0.637736 1.134684 0.910148
v 0.637736 1.085225 0.846292
v 0.637736 0.810893 0.844187
v 0.637736 0.810893 0.910149
v 0.637736 1.134684 1.556233
v 0.637736 0.257353 1.556233
v 0.637736 1.12373 1.88267
v 0.637736 0.257353 1.88267
v 0.637736 0.257353 0.910149
v 0.637736 0.559152 2.081095
v 0.637736 0.882185 2.081095
v 0.637736 1.050487 2.081095
v 0.637736 0.257353 2.081095
v 0.637736 0.97498 2.190507
v 0.637736 0.882185 2.190507
v 0.637736 0.559152 2.298892
v 0.637736 0.257353 2.299104
v 0.321395 0.257353 -1.866082
v 0.637736 0.570966 -2.040265
v 0.321395 0.570966 -2.040529
v 0.637736 0.257353 -1.866082
v 0.0 0.257353 -1.866082
v 0.0 0.570633 -2.039978
v 0.637736 0.97498 2.190507
v 0.321395 0.882185 2.190684
v 0.21664 0.974839 2.190507
v 0.637736 0.882185 2.190507
v 0.0 0.882185 2.190684
v 0.0 0.97477 2.190507
v 0.321395 1.134684 -1.983111
v 0.0 1.134684 -1.652137
v 0.0 1.134684 -1.983111
v 0.321395 1.134684 -1.652137
v 0.637736 1.134684 -1.921227
v 0.637736 1.134684 -1.983111
v 0.321395 1.134684 -0.688796
v 0.637736 1.134684 -0.373732
v 0.582303 1.134684 -0.373732
v 0.321395 1.134684 -0.373732
v 0.321395 1.134684 -1.983111
v 0.637736 0.898044 -1.983111
v 0.637736 1.134684 -1.983111
v 0.321395 0.898044 -1.98237
v 0.0 1.134684 -1.983111
v 0.0 0.898044 -1.985942
v 0.0 0.882185 2.32083
v 0.321395 0.559152 2.321066
v 0.0 0.559152 2.32083
v 0.321395 0.882185 2.320829
v 0.637736 1.134684 -0.373732
v 0.581242 1.134684 0.910149
v 0.582303 1.134684 -0.373732
v 0.637736 1.134684 0.910148
v 0.637736 1.134684 1.556233
v 0.21664 1.134684 1.547381
v 0.0 1.134684 0.910148
v 0.0 1.134684 1.543074
v 0.582303 1.134684 -0.373732
v 0.583055 0.89913 0.910209
v 0.582914 0.898044 -0.373732
v 0.581242 1.134684 0.910149
v 0.321395 0.384269 0.281166
v 0.321395 0.384269 -0.373732
v 0.321395 0.470257 0.286679
v 0.321395 0.898493 0.588
v 0.321395 0.899808 -0.373732
v 0.321395 0.470301 0.589952
v 0.321395 0.570966 -1.922169
v 0.321395 0.898044 -1.920655
v 0.321395 0.898044 -1.98237
v 0.321395 0.570966 -2.040529
v 0.321395 0.898044 -2.04243
v 0.321395 0.570966 -2.040529
v 0.0 0.898044 -2.041932
v 0.0 0.570633 -2.039978
v 0.321395 0.898044 -2.04243
v -0.321395 0.570966 -2.040529
v -0.321395 0.898044 -2.04243
v 0.21664 1.12373 1.88267
v 0.637736 1.050487 2.081095
v 0.21664 1.050487 2.081095
v 0.637736 1.12373 1.88267
v 0.637736 1.134684 1.556233
v 0.21664 1.134684 1.547381
v 0.0 1.12373 1.88267
v 0.0 1.050487 2.081095
v 0.0 0.97477 2.190507
v 0.21664 0.974839 2.190507
v 0.0 1.134684 1.543074
v 0.637736 0.97498 2.190507
v -0.21664 1.050487 2.081095
v -0.21664 0.974839 2.190507
v -0.21664 1.12373 1.88267
v -0.637736 1.050487 2.081095
v -0.637736 1.12373 1.88267
v -0.21664 1.134684 1.547381
v -0.637736 0.97498 2.190507
v 0.321395 0.559152 2.081095
v 0.637736 0.882185 2.081095
v 0.637736 0.559152 2.081095
v 0.321395 0.882185 2.081095
v 0.321395 0.559152 2.081095
v 0.321395 0.882185 2.190684
v 0.321395 0.882185 2.081095
v 0.321395 0.882185 2.320829
v 0.321395 0.559152 2.321066
v 0.321395 0.882185 2.190684
v 0.0 0.882185 2.32083
v 0.0 0.882185 2.190684
v 0.321395 0.882185 2.320829
v 0.637736 0.559152 2.081095
v 0.321395 0.559152 2.321066
v 0.321395 0.559152 2.081095
v 0.637736 0.559152 2.298892
v 0.321395 0.559152 2.409045
v 0.0 0.559152 2.465456
v 0.0 0.559152 2.32083
v 0.321395 1.134684 -0.373732
v 0.582914 0.898044 -0.373732
v 0.321395 0.899808 -0.373732
v 0.582303 1.134684 -0.373732
v 0.257894 1.134684 -0.373732
v 0.257621 1.375253 -0.503627
v 0.321395 1.375253 -0.503627
v 0.321395 1.525653 -0.574259
v 0.257621 1.525653 -0.574259
v 0.0 1.525653 -0.574259
v 0.0 1.375253 -0.48011
v 0.0 0.898044 -0.373732
v 0.321395 0.384269 -0.373732
v 0.0 0.384269 -0.373732
v 0.0 1.134684 -0.373732
v 0.321395 0.898493 0.588
v 0.582914 0.898044 -0.373732
v 0.583055 0.89913 0.910209
v 0.321395 0.899808 -0.373732
v 0.321395 0.89913 0.910134
v 0.321395 0.898044 -2.04243
v 0.0 0.898044 -1.985942
v 0.0 0.898044 -2.041932
v 0.321395 0.898044 -1.98237
v 0.321395 0.882185 2.190684
v 0.637736 0.882185 2.081095
v 0.321395 0.882185 2.081095
v 0.637736 0.882185 2.190507
v 0.321395 0.898044 -1.98237
v 0.637736 0.893737 -1.920499
v 0.637736 0.898044 -1.983111
v 0.321395 0.898044 -1.920655
v 0.321395 0.898044 -1.920655
v 0.637736 0.563426 -1.919706
v 0.637736 0.893737 -1.920499
v 0.321395 0.570966 -1.922169
v 0.321395 0.570966 -1.922169
v 0.637736 0.570966 -2.040265
v 0.637736 0.563426 -1.919706
v 0.321395 0.570966 -2.040529
v 0.321395 1.134684 -1.652137
v 0.321395 1.016866 -0.688796
v 0.321395 1.016334 -1.652137
v 0.321395 1.134684 -0.688796
v 0.0 1.016427 -1.652137
v 0.321395 1.016866 -0.688796
v 0.0 1.017266 -0.688796
v 0.321395 1.016334 -1.652137
v 0.321395 1.525653 -0.688796
v 0.257621 1.525653 -0.574259
v 0.269903 1.525653 -0.688796
v 0.321395 1.525653 -0.574259
v 0.0 1.525653 -0.688796
v 0.0 1.525653 -0.574259
v 0.321395 1.134684 -0.688796
v 0.257621 1.134684 -0.688796
v 0.321395 1.016866 -0.688796
v 0.0 1.017266 -0.688796
v 0.0 1.134684 -0.688796
v 0.321395 1.375253 -0.688796
v 0.257621 1.375253 -0.688796
v 0.269903 1.525653 -0.688796
v 0.321395 1.525653 -0.688796
v 0.0 1.375253 -0.688796
v 0.0 1.525653 -0.688796
v 0.0 1.134684 -0.688796
v 0.257894 1.134684 -0.373732
v 0.0 1.134684 -0.373732
v 0.257621 1.134684 -0.688796
v 0.321395 1.134684 -0.688796
v 0.321395 1.375253 -0.503627
v 0.321395 1.375253 -0.688796
v 0.321395 1.134684 -0.373732
v 0.321395 1.525653 -0.574259
v 0.321395 1.525653 -0.688796
v 0.257621 1.134684 -0.688796
v 0.257621 1.375253 -0.503627
v 0.257894 1.134684 -0.373732
v 0.257621 1.375253 -0.688796
v 0.321395 0.898493 0.588
v 0.0 1.036709 0.90955
v 0.176835 0.898439 0.591303
v 0.321395 1.033947 0.910143
v 0.0 0.898215 0.591819
v 0.321395 1.033947 0.910143
v 0.321395 0.898493 0.588
v 0.321395 0.89913 0.910134
v 0.321395 0.898493 0.588
v 0.178761 0.470273 0.590037
v 0.321395 0.470301 0.589952
v 0.176835 0.898439 0.591303
v 0.321395 0.470301 0.589952
v 0.178761 0.470273 0.590037
v 0.177747 0.470793 0.493768
v 0.321395 0.470257 0.286679
v 0.0 0.470257 0.281161
v 0.0 0.470775 0.493808
v 0.321395 0.470257 0.286679
v 0.0 0.384269 0.281166
v 0.321395 0.384269 0.281166
v 0.0 0.470257 0.281161
v 0.321395 0.384269 -0.373732
v 0.0 0.384269 0.281166
v 0.0 0.384269 -0.373732
v 0.321395 0.384269 0.281166
v 0.0 0.470775 0.493808
v 0.174235 0.899582 0.494584
v 0.0 0.899268 0.495549
v 0.177747 0.470793 0.493768
v 0.0 0.898215 0.591819
v 0.174235 0.899582 0.494584
v 0.176835 0.898439 0.591303
v 0.0 0.899268 0.495549
v 0.176835 0.898439 0.591303
v 0.177747 0.470793 0.493768
v 0.178761 0.470273 0.590037
v 0.174235 0.899582 0.494584
v 0.0 1.782758 -1.286088
v 0.509997 1.92232 -0.898656
v 0.0 1.9153 -0.898656
v 0.489724 1.785743 -1.282729
v 0.489594 1.734705 -1.330521
v 0.0 1.734892 -1.330521
v 0.489465 1.674393 -1.330521
v 0.001227 1.674486 -1.330731
v 0.0 1.934724 -0.34721
v 0.509997 1.933798 -0.348417
v 0.613287 1.836221 -0.347924
v 0.613859 1.831022 -0.898656
v 0.0 1.920455 0.162918
v 0.509997 1.916251 0.160595
v 0.0 1.796376 0.532909
v 0.48972 1.808799 0.534184
v 0.0 1.740948 0.601935
v 0.489594 1.740548 0.601935
v 0.0 1.673763 0.601935
v 0.489465 1.673363 0.601935
v 0.589158 1.673363 0.580405
v 0.589831 1.746544 0.582117
v 0.589831 1.746544 0.582117
v 0.600786 1.775836 0.527201
v 0.613287 1.827599 0.161543
v 0.644388 1.767888 0.162363
v 0.644319 1.749888 0.521024
v 0.628185 1.673567 0.162918
v 0.628185 1.673363 0.515813
v 0.628185 1.673857 -0.34721
v 0.644388 1.769489 -0.347498
v 0.628185 1.674172 -0.898656
v 0.644388 1.77122 -0.898656
v 0.628185 1.674393 -1.253172
v 0.619736 1.734705 -1.253318
v 0.573968 1.773178 -1.278181
v 0.580809 1.734705 -1.314366
v 0.58478 1.674393 -1.314385
v 0.628185 1.674393 -1.253172
v 0.619736 1.734705 -1.253318
v 0.583055 0.89913 0.910209
v 0.321395 1.033947 0.910143
v 0.321395 0.89913 0.910134
v 0.581242 1.134684 0.910149
v 0.0 1.134684 0.910148
v 0.0 1.036709 0.90955
v 0.628185 1.673363 0.515813
v 0.644319 1.749888 0.521024
v 0.321395 1.134684 -1.652137
v 0.0 1.016427 -1.652137
v 0.0 1.134684 -1.652137
v 0.321395 1.016334 -1.652137
v 0.90499 1.147316 1.140354
v 0.885972 1.024276 1.001497
v 0.885972 1.024276 1.140354
v 0.90499 1.147316 1.001497
v 0.878055 1.240242 1.140354
v 0.878055 1.240242 1.001497
v 0.90499 1.147316 1.001497
v 0.626743 1.024276 1.001497
v 0.885972 1.024276 1.001497
v 0.633056 1.161971 1.001497
v 0.878055 1.240242 1.001497
v 0.713897 1.262398 1.001497
v 0.885972 1.024276 1.001497
v 0.626743 1.024276 1.140354
v 0.885972 1.024276 1.140354
v 0.626743 1.024276 1.001497
v 0.878055 1.240242 1.140354
v 0.713897 1.262398 1.001497
v 0.878055 1.240242 1.001497
v 0.878055 1.240242 1.140354
v 0.713897 1.262398 1.140354
v 0.651065 1.182001 1.209311
v 0.628908 1.065575 1.209311
v 0.628908 1.15506 1.209311
v 0.708152 1.15989 1.209311
v 0.706543 1.086746 1.209311
v 0.711825 1.091542 1.003836
v 0.711825 1.15553 0.930312
v 0.711825 1.091542 0.930312
v 0.711825 1.15553 1.003836
v 0.641548 1.064134 0.930312
v 0.711825 1.15553 0.930312
v 0.641548 1.178411 0.930312
v 0.711825 1.091542 0.930312
v 0.711825 1.091542 0.930312
v 0.641548 1.064134 1.003836
v 0.711825 1.091542 1.003836
v 0.641548 1.064134 0.930312
v 0.711825 1.15553 1.003836
v 0.641548 1.178411 0.930312
v 0.711825 1.15553 0.930312
v 0.641548 1.178411 1.003836
v 0.711825 1.091542 1.003836
v 0.641548 1.178411 1.003836
v 0.711825 1.15553 1.003836
v 0.641548 1.064134 1.003836
v 0.628908 1.065575 1.139368
v 0.706543 1.086746 1.209311
v 0.706543 1.086746 1.139368
v 0.628908 1.065575 1.209311
v 0.706543 1.086746 1.139368
v 0.708152 1.15989 1.209311
v 0.708152 1.15989 1.139368
v 0.706543 1.086746 1.209311
v 0.651663 1.181769 1.139368
v 0.708152 1.15989 1.209311
v 0.651065 1.182001 1.209311
v 0.708152 1.15989 1.139368
v 0.628908 1.15506 1.139368
v 0.651065 1.182001 1.209311
v 0.628908 1.15506 1.209311
v 0.651663 1.181769 1.139368
v 0.713897 1.262398 1.140354
v 0.633056 1.161971 1.001497
v 0.713897 1.262398 1.001497
v 0.633056 1.161971 1.140354
v 0.626743 1.024276 1.140354
v 0.626743 1.024276 1.001497
v 0.633056 1.161971 1.140354
v 0.885972 1.024276 1.140354
v 0.626743 1.024276 1.140354
v 0.90499 1.147316 1.140354
v 0.713897 1.262398 1.140354
v 0.878055 1.240242 1.140354
v 0.637736 1.085225 0.846292
v 0.637736 0.810893 -0.314532
v 0.637736 0.810893 0.844187
v 0.637736 1.083035 -0.314587
v 0.62516 0.973464 1.871934
v 0.686575 1.039773 1.549817
v 0.686575 0.957347 1.861882
v 0.62516 1.062488 1.549817
v 0.686575 0.743082 2.10111
v 0.62516 0.753682 2.119415
v 0.686575 0.420818 2.196852
v 0.62516 0.420818 2.219774
v 0.62516 0.260535 2.201854
v 0.686575 0.259998 2.178402
v 0.787649 0.875015 1.811922
v 0.787649 0.94397 1.549817
v 0.787649 0.692043 2.003988
v 0.787649 0.642192 1.93157
v 0.787649 0.80207 1.774271
v 0.787649 0.94397 1.549817
v 0.787649 0.858434 1.549817
v 0.787649 0.420818 1.987975
v 0.787649 0.427687 2.077339
v 0.787649 0.258082 2.067131
v 0.787649 0.256543 1.982606
v 0.787649 0.94397 1.549817
v 0.787649 0.80207 1.325364
v 0.787649 0.875015 1.287712
v 0.787649 0.642192 1.168064
v 0.787649 0.692043 1.095646
v 0.787649 0.420818 1.11166
v 0.787649 0.427687 1.022296
v 0.787649 0.258082 1.032503
v 0.787649 0.256542 1.117028
v 0.686575 0.957347 1.237751
v 0.686575 1.039773 1.549817
v 0.62516 0.973464 1.227699
v 0.62516 1.062488 1.549817
v 0.686575 0.743082 0.998524
v 0.62516 0.753682 0.980219
v 0.686575 0.420818 0.902782
v 0.62516 0.420818 0.87986
v 0.62516 0.260535 0.897781
v 0.686575 0.259998 0.921232
v 0.787649 0.94397 1.549817
v 0.62516 0.973464 -0.688614
v 0.686575 1.039773 -1.010732
v 0.686575 0.957347 -0.698666
v 0.62516 1.062488 -1.010732
v 0.686575 0.743082 -0.459439
v 0.62516 0.753682 -0.441133
v 0.686575 0.420818 -0.363697
v 0.62516 0.420818 -0.340775
v 0.62516 0.260535 -0.358695
v 0.686575 0.259998 -0.382147
v 0.787649 0.875015 -0.748627
v 0.787649 0.94397 -1.010732
v 0.787649 0.802071 -0.786278
v 0.787649 0.858434 -1.010732
v 0.787649 0.642192 -0.628979
v 0.787649 0.692043 -0.556561
v 0.787649 0.420818 -0.572574
v 0.787649 0.427687 -0.483211
v 0.787649 0.258082 -0.493418
v 0.787649 0.256542 -0.577942
v 0.62516 0.973464 -1.332849
v 0.686575 1.039773 -1.010732
v 0.62516 1.062488 -1.010732
v 0.686575 0.957347 -1.322798
v 0.686575 0.743082 -1.562024
v 0.62516 0.753682 -1.580331
v 0.686575 0.420818 -1.657767
v 0.62516 0.420818 -1.680689
v 0.62516 0.260535 -1.662768
v 0.686575 0.259998 -1.639317
v 0.787649 0.875015 -1.272837
v 0.787649 0.94397 -1.010732
v 0.787649 0.802071 -1.235186
v 0.787649 0.858434 -1.010732
v 0.787649 0.642192 -1.392485
v 0.787649 0.692043 -1.464902
v 0.787649 0.420818 -1.448889
v 0.787649 0.427687 -1.538253
v 0.787649 0.258082 -1.528046
v 0.787649 0.256542 -1.443522
v -0.637736 0.257353 -1.866082
v -0.637736 0.810893 -0.373732
v -0.637736 0.257353 -0.373732
v -0.637736 0.563426 -1.919706
v -0.637736 0.570966 -2.040265
v -0.637736 0.810893 -0.314532
v -0.637736 1.134684 -0.373732
v -0.637736 0.893737 -1.920499
v -0.637736 1.134684 -1.921227
v -0.637736 1.134684 -1.983111
v -0.637736 0.898044 -1.983111
v -0.637736 1.083035 -0.314587
v -0.637736 1.134684 0.910148
v -0.637736 1.085225 0.846292
v -0.637736 0.810893 0.844187
v -0.637736 0.810893 0.910149
v -0.637736 1.134684 1.556233
v -0.637736 0.257353 1.556233
v -0.637736 1.12373 1.88267
v -0.637736 0.257353 1.88267
v -0.637736 0.257353 0.910149
v -0.637736 0.559152 2.081095
v -0.637736 0.882185 2.081095
v -0.637736 1.050487 2.081095
v -0.637736 0.257353 2.081095
v -0.637736 0.97498 2.190507
v -0.637736 0.882185 2.190507
v -0.637736 0.559152 2.298892
v -0.637736 0.257353 2.299104
v -0.321395 0.257353 -1.866082
v -0.637736 0.570966 -2.040265
v -0.637736 0.257353 -1.866082
v -0.321395 0.570966 -2.040529
v 0.0 0.257353 -1.866082
v 0.0 0.570633 -2.039978
v -0.637736 0.97498 2.190507
v -0.321395 0.882185 2.190684
v -0.637736 0.882185 2.190507
v -0.21664 0.974839 2.190507
v 0.0 0.882185 2.190684
v 0.0 0.97477 2.190507
v -0.321395 1.134684 -1.983111
v 0.0 1.134684 -1.652137
v -0.321395 1.134684 -1.652137
v 0.0 1.134684 -1.983111
v -0.637736 1.134684 -1.921227
v -0.637736 1.134684 -1.983111
v -0.321395 1.134684 -0.688796
v -0.637736 1.134684 -0.373732
v -0.582303 1.134684 -0.373732
v -0.321395 1.134684 -0.373732
v -0.637736 0.257353 2.299104
v -0.321395 0.559152 2.409045
v -0.321395 0.257353 2.408869
v -0.637736 0.559152 2.298892
v -0.321395 1.134684 -1.983111
v -0.637736 0.898044 -1.983111
v -0.321395 0.898044 -1.98237
v -0.637736 1.134684 -1.983111
v 0.0 1.134684 -1.983111
v 0.0 0.898044 -1.985942
v 0.0 0.882185 2.32083
v -0.321395 0.559152 2.321066
v -0.321395 0.882185 2.320829
v 0.0 0.559152 2.32083
v -0.637736 1.134684 -0.373732
v -0.581242 1.134684 0.910149
v -0.637736 1.134684 0.910148
v -0.582303 1.134684 -0.373732
v -0.637736 1.134684 1.556233
v -0.21664 1.134684 1.547381
v 0.0 1.134684 0.910148
v 0.0 1.134684 1.543074
v -0.582303 1.134684 -0.373732
v -0.583055 0.89913 0.910209
v -0.581242 1.134684 0.910149
v -0.582914 0.898044 -0.373732
v -0.321395 0.384269 0.281166
v -0.321395 0.470257 0.286679
v -0.321395 0.384269 -0.373732
v -0.321395 0.898493 0.588
v -0.321395 0.899808 -0.373732
v -0.321395 0.470301 0.589952
v -0.321395 0.570966 -1.922169
v -0.321395 0.898044 -1.98237
v -0.321395 0.898044 -1.920655
v -0.321395 0.570966 -2.040529
v -0.321395 0.898044 -2.04243
v -0.637736 1.134684 1.556233
v -0.21664 1.12373 1.88267
v -0.637736 1.12373 1.88267
v -0.21664 1.134684 1.547381
v -0.321395 0.559152 2.081095
v -0.637736 0.882185 2.081095
v -0.321395 0.882185 2.081095
v -0.637736 0.559152 2.081095
v -0.321395 0.559152 2.081095
v -0.321395 0.882185 2.081095
v -0.321395 0.882185 2.190684
v -0.321395 0.882185 2.320829
v -0.321395 0.559152 2.321066
v -0.321395 0.882185 2.190684
v 0.0 0.882185 2.32083
v -0.321395 0.882185 2.320829
v 0.0 0.882185 2.190684
v -0.637736 0.559152 2.081095
v -0.321395 0.559152 2.321066
v -0.637736 0.559152 2.298892
v -0.321395 0.559152 2.081095
v -0.321395 0.559152 2.409045
v 0.0 0.559152 2.465456
v 0.0 0.559152 2.32083
v -0.321395 1.134684 -0.373732
v -0.582914 0.898044 -0.373732
v -0.582303 1.134684 -0.373732
v -0.321395 0.899808 -0.373732
v -0.257894 1.134684 -0.373732
v -0.257621 1.375253 -0.503627
v -0.321395 1.375253 -0.503627
v -0.321395 1.525653 -0.574259
v -0.257621 1.525653 -0.574259
v 0.0 1.525653 -0.574259
v 0.0 1.375253 -0.48011
v 0.0 0.898044 -0.373732
v -0.321395 0.384269 -0.373732
v 0.0 0.384269 -0.373732
v 0.0 1.134684 -0.373732
v -0.321395 0.898493 0.588
v -0.582914 0.898044 -0.373732
v -0.321395 0.899808 -0.373732
v -0.583055 0.89913 0.910209
v -0.321395 0.89913 0.910134
v -0.321395 0.898044 -2.04243
v 0.0 0.898044 -1.985942
v -0.321395 0.898044 -1.98237
v 0.0 0.898044 -2.041932
v -0.321395 0.882185 2.190684
v -0.637736 0.882185 2.081095
v -0.637736 0.882185 2.190507
v -0.321395 0.882185 2.081095
v -0.321395 0.898044 -1.98237
v -0.637736 0.893737 -1.920499
v -0.321395 0.898044 -1.920655
v -0.637736 0.898044 -1.983111
v -0.321395 0.898044 -1.920655
v -0.637736 0.563426 -1.919706
v -0.321395 0.570966 -1.922169
v -0.637736 0.893737 -1.920499
v -0.321395 0.570966 -1.922169
v -0.637736 0.570966 -2.040265
v -0.321395 0.570966 -2.040529
v -0.637736 0.563426 -1.919706
v -0.321395 1.134684 -1.652137
v -0.321395 1.016866 -0.688796
v -0.321395 1.134684 -0.688796
v -0.321395 1.016334 -1.652137
v 0.0 1.016427 -1.652137
v -0.321395 1.016866 -0.688796
v -0.321395 1.016334 -1.652137
v 0.0 1.017266 -0.688796
v -0.321395 1.525653 -0.688796
v -0.257621 1.525653 -0.574259
v -0.321395 1.525653 -0.574259
v -0.269903 1.525653 -0.688796
v 0.0 1.525653 -0.688796
v 0.0 1.525653 -0.574259
v -0.321395 1.134684 -0.688796
v -0.321395 1.016866 -0.688796
v -0.257621 1.134684 -0.688796
v 0.0 1.017266 -0.688796
v 0.0 1.134684 -0.688796
v -0.321395 1.375253 -0.688796
v -0.257621 1.375253 -0.688796
v -0.269903 1.525653 -0.688796
v -0.321395 1.525653 -0.688796
v 0.0 1.375253 -0.688796
v 0.0 1.525653 -0.688796
v 0.0 1.134684 -0.688796
v -0.257894 1.134684 -0.373732
v -0.257621 1.134684 -0.688796
v 0.0 1.134684 -0.373732
v -0.321395 1.134684 -0.688796
v -0.321395 1.375253 -0.503627
v -0.321395 1.134684 -0.373732
v -0.321395 1.375253 -0.688796
v -0.321395 1.525653 -0.574259
v -0.321395 1.525653 -0.688796
v -0.257621 1.134684 -0.688796
v -0.257621 1.375253 -0.503627
v -0.257621 1.375253 -0.688796
v -0.257894 1.134684 -0.373732
v -0.321395 0.898493 0.588
v 0.0 1.036709 0.90955
v -0.321395 1.033947 0.910143
v -0.176835 0.898439 0.591303
v 0.0 0.898215 0.591819
v -0.321395 1.033947 0.910143
v -0.321395 0.89913 0.910134
v -0.321395 0.898493 0.588
v -0.321395 0.898493 0.588
v -0.178761 0.470273 0.590037
v -0.176835 0.898439 0.591303
v -0.321395 0.470301 0.589952
v -0.321395 0.470301 0.589952
v -0.177747 0.470793 0.493768
v -0.178761 0.470273 0.590037
v -0.321395 0.470257 0.286679
v 0.0 0.470257 0.281161
v 0.0 0.470775 0.493808
v -0.321395 0.470257 0.286679
v 0.0 0.384269 0.281166
v 0.0 0.470257 0.281161
v -0.321395 0.384269 0.281166
v -0.321395 0.384269 -0.373732
v 0.0 0.384269 0.281166
v -0.321395 0.384269 0.281166
v 0.0 0.384269 -0.373732
v 0.0 0.470775 0.493808
v -0.174235 0.899582 0.494584
v -0.177747 0.470793 0.493768
v 0.0 0.899268 0.495549
v 0.0 0.898215 0.591819
v -0.174235 0.899582 0.494584
v 0.0 0.899268 0.495549
v -0.176835 0.898439 0.591303
v -0.176835 0.898439 0.591303
v -0.177747 0.470793 0.493768
v -0.174235 0.899582 0.494584
v -0.178761 0.470273 0.590037
v 0.0 1.782758 -1.286088
v -0.509997 1.92232 -0.898656
v -0.489724 1.785743 -1.282729
v 0.0 1.9153 -0.898656
v -0.489594 1.734705 -1.330521
v 0.0 1.734892 -1.330521
v -0.489465 1.674393 -1.330521
v 0.001227 1.674486 -1.330731
v 0.0 1.934724 -0.34721
v -0.509997 1.933798 -0.348417
v -0.613287 1.836221 -0.347924
v -0.613859 1.831022 -0.898656
v -0.644388 1.77122 -0.898656
v -0.619736 1.734705 -1.253318
v -0.573968 1.773179 -1.278181
v -0.628185 1.674393 -1.253172
v -0.628185 1.674172 -0.898656
v -0.580809 1.734705 -1.314366
v -0.644388 1.769489 -0.347498
v -0.613287 1.827599 0.161543
v -0.644388 1.767888 0.162363
v -0.628185 1.673857 -0.34721
v -0.628185 1.673567 0.162918
v -0.644319 1.749888 0.521024
v -0.628185 1.673363 0.515813
v -0.600786 1.775836 0.527201
v -0.48972 1.808799 0.534184
v -0.589831 1.746544 0.582117
v -0.489594 1.740548 0.601935
v 0.0 1.740948 0.601935
v 0.0 1.673763 0.601935
v -0.489465 1.673363 0.601935
v -0.589158 1.673363 0.580405
v -0.589831 1.746544 0.582117
v 0.0 1.796376 0.532909
v -0.509997 1.916251 0.160595
v -0.628185 1.673363 0.515813
v -0.644319 1.749888 0.521024
v -0.628185 1.674393 -1.253172
v -0.619736 1.734705 -1.253318
v -0.58478 1.674393 -1.314385
v -0.509997 1.916251 0.160595
v -0.48972 1.808799 0.534184
v -0.509997 1.933798 -0.348417
v -0.583055 0.89913 0.910209
v -0.321395 1.033947 0.910143
v -0.581242 1.134684 0.910149
v -0.321395 0.89913 0.910134
v 0.0 1.134684 0.910148
v 0.0 1.036709 0.90955
v -0.321395 1.134684 -1.652137
v 0.0 1.016427 -1.652137
v -0.321395 1.016334 -1.652137
v 0.0 1.134684 -1.652137
v -0.90499 1.147316 1.140354
v -0.885972 1.024276 1.001497
v -0.90499 1.147316 1.001497
v -0.885972 1.024276 1.140354
v -0.878055 1.240242 1.140354
v -0.878055 1.240242 1.001497
v -0.90499 1.147316 1.001497
v -0.626742 1.024276 1.001497
v -0.633056 1.161971 1.001497
v -0.885972 1.024276 1.001497
v -0.878055 1.240242 1.001497
v -0.713897 1.262398 1.001497
v -0.885972 1.024276 1.001497
v -0.626742 1.024276 1.140354
v -0.626742 1.024276 1.001497
v -0.885972 1.024276 1.140354
v -0.878055 1.240242 1.140354
v -0.713897 1.262398 1.001497
v -0.713897 1.262398 1.140354
v -0.878055 1.240242 1.140354
v -0.878055 1.240242 1.001497
v -0.628908 1.065575 1.209311
v -0.651065 1.182001 1.209311
v -0.628908 1.15506 1.209311
v -0.708152 1.15989 1.209311
v -0.706543 1.086746 1.209311
v -0.711825 1.091542 1.003836
v -0.711825 1.15553 0.930312
v -0.711825 1.15553 1.003836
v -0.711825 1.091542 0.930312
v -0.641548 1.064134 0.930312
v -0.711825 1.15553 0.930312
v -0.711825 1.091542 0.930312
v -0.641548 1.178411 0.930312
v -0.711825 1.091542 0.930312
v -0.641548 1.064134 1.003836
v -0.641548 1.064134 0.930312
v -0.711825 1.091542 1.003836
v -0.711825 1.15553 1.003836
v -0.641548 1.178411 0.930312
v -0.641548 1.178411 1.003836
v -0.711825 1.15553 0.930312
v -0.711825 1.091542 1.003836
v -0.641548 1.178411 1.003836
v -0.641548 1.064134 1.003836
v -0.711825 1.15553 1.003836
v -0.628908 1.065575 1.139368
v -0.706543 1.086746 1.209311
v -0.628908 1.065575 1.209311
v -0.706543 1.086746 1.139368
v -0.706543 1.086746 1.139368
v -0.708152 1.15989 1.209311
v -0.706543 1.086746 1.209311
v -0.708152 1.15989 1.139368
v -0.651663 1.181769 1.139368
v -0.708152 1.15989 1.209311
v -0.708152 1.15989 1.139368
v -0.651065 1.182001 1.209311
v -0.628908 1.15506 1.139368
v -0.651065 1.182001 1.209311
v -0.651663 1.181769 1.139368
v -0.628908 1.15506 1.209311
v -0.713897 1.262398 1.140354
v -0.633056 1.161971 1.001497
v -0.633056 1.161971 1.140354
v -0.713897 1.262398 1.001497
v -0.626742 1.024276 1.140354
v -0.626742 1.024276 1.001497
v -0.633056 1.161971 1.140354
v -0.885972 1.024276 1.140354
v -0.90499 1.147316 1.140354
v -0.626742 1.024276 1.140354
v -0.713897 1.262398 1.140354
v -0.878055 1.240242 1.140354
v -0.637736 1.085225 0.846292
v -0.637736 0.810893 -0.314532
v -0.637736 1.083035 -0.314587
v -0.637736 0.810893 0.844187
v -0.62516 0.973464 1.871934
v -0.686575 1.039773 1.549817
v -0.62516 1.062488 1.549817
v -0.686575 0.957347 1.861882
v -0.686575 0.743082 2.10111
v -0.62516 0.753682 2.119415
v -0.686575 0.420818 2.196852
v -0.62516 0.420818 2.219774
v -0.62516 0.260535 2.201854
v -0.686575 0.259998 2.178402
v -0.787649 0.875015 1.811922
v -0.787649 0.94397 1.549817
v -0.787649 0.692043 2.003988
v -0.787649 0.642192 1.93157
v -0.787649 0.80207 1.774271
v -0.787649 0.94397 1.549817
v -0.787649 0.858434 1.549817
v -0.787649 0.420818 1.987975
v -0.787649 0.427687 2.077339
v -0.787649 0.258082 2.067131
v -0.787649 0.256543 1.982606
v -0.787649 0.80207 1.325364
v -0.787649 0.94397 1.549817
v -0.787649 0.875015 1.287712
v -0.787649 0.642192 1.168064
v -0.787649 0.692043 1.095646
v -0.787649 0.420818 1.11166
v -0.787649 0.427687 1.022296
v -0.787649 0.258082 1.032503
v -0.787649 0.256542 1.117028
v -0.686575 0.957347 1.237751
v -0.686575 1.039773 1.549817
v -0.62516 0.973464 1.227699
v -0.62516 1.062488 1.549817
v -0.686575 0.743082 0.998524
v -0.62516 0.753682 0.980219
v -0.686575 0.420818 0.902782
v -0.62516 0.420818 0.87986
v -0.62516 0.260535 0.897781
v -0.686575 0.259998 0.921232
v -0.787649 0.94397 1.549817
v -0.62516 0.973464 -0.688614
v -0.686575 1.039773 -1.010732
v -0.62516 1.062488 -1.010732
v -0.686575 0.957347 -0.698666
v -0.686575 0.743082 -0.459439
v -0.62516 0.753682 -0.441133
v -0.686575 0.420818 -0.363697
v -0.62516 0.420818 -0.340775
v -0.62516 0.260535 -0.358695
v -0.686575 0.259998 -0.382147
v -0.787649 0.875015 -0.748627
v -0.787648 0.94397 -1.010732
v -0.787649 0.692043 -0.556561
v -0.787649 0.642192 -0.628979
v -0.787649 0.802071 -0.786278
v -0.787648 0.94397 -1.010732
v -0.787648 0.858434 -1.010732
v -0.787649 0.420818 -0.572574
v -0.787648 0.427687 -0.483211
v -0.787648 0.258082 -0.493418
v -0.787649 0.256542 -0.577942
v -0.787649 0.802071 -1.235186
v -0.787648 0.94397 -1.010732
v -0.787649 0.875015 -1.272837
v -0.787649 0.642192 -1.392485
v -0.787649 0.692043 -1.464902
v -0.787649 0.420818 -1.448889
v -0.787648 0.427687 -1.538253
v -0.787648 0.258082 -1.528046
v -0.787649 0.256542 -1.443522
v -0.686575 0.957347 -1.322798
v -0.686575 1.039773 -1.010732
v -0.62516 0.973464 -1.332849
v -0.62516 1.062488 -1.010732
v -0.686575 0.743082 -1.562024
v -0.62516 0.753682 -1.580331
v -0.686575 0.420818 -1.657767
v -0.62516 0.420818 -1.680689
v -0.62516 0.260535 -1.662768
v -0.686575 0.259998 -1.639317
v -0.787648 0.94397 -1.010732
v 0.07626 0.75755 0.272423
v -0.234172 0.854647 0.369674
v -0.078871 0.757396 0.272317
v -0.234172 0.998744 0.469156
v 0.231732 0.854135 0.369321
v -0.079481 1.116824 0.533238
v 0.231254 0.995221 0.466723
v 0.078306 1.116824 0.533238
v 0.868266 0.608256 1.606712
v 0.868266 0.541372 1.69877
v 0.868266 0.582105 1.658038
v 0.868266 0.433151 1.733934
v 0.868266 0.490046 1.724922
v 0.868266 0.258046 1.606712
v 0.868266 0.32493 1.69877
v 0.868266 0.376256 1.724922
v 0.868266 0.284198 1.658038
v 0.868266 0.32493 1.400864
v 0.868266 0.258046 1.492923
v 0.868266 0.249035 1.549817
v 0.868266 0.284198 1.441596
v 0.868266 0.541372 1.400864
v 0.868266 0.433151 1.365701
v 0.868266 0.376256 1.374712
v 0.868266 0.490046 1.374712
v 0.868266 0.608256 1.492923
v 0.868266 0.582105 1.441596
v 0.868266 0.617268 1.549817
v 0.504289 0.871718 1.549817
v 0.957072 0.850253 1.685342
v 0.504289 0.850253 1.685342
v 0.957072 0.871718 1.549817
v 0.957072 0.787959 1.8076
v 0.504289 0.787959 1.8076
v 0.957072 0.690934 1.904625
v 0.504289 0.690934 1.904625
v 0.957072 0.568676 1.966918
v 0.504289 0.568676 1.966918
v 0.957072 0.433151 1.988384
v 0.504289 0.432849 1.988352
v 0.957072 0.297627 1.966918
v 0.504018 0.297325 1.966887
v 0.957072 0.175368 1.904625
v 0.504018 0.175066 1.904593
v 0.957072 0.078343 1.8076
v 0.504018 0.078041 1.807568
v 0.957072 0.01605 1.685342
v 0.504018 0.015748 1.68531
v 0.957072 -0.005415 1.549817
v 0.504018 -0.005717 1.549785
v 0.957072 0.871718 1.549817
v 1.007801 0.762737 1.656906
v 0.957072 0.850253 1.685342
v 1.007801 0.779698 1.549817
v 1.007801 0.713513 1.753513
v 0.957072 0.787959 1.8076
v 1.007801 0.636846 1.830179
v 0.957072 0.690934 1.904625
v 1.007801 0.54024 1.879403
v 0.957072 0.568676 1.966918
v 1.007801 0.433151 1.896364
v 0.957072 0.433151 1.988384
v 1.007801 0.326062 1.879403
v 0.957072 0.297627 1.966918
v 1.007801 0.229456 1.830179
v 0.957072 0.175368 1.904625
v 1.007801 0.152789 1.753513
v 0.957072 0.078343 1.8076
v 1.007801 0.103566 1.656906
v 0.957072 0.01605 1.685342
v 1.007801 0.086605 1.549817
v 0.957072 -0.005415 1.549817
v 1.007801 0.49022 1.725458
v 1.007801 0.433151 1.734497
v 1.007801 0.376082 1.725458
v 1.007801 0.324599 1.699226
v 1.007801 0.283742 1.658369
v 1.007801 0.25751 1.606886
v 1.007801 0.248471 1.549817
v 1.007801 0.541703 1.699226
v 1.007801 0.58256 1.658369
v 1.007801 0.608792 1.606886
v 1.007801 0.617831 1.549817
v 1.007801 0.617831 1.549817
v 0.868266 0.608256 1.606712
v 1.007801 0.608792 1.606886
v 0.868266 0.617268 1.549817
v 0.868266 0.582105 1.658038
v 1.007801 0.58256 1.658369
v 0.868266 0.541372 1.69877
v 1.007801 0.541703 1.699226
v 0.868266 0.490046 1.724922
v 1.007801 0.49022 1.725458
v 0.868266 0.433151 1.733934
v 1.007801 0.433151 1.734497
v 0.868266 0.376256 1.724922
v 1.007801 0.376082 1.725458
v 0.868266 0.32493 1.69877
v 1.007801 0.324599 1.699226
v 0.868266 0.284198 1.658038
v 1.007801 0.283742 1.658369
v 0.868266 0.258046 1.606712
v 1.007801 0.25751 1.606886
v 0.868266 0.249035 1.549817
v 1.007801 0.248471 1.549817
v 0.504289 0.871718 1.549817
v 0.957072 0.850253 1.414293
v 0.957072 0.871718 1.549817
v 0.504289 0.850253 1.414292
v 0.957072 0.787959 1.292034
v 0.504289 0.787959 1.292034
v 0.957072 0.690934 1.195009
v 0.504289 0.690934 1.195009
v 0.957072 0.568676 1.132716
v 0.504289 0.568676 1.132716
v 0.957072 0.433151 1.111251
v 0.504289 0.432849 1.111219
v 0.957072 0.297627 1.132716
v 0.504018 0.297325 1.132684
v 0.957072 0.175368 1.195009
v 0.504018 0.175066 1.194978
v 0.957072 0.078343 1.292034
v 0.504018 0.078041 1.292002
v 0.957072 0.01605 1.414293
v 0.504018 0.015748 1.414261
v 0.957072 -0.005415 1.549817
v 0.504018 -0.005717 1.549785
v 0.957072 0.871718 1.549817
v 1.007801 0.762737 1.442728
v 1.007801 0.779698 1.549817
v 0.957072 0.850253 1.414293
v 1.007801 0.713513 1.346122
v 0.957072 0.787959 1.292034
v 1.007801 0.636846 1.269455
v 0.957072 0.690934 1.195009
v 1.007801 0.54024 1.220232
v 0.957072 0.568676 1.132716
v 1.007801 0.433151 1.203271
v 0.957072 0.433151 1.111251
v 1.007801 0.326062 1.220232
v 0.957072 0.297627 1.132716
v 1.007801 0.229456 1.269455
v 0.957072 0.175368 1.195009
v 1.007801 0.152789 1.346122
v 0.957072 0.078343 1.292034
v 1.007801 0.103566 1.442728
v 0.957072 0.01605 1.414293
v 1.007801 0.086605 1.549817
v 0.957072 -0.005415 1.549817
v 1.007801 0.49022 1.374176
v 1.007801 0.541703 1.400408
v 1.007801 0.58256 1.441265
v 1.007801 0.608792 1.492748
v 1.007801 0.617831 1.549817
v 1.007801 0.25751 1.492748
v 1.007801 0.283742 1.441265
v 1.007801 0.248471 1.549817
v 1.007801 0.433151 1.365137
v 1.007801 0.376082 1.374176
v 1.007801 0.324599 1.400408
v 1.007801 0.617831 1.549817
v 0.868266 0.608256 1.492923
v 0.868266 0.617268 1.549817
v 1.007801 0.608792 1.492748
v 0.868266 0.582105 1.441596
v 1.007801 0.58256 1.441265
v 0.868266 0.541372 1.400864
v 1.007801 0.541703 1.400408
v 0.868266 0.490046 1.374712
v 1.007801 0.49022 1.374176
v 0.868266 0.433151 1.365701
v 1.007801 0.433151 1.365137
v 0.868266 0.376256 1.374712
v 1.007801 0.376082 1.374176
v 0.868266 0.32493 1.400864
v 1.007801 0.324599 1.400408
v 0.868266 0.284198 1.441596
v 1.007801 0.283742 1.441265
v 0.868266 0.258046 1.492923
v 1.007801 0.25751 1.492748
v 0.868266 0.249035 1.549817
v 1.007801 0.248471 1.549817
v -0.868266 0.608256 1.492923
v -0.868266 0.541372 1.400864
v -0.868266 0.582105 1.441596
v -0.868266 0.608256 1.606712
v -0.868266 0.32493 1.400864
v -0.868266 0.433151 1.365701
v -0.868266 0.490046 1.374712
v -0.868266 0.376256 1.374712
v -0.868266 0.258046 1.606712
v -0.868266 0.258046 1.492923
v -0.868266 0.284198 1.441596
v -0.868266 0.249035 1.549817
v -0.868266 0.433151 1.733934
v -0.868266 0.32493 1.69877
v -0.868266 0.284198 1.658038
v -0.868266 0.376256 1.724922
v -0.868266 0.541372 1.69877
v -0.868266 0.490046 1.724922
v -0.868266 0.582105 1.658038
v -0.868266 0.617268 1.549817
v -0.501572 0.871718 1.549817
v -0.957072 0.850253 1.685342
v -0.957072 0.871718 1.549817
v -0.501572 0.850253 1.685342
v -0.957072 0.787959 1.8076
v -0.501572 0.787959 1.8076
v -0.957072 0.690934 1.904625
v -0.501572 0.690934 1.904625
v -0.957072 0.568676 1.966918
v -0.501572 0.568676 1.966918
v -0.957072 0.433151 1.988384
v -0.501572 0.432547 1.98832
v -0.957072 0.297627 1.966918
v -0.502112 0.297023 1.966855
v -0.957072 0.175368 1.904625
v -0.502112 0.174764 1.904561
v -0.957072 0.078343 1.8076
v -0.502112 0.077739 1.807536
v -0.957072 0.01605 1.685342
v -0.502112 0.015446 1.685278
v -0.957072 -0.005415 1.549817
v -0.502112 -0.006019 1.549753
v -0.957072 0.871718 1.549817
v -1.007801 0.762737 1.656906
v -1.007801 0.779698 1.549817
v -0.957072 0.850253 1.685342
v -1.007801 0.713513 1.753513
v -0.957072 0.787959 1.8076
v -1.007801 0.636846 1.830179
v -0.957072 0.690934 1.904625
v -1.007801 0.54024 1.879403
v -0.957072 0.568676 1.966918
v -1.007801 0.433151 1.896364
v -0.957072 0.433151 1.988384
v -1.007801 0.326062 1.879403
v -0.957072 0.297627 1.966918
v -1.007801 0.229456 1.830179
v -0.957072 0.175368 1.904625
v -1.007801 0.152789 1.753513
v -0.957072 0.078343 1.8076
v -1.007801 0.103566 1.656906
v -0.957072 0.01605 1.685342
v -1.007801 0.086605 1.549817
v -0.957072 -0.005415 1.549817
v -1.007801 0.49022 1.725458
v -1.007801 0.541703 1.699226
v -1.007801 0.58256 1.658369
v -1.007801 0.608792 1.606886
v -1.007801 0.617831 1.549817
v -1.007801 0.25751 1.606886
v -1.007801 0.283742 1.658369
v -1.007801 0.248471 1.549817
v -1.007801 0.433151 1.734497
v -1.007801 0.376082 1.725458
v -1.007801 0.324599 1.699226
v -1.007801 0.617831 1.549817
v -0.868266 0.608256 1.606712
v -0.868266 0.617268 1.549817
v -1.007801 0.608792 1.606886
v -0.868266 0.582105 1.658038
v -1.007801 0.58256 1.658369
v -0.868266 0.541372 1.69877
v -1.007801 0.541703 1.699226
v -0.868266 0.490046 1.724922
v -1.007801 0.49022 1.725458
v -0.868266 0.433151 1.733934
v -1.007801 0.433151 1.734497
v -0.868266 0.376256 1.724922
v -1.007801 0.376082 1.725458
v -0.868266 0.32493 1.69877
v -1.007801 0.324599 1.699226
v -0.868266 0.284198 1.658038
v -1.007801 0.283742 1.658369
v -0.868266 0.258046 1.606712
v -1.007801 0.25751 1.606886
v -0.868266 0.249035 1.549817
v -1.007801 0.248471 1.549817
v -0.501572 0.871718 1.549817
v -0.957072 0.850253 1.414293
v -0.501572 0.850253 1.414292
v -0.957072 0.871718 1.549817
v -0.957072 0.787959 1.292034
v -0.501572 0.787959 1.292034
v -0.957072 0.690934 1.195009
v -0.501572 0.690934 1.195009
v -0.957072 0.568676 1.132716
v -0.501572 0.568676 1.132716
v -0.957072 0.433151 1.111251
v -0.501572 0.432547 1.111187
v -0.957072 0.297627 1.132716
v -0.502112 0.297023 1.132652
v -0.957072 0.175368 1.195009
v -0.502112 0.174764 1.194946
v -0.957072 0.078343 1.292034
v -0.502112 0.077739 1.291971
v -0.957072 0.01605 1.414293
v -0.502112 0.015446 1.414229
v -0.957072 -0.005415 1.549817
v -0.502112 -0.006019 1.549753
v -0.957072 0.871718 1.549817
v -1.007801 0.762737 1.442728
v -0.957072 0.850253 1.414293
v -1.007801 0.779698 1.549817
v -1.007801 0.713513 1.346122
v -0.957072 0.787959 1.292034
v -1.007801 0.636846 1.269455
v -0.957072 0.690934 1.195009
v -1.007801 0.54024 1.220232
v -0.957072 0.568676 1.132716
v -1.007801 0.433151 1.203271
v -0.957072 0.433151 1.111251
v -1.007801 0.326062 1.220232
v -0.957072 0.297627 1.132716
v -1.007801 0.229456 1.269455
v -0.957072 0.175368 1.195009
v -1.007801 0.152789 1.346122
v -0.957072 0.078343 1.292034
v -1.007801 0.103566 1.442728
v -0.957072 0.01605 1.414293
v -1.007801 0.086605 1.549817
v -0.957072 -0.005415 1.549817
v -1.007801 0.49022 1.374176
v -1.007801 0.433151 1.365137
v -1.007801 0.376082 1.374176
v -1.007801 0.324599 1.400408
v -1.007801 0.283742 1.441265
v -1.007801 0.25751 1.492748
v -1.007801 0.248471 1.549817
v -1.007801 0.541703 1.400408
v -1.007801 0.58256 1.441265
v -1.007801 0.608792 1.492748
v -1.007801 0.617831 1.549817
v -1.007801 0.617831 1.549817
v -0.868266 0.608256 1.492923
v -1.007801 0.608792 1.492748
v -0.868266 0.617268 1.549817
v -0.868266 0.582105 1.441596
v -1.007801 0.58256 1.441265
v -0.868266 0.541372 1.400864
v -1.007801 0.541703 1.400408
v -0.868266 0.490046 1.374712
v -1.007801 0.49022 1.374176
v -0.868266 0.433151 1.365701
v -1.007801 0.433151 1.365137
v -0.868266 0.376256 1.374712
v -1.007801 0.376082 1.374176
v -0.868266 0.32493 1.400864
v -1.007801 0.324599 1.400408
v -0.868266 0.284198 1.441596
v -1.007801 0.283742 1.441265
v -0.868266 0.258046 1.492923
v -1.007801 0.25751 1.492748
v -0.868266 0.249035 1.549817
v -1.007801 0.248471 1.549817
v 0.868266 0.608256 -0.953837
v 0.868266 0.541372 -0.861778
v 0.868266 0.582105 -0.902511
v 0.868266 0.433151 -0.826615
v 0.868266 0.490046 -0.835626
v 0.868266 0.258046 -0.953837
v 0.868266 0.32493 -0.861778
v 0.868266 0.376256 -0.835626
v 0.868266 0.284198 -0.902511
v 0.868266 0.32493 -1.159685
v 0.868266 0.258046 -1.067627
v 0.868266 0.249035 -1.010732
v 0.868266 0.284198 -1.118953
v 0.868266 0.541372 -1.159685
v 0.868266 0.433151 -1.194848
v 0.868266 0.376256 -1.185837
v 0.868266 0.490046 -1.185837
v 0.868266 0.608256 -1.067627
v 0.868266 0.582105 -1.118953
v 0.868266 0.617268 -1.010732
v 0.504289 0.871718 -1.010499
v 0.957072 0.850253 -0.875207
v 0.504289 0.850253 -0.874975
v 0.957072 0.871718 -1.010732
v 0.957072 0.787959 -0.752949
v 0.504289 0.787959 -0.752717
v 0.957072 0.690934 -0.655924
v 0.504289 0.690934 -0.655692
v 0.957072 0.568676 -0.59363
v 0.504289 0.568676 -0.593398
v 0.957072 0.433151 -0.572165
v 0.504289 0.432849 -0.571965
v 0.957072 0.297627 -0.59363
v 0.504018 0.297325 -0.59343
v 0.957072 0.175368 -0.655924
v 0.504018 0.175066 -0.655724
v 0.957072 0.078343 -0.752949
v 0.504018 0.078041 -0.752749
v 0.957072 0.01605 -0.875207
v 0.504018 0.015748 -0.875007
v 0.957072 -0.005415 -1.010732
v 0.504018 -0.005717 -1.010531
v 0.957072 0.871718 -1.010732
v 1.007801 0.762737 -0.903643
v 0.957072 0.850253 -0.875207
v 1.007801 0.779698 -1.010732
v 1.007801 0.713513 -0.807037
v 0.957072 0.787959 -0.752949
v 1.007801 0.636846 -0.73037
v 0.957072 0.690934 -0.655924
v 1.007801 0.54024 -0.681146
v 0.957072 0.568676 -0.59363
v 1.007801 0.433151 -0.664185
v 0.957072 0.433151 -0.572165
v 1.007801 0.326062 -0.681146
v 0.957072 0.297627 -0.59363
v 1.007801 0.229456 -0.73037
v 0.957072 0.175368 -0.655924
v 1.007801 0.152789 -0.807037
v 0.957072 0.078343 -0.752949
v 1.007801 0.103566 -0.903643
v 0.957072 0.01605 -0.875207
v 1.007801 0.086605 -1.010732
v 0.957072 -0.005415 -1.010732
v 1.007801 0.49022 -0.835091
v 1.007801 0.433151 -0.826052
v 1.007801 0.376082 -0.835091
v 1.007801 0.324599 -0.861323
v 1.007801 0.283742 -0.90218
v 1.007801 0.25751 -0.953663
v 1.007801 0.248471 -1.010732
v 1.007801 0.541703 -0.861323
v 1.007801 0.58256 -0.90218
v 1.007801 0.608792 -0.953663
v 1.007801 0.617831 -1.010732
v 1.007801 0.617831 -1.010732
v 0.868266 0.608256 -0.953837
v 1.007801 0.608792 -0.953663
v 0.868266 0.617268 -1.010732
v 0.868266 0.582105 -0.902511
v 1.007801 0.58256 -0.90218
v 0.868266 0.541372 -0.861778
v 1.007801 0.541703 -0.861323
v 0.868266 0.490046 -0.835626
v 1.007801 0.49022 -0.835091
v 0.868266 0.433151 -0.826615
v 1.007801 0.433151 -0.826052
v 0.868266 0.376256 -0.835626
v 1.007801 0.376082 -0.835091
v 0.868266 0.32493 -0.861778
v 1.007801 0.324599 -0.861323
v 0.868266 0.284198 -0.902511
v 1.007801 0.283742 -0.90218
v 0.868266 0.258046 -0.953837
v 1.007801 0.25751 -0.953663
v 0.868266 0.249035 -1.010732
v 1.007801 0.248471 -1.010732
v 0.504289 0.871718 -1.010499
v 0.957072 0.850253 -1.146256
v 0.957072 0.871718 -1.010732
v 0.504289 0.850253 -1.146024
v 0.957072 0.787959 -1.268514
v 0.504289 0.787959 -1.268283
v 0.957072 0.690934 -1.365539
v 0.504289 0.690934 -1.365307
v 0.957072 0.568676 -1.427833
v 0.504289 0.568676 -1.427601
v 0.957072 0.433151 -1.449299
v 0.504289 0.432849 -1.449098
v 0.957072 0.297627 -1.427833
v 0.504018 0.297325 -1.427633
v 0.957072 0.175368 -1.365539
v 0.504018 0.175066 -1.365339
v 0.957072 0.078343 -1.268514
v 0.504018 0.078041 -1.268314
v 0.957072 0.01605 -1.146256
v 0.504018 0.015748 -1.146056
v 0.957072 -0.005415 -1.010732
v 0.504018 -0.005717 -1.010531
v 0.957072 0.871718 -1.010732
v 1.007801 0.762737 -1.117821
v 1.007801 0.779698 -1.010732
v 0.957072 0.850253 -1.146256
v 1.007801 0.713513 -1.214427
v 0.957072 0.787959 -1.268514
v 1.007801 0.636846 -1.291094
v 0.957072 0.690934 -1.365539
v 1.007801 0.54024 -1.340317
v 0.957072 0.568676 -1.427833
v 1.007801 0.433151 -1.357278
v 0.957072 0.433151 -1.449299
v 1.007801 0.326062 -1.340317
v 0.957072 0.297627 -1.427833
v 1.007801 0.229456 -1.291094
v 0.957072 0.175368 -1.365539
v 1.007801 0.152789 -1.214427
v 0.957072 0.078343 -1.268514
v 1.007801 0.103566 -1.11782
v 0.957072 0.01605 -1.146256
v 1.007801 0.086605 -1.010732
v 0.957072 -0.005415 -1.010732
v 1.007801 0.49022 -1.186372
v 1.007801 0.541703 -1.160141
v 1.007801 0.58256 -1.119284
v 1.007801 0.608792 -1.067801
v 1.007801 0.617831 -1.010732
v 1.007801 0.25751 -1.067801
v 1.007801 0.283742 -1.119284
v 1.007801 0.248471 -1.010732
v 1.007801 0.433151 -1.195411
v 1.007801 0.376082 -1.186372
v 1.007801 0.324599 -1.160141
v 1.007801 0.617831 -1.010732
v 0.868266 0.608256 -1.067627
v 0.868266 0.617268 -1.010732
v 1.007801 0.608792 -1.067801
v 0.868266 0.582105 -1.118953
v 1.007801 0.58256 -1.119284
v 0.868266 0.541372 -1.159685
v 1.007801 0.541703 -1.160141
v 0.868266 0.490046 -1.185837
v 1.007801 0.49022 -1.186372
v 0.868266 0.433151 -1.194848
v 1.007801 0.433151 -1.195411
v 0.868266 0.376256 -1.185837
v 1.007801 0.376082 -1.186372
v 0.868266 0.32493 -1.159685
v 1.007801 0.324599 -1.160141
v 0.868266 0.284198 -1.118953
v 1.007801 0.283742 -1.119284
v 0.868266 0.258046 -1.067627
v 1.007801 0.25751 -1.067801
v 0.868266 0.249035 -1.010732
v 1.007801 0.248471 -1.010732
v -0.868266 0.608256 -1.067627
v -0.868266 0.541372 -1.159685
v -0.868266 0.582105 -1.118953
v -0.868266 0.608256 -0.953837
v -0.868266 0.32493 -1.159685
v -0.868266 0.433151 -1.194848
v -0.868266 0.490046 -1.185837
v -0.868266 0.376256 -1.185837
v -0.868266 0.258046 -0.953837
v -0.868266 0.258046 -1.067627
v -0.868266 0.284198 -1.118953
v -0.868266 0.249035 -1.010732
v -0.868266 0.433151 -0.826615
v -0.868266 0.32493 -0.861778
v -0.868266 0.284198 -0.902511
v -0.868266 0.376256 -0.835626
v -0.868266 0.541372 -0.861778
v -0.868266 0.490046 -0.835626
v -0.868266 0.582105 -0.902511
v -0.868266 0.617268 -1.010732
v -0.501284 0.871718 -1.010499
v -0.957072 0.850253 -0.875207
v -0.957072 0.871718 -1.010732
v -0.501284 0.850253 -0.874975
v -0.957072 0.787959 -0.752949
v -0.501284 0.787959 -0.752717
v -0.957072 0.690934 -0.655924
v -0.501284 0.690934 -0.655692
v -0.957072 0.568676 -0.59363
v -0.501284 0.568676 -0.593398
v -0.957072 0.433151 -0.572165
v -0.501284 0.432849 -0.571965
v -0.957072 0.297627 -0.59363
v -0.501555 0.297325 -0.59343
v -0.957072 0.175368 -0.655924
v -0.501555 0.175066 -0.655724
v -0.957072 0.078343 -0.752949
v -0.501555 0.078041 -0.752749
v -0.957072 0.01605 -0.875207
v -0.501555 0.015748 -0.875007
v -0.957072 -0.005415 -1.010732
v -0.501555 -0.005717 -1.010531
v -0.957072 0.871718 -1.010732
v -1.007801 0.762737 -0.903643
v -1.007801 0.779698 -1.010732
v -0.957072 0.850253 -0.875207
v -1.007801 0.713513 -0.807037
v -0.957072 0.787959 -0.752949
v -1.007801 0.636846 -0.73037
v -0.957072 0.690934 -0.655924
v -1.007801 0.54024 -0.681146
v -0.957072 0.568676 -0.59363
v -1.007801 0.433151 -0.664185
v -0.957072 0.433151 -0.572165
v -1.007801 0.326062 -0.681146
v -0.957072 0.297627 -0.59363
v -1.007801 0.229456 -0.73037
v -0.957072 0.175368 -0.655924
v -1.007801 0.152789 -0.807037
v -0.957072 0.078343 -0.752949
v -1.007801 0.103566 -0.903643
v -0.957072 0.01605 -0.875207
v -1.007801 0.086605 -1.010732
v -0.957072 -0.005415 -1.010732
v -1.007801 0.49022 -0.835091
v -1.007801 0.541703 -0.861323
v -1.007801 0.58256 -0.90218
v -1.007801 0.608792 -0.953663
v -1.007801 0.617831 -1.010732
v -1.007801 0.25751 -0.953663
v -1.007801 0.283742 -0.90218
v -1.007801 0.248471 -1.010732
v -1.007801 0.433151 -0.826052
v -1.007801 0.376082 -0.835091
v -1.007801 0.324599 -0.861323
v -1.007801 0.617831 -1.010732
v -0.868266 0.608256 -0.953837
v -0.868266 0.617268 -1.010732
v -1.007801 0.608792 -0.953663
v -0.868266 0.582105 -0.902511
v -1.007801 0.58256 -0.90218
v -0.868266 0.541372 -0.861778
v -1.007801 0.541703 -0.861323
v -0.868266 0.490046 -0.835626
v -1.007801 0.49022 -0.835091
v -0.868266 0.433151 -0.826615
v -1.007801 0.433151 -0.826052
v -0.868266 0.376256 -0.835626
v -1.007801 0.376082 -0.835091
v -0.868266 0.32493 -0.861778
v -1.007801 0.324599 -0.861323
v -0.868266 0.284198 -0.902511
v -1.007801 0.283742 -0.90218
v -0.868266 0.258046 -0.953837
v -1.007801 0.25751 -0.953663
v -0.868266 0.249035 -1.010732
v -1.007801 0.248471 -1.010732
v -0.501284 0.871718 -1.010499
v -0.957072 0.850253 -1.146256
v -0.501284 0.850253 -1.146024
v -0.957072 0.871718 -1.010732
v -0.957072 0.787959 -1.268514
v -0.501284 0.787959 -1.268283
v -0.957072 0.690934 -1.365539
v -0.501284 0.690934 -1.365307
v -0.957072 0.568676 -1.427833
v -0.501284 0.568676 -1.427601
v -0.957072 0.433151 -1.449299
v -0.501284 0.432849 -1.449098
v -0.957072 0.297627 -1.427833
v -0.501555 0.297325 -1.427633
v -0.957072 0.175368 -1.365539
v -0.501555 0.175066 -1.365339
v -0.957072 0.078343 -1.268514
v -0.501555 0.078041 -1.268314
v -0.957072 0.01605 -1.146256
v -0.501555 0.015748 -1.146056
v -0.957072 -0.005415 -1.010732
v -0.501555 -0.005717 -1.010531
v -0.957072 0.871718 -1.010732
v -1.007801 0.762737 -1.117821
v -0.957072 0.850253 -1.146256
v -1.007801 0.779698 -1.010732
v -1.007801 0.713513 -1.214427
v -0.957072 0.787959 -1.268514
v -1.007801 0.636846 -1.291094
v -0.957072 0.690934 -1.365539
v -1.007801 0.54024 -1.340317
v -0.957072 0.568676 -1.427833
v -1.007801 0.433151 -1.357278
v -0.957072 0.433151 -1.449299
v -1.007801 0.326062 -1.340317
v -0.957072 0.297627 -1.427833
v -1.007801 0.229456 -1.291094
v -0.957072 0.175368 -1.365539
v -1.007801 0.152789 -1.214427
v -0.957072 0.078343 -1.268514
v -1.007801 0.103566 -1.11782
v -0.957072 0.01605 -1.146256
v -1.007801 0.086605 -1.010732
v -0.957072 -0.005415 -1.010732
v -1.007801 0.49022 -1.186372
v -1.007801 0.433151 -1.195411
v -1.007801 0.376082 -1.186372
v -1.007801 0.324599 -1.160141
v -1.007801 0.283742 -1.119284
v -1.007801 0.25751 -1.067801
v -1.007801 0.248471 -1.010732
v -1.007801 0.541703 -1.160141
v -1.007801 0.58256 -1.119284
v -1.007801 0.608792 -1.067801
v -1.007801 0.617831 -1.010732
v -1.007801 0.617831 -1.010732
v -0.868266 0.608256 -1.067627
v -1.007801 0.608792 -1.067801
v -0.868266 0.617268 -1.010732
v -0.868266 0.582105 -1.118953
v -1.007801 0.58256 -1.119284
v -0.868266 0.541372 -1.159685
v -1.007801 0.541703 -1.160141
v -0.868266 0.490046 -1.185837
v -1.007801 0.49022 -1.186372
v -0.868266 0.433151 -1.194848
v -1.007801 0.433151 -1.195411
v -0.868266 0.376256 -1.185837
v -1.007801 0.376082 -1.186372
v -0.868266 0.32493 -1.159685
v -1.007801 0.324599 -1.160141
v -0.868266 0.284198 -1.118953
v -1.007801 0.283742 -1.119284
v -0.868266 0.258046 -1.067627
v -1.007801 0.25751 -1.067801
v -0.868266 0.249035 -1.010732
v -1.007801 0.248471 -1.010732
v -0.489465 1.673363 0.601935
v 0.000055 1.673795 0.515609
v -0.489464 1.673458 0.515768
v -0.628185 1.673363 0.515813
v 0.000055 1.673795 0.515609
v -0.489465 1.673363 0.601935
v 0.0 1.673763 0.601935
v 0.58478 1.674393 -1.314385
v 0.489465 1.674393 -1.330521
v 0.628185 1.674393 -1.253172
v 0.628185 1.674172 -0.898656
v 0.489465 1.674403 -1.253175
v 0.489465 1.797592 -0.898657
v 0.489465 1.674403 -1.253175
v 0.628185 1.674172 -0.898656
v 0.628185 1.674393 -1.253172
v 0.489465 1.674393 -1.330521
v 0.628185 1.673363 0.515813
v 0.489465 1.673458 0.515768
v 0.489465 1.673363 0.601935
v 0.000055 1.673795 0.515609
v 0.628185 1.673363 0.515813
v 0.489465 1.673363 0.601935
v 0.589158 1.673363 0.580405
v -0.500405 0.608524 1.6068
v -0.501572 0.871718 1.549817
v -0.500405 0.617549 1.549817
v -0.501572 0.850253 1.685342
v -0.500405 0.582332 1.658203
v -0.501572 0.787959 1.8076
v -0.500405 0.541538 1.698998
v -0.501572 0.690934 1.904625
v -0.500405 0.490133 1.72519
v -0.501572 0.568676 1.966918
v -0.501572 0.432547 1.98832
v -0.500405 0.432547 1.734151
v -0.501572 0.871718 1.549817
v -0.500405 0.608524 1.492835
v -0.500405 0.617549 1.549817
v -0.501572 0.850253 1.414292
v -0.500405 0.582332 1.44143
v -0.501572 0.787959 1.292034
v -0.500405 0.541538 1.400635
v -0.501572 0.690934 1.195009
v -0.500405 0.490133 1.374444
v -0.501572 0.568676 1.132716
v -0.500405 0.432547 1.365356
v -0.501572 0.432547 1.111187
v -0.500405 0.582332 1.44143
v -0.500405 0.432547 1.549753
v -0.500405 0.608524 1.492835
v -0.500405 0.617549 1.549817
v -0.500405 0.608524 1.6068
v -0.500405 0.582332 1.658203
v -0.500405 0.541538 1.698998
v -0.500405 0.490133 1.72519
v -0.500405 0.432547 1.734151
v -0.500405 0.541538 1.400635
v -0.500405 0.490133 1.374444
v -0.500405 0.432547 1.365356
v -0.500405 0.25657 1.492707
v -0.502112 -0.006019 1.549753
v -0.500405 0.247545 1.54969
v -0.502112 0.015446 1.414229
v -0.500405 0.282762 1.441304
v -0.502112 0.077739 1.291971
v -0.500405 0.323557 1.400509
v -0.502112 0.174764 1.194946
v -0.500405 0.374961 1.374318
v -0.502112 0.297023 1.132652
v -0.501572 0.432547 1.111187
v -0.500405 0.432547 1.365356
v -0.502112 -0.006019 1.549753
v -0.500405 0.25657 1.606672
v -0.500405 0.247545 1.54969
v -0.502112 0.015446 1.685278
v -0.500405 0.282762 1.658077
v -0.502112 0.077739 1.807536
v -0.500405 0.323557 1.698871
v -0.502112 0.174764 1.904561
v -0.500405 0.374961 1.725063
v -0.502112 0.297023 1.966855
v -0.500405 0.432547 1.734151
v -0.501572 0.432547 1.98832
v -0.500405 0.282762 1.658077
v -0.500405 0.432547 1.549753
v -0.500405 0.25657 1.606672
v -0.500405 0.247545 1.54969
v -0.500405 0.25657 1.492707
v -0.500405 0.282762 1.441304
v -0.500405 0.323557 1.400509
v -0.500405 0.374961 1.374318
v -0.500405 0.432547 1.365356
v -0.500405 0.323557 1.698871
v -0.500405 0.374961 1.725063
v -0.500405 0.432547 1.734151
v 0.507091 0.608524 1.606799
v 0.504289 0.871718 1.549817
v 0.504289 0.850253 1.685342
v 0.507091 0.617549 1.549817
v 0.507091 0.582332 1.658203
v 0.504289 0.787959 1.8076
v 0.507091 0.541538 1.698998
v 0.504289 0.690934 1.904625
v 0.507091 0.490133 1.72519
v 0.504289 0.568676 1.966918
v 0.504289 0.432849 1.988352
v 0.507091 0.432547 1.734151
v 0.504289 0.871718 1.549817
v 0.507091 0.608524 1.492835
v 0.504289 0.850253 1.414292
v 0.507091 0.617549 1.549817
v 0.507091 0.582332 1.44143
v 0.504289 0.787959 1.292034
v 0.507091 0.541538 1.400635
v 0.504289 0.690934 1.195009
v 0.507091 0.490133 1.374444
v 0.504289 0.568676 1.132716
v 0.507091 0.432547 1.365356
v 0.504289 0.432849 1.111219
v 0.507091 0.582332 1.44143
v 0.507091 0.608524 1.492835
v 0.507091 0.432547 1.549753
v 0.507091 0.617549 1.549817
v 0.507091 0.608524 1.606799
v 0.507091 0.582332 1.658203
v 0.507091 0.541538 1.698998
v 0.507091 0.490133 1.72519
v 0.507091 0.432547 1.734151
v 0.507091 0.541538 1.400635
v 0.507091 0.490133 1.374444
v 0.507091 0.432547 1.365356
v 0.507091 0.25657 1.492707
v 0.504018 -0.005717 1.549785
v 0.504018 0.015748 1.414261
v 0.507091 0.247545 1.54969
v 0.507091 0.282762 1.441304
v 0.504018 0.078041 1.292002
v 0.507091 0.323557 1.400509
v 0.504018 0.175066 1.194978
v 0.507091 0.374961 1.374318
v 0.504018 0.297325 1.132684
v 0.504289 0.432849 1.111219
v 0.507091 0.432547 1.365356
v 0.504018 -0.005717 1.549785
v 0.507091 0.25657 1.606672
v 0.504018 0.015748 1.68531
v 0.507091 0.247545 1.54969
v 0.507091 0.282762 1.658077
v 0.504018 0.078041 1.807568
v 0.507091 0.323557 1.698871
v 0.504018 0.175066 1.904593
v 0.507091 0.374961 1.725063
v 0.504018 0.297325 1.966887
v 0.507091 0.432547 1.734151
v 0.504289 0.432849 1.988352
v 0.507091 0.282762 1.658077
v 0.507091 0.25657 1.606672
v 0.507091 0.432547 1.549753
v 0.507091 0.247545 1.54969
v 0.507091 0.25657 1.492707
v 0.507091 0.282762 1.441304
v 0.507091 0.323557 1.400509
v 0.507091 0.374961 1.374318
v 0.507091 0.432547 1.365356
v 0.507091 0.323557 1.698871
v 0.507091 0.374961 1.725063
v 0.507091 0.432547 1.734151
v 0.507091 0.608524 -0.953285
v 0.504289 0.871718 -1.010499
v 0.504289 0.850253 -0.874975
v 0.507091 0.617549 -1.010267
v 0.507091 0.582332 -0.901881
v 0.504289 0.787959 -0.752717
v 0.507091 0.541538 -0.861086
v 0.504289 0.690934 -0.655692
v 0.507091 0.490133 -0.834894
v 0.504289 0.568676 -0.593398
v 0.504289 0.432849 -0.571965
v 0.507091 0.432547 -0.825932
v 0.504289 0.871718 -1.010499
v 0.507091 0.608524 -1.067249
v 0.504289 0.850253 -1.146024
v 0.507091 0.617549 -1.010267
v 0.507091 0.582332 -1.118654
v 0.504289 0.787959 -1.268283
v 0.507091 0.541538 -1.159448
v 0.504289 0.690934 -1.365307
v 0.507091 0.490133 -1.18564
v 0.504289 0.568676 -1.427601
v 0.507091 0.432547 -1.194729
v 0.504289 0.432849 -1.449098
v 0.507091 0.582332 -1.118654
v 0.507091 0.608524 -1.067249
v 0.507091 0.432547 -1.010331
v 0.507091 0.617549 -1.010267
v 0.507091 0.608524 -0.953285
v 0.507091 0.582332 -0.901881
v 0.507091 0.541538 -0.861086
v 0.507091 0.490133 -0.834894
v 0.507091 0.432547 -0.825932
v 0.507091 0.541538 -1.159448
v 0.507091 0.490133 -1.18564
v 0.507091 0.432547 -1.194729
v 0.507091 0.25657 -1.067376
v 0.504018 -0.005717 -1.010531
v 0.504018 0.015748 -1.146056
v 0.507091 0.247545 -1.010394
v 0.507091 0.282762 -1.11878
v 0.504018 0.078041 -1.268314
v 0.507091 0.323557 -1.159575
v 0.504018 0.175066 -1.365339
v 0.507091 0.374961 -1.185767
v 0.504018 0.297325 -1.427633
v 0.504289 0.432849 -1.449098
v 0.507091 0.432547 -1.194729
v 0.504018 -0.005717 -1.010531
v 0.507091 0.25657 -0.953412
v 0.504018 0.015748 -0.875007
v 0.507091 0.247545 -1.010394
v 0.507091 0.282762 -0.902008
v 0.504018 0.078041 -0.752749
v 0.507091 0.323557 -0.861213
v 0.504018 0.175066 -0.655724
v 0.507091 0.374961 -0.835021
v 0.504018 0.297325 -0.59343
v 0.507091 0.432547 -0.825932
v 0.504289 0.432849 -0.571965
v 0.507091 0.282762 -0.902008
v 0.507091 0.25657 -0.953412
v 0.507091 0.432547 -1.010331
v 0.507091 0.247545 -1.010394
v 0.507091 0.25657 -1.067376
v 0.507091 0.282762 -1.11878
v 0.507091 0.323557 -1.159575
v 0.507091 0.374961 -1.185767
v 0.507091 0.432547 -1.194729
v 0.507091 0.323557 -0.861213
v 0.507091 0.374961 -0.835021
v 0.507091 0.432547 -0.825932
v -0.498749 0.608524 -0.953285
v -0.501284 0.871718 -1.010499
v -0.498749 0.617549 -1.010267
v -0.501284 0.850253 -0.874975
v -0.498749 0.582332 -0.901881
v -0.501284 0.787959 -0.752717
v -0.498749 0.541538 -0.861086
v -0.501284 0.690934 -0.655692
v -0.498749 0.490133 -0.834894
v -0.501284 0.568676 -0.593398
v -0.501284 0.432849 -0.571965
v -0.498749 0.432547 -0.825932
v -0.501284 0.871718 -1.010499
v -0.498749 0.608524 -1.067249
v -0.498749 0.617549 -1.010267
v -0.501284 0.850253 -1.146024
v -0.498749 0.582332 -1.118654
v -0.501284 0.787959 -1.268283
v -0.498749 0.541538 -1.159448
v -0.501284 0.690934 -1.365307
v -0.498749 0.490133 -1.18564
v -0.501284 0.568676 -1.427601
v -0.498749 0.432547 -1.194729
v -0.501284 0.432849 -1.449098
v -0.498749 0.582332 -1.118654
v -0.498749 0.432547 -1.010331
v -0.498749 0.608524 -1.067249
v -0.498749 0.617549 -1.010267
v -0.498749 0.608524 -0.953285
v -0.498749 0.582332 -0.901881
v -0.498749 0.541538 -0.861086
v -0.498749 0.490133 -0.834894
v -0.498749 0.432547 -0.825932
v -0.498749 0.541538 -1.159448
v -0.498749 0.490133 -1.18564
v -0.498749 0.432547 -1.194729
v -0.498749 0.25657 -1.067376
v -0.501555 -0.005717 -1.010531
v -0.498749 0.247545 -1.010394
v -0.501555 0.015748 -1.146056
v -0.498749 0.282762 -1.11878
v -0.501555 0.078041 -1.268314
v -0.498749 0.323557 -1.159575
v -0.501555 0.175066 -1.365339
v -0.498749 0.374961 -1.185767
v -0.501555 0.297325 -1.427633
v -0.501284 0.432849 -1.449098
v -0.498749 0.432547 -1.194729
v -0.501555 -0.005717 -1.010531
v -0.498749 0.25657 -0.953412
v -0.498749 0.247545 -1.010394
v -0.501555 0.015748 -0.875007
v -0.498749 0.282762 -0.902008
v -0.501555 0.078041 -0.752749
v -0.498749 0.323557 -0.861213
v -0.501555 0.175066 -0.655724
v -0.498749 0.374961 -0.835021
v -0.501555 0.297325 -0.59343
v -0.498749 0.432547 -0.825932
v -0.501284 0.432849 -0.571965
v -0.498749 0.282762 -0.902008
v -0.498749 0.432547 -1.010331
v -0.498749 0.25657 -0.953412
v -0.498749 0.247545 -1.010394
v -0.498749 0.25657 -1.067376
v -0.498749 0.282762 -1.11878
v -0.498749 0.323557 -1.159575
v -0.498749 0.374961 -1.185767
v -0.498749 0.432547 -1.194729
v -0.498749 0.323557 -0.861213
v -0.498749 0.374961 -0.835021
v -0.498749 0.432547 -0.825932
v 0.000952 1.817913 -0.898659
v -0.489464 1.797302 -0.347211
v 0.000602 1.817707 -0.347215
v -0.489465 1.797592 -0.898657
v -0.489464 1.797034 0.162917
v 0.000279 1.817516 0.162911
v 0.628185 1.674172 -0.898656
v 0.489465 1.797302 -0.347211
v 0.628185 1.673857 -0.34721
v 0.489465 1.797592 -0.898657
v 0.489465 1.797034 0.162917
v 0.628185 1.673567 0.162918
v 0.001177 1.674457 -1.253196
v -0.489465 1.797592 -0.898657
v 0.000952 1.817913 -0.898659
v -0.489465 1.797592 -0.898657
v 0.001177 1.674457 -1.253196
v -0.489464 1.674403 -1.253175
v 0.000279 1.817516 0.162911
v -0.489464 1.673458 0.515768
v 0.000055 1.673795 0.515609
v -0.489464 1.673458 0.515768
v 0.000279 1.817516 0.162911
v -0.489464 1.797034 0.162917
v -0.628185 1.673363 0.515813
v 0.628185 1.673567 0.162918
v 0.489465 1.673458 0.515768
v 0.628185 1.673363 0.515813
v 0.489465 1.673458 0.515768
v 0.628185 1.673567 0.162918
v 0.489465 1.797034 0.162917
v -0.489465 1.673363 0.601935
v -0.628185 1.673363 0.515813
v -0.589158 1.673363 0.580405
v -0.628185 1.673363 0.515813
v -0.489464 1.797034 0.162917
v -0.628185 1.673567 0.162918
v -0.489464 1.797302 -0.347211
v -0.628185 1.673857 -0.34721
v -0.489465 1.797592 -0.898657
v -0.628185 1.674172 -0.898656
v -0.628185 1.674172 -0.898656
v -0.489464 1.674403 -1.253175
v -0.628185 1.674393 -1.253172
v -0.489465 1.674393 -1.330521
v 0.001227 1.674486 -1.330731
v 0.001177 1.674457 -1.253196
v -0.489464 1.674403 -1.253175
v -0.628185 1.674172 -0.898656
v -0.489465 1.797592 -0.898657
v -0.489465 1.674393 -1.330521
v -0.58478 1.674393 -1.314385
v -0.628185 1.674393 -1.253172
v 0.489465 1.673363 0.601935
v 0.000055 1.673795 0.515609
v 0.0 1.673763 0.601935
v 0.000055 1.673795 0.515609
v 0.489465 1.797034 0.162917
v 0.000279 1.817516 0.162911
v 0.489465 1.797034 0.162917
v 0.000055 1.673795 0.515609
v 0.489465 1.673458 0.515768
v 0.000279 1.817516 0.162911
v 0.489465 1.797302 -0.347211
v 0.000602 1.817707 -0.347215
v 0.489465 1.797034 0.162917
v 0.489465 1.797592 -0.898657
v 0.000602 1.817707 -0.347215
v 0.489465 1.797592 -0.898657
v 0.000952 1.817913 -0.898659
v 0.000952 1.817913 -0.898659
v 0.489465 1.674403 -1.253175
v 0.001177 1.674457 -1.253196
v 0.489465 1.674403 -1.253175
v 0.000952 1.817913 -0.898659
v 0.489465 1.797592 -0.898657
v -0.489464 1.674403 -1.253175
v 0.001227 1.674486 -1.330731
v -0.489465 1.674393 -1.330521
v 0.489465 1.674393 -1.330521
v 0.001177 1.674457 -1.253196
v 0.489465 1.674403 -1.253175
v 0.001177 1.674457 -1.253196
v 0.489465 1.674393 -1.330521
v 0.001227 1.674486 -1.330731
v 0.268747 1.92737 -0.213725
v 0.212892 1.999739 -0.310468
v 0.212892 1.92737 -0.310468
v 0.268747 1.999739 -0.213725
v 0.101183 1.999739 -0.310468
v 0.101183 1.92737 -0.310468
v 0.045328 1.999739 -0.213725
v 0.045328 1.92737 -0.213725
v 0.101183 1.999739 -0.116981
v 0.101183 1.92737 -0.116981
v 0.212892 1.999739 -0.116981
v 0.212892 1.92737 -0.116981
v 0.268747 1.999739 -0.213725
v 0.268747 1.92737 -0.213725
v 0.212892 1.999739 -0.310468
v 0.045328 1.999739 -0.213725
v 0.101183 1.999739 -0.310468
v 0.212892 1.999739 -0.116981
v 0.101183 1.999739 -0.116981
v 0.268747 1.999739 -0.213725
v 0.268747 1.92737 -0.52698
v 0.212892 1.999739 -0.623724
v 0.212892 1.92737 -0.623724
v 0.268747 1.999739 -0.52698
v 0.101183 1.999739 -0.623724
v 0.101183 1.92737 -0.623724
v 0.045328 1.999739 -0.52698
v 0.045328 1.92737 -0.52698
v 0.101183 1.999739 -0.430237
v 0.101183 1.92737 -0.430237
v 0.212892 1.999739 -0.430237
v 0.212892 1.92737 -0.430237
v 0.268747 1.999739 -0.52698
v 0.268747 1.92737 -0.52698
v 0.212892 1.999739 -0.623724
v 0.045328 1.999739 -0.52698
v 0.101183 1.999739 -0.623724
v 0.212892 1.999739 -0.430237
v 0.101183 1.999739 -0.430237
v 0.268747 1.999739 -0.52698
v -0.045794 1.92737 -0.52698
v -0.101649 1.999739 -0.623724
v -0.101649 1.92737 -0.623724
v -0.045794 1.999739 -0.52698
v -0.213359 1.999739 -0.623724
v -0.213359 1.92737 -0.623724
v -0.269213 1.999739 -0.52698
v -0.269213 1.92737 -0.52698
v -0.213359 1.999739 -0.430237
v -0.213359 1.92737 -0.430237
v -0.101649 1.999739 -0.430237
v -0.101649 1.92737 -0.430237
v -0.045794 1.999739 -0.52698
v -0.045794 1.92737 -0.52698
v -0.101649 1.999739 -0.623724
v -0.269213 1.999739 -0.52698
v -0.213359 1.999739 -0.623724
v -0.101649 1.999739 -0.430237
v -0.213359 1.999739 -0.430237
v -0.045794 1.999739 -0.52698
v -0.045794 1.92737 -0.213725
v -0.101649 1.999739 -0.310468
v -0.101649 1.92737 -0.310468
v -0.045794 1.999739 -0.213725
v -0.213359 1.999739 -0.310468
v -0.213359 1.92737 -0.310468
v -0.269213 1.999739 -0.213725
v -0.269213 1.92737 -0.213725
v -0.213359 1.999739 -0.116981
v -0.213359 1.92737 -0.116981
v -0.101649 1.999739 -0.116981
v -0.101649 1.92737 -0.116981
v -0.045794 1.999739 -0.213725
v -0.045794 1.92737 -0.213725
v -0.101649 1.999739 -0.310468
v -0.269213 1.999739 -0.213725
v -0.213359 1.999739 -0.310468
v -0.101649 1.999739 -0.116981
v -0.213359 1.999739 -0.116981
v -0.045794 1.999739 -0.213725
v -0.04826 1.009731 -1.491038
v -0.104115 1.082101 -1.587781
v -0.104115 1.009731 -1.587781
v -0.04826 1.082101 -1.491038
v -0.215824 1.082101 -1.587781
v -0.215824 1.009731 -1.587781
v -0.271679 1.082101 -1.491038
v -0.271679 1.009731 -1.491038
v -0.215824 1.082101 -1.394295
v -0.215824 1.009731 -1.394295
v -0.104115 1.082101 -1.394295
v -0.104115 1.009731 -1.394295
v -0.04826 1.082101 -1.491038
v -0.04826 1.009731 -1.491038
v -0.104115 1.082101 -1.587781
v -0.271679 1.082101 -1.491038
v -0.215824 1.082101 -1.587781
v -0.104115 1.082101 -1.394295
v -0.215824 1.082101 -1.394295
v -0.04826 1.082101 -1.491038
v 0.59174 1.13773 -1.811038
v 0.535885 1.2101 -1.907781
v 0.535885 1.13773 -1.907781
v 0.59174 1.2101 -1.811038
v 0.424175 1.2101 -1.907781
v 0.424175 1.13773 -1.907781
v 0.368321 1.2101 -1.811038
v 0.368321 1.13773 -1.811038
v 0.424175 1.2101 -1.714295
v 0.424175 1.13773 -1.714295
v 0.535885 1.2101 -1.714295
v 0.535885 1.13773 -1.714295
v 0.59174 1.2101 -1.811038
v 0.59174 1.13773 -1.811038
v 0.535885 1.2101 -1.907781
v 0.368321 1.2101 -1.811038
v 0.424175 1.2101 -1.907781
v 0.535885 1.2101 -1.714295
v 0.424175 1.2101 -1.714295
v 0.59174 1.2101 -1.811038
v 0.59174 1.13773 -1.491038
v 0.535885 1.2101 -1.587781
v 0.535885 1.13773 -1.587781
v 0.59174 1.2101 -1.491038
v 0.424175 1.2101 -1.587781
v 0.424175 1.13773 -1.587781
v 0.368321 1.2101 -1.491038
v 0.368321 1.13773 -1.491038
v 0.424175 1.2101 -1.394295
v 0.424175 1.13773 -1.394295
v 0.535885 1.2101 -1.394295
v 0.535885 1.13773 -1.394295
v 0.59174 1.2101 -1.491038
v 0.59174 1.13773 -1.491038
v 0.535885 1.2101 -1.587781
v 0.368321 1.2101 -1.491038
v 0.424175 1.2101 -1.587781
v 0.535885 1.2101 -1.394295
v 0.424175 1.2101 -1.394295
v 0.59174 1.2101 -1.491038
v 0.59174 1.13773 -1.171038
v 0.535885 1.2101 -1.267781
v 0.535885 1.13773 -1.267781
v 0.59174 1.2101 -1.171038
v 0.424175 1.2101 -1.267781
v 0.424175 1.13773 -1.267781
v 0.368321 1.2101 -1.171038
v 0.368321 1.13773 -1.171038
v 0.424175 1.2101 -1.074295
v 0.424175 1.13773 -1.074295
v 0.535885 1.2101 -1.074295
v 0.535885 1.13773 -1.074295
v 0.59174 1.2101 -1.171038
v 0.59174 1.13773 -1.171038
v 0.535885 1.2101 -1.267781
v 0.368321 1.2101 -1.171038
v 0.424175 1.2101 -1.267781
v 0.535885 1.2101 -1.074295
v 0.424175 1.2101 -1.074295
v 0.59174 1.2101 -1.171038
v 0.59174 1.13773 -0.851038
v 0.535885 1.2101 -0.947781
v 0.535885 1.13773 -0.947781
v 0.59174 1.2101 -0.851038
v 0.424175 1.2101 -0.947781
v 0.424175 1.13773 -0.947781
v 0.368321 1.2101 -0.851038
v 0.368321 1.13773 -0.851038
v 0.424175 1.2101 -0.754295
v 0.424175 1.13773 -0.754295
v 0.535885 1.2101 -0.754295
v 0.535885 1.13773 -0.754295
v 0.59174 1.2101 -0.851038
v 0.59174 1.13773 -0.851038
v 0.535885 1.2101 -0.947781
v 0.368321 1.2101 -0.851038
v 0.424175 1.2101 -0.947781
v 0.535885 1.2101 -0.754295
v 0.424175 1.2101 -0.754295
v 0.59174 1.2101 -0.851038
v 0.59174 1.13773 -0.531038
v 0.535885 1.2101 -0.627782
v 0.535885 1.13773 -0.627782
v 0.59174 1.2101 -0.531038
v 0.424175 1.2101 -0.627782
v 0.424175 1.13773 -0.627782
v 0.368321 1.2101 -0.531038
v 0.368321 1.13773 -0.531038
v 0.424175 1.2101 -0.434295
v 0.424175 1.13773 -0.434295
v 0.535885 1.2101 -0.434295
v 0.535885 1.13773 -0.434295
v 0.59174 1.2101 -0.531038
v 0.59174 1.13773 -0.531038
v 0.535885 1.2101 -0.627782
v 0.368321 1.2101 -0.531038
v 0.424175 1.2101 -0.627782
v 0.535885 1.2101 -0.434295
v 0.424175 1.2101 -0.434295
v 0.59174 1.2101 -0.531038
v 0.27174 1.13773 -1.811038
v 0.215885 1.2101 -1.907781
v 0.215885 1.13773 -1.907781
v 0.27174 1.2101 -1.811038
v 0.104175 1.2101 -1.907781
v 0.104175 1.13773 -1.907781
v 0.048321 1.2101 -1.811038
v 0.048321 1.13773 -1.811038
v 0.104175 1.2101 -1.714295
v 0.104175 1.13773 -1.714295
v 0.215885 1.2101 -1.714295
v 0.215885 1.13773 -1.714295
v 0.27174 1.2101 -1.811038
v 0.27174 1.13773 -1.811038
v 0.215885 1.2101 -1.907781
v 0.048321 1.2101 -1.811038
v 0.104175 1.2101 -1.907781
v 0.215885 1.2101 -1.714295
v 0.104175 1.2101 -1.714295
v 0.27174 1.2101 -1.811038
v -0.04826 1.13773 -1.811038
v -0.104115 1.2101 -1.907781
v -0.104115 1.13773 -1.907781
v -0.04826 1.2101 -1.811038
v -0.215825 1.2101 -1.907781
v -0.215825 1.13773 -1.907781
v -0.271679 1.2101 -1.811038
v -0.271679 1.13773 -1.811038
v -0.215825 1.2101 -1.714295
v -0.215825 1.13773 -1.714295
v -0.104115 1.2101 -1.714295
v -0.104115 1.13773 -1.714295
v -0.04826 1.2101 -1.811038
v -0.04826 1.13773 -1.811038
v -0.104115 1.2101 -1.907781
v -0.271679 1.2101 -1.811038
v -0.215825 1.2101 -1.907781
v -0.104115 1.2101 -1.714295
v -0.215825 1.2101 -1.714295
v -0.04826 1.2101 -1.811038
v -0.36826 1.13773 -1.811038
v -0.424115 1.2101 -1.907781
v -0.424115 1.13773 -1.907781
v -0.36826 1.2101 -1.811038
v -0.535825 1.2101 -1.907781
v -0.535825 1.13773 -1.907781
v -0.591679 1.2101 -1.811038
v -0.591679 1.13773 -1.811038
v -0.535825 1.2101 -1.714295
v -0.535825 1.13773 -1.714295
v -0.424115 1.2101 -1.714295
v -0.424115 1.13773 -1.714295
v -0.36826 1.2101 -1.811038
v -0.36826 1.13773 -1.811038
v -0.424115 1.2101 -1.907781
v -0.591679 1.2101 -1.811038
v -0.535825 1.2101 -1.907781
v -0.424115 1.2101 -1.714295
v -0.535825 1.2101 -1.714295
v -0.36826 1.2101 -1.811038
v -0.36826 1.13773 -1.491038
v -0.424115 1.2101 -1.587781
v -0.424115 1.13773 -1.587781
v -0.36826 1.2101 -1.491038
v -0.535825 1.2101 -1.587781
v -0.535825 1.13773 -1.587781
v -0.591679 1.2101 -1.491038
v -0.591679 1.13773 -1.491038
v -0.535825 1.2101 -1.394295
v -0.535825 1.13773 -1.394295
v -0.424115 1.2101 -1.394295
v -0.424115 1.13773 -1.394295
v -0.36826 1.2101 -1.491038
v -0.36826 1.13773 -1.491038
v -0.424115 1.2101 -1.587781
v -0.591679 1.2101 -1.491038
v -0.535825 1.2101 -1.587781
v -0.424115 1.2101 -1.394295
v -0.535825 1.2101 -1.394295
v -0.36826 1.2101 -1.491038
v -0.36826 1.13773 -1.171038
v -0.424115 1.2101 -1.267781
v -0.424115 1.13773 -1.267781
v -0.36826 1.2101 -1.171038
v -0.535825 1.2101 -1.267781
v -0.535825 1.13773 -1.267781
v -0.591679 1.2101 -1.171038
v -0.591679 1.13773 -1.171038
v -0.535825 1.2101 -1.074295
v -0.535825 1.13773 -1.074295
v -0.424115 1.2101 -1.074295
v -0.424115 1.13773 -1.074295
v -0.36826 1.2101 -1.171038
v -0.36826 1.13773 -1.171038
v -0.424115 1.2101 -1.267781
v -0.591679 1.2101 -1.171038
v -0.535825 1.2101 -1.267781
v -0.424115 1.2101 -1.074295
v -0.535825 1.2101 -1.074295
v -0.36826 1.2101 -1.171038
v -0.36826 1.13773 -0.851038
v -0.424115 1.2101 -0.947781
v -0.424115 1.13773 -0.947781
v -0.36826 1.2101 -0.851038
v -0.535825 1.2101 -0.947781
v -0.535825 1.13773 -0.947781
v -0.591679 1.2101 -0.851038
v -0.591679 1.13773 -0.851038
v -0.535825 1.2101 -0.754295
v -0.535825 1.13773 -0.754295
v -0.424115 1.2101 -0.754295
v -0.424115 1.13773 -0.754295
v -0.36826 1.2101 -0.851038
v -0.36826 1.13773 -0.851038
v -0.424115 1.2101 -0.947781
v -0.591679 1.2101 -0.851038
v -0.535825 1.2101 -0.947781
v -0.424115 1.2101 -0.754295
v -0.535825 1.2101 -0.754295
v -0.36826 1.2101 -0.851038
v -0.36826 1.13773 -0.531038
v -0.424115 1.2101 -0.627782
v -0.424115 1.13773 -0.627782
v -0.36826 1.2101 -0.531038
v -0.535825 1.2101 -0.627782
v -0.535825 1.13773 -0.627782
v -0.591679 1.2101 -0.531038
v -0.591679 1.13773 -0.531038
v -0.535825 1.2101 -0.434295
v -0.535825 1.13773 -0.434295
v -0.424115 1.2101 -0.434295
v -0.424115 1.13773 -0.434295
v -0.36826 1.2101 -0.531038
v -0.36826 1.13773 -0.531038
v -0.424115 1.2101 -0.627782
v -0.591679 1.2101 -0.531038
v -0.535825 1.2101 -0.627782
v -0.424115 1.2101 -0.434295
v -0.535825 1.2101 -0.434295
v -0.36826 1.2101 -0.531038
v 0.27174 1.009731 -1.491038
v 0.215885 1.082101 -1.587781
v 0.215885 1.009731 -1.587781
v 0.27174 1.082101 -1.491038
v 0.104176 1.082101 -1.587781
v 0.104176 1.009731 -1.587781
v 0.048321 1.082101 -1.491038
v 0.048321 1.009731 -1.491038
v 0.104176 1.082101 -1.394295
v 0.104176 1.009731 -1.394295
v 0.215885 1.082101 -1.394295
v 0.215885 1.009731 -1.394295
v 0.27174 1.082101 -1.491038
v 0.27174 1.009731 -1.491038
v 0.215885 1.082101 -1.587781
v 0.048321 1.082101 -1.491038
v 0.104176 1.082101 -1.587781
v 0.215885 1.082101 -1.394295
v 0.104176 1.082101 -1.394295
v 0.27174 1.082101 -1.491038
v -0.04826 1.009731 -1.171038
v -0.104115 1.082101 -1.267781
v -0.104115 1.009731 -1.267781
v -0.04826 1.082101 -1.171038
v -0.215824 1.082101 -1.267781
v -0.215824 1.009731 -1.267781
v -0.271679 1.082101 -1.171038
v -0.271679 1.009731 -1.171038
v -0.215824 1.082101 -1.074295
v -0.215824 1.009731 -1.074295
v -0.104115 1.082101 -1.074295
v -0.104115 1.009731 -1.074295
v -0.04826 1.082101 -1.171038
v -0.04826 1.009731 -1.171038
v -0.104115 1.082101 -1.267781
v -0.271679 1.082101 -1.171038
v -0.215824 1.082101 -1.267781
v -0.104115 1.082101 -1.074295
v -0.215824 1.082101 -1.074295
v -0.04826 1.082101 -1.171038
v 0.27174 1.009731 -1.171038
v 0.215885 1.082101 -1.267781
v 0.215885 1.009731 -1.267781
v 0.27174 1.082101 -1.171038
v 0.104176 1.082101 -1.267781
v 0.104176 1.009731 -1.267781
v 0.048321 1.082101 -1.171038
v 0.048321 1.009731 -1.171038
v 0.104176 1.082101 -1.074295
v 0.104176 1.009731 -1.074295
v 0.215885 1.082101 -1.074295
v 0.215885 1.009731 -1.074295
v 0.27174 1.082101 -1.171038
v 0.27174 1.009731 -1.171038
v 0.215885 1.082101 -1.267781
v 0.048321 1.082101 -1.171038
v 0.104176 1.082101 -1.267781
v 0.215885 1.082101 -1.074295
v 0.104176 1.082101 -1.074295
v 0.27174 1.082101 -1.171038
v -0.04826 1.009731 -0.851038
v -0.104115 1.082101 -0.947781
v -0.104115 1.009731 -0.947781
v -0.04826 1.082101 -0.851038
v -0.215824 1.082101 -0.947781
v -0.215824 1.009731 -0.947781
v -0.271679 1.082101 -0.851038
v -0.271679 1.009731 -0.851038
v -0.215824 1.082101 -0.754295
v -0.215824 1.009731 -0.754295
v -0.104115 1.082101 -0.754295
v -0.104115 1.009731 -0.754295
v -0.04826 1.082101 -0.851038
v -0.04826 1.009731 -0.851038
v -0.104115 1.082101 -0.947781
v -0.271679 1.082101 -0.851038
v -0.215824 1.082101 -0.947781
v -0.104115 1.082101 -0.754295
v -0.215824 1.082101 -0.754295
v -0.04826 1.082101 -0.851038
v 0.27174 1.009731 -0.851038
v 0.215885 1.082101 -0.947781
v 0.215885 1.009731 -0.947781
v 0.27174 1.082101 -0.851038
v 0.104176 1.082101 -0.947781
v 0.104176 1.009731 -0.947781
v 0.048321 1.082101 -0.851038
v 0.048321 1.009731 -0.851038
v 0.104176 1.082101 -0.754295
v 0.104176 1.009731 -0.754295
v 0.215885 1.082101 -0.754295
v 0.215885 1.009731 -0.754295
v 0.27174 1.082101 -0.851038
v 0.27174 1.009731 -0.851038
v 0.215885 1.082101 -0.947781
v 0.048321 1.082101 -0.851038
v 0.104176 1.082101 -0.947781
v 0.215885 1.082101 -0.754295
v 0.104176 1.082101 -0.754295
v 0.27174 1.082101 -0.851038
v -0.36826 1.137669 1.068962
v -0.424115 1.210039 0.972219
v -0.424115 1.137669 0.972219
v -0.36826 1.210039 1.068962
v -0.535824 1.210039 0.972219
v -0.535824 1.137669 0.972219
v -0.591679 1.210039 1.068962
v -0.591679 1.137669 1.068962
v -0.535824 1.210039 1.165706
v -0.535824 1.137669 1.165706
v -0.424115 1.210039 1.165706
v -0.424115 1.137669 1.165706
v -0.36826 1.210039 1.068962
v -0.36826 1.137669 1.068962
v -0.424115 1.210039 0.972219
v -0.591679 1.210039 1.068962
v -0.535824 1.210039 0.972219
v -0.424115 1.210039 1.165706
v -0.535824 1.210039 1.165706
v -0.36826 1.210039 1.068962
v -0.04826 1.137669 1.068962
v -0.104115 1.210039 0.972219
v -0.104115 1.137669 0.972219
v -0.04826 1.210039 1.068962
v -0.215824 1.210039 0.972219
v -0.215824 1.137669 0.972219
v -0.271679 1.210039 1.068962
v -0.271679 1.137669 1.068962
v -0.215824 1.210039 1.165706
v -0.215824 1.137669 1.165706
v -0.104115 1.210039 1.165706
v -0.104115 1.137669 1.165706
v -0.04826 1.210039 1.068962
v -0.04826 1.137669 1.068962
v -0.104115 1.210039 0.972219
v -0.271679 1.210039 1.068962
v -0.215824 1.210039 0.972219
v -0.104115 1.210039 1.165706
v -0.215824 1.210039 1.165706
v -0.04826 1.210039 1.068962
v 0.27174 1.137669 1.068962
v 0.215885 1.210039 0.972219
v 0.215885 1.137669 0.972219
v 0.27174 1.210039 1.068962
v 0.104176 1.210039 0.972219
v 0.104176 1.137669 0.972219
v 0.048321 1.210039 1.068962
v 0.048321 1.137669 1.068962
v 0.104176 1.210039 1.165706
v 0.104176 1.137669 1.165706
v 0.215885 1.210039 1.165706
v 0.215885 1.137669 1.165706
v 0.27174 1.210039 1.068962
v 0.27174 1.137669 1.068962
v 0.215885 1.210039 0.972219
v 0.048321 1.210039 1.068962
v 0.104176 1.210039 0.972219
v 0.215885 1.210039 1.165706
v 0.104176 1.210039 1.165706
v 0.27174 1.210039 1.068962
v 0.59174 1.137669 1.068962
v 0.535885 1.210039 0.972219
v 0.535885 1.137669 0.972219
v 0.59174 1.210039 1.068962
v 0.424176 1.210039 0.972219
v 0.424176 1.137669 0.972219
v 0.368321 1.210039 1.068962
v 0.368321 1.137669 1.068962
v 0.424176 1.210039 1.165706
v 0.424176 1.137669 1.165706
v 0.535885 1.210039 1.165706
v 0.535885 1.137669 1.165706
v 0.59174 1.210039 1.068962
v 0.59174 1.137669 1.068962
v 0.535885 1.210039 0.972219
v 0.368321 1.210039 1.068962
v 0.424176 1.210039 0.972219
v 0.535885 1.210039 1.165706
v 0.424176 1.210039 1.165706
v 0.59174 1.210039 1.068962
v -0.36826 0.721996 2.057196
v -0.424115 0.818739 2.129565
v -0.424115 0.818739 2.057196
v -0.36826 0.721996 2.129565
v -0.535824 0.818739 2.129565
v -0.535824 0.818739 2.057196
v -0.591679 0.721996 2.129565
v -0.591679 0.721996 2.057196
v -0.535824 0.625252 2.129565
v -0.535824 0.625252 2.057196
v -0.424115 0.625252 2.129565
v -0.424115 0.625252 2.057196
v -0.36826 0.721996 2.129565
v -0.36826 0.721996 2.057196
v -0.424115 0.818739 2.129565
v -0.591679 0.721996 2.129565
v -0.535824 0.818739 2.129565
v -0.424115 0.625252 2.129565
v -0.535824 0.625252 2.129565
v -0.36826 0.721996 2.129565
v 0.587354 0.721996 2.057196
v 0.531499 0.818739 2.129565
v 0.531499 0.818739 2.057196
v 0.587354 0.721996 2.129565
v 0.41979 0.818739 2.129565
v 0.41979 0.818739 2.057196
v 0.363935 0.721996 2.129565
v 0.363935 0.721996 2.057196
v 0.41979 0.625252 2.129565
v 0.41979 0.625252 2.057196
v 0.531499 0.625252 2.129565
v 0.531499 0.625252 2.057196
v 0.587354 0.721996 2.129565
v 0.587354 0.721996 2.057196
v 0.531499 0.818739 2.129565
v 0.363935 0.721996 2.129565
v 0.41979 0.818739 2.129565
v 0.531499 0.625252 2.129565
v 0.41979 0.625252 2.129565
v 0.587354 0.721996 2.129565
v -0.591679 0.721996 -1.912507
v -0.535824 0.818739 -1.984877
v -0.535824 0.818739 -1.912507
v -0.591679 0.721996 -1.984877
v -0.424115 0.818739 -1.984877
v -0.424115 0.818739 -1.912507
v -0.36826 0.721996 -1.984877
v -0.36826 0.721996 -1.912507
v -0.424115 0.625252 -1.984877
v -0.424115 0.625252 -1.912507
v -0.535824 0.625252 -1.984877
v -0.535824 0.625252 -1.912507
v -0.591679 0.721996 -1.984877
v -0.591679 0.721996 -1.912507
v -0.535824 0.818739 -1.984877
v -0.36826 0.721996 -1.984877
v -0.424115 0.818739 -1.984877
v -0.535824 0.625252 -1.984877
v -0.424115 0.625252 -1.984877
v -0.591679 0.721996 -1.984877
v 0.363935 0.721996 -1.912507
v 0.41979 0.818739 -1.984877
v 0.41979 0.818739 -1.912507
v 0.363935 0.721996 -1.984877
v 0.531499 0.818739 -1.984877
v 0.531499 0.818739 -1.912507
v 0.587354 0.721996 -1.984877
v 0.587354 0.721996 -1.912507
v 0.531499 0.625252 -1.984877
v 0.531499 0.625252 -1.912507
v 0.41979 0.625252 -1.984877
v 0.41979 0.625252 -1.912507
v 0.363935 0.721996 -1.984877
v 0.363935 0.721996 -1.912507
v 0.41979 0.818739 -1.984877
v 0.587354 0.721996 -1.984877
v 0.531499 0.818739 -1.984877
v 0.41979 0.625252 -1.984877
v 0.531499 0.625252 -1.984877
v 0.363935 0.721996 -1.984877
v 0.341614 0.88512 -2.035627
v 0.662804 0.558042 -2.036066
v 0.662804 0.88512 -2.035434
v 0.341614 0.558042 -2.037416
v 0.662804 0.88512 -2.035434
v 0.341614 0.88512 -1.899625
v 0.341614 0.88512 -2.035627
v 0.662804 0.88512 -1.899431
v 0.662804 0.558042 -2.036066
v 0.662804 0.88512 -1.899431
v 0.662804 0.88512 -2.035434
v 0.662804 0.558042 -1.900063
v -0.323843 0.88512 -2.035627
v -0.645034 0.558042 -2.036066
v -0.323843 0.558042 -2.037416
v -0.645034 0.88512 -2.035434
v -0.645034 0.88512 -2.035434
v -0.323843 0.88512 -1.899625
v -0.645034 0.88512 -1.899431
v -0.323843 0.88512 -2.035627
v -0.645034 0.558042 -2.036066
v -0.645034 0.88512 -1.899431
v -0.645034 0.558042 -1.900063
v -0.645034 0.88512 -2.035434
v -0.63798 2.037816 -0.053006
v 0.661979 2.037816 -0.371154
v 0.661979 2.037816 -0.053006
v -0.63798 2.037816 -0.371154
v -0.63798 1.905239 -0.053006
v 0.661979 2.037816 -0.053006
v 0.661979 1.905239 -0.053006
v -0.63798 2.037816 -0.053006
v 0.661979 1.905239 -0.053006
v 0.661979 2.037816 -0.371154
v 0.661979 1.905239 -0.371154
v 0.661979 2.037816 -0.053006
v 0.661979 1.905239 -0.371154
v -0.63798 2.037816 -0.371154
v -0.63798 1.905239 -0.371154
v 0.661979 2.037816 -0.371154
v -0.63798 1.905239 -0.371154
v -0.63798 2.037816 -0.053006
v -0.63798 1.905239 -0.053006
v -0.63798 2.037816 -0.371154
v 0.347433 0.88512 2.324392
v 0.668624 0.557709 2.190418
v 0.347433 0.557709 2.324392
v 0.668624 0.88512 2.190416
v 0.668624 0.88512 2.190416
v 0.668624 0.557709 2.079943
v 0.668624 0.557709 2.190418
v 0.668624 0.88512 2.079942
v 0.347433 0.88512 2.324392
v 0.668624 0.88512 2.079942
v 0.668624 0.88512 2.190416
v 0.347433 0.88512 2.079943
v -0.318024 0.88512 2.324392
v -0.639214 0.557709 2.190418
v -0.639214 0.88512 2.190416
v -0.318024 0.557709 2.324392
v -0.639214 0.88512 2.190416
v -0.639214 0.557709 2.079943
v -0.639214 0.88512 2.079942
v -0.639214 0.557709 2.190418
v -0.318024 0.88512 2.324392
v -0.639214 0.88512 2.079942
v -0.318024 0.88512 2.079943
v -0.639214 0.88512 2.190416
v 0.660592 1.21929 1.103192
v 0.614092 1.129302 1.184192
v 0.614092 1.219283 1.184192
v 0.543992 1.219283 1.229691
v 0.614092 1.129302 1.184192
v 0.660592 1.129302 1.099592
v 0.660592 1.129302 0.268592
v 0.660592 1.219133 0.268492
v 0.543992 1.219283 1.229691
v 0.540791 1.129302 1.229691
v -0.508008 1.129302 1.229691
v -0.511208 1.219283 1.229691
v 0.540791 1.129302 1.229691
v -0.581308 1.129302 1.184192
v -0.581308 1.219283 1.184192
v -0.627808 1.21929 1.103192
v -0.627808 1.129302 0.268592
v -0.627808 1.129302 1.099592
v -0.627808 1.219133 0.268492
v 0.655692 1.675891 0.457492
v 0.660592 1.219133 0.268492
v 0.660592 1.21929 1.103192
v 0.660592 1.675891 0.267292
v 0.612092 1.675891 0.544392
v 0.614092 1.219283 1.184192
v 0.536992 1.676791 0.585192
v 0.543992 1.219283 1.229691
v -0.504208 1.676791 0.585192
v -0.511208 1.219283 1.229691
v -0.581308 1.219283 1.184192
v -0.579308 1.675891 0.544392
v -0.627808 1.21929 1.103192
v -0.622908 1.675891 0.457492
v -0.627808 1.219133 0.268492
v -0.627808 1.675891 0.267292
v 0.588092 1.129302 0.268592
v 0.660592 1.219133 0.268492
v 0.588015 1.219219 0.268394
v 0.660592 1.129302 0.268592
v 0.587591 1.585463 0.267292
v 0.660592 1.675891 0.267292
v 0.521892 1.675891 0.266692
v 0.421592 1.675891 0.318192
v 0.521892 1.585463 0.266692
v 0.521892 1.675891 0.266692
v 0.421592 1.585463 0.318192
v 0.388392 1.675891 0.419092
v 0.388392 1.585463 0.419092
v 0.587591 1.585463 0.267292
v 0.387392 1.587563 0.540192
v 0.388091 1.675891 0.540292
v 0.521892 1.585463 0.266692
v 0.587591 1.585463 0.495192
v 0.587591 1.585463 0.267292
v 0.388392 1.585463 0.419092
v 0.421592 1.585463 0.318192
v 0.387392 1.587563 0.540192
v 0.514091 1.585463 0.586592
v 0.387392 1.587563 0.588192
v -0.354608 1.587563 0.588192
v -0.354608 1.587563 0.540192
v -0.481308 1.585463 0.586592
v -0.554808 1.585463 0.495192
v -0.355608 1.585463 0.419092
v -0.489108 1.585463 0.266692
v -0.554808 1.585463 0.267292
v -0.388808 1.585463 0.318192
v 0.514091 1.217376 1.119278
v 0.387392 1.587563 0.588192
v 0.387392 1.217353 1.123078
v 0.514091 1.585463 0.586592
v 0.587591 1.585463 0.495192
v 0.591326 1.216784 0.911546
v -0.354608 1.217353 1.123078
v -0.354608 1.587563 0.588192
v -0.481308 1.217376 1.119278
v -0.481308 1.585463 0.586592
v -0.554808 1.585463 0.495192
v -0.558542 1.216784 0.911546
v 0.588092 1.129302 0.268592
v 0.588015 1.219219 0.268394
v 0.587591 1.585463 0.267292
v 0.587591 1.585463 0.495192
v -0.555308 1.129302 0.268592
v -0.555232 1.219219 0.268394
v -0.554808 1.585463 0.267292
v -0.554808 1.585463 0.495192
v 0.588092 1.129302 0.268592
v 0.591326 1.216784 0.911546
v 0.589709 1.129186 0.912485
v 0.387392 1.217353 1.123078
v 0.514091 1.217376 0.911462
v 0.514091 1.217376 1.119278
v 0.387392 1.217353 0.911537
v 0.591326 1.216784 0.911546
v -0.354608 1.217353 1.123078
v -0.354608 1.217353 0.911537
v -0.481308 1.217376 0.911462
v -0.481308 1.217376 1.119278
v -0.558542 1.216784 0.911546
v 0.387392 1.217353 0.911537
v 0.514091 1.129663 0.9123
v 0.514091 1.217376 0.911462
v 0.387392 1.12964 0.912375
v 0.589709 1.129186 0.912485
v 0.591326 1.216784 0.911546
v -0.354608 1.12964 0.912375
v -0.354608 1.217353 0.911537
v -0.481308 1.129663 0.9123
v -0.481308 1.217376 0.911462
v -0.556925 1.129186 0.912485
v -0.558542 1.216784 0.911546
v 0.660592 1.21929 -1.831084
v 0.614092 1.129302 -1.912084
v 0.660592 1.129302 -1.827484
v 0.614092 1.219283 -1.912084
v 0.543992 1.219283 -1.957584
v 0.660592 1.129302 -0.996484
v 0.660592 1.219133 -0.996384
v 0.660592 1.219133 -0.375296
v 0.660592 1.129302 -0.375396
v 0.543992 1.219283 -1.957584
v 0.540792 1.129302 -1.957584
v -0.508009 1.129302 -1.957584
v -0.511209 1.219283 -1.957584
v 0.660592 1.530823 -0.374096
v 0.660592 1.530823 -0.995184
v -0.581309 1.129302 -1.912084
v -0.581309 1.219283 -1.912084
v -0.627809 1.21929 -1.831084
v -0.627809 1.129302 -0.996484
v -0.627809 1.219133 -0.996384
v -0.627809 1.129302 -1.827484
v -0.627809 1.219133 -0.375296
v -0.627809 1.129302 -0.375396
v -0.627808 1.530823 -0.374096
v -0.627809 1.530823 -0.995184
v 0.655692 1.675891 -1.185384
v 0.660592 1.219133 -0.996384
v 0.660592 1.675891 -0.995184
v 0.660592 1.21929 -1.831084
v 0.612092 1.675891 -1.272284
v 0.614092 1.219283 -1.912084
v 0.536992 1.676791 -1.313083
v 0.543992 1.219283 -1.957584
v -0.511209 1.219283 -1.957584
v -0.504208 1.676791 -1.313083
v -0.581309 1.219283 -1.912084
v -0.579309 1.675891 -1.272284
v -0.627809 1.21929 -1.831084
v -0.622908 1.675891 -1.185384
v -0.627809 1.219133 -0.996384
v -0.627808 1.675891 -0.995184
v 0.660592 1.530823 -0.374096
v 0.660592 1.219133 -0.375296
v -0.627808 1.530823 -0.374096
v -0.627809 1.219133 -0.375296
v 0.421592 1.675891 -1.046084
v 0.521892 1.585463 -0.994584
v 0.421592 1.585463 -1.046084
v 0.521892 1.675891 -0.994584
v 0.388392 1.675891 -1.146984
v 0.388392 1.585463 -1.146984
v 0.587592 1.585463 -0.995184
v 0.387392 1.587563 -1.268084
v 0.388092 1.675891 -1.268183
v 0.587592 1.585463 -0.995184
v 0.521892 1.675891 -0.994584
v 0.660592 1.675891 -0.995184
v 0.660592 1.219133 -0.996384
v 0.588015 1.219219 -0.996286
v 0.387392 1.587563 -1.268084
v -0.355309 1.675891 -1.268183
v 0.388092 1.675891 -1.268183
v -0.354609 1.587563 -1.268084
v 0.521892 1.585463 -0.994584
v 0.587592 1.585463 -0.995184
v 0.587592 1.585463 -1.223084
v 0.388392 1.585463 -1.146984
v 0.421592 1.585463 -1.046084
v 0.387392 1.587563 -1.268084
v 0.514092 1.585463 -1.314484
v 0.387392 1.587563 -1.316084
v -0.354609 1.587563 -1.268084
v -0.354609 1.587563 -1.316084
v -0.481309 1.585463 -1.314484
v -0.554809 1.585463 -1.223084
v -0.355609 1.585463 -1.146984
v -0.489109 1.585463 -0.994584
v -0.554809 1.585463 -0.995184
v -0.388809 1.585463 -1.046084
v 0.514092 1.217376 -1.84717
v 0.387392 1.587563 -1.316084
v 0.514092 1.585463 -1.314484
v 0.387392 1.217353 -1.85097
v 0.587592 1.585463 -1.223084
v 0.591326 1.216784 -1.639438
v -0.354609 1.587563 -1.316084
v -0.354609 1.217353 -1.85097
v -0.481309 1.217376 -1.84717
v -0.481309 1.585463 -1.314484
v -0.554809 1.585463 -1.223084
v -0.558543 1.216784 -1.639438
v 0.588092 1.129302 -0.996484
v 0.588015 1.219219 -0.996286
v 0.587592 1.585463 -0.995184
v 0.587592 1.585463 -1.223084
v -0.555309 1.129302 -0.996484
v -0.555232 1.219219 -0.996286
v -0.554809 1.585463 -0.995184
v -0.554809 1.585463 -1.223084
v 0.591326 1.216784 -1.639438
v 0.588092 1.129302 -0.996484
v 0.589709 1.129186 -1.640377
v 0.387392 1.217353 -1.85097
v 0.514092 1.217376 -1.639354
v 0.387392 1.217353 -1.63943
v 0.514092 1.217376 -1.84717
v 0.591326 1.216784 -1.639438
v -0.354609 1.217353 -1.63943
v -0.354609 1.217353 -1.85097
v -0.481309 1.217376 -1.639354
v -0.481309 1.217376 -1.84717
v -0.558543 1.216784 -1.639438
v 0.387392 1.217353 -1.63943
v 0.514092 1.129663 -1.640191
v 0.387392 1.12964 -1.640267
v 0.514092 1.217376 -1.639354
v 0.589709 1.129186 -1.640377
v 0.591326 1.216784 -1.639438
v -0.354609 1.12964 -1.640267
v -0.354609 1.217353 -1.63943
v -0.481309 1.129663 -1.640191
v -0.481309 1.217376 -1.639354
v -0.556926 1.129186 -1.640377
v -0.558543 1.216784 -1.639438
v 0.660592 1.129302 -0.375396
v 0.599526 1.219133 -0.375296
v 0.660592 1.219133 -0.375296
v 0.599526 1.129302 -0.375396
v 0.599525 1.530823 -0.374096
v 0.660592 1.530823 -0.374096
v 0.35376 1.219133 -0.375296
v 0.35376 1.129302 -0.375396
v 0.660592 1.530823 -0.374096
v 0.599526 1.530823 -0.995184
v 0.660592 1.530823 -0.995184
v 0.599525 1.530823 -0.374096
v 0.599525 1.530823 -0.374096
v 0.599526 1.219133 -0.996384
v 0.599526 1.530823 -0.995184
v 0.599526 1.219133 -0.996384
v 0.599525 1.530823 -0.374096
v 0.599526 1.219133 -0.375296
v 0.599526 1.219133 -0.996384
v 0.35376 1.129302 -0.996484
v 0.599526 1.129302 -0.996484
v 0.35376 1.219133 -0.996384
v 0.599526 1.219133 -0.375296
v 0.35376 1.219133 -0.996384
v 0.599526 1.219133 -0.996384
v 0.35376 1.219133 -0.375296
v 0.35376 1.219133 -0.375296
v 0.35376 1.129302 -0.996484
v 0.35376 1.219133 -0.996384
v 0.35376 1.129302 -0.375396
v -0.627808 1.21929 1.103192
v -0.581308 1.129302 1.184192
v -0.627808 1.129302 1.099592
v -0.511208 1.219283 1.229691
v -0.508008 1.129302 1.229691
v -0.555308 1.129302 0.268592
v -0.627808 1.219133 0.268492
v -0.627808 1.129302 0.268592
v -0.555232 1.219219 0.268394
v -0.554808 1.585463 0.267292
v -0.627808 1.675891 0.267292
v -0.489108 1.675891 0.266692
v -0.388808 1.675891 0.318192
v -0.489108 1.585463 0.266692
v -0.388808 1.585463 0.318192
v -0.489108 1.675891 0.266692
v -0.355608 1.675891 0.419092
v -0.355608 1.585463 0.419092
v -0.554808 1.585463 0.267292
v -0.354608 1.587563 0.540192
v -0.354608 1.587563 0.540192
v 0.388091 1.675891 0.540292
v -0.355308 1.675891 0.540292
v 0.387392 1.587563 0.540192
v -0.355608 1.675891 0.419092
v -0.354608 1.587563 0.540192
v -0.355308 1.675891 0.540292
v -0.558542 1.216784 0.911546
v -0.555308 1.129302 0.268592
v -0.556925 1.129186 0.912485
v -0.581309 1.129302 -1.912084
v -0.627809 1.21929 -1.831084
v -0.627809 1.129302 -1.827484
v -0.511209 1.219283 -1.957584
v -0.508009 1.129302 -1.957584
v -0.388809 1.675891 -1.046084
v -0.489109 1.585463 -0.994584
v -0.489109 1.675891 -0.994584
v -0.388809 1.585463 -1.046084
v -0.355609 1.675891 -1.146984
v -0.355609 1.585463 -1.146984
v -0.554809 1.585463 -0.995184
v -0.354609 1.587563 -1.268084
v -0.489109 1.675891 -0.994584
v -0.554809 1.585463 -0.995184
v -0.627808 1.675891 -0.995184
v -0.627809 1.219133 -0.996384
v -0.555232 1.219219 -0.996286
v -0.354609 1.587563 -1.268084
v -0.355609 1.675891 -1.146984
v -0.355309 1.675891 -1.268183
v -0.555309 1.129302 -0.996484
v -0.558543 1.216784 -1.639438
v -0.556926 1.129186 -1.640377
v -0.627809 1.129302 -0.375396
v -0.566742 1.219133 -0.375296
v -0.566742 1.129302 -0.375396
v -0.627809 1.219133 -0.375296
v -0.566742 1.530823 -0.374096
v -0.627808 1.530823 -0.374096
v -0.320977 1.219133 -0.375296
v -0.320977 1.129302 -0.375396
v -0.627808 1.530823 -0.374096
v -0.566742 1.530823 -0.995184
v -0.566742 1.530823 -0.374096
v -0.627809 1.530823 -0.995184
v -0.566742 1.530823 -0.374096
v -0.566742 1.219133 -0.996384
v -0.566742 1.219133 -0.375296
v -0.566742 1.219133 -0.996384
v -0.566742 1.530823 -0.374096
v -0.566742 1.530823 -0.995184
v -0.566742 1.219133 -0.996384
v -0.320977 1.129302 -0.996484
v -0.320977 1.219133 -0.996384
v -0.566742 1.129302 -0.996484
v -0.566742 1.219133 -0.375296
v -0.320977 1.219133 -0.996384
v -0.320977 1.219133 -0.375296
v -0.566742 1.219133 -0.996384
v -0.320977 1.219133 -0.375296
v -0.320977 1.129302 -0.996484
v -0.320977 1.129302 -0.375396
v -0.320977 1.219133 -0.996384
v 0.321395 0.257353 2.408869
v 0.0 0.559152 2.465456
v 0.321395 0.559152 2.409045
v 0.0 0.257353 2.46528
v 0.637736 0.257353 2.299104
v 0.637736 0.559152 2.298892
v -0.321395 0.257353 2.408869
v -0.321395 0.559152 2.409045
v 0.637736 0.257353 -1.866082
v 0.637736 0.810893 -0.373732
v 0.637736 0.563426 -1.919706
v 0.637736 0.257353 -0.373732
v 0.637736 0.570966 -2.040265
v 0.637736 0.810893 -0.314532
v 0.637736 1.134684 -0.373732
v 0.637736 0.893737 -1.920499
v 0.637736 1.134684 -1.921227
v 0.637736 1.134684 -1.983111
v 0.637736 0.898044 -1.983111
v 0.637736 1.083035 -0.314587
v 0.637736 1.134684 0.910148
v 0.637736 1.085225 0.846292
v 0.637736 0.810893 0.844187
v 0.637736 0.810893 0.910149
v 0.637736 1.134684 1.556233
v 0.637736 0.257353 1.556233
v 0.637736 1.12373 1.88267
v 0.637736 0.257353 1.88267
v 0.637736 0.257353 0.910149
v 0.637736 0.559152 2.081095
v 0.637736 0.882185 2.081095
v 0.637736 1.050487 2.081095
v 0.637736 0.257353 2.081095
v 0.637736 0.97498 2.190507
v 0.637736 0.882185 2.190507
v 0.637736 0.559152 2.298892
v 0.637736 0.257353 2.299104
v 0.321395 0.257353 -1.866082
v 0.637736 0.570966 -2.040265
v 0.321395 0.570966 -2.040529
v 0.637736 0.257353 -1.866082
v 0.0 0.257353 -1.866082
v 0.0 0.570633 -2.039978
v 0.637736 0.97498 2.190507
v 0.321395 0.882185 2.190684
v 0.21664 0.974839 2.190507
v 0.637736 0.882185 2.190507
v 0.0 0.882185 2.190684
v 0.0 0.97477 2.190507
v 0.321395 1.134684 -1.983111
v 0.0 1.134684 -1.652137
v 0.0 1.134684 -1.983111
v 0.321395 1.134684 -1.652137
v 0.637736 1.134684 -1.921227
v 0.637736 1.134684 -1.983111
v 0.321395 1.134684 -0.688796
v 0.637736 1.134684 -0.373732
v 0.582303 1.134684 -0.373732
v 0.321395 1.134684 -0.373732
v 0.321395 1.134684 -1.983111
v 0.637736 0.898044 -1.983111
v 0.637736 1.134684 -1.983111
v 0.321395 0.898044 -1.98237
v 0.0 1.134684 -1.983111
v 0.0 0.898044 -1.985942
v 0.0 0.882185 2.32083
v 0.321395 0.559152 2.321066
v 0.0 0.559152 2.32083
v 0.321395 0.882185 2.320829
v 0.637736 1.134684 -0.373732
v 0.581242 1.134684 0.910149
v 0.582303 1.134684 -0.373732
v 0.637736 1.134684 0.910148
v 0.637736 1.134684 1.556233
v 0.21664 1.134684 1.547381
v 0.0 1.134684 0.910148
v 0.0 1.134684 1.543074
v 0.582303 1.134684 -0.373732
v 0.583055 0.89913 0.910209
v 0.582914 0.898044 -0.373732
v 0.581242 1.134684 0.910149
v 0.321395 0.384269 0.281166
v 0.321395 0.384269 -0.373732
v 0.321395 0.470257 0.286679
v 0.321395 0.898493 0.588
v 0.321395 0.899808 -0.373732
v 0.321395 0.470301 0.589952
v 0.321395 0.570966 -1.922169
v 0.321395 0.898044 -1.920655
v 0.321395 0.898044 -1.98237
v 0.321395 0.570966 -2.040529
v 0.321395 0.898044 -2.04243
v 0.321395 0.570966 -2.040529
v 0.0 0.898044 -2.041932
v 0.0 0.570633 -2.039978
v 0.321395 0.898044 -2.04243
v -0.321395 0.570966 -2.040529
v -0.321395 0.898044 -2.04243
v 0.21664 1.12373 1.88267
v 0.637736 1.050487 2.081095
v 0.21664 1.050487 2.081095
v 0.637736 1.12373 1.88267
v 0.637736 1.134684 1.556233
v 0.21664 1.134684 1.547381
v 0.0 1.12373 1.88267
v 0.0 1.050487 2.081095
v 0.0 0.97477 2.190507
v 0.21664 0.974839 2.190507
v 0.0 1.134684 1.543074
v 0.637736 0.97498 2.190507
v -0.21664 1.050487 2.081095
v -0.21664 0.974839 2.190507
v -0.21664 1.12373 1.88267
v -0.637736 1.050487 2.081095
v -0.637736 1.12373 1.88267
v -0.21664 1.134684 1.547381
v -0.637736 0.97498 2.190507
v 0.321395 0.559152 2.081095
v 0.637736 0.882185 2.081095
v 0.637736 0.559152 2.081095
v 0.321395 0.882185 2.081095
v 0.321395 0.559152 2.081095
v 0.321395 0.882185 2.190684
v 0.321395 0.882185 2.081095
v 0.321395 0.882185 2.320829
v 0.321395 0.559152 2.321066
v 0.321395 0.882185 2.190684
v 0.0 0.882185 2.32083
v 0.0 0.882185 2.190684
v 0.321395 0.882185 2.320829
v 0.637736 0.559152 2.081095
v 0.321395 0.559152 2.321066
v 0.321395 0.559152 2.081095
v 0.637736 0.559152 2.298892
v 0.321395 0.559152 2.409045
v 0.0 0.559152 2.465456
v 0.0 0.559152 2.32083
v 0.321395 1.134684 -0.373732
v 0.582914 0.898044 -0.373732
v 0.321395 0.899808 -0.373732
v 0.582303 1.134684 -0.373732
v 0.257894 1.134684 -0.373732
v 0.257621 1.375253 -0.503627
v 0.321395 1.375253 -0.503627
v 0.321395 1.525653 -0.574259
v 0.257621 1.525653 -0.574259
v 0.0 1.525653 -0.574259
v 0.0 1.375253 -0.48011
v 0.0 0.898044 -0.373732
v 0.321395 0.384269 -0.373732
v 0.0 0.384269 -0.373732
v 0.0 1.134684 -0.373732
v 0.321395 0.898493 0.588
v 0.582914 0.898044 -0.373732
v 0.583055 0.89913 0.910209
v 0.321395 0.899808 -0.373732
v 0.321395 0.89913 0.910134
v 0.321395 0.898044 -2.04243
v 0.0 0.898044 -1.985942
v 0.0 0.898044 -2.041932
v 0.321395 0.898044 -1.98237
v 0.321395 0.882185 2.190684
v 0.637736 0.882185 2.081095
v 0.321395 0.882185 2.081095
v 0.637736 0.882185 2.190507
v 0.321395 0.898044 -1.98237
v 0.637736 0.893737 -1.920499
v 0.637736 0.898044 -1.983111
v 0.321395 0.898044 -1.920655
v 0.321395 0.898044 -1.920655
v 0.637736 0.563426 -1.919706
v 0.637736 0.893737 -1.920499
v 0.321395 0.570966 -1.922169
v 0.321395 0.570966 -1.922169
v 0.637736 0.570966 -2.040265
v 0.637736 0.563426 -1.919706
v 0.321395 0.570966 -2.040529
v 0.321395 1.134684 -1.652137
v 0.321395 1.016866 -0.688796
v 0.321395 1.016334 -1.652137
v 0.321395 1.134684 -0.688796
v 0.0 1.016427 -1.652137
v 0.321395 1.016866 -0.688796
v 0.0 1.017266 -0.688796
v 0.321395 1.016334 -1.652137
v 0.321395 1.525653 -0.688796
v 0.257621 1.525653 -0.574259
v 0.269903 1.525653 -0.688796
v 0.321395 1.525653 -0.574259
v 0.0 1.525653 -0.688796
v 0.0 1.525653 -0.574259
v 0.321395 1.134684 -0.688796
v 0.257621 1.134684 -0.688796
v 0.321395 1.016866 -0.688796
v 0.0 1.017266 -0.688796
v 0.0 1.134684 -0.688796
v 0.321395 1.375253 -0.688796
v 0.257621 1.375253 -0.688796
v 0.269903 1.525653 -0.688796
v 0.321395 1.525653 -0.688796
v 0.0 1.375253 -0.688796
v 0.0 1.525653 -0.688796
v 0.0 1.134684 -0.688796
v 0.257894 1.134684 -0.373732
v 0.0 1.134684 -0.373732
v 0.257621 1.134684 -0.688796
v 0.321395 1.134684 -0.688796
v 0.321395 1.375253 -0.503627
v 0.321395 1.375253 -0.688796
v 0.321395 1.134684 -0.373732
v 0.321395 1.525653 -0.574259
v 0.321395 1.525653 -0.688796
v 0.257621 1.134684 -0.688796
v 0.257621 1.375253 -0.503627
v 0.257894 1.134684 -0.373732
v 0.257621 1.375253 -0.688796
v 0.321395 0.898493 0.588
v 0.0 1.036709 0.90955
v 0.176835 0.898439 0.591303
v 0.321395 1.033947 0.910143
v 0.0 0.898215 0.591819
v 0.321395 1.033947 0.910143
v 0.321395 0.898493 0.588
v 0.321395 0.89913 0.910134
v 0.321395 0.898493 0.588
v 0.178761 0.470273 0.590037
v 0.321395 0.470301 0.589952
v 0.176835 0.898439 0.591303
v 0.321395 0.470301 0.589952
v 0.178761 0.470273 0.590037
v 0.177747 0.470793 0.493768
v 0.321395 0.470257 0.286679
v 0.0 0.470257 0.281161
v 0.0 0.470775 0.493808
v 0.321395 0.470257 0.286679
v 0.0 0.384269 0.281166
v 0.321395 0.384269 0.281166
v 0.0 0.470257 0.281161
v 0.321395 0.384269 -0.373732
v 0.0 0.384269 0.281166
v 0.0 0.384269 -0.373732
v 0.321395 0.384269 0.281166
v 0.0 0.470775 0.493808
v 0.174235 0.899582 0.494584
v 0.0 0.899268 0.495549
v 0.177747 0.470793 0.493768
v 0.0 0.898215 0.591819
v 0.174235 0.899582 0.494584
v 0.176835 0.898439 0.591303
v 0.0 0.899268 0.495549
v 0.176835 0.898439 0.591303
v 0.177747 0.470793 0.493768
v 0.178761 0.470273 0.590037
v 0.174235 0.899582 0.494584
v 0.0 1.782758 -1.286088
v 0.509997 1.92232 -0.898656
v 0.0 1.9153 -0.898656
v 0.489724 1.785743 -1.282729
v 0.489594 1.734705 -1.330521
v 0.0 1.734892 -1.330521
v 0.489465 1.674393 -1.330521
v 0.001227 1.674486 -1.330731
v 0.0 1.934724 -0.34721
v 0.509997 1.933798 -0.348417
v 0.613287 1.836221 -0.347924
v 0.613859 1.831022 -0.898656
v 0.0 1.920455 0.162918
v 0.509997 1.916251 0.160595
v 0.0 1.796376 0.532909
v 0.48972 1.808799 0.534184
v 0.0 1.740948 0.601935
v 0.489594 1.740548 0.601935
v 0.0 1.673763 0.601935
v 0.489465 1.673363 0.601935
v 0.589158 1.673363 0.580405
v 0.589831 1.746544 0.582117
v 0.589831 1.746544 0.582117
v 0.600786 1.775836 0.527201
v 0.613287 1.827599 0.161543
v 0.644388 1.767888 0.162363
v 0.644319 1.749888 0.521024
v 0.628185 1.673567 0.162918
v 0.628185 1.673363 0.515813
v 0.628185 1.673857 -0.34721
v 0.644388 1.769489 -0.347498
v 0.628185 1.674172 -0.898656
v 0.644388 1.77122 -0.898656
v 0.628185 1.674393 -1.253172
v 0.619736 1.734705 -1.253318
v 0.573968 1.773178 -1.278181
v 0.580809 1.734705 -1.314366
v 0.58478 1.674393 -1.314385
v 0.628185 1.674393 -1.253172
v 0.619736 1.734705 -1.253318
v 0.583055 0.89913 0.910209
v 0.321395 1.033947 0.910143
v 0.321395 0.89913 0.910134
v 0.581242 1.134684 0.910149
v 0.0 1.134684 0.910148
v 0.0 1.036709 0.90955
v 0.628185 1.673363 0.515813
v 0.644319 1.749888 0.521024
v 0.321395 1.134684 -1.652137
v 0.0 1.016427 -1.652137
v 0.0 1.134684 -1.652137
v 0.321395 1.016334 -1.652137
v 0.90499 1.147316 1.140354
v 0.885972 1.024276 1.001497
v 0.885972 1.024276 1.140354
v 0.90499 1.147316 1.001497
v 0.878055 1.240242 1.140354
v 0.878055 1.240242 1.001497
v 0.90499 1.147316 1.001497
v 0.626743 1.024276 1.001497
v 0.885972 1.024276 1.001497
v 0.633056 1.161971 1.001497
v 0.878055 1.240242 1.001497
v 0.713897 1.262398 1.001497
v 0.885972 1.024276 1.001497
v 0.626743 1.024276 1.140354
v 0.885972 1.024276 1.140354
v 0.626743 1.024276 1.001497
v 0.878055 1.240242 1.140354
v 0.713897 1.262398 1.001497
v 0.878055 1.240242 1.001497
v 0.878055 1.240242 1.140354
v 0.713897 1.262398 1.140354
v 0.651065 1.182001 1.209311
v 0.628908 1.065575 1.209311
v 0.628908 1.15506 1.209311
v 0.708152 1.15989 1.209311
v 0.706543 1.086746 1.209311
v 0.711825 1.091542 1.003836
v 0.711825 1.15553 0.930312
v 0.711825 1.091542 0.930312
v 0.711825 1.15553 1.003836
v 0.641548 1.064134 0.930312
v 0.711825 1.15553 0.930312
v 0.641548 1.178411 0.930312
v 0.711825 1.091542 0.930312
v 0.711825 1.091542 0.930312
v 0.641548 1.064134 1.003836
v 0.711825 1.091542 1.003836
v 0.641548 1.064134 0.930312
v 0.711825 1.15553 1.003836
v 0.641548 1.178411 0.930312
v 0.711825 1.15553 0.930312
v 0.641548 1.178411 1.003836
v 0.711825 1.091542 1.003836
v 0.641548 1.178411 1.003836
v 0.711825 1.15553 1.003836
v 0.641548 1.064134 1.003836
v 0.628908 1.065575 1.139368
v 0.706543 1.086746 1.209311
v 0.706543 1.086746 1.139368
v 0.628908 1.065575 1.209311
v 0.706543 1.086746 1.139368
v 0.708152 1.15989 1.209311
v 0.708152 1.15989 1.139368
v 0.706543 1.086746 1.209311
v 0.651663 1.181769 1.139368
v 0.708152 1.15989 1.209311
v 0.651065 1.182001 1.209311
v 0.708152 1.15989 1.139368
v 0.628908 1.15506 1.139368
v 0.651065 1.182001 1.209311
v 0.628908 1.15506 1.209311
v 0.651663 1.181769 1.139368
v 0.713897 1.262398 1.140354
v 0.633056 1.161971 1.001497
v 0.713897 1.262398 1.001497
v 0.633056 1.161971 1.140354
v 0.626743 1.024276 1.140354
v 0.626743 1.024276 1.001497
v 0.633056 1.161971 1.140354
v 0.885972 1.024276 1.140354
v 0.626743 1.024276 1.140354
v 0.90499 1.147316 1.140354
v 0.713897 1.262398 1.140354
v 0.878055 1.240242 1.140354
v 0.637736 1.085225 0.846292
v 0.637736 0.810893 -0.314532
v 0.637736 0.810893 0.844187
v 0.637736 1.083035 -0.314587
v 0.62516 0.973464 1.871934
v 0.686575 1.039773 1.549817
v 0.686575 0.957347 1.861882
v 0.62516 1.062488 1.549817
v 0.686575 0.743082 2.10111
v 0.62516 0.753682 2.119415
v 0.686575 0.420818 2.196852
v 0.62516 0.420818 2.219774
v 0.62516 0.260535 2.201854
v 0.686575 0.259998 2.178402
v 0.787649 0.875015 1.811922
v 0.787649 0.94397 1.549817
v 0.787649 0.692043 2.003988
v 0.787649 0.642192 1.93157
v 0.787649 0.80207 1.774271
v 0.787649 0.94397 1.549817
v 0.787649 0.858434 1.549817
v 0.787649 0.420818 1.987975
v 0.787649 0.427687 2.077339
v 0.787649 0.258082 2.067131
v 0.787649 0.256543 1.982606
v 0.787649 0.94397 1.549817
v 0.787649 0.80207 1.325364
v 0.787649 0.875015 1.287712
v 0.787649 0.642192 1.168064
v 0.787649 0.692043 1.095646
v 0.787649 0.420818 1.11166
v 0.787649 0.427687 1.022296
v 0.787649 0.258082 1.032503
v 0.787649 0.256542 1.117028
v 0.686575 0.957347 1.237751
v 0.686575 1.039773 1.549817
v 0.62516 0.973464 1.227699
v 0.62516 1.062488 1.549817
v 0.686575 0.743082 0.998524
v 0.62516 0.753682 0.980219
v 0.686575 0.420818 0.902782
v 0.62516 0.420818 0.87986
v 0.62516 0.260535 0.897781
v 0.686575 0.259998 0.921232
v 0.787649 0.94397 1.549817
v 0.62516 0.973464 -0.688614
v 0.686575 1.039773 -1.010732
v 0.686575 0.957347 -0.698666
v 0.62516 1.062488 -1.010732
v 0.686575 0.743082 -0.459439
v 0.62516 0.753682 -0.441133
v 0.686575 0.420818 -0.363697
v 0.62516 0.420818 -0.340775
v 0.62516 0.260535 -0.358695
v 0.686575 0.259998 -0.382147
v 0.787649 0.875015 -0.748627
v 0.787649 0.94397 -1.010732
v 0.787649 0.802071 -0.786278
v 0.787649 0.858434 -1.010732
v 0.787649 0.642192 -0.628979
v 0.787649 0.692043 -0.556561
v 0.787649 0.420818 -0.572574
v 0.787649 0.427687 -0.483211
v 0.787649 0.258082 -0.493418
v 0.787649 0.256542 -0.577942
v 0.62516 0.973464 -1.332849
v 0.686575 1.039773 -1.010732
v 0.62516 1.062488 -1.010732
v 0.686575 0.957347 -1.322798
v 0.686575 0.743082 -1.562024
v 0.62516 0.753682 -1.580331
v 0.686575 0.420818 -1.657767
v 0.62516 0.420818 -1.680689
v 0.62516 0.260535 -1.662768
v 0.686575 0.259998 -1.639317
v 0.787649 0.875015 -1.272837
v 0.787649 0.94397 -1.010732
v 0.787649 0.802071 -1.235186
v 0.787649 0.858434 -1.010732
v 0.787649 0.642192 -1.392485
v 0.787649 0.692043 -1.464902
v 0.787649 0.420818 -1.448889
v 0.787649 0.427687 -1.538253
v 0.787649 0.258082 -1.528046
v 0.787649 0.256542 -1.443522
v -0.637736 0.257353 -1.866082
v -0.637736 0.810893 -0.373732
v -0.637736 0.257353 -0.373732
v -0.637736 0.563426 -1.919706
v -0.637736 0.570966 -2.040265
v -0.637736 0.810893 -0.314532
v -0.637736 1.134684 -0.373732
v -0.637736 0.893737 -1.920499
v -0.637736 1.134684 -1.921227
v -0.637736 1.134684 -1.983111
v -0.637736 0.898044 -1.983111
v -0.637736 1.083035 -0.314587
v -0.637736 1.134684 0.910148
v -0.637736 1.085225 0.846292
v -0.637736 0.810893 0.844187
v -0.637736 0.810893 0.910149
v -0.637736 1.134684 1.556233
v -0.637736 0.257353 1.556233
v -0.637736 1.12373 1.88267
v -0.637736 0.257353 1.88267
v -0.637736 0.257353 0.910149
v -0.637736 0.559152 2.081095
v -0.637736 0.882185 2.081095
v -0.637736 1.050487 2.081095
v -0.637736 0.257353 2.081095
v -0.637736 0.97498 2.190507
v -0.637736 0.882185 2.190507
v -0.637736 0.559152 2.298892
v -0.637736 0.257353 2.299104
v -0.321395 0.257353 -1.866082
v -0.637736 0.570966 -2.040265
v -0.637736 0.257353 -1.866082
v -0.321395 0.570966 -2.040529
v 0.0 0.257353 -1.866082
v 0.0 0.570633 -2.039978
v -0.637736 0.97498 2.190507
v -0.321395 0.882185 2.190684
v -0.637736 0.882185 2.190507
v -0.21664 0.974839 2.190507
v 0.0 0.882185 2.190684
v 0.0 0.97477 2.190507
v -0.321395 1.134684 -1.983111
v 0.0 1.134684 -1.652137
v -0.321395 1.134684 -1.652137
v 0.0 1.134684 -1.983111
v -0.637736 1.134684 -1.921227
v -0.637736 1.134684 -1.983111
v -0.321395 1.134684 -0.688796
v -0.637736 1.134684 -0.373732
v -0.582303 1.134684 -0.373732
v -0.321395 1.134684 -0.373732
v -0.637736 0.257353 2.299104
v -0.321395 0.559152 2.409045
v -0.321395 0.257353 2.408869
v -0.637736 0.559152 2.298892
v -0.321395 1.134684 -1.983111
v -0.637736 0.898044 -1.983111
v -0.321395 0.898044 -1.98237
v -0.637736 1.134684 -1.983111
v 0.0 1.134684 -1.983111
v 0.0 0.898044 -1.985942
v 0.0 0.882185 2.32083
v -0.321395 0.559152 2.321066
v -0.321395 0.882185 2.320829
v 0.0 0.559152 2.32083
v -0.637736 1.134684 -0.373732
v -0.581242 1.134684 0.910149
v -0.637736 1.134684 0.910148
v -0.582303 1.134684 -0.373732
v -0.637736 1.134684 1.556233
v -0.21664 1.134684 1.547381
v 0.0 1.134684 0.910148
v 0.0 1.134684 1.543074
v -0.582303 1.134684 -0.373732
v -0.583055 0.89913 0.910209
v -0.581242 1.134684 0.910149
v -0.582914 0.898044 -0.373732
v -0.321395 0.384269 0.281166
v -0.321395 0.470257 0.286679
v -0.321395 0.384269 -0.373732
v -0.321395 0.898493 0.588
v -0.321395 0.899808 -0.373732
v -0.321395 0.470301 0.589952
v -0.321395 0.570966 -1.922169
v -0.321395 0.898044 -1.98237
v -0.321395 0.898044 -1.920655
v -0.321395 0.570966 -2.040529
v -0.321395 0.898044 -2.04243
v -0.637736 1.134684 1.556233
v -0.21664 1.12373 1.88267
v -0.637736 1.12373 1.88267
v -0.21664 1.134684 1.547381
v -0.321395 0.559152 2.081095
v -0.637736 0.882185 2.081095
v -0.321395 0.882185 2.081095
v -0.637736 0.559152 2.081095
v -0.321395 0.559152 2.081095
v -0.321395 0.882185 2.081095
v -0.321395 0.882185 2.190684
v -0.321395 0.882185 2.320829
v -0.321395 0.559152 2.321066
v -0.321395 0.882185 2.190684
v 0.0 0.882185 2.32083
v -0.321395 0.882185 2.320829
v 0.0 0.882185 2.190684
v -0.637736 0.559152 2.081095
v -0.321395 0.559152 2.321066
v -0.637736 0.559152 2.298892
v -0.321395 0.559152 2.081095
v -0.321395 0.559152 2.409045
v 0.0 0.559152 2.465456
v 0.0 0.559152 2.32083
v -0.321395 1.134684 -0.373732
v -0.582914 0.898044 -0.373732
v -0.582303 1.134684 -0.373732
v -0.321395 0.899808 -0.373732
v -0.257894 1.134684 -0.373732
v -0.257621 1.375253 -0.503627
v -0.321395 1.375253 -0.503627
v -0.321395 1.525653 -0.574259
v -0.257621 1.525653 -0.574259
v 0.0 1.525653 -0.574259
v 0.0 1.375253 -0.48011
v 0.0 0.898044 -0.373732
v -0.321395 0.384269 -0.373732
v 0.0 0.384269 -0.373732
v 0.0 1.134684 -0.373732
v -0.321395 0.898493 0.588
v -0.582914 0.898044 -0.373732
v -0.321395 0.899808 -0.373732
v -0.583055 0.89913 0.910209
v -0.321395 0.89913 0.910134
v -0.321395 0.898044 -2.04243
v 0.0 0.898044 -1.985942
v -0.321395 0.898044 -1.98237
v 0.0 0.898044 -2.041932
v -0.321395 0.882185 2.190684
v -0.637736 0.882185 2.081095
v -0.637736 0.882185 2.190507
v -0.321395 0.882185 2.081095
v -0.321395 0.898044 -1.98237
v -0.637736 0.893737 -1.920499
v -0.321395 0.898044 -1.920655
v -0.637736 0.898044 -1.983111
v -0.321395 0.898044 -1.920655
v -0.637736 0.563426 -1.919706
v -0.321395 0.570966 -1.922169
v -0.637736 0.893737 -1.920499
v -0.321395 0.570966 -1.922169
v -0.637736 0.570966 -2.040265
v -0.321395 0.570966 -2.040529
v -0.637736 0.563426 -1.919706
v -0.321395 1.134684 -1.652137
v -0.321395 1.016866 -0.688796
v -0.321395 1.134684 -0.688796
v -0.321395 1.016334 -1.652137
v 0.0 1.016427 -1.652137
v -0.321395 1.016866 -0.688796
v -0.321395 1.016334 -1.652137
v 0.0 1.017266 -0.688796
v -0.321395 1.525653 -0.688796
v -0.257621 1.525653 -0.574259
v -0.321395 1.525653 -0.574259
v -0.269903 1.525653 -0.688796
v 0.0 1.525653 -0.688796
v 0.0 1.525653 -0.574259
v -0.321395 1.134684 -0.688796
v -0.321395 1.016866 -0.688796
v -0.257621 1.134684 -0.688796
v 0.0 1.017266 -0.688796
v 0.0 1.134684 -0.688796
v -0.321395 1.375253 -0.688796
v -0.257621 1.375253 -0.688796
v -0.269903 1.525653 -0.688796
v -0.321395 1.525653 -0.688796
v 0.0 1.375253 -0.688796
v 0.0 1.525653 -0.688796
v 0.0 1.134684 -0.688796
v -0.257894 1.134684 -0.373732
v -0.257621 1.134684 -0.688796
v 0.0 1.134684 -0.373732
v -0.321395 1.134684 -0.688796
v -0.321395 1.375253 -0.503627
v -0.321395 1.134684 -0.373732
v -0.321395 1.375253 -0.688796
v -0.321395 1.525653 -0.574259
v -0.321395 1.525653 -0.688796
v -0.257621 1.134684 -0.688796
v -0.257621 1.375253 -0.503627
v -0.257621 1.375253 -0.688796
v -0.257894 1.134684 -0.373732
v -0.321395 0.898493 0.588
v 0.0 1.036709 0.90955
v -0.321395 1.033947 0.910143
v -0.176835 0.898439 0.591303
v 0.0 0.898215 0.591819
v -0.321395 1.033947 0.910143
v -0.321395 0.89913 0.910134
v -0.321395 0.898493 0.588
v -0.321395 0.898493 0.588
v -0.178761 0.470273 0.590037
v -0.176835 0.898439 0.591303
v -0.321395 0.470301 0.589952
v -0.321395 0.470301 0.589952
v -0.177747 0.470793 0.493768
v -0.178761 0.470273 0.590037
v -0.321395 0.470257 0.286679
v 0.0 0.470257 0.281161
v 0.0 0.470775 0.493808
v -0.321395 0.470257 0.286679
v 0.0 0.384269 0.281166
v 0.0 0.470257 0.281161
v -0.321395 0.384269 0.281166
v -0.321395 0.384269 -0.373732
v 0.0 0.384269 0.281166
v -0.321395 0.384269 0.281166
v 0.0 0.384269 -0.373732
v 0.0 0.470775 0.493808
v -0.174235 0.899582 0.494584
v -0.177747 0.470793 0.493768
v 0.0 0.899268 0.495549
v 0.0 0.898215 0.591819
v -0.174235 0.899582 0.494584
v 0.0 0.899268 0.495549
v -0.176835 0.898439 0.591303
v -0.176835 0.898439 0.591303
v -0.177747 0.470793 0.493768
v -0.174235 0.899582 0.494584
v -0.178761 0.470273 0.590037
v 0.0 1.782758 -1.286088
v -0.509997 1.92232 -0.898656
v -0.489724 1.785743 -1.282729
v 0.0 1.9153 -0.898656
v -0.489594 1.734705 -1.330521
v 0.0 1.734892 -1.330521
v -0.489465 1.674393 -1.330521
v 0.001227 1.674486 -1.330731
v 0.0 1.934724 -0.34721
v -0.509997 1.933798 -0.348417
v -0.613287 1.836221 -0.347924
v -0.613859 1.831022 -0.898656
v -0.644388 1.77122 -0.898656
v -0.619736 1.734705 -1.253318
v -0.573968 1.773179 -1.278181
v -0.628185 1.674393 -1.253172
v -0.628185 1.674172 -0.898656
v -0.580809 1.734705 -1.314366
v -0.644388 1.769489 -0.347498
v -0.613287 1.827599 0.161543
v -0.644388 1.767888 0.162363
v -0.628185 1.673857 -0.34721
v -0.628185 1.673567 0.162918
v -0.644319 1.749888 0.521024
v -0.628185 1.673363 0.515813
v -0.600786 1.775836 0.527201
v -0.48972 1.808799 0.534184
v -0.589831 1.746544 0.582117
v -0.489594 1.740548 0.601935
v 0.0 1.740948 0.601935
v 0.0 1.673763 0.601935
v -0.489465 1.673363 0.601935
v -0.589158 1.673363 0.580405
v -0.589831 1.746544 0.582117
v 0.0 1.796376 0.532909
v -0.509997 1.916251 0.160595
v -0.628185 1.673363 0.515813
v -0.644319 1.749888 0.521024
v -0.628185 1.674393 -1.253172
v -0.619736 1.734705 -1.253318
v -0.58478 1.674393 -1.314385
v -0.509997 1.916251 0.160595
v -0.48972 1.808799 0.534184
v -0.509997 1.933798 -0.348417
v -0.583055 0.89913 0.910209
v -0.321395 1.033947 0.910143
v -0.581242 1.134684 0.910149
v -0.321395 0.89913 0.910134
v 0.0 1.134684 0.910148
v 0.0 1.036709 0.90955
v -0.321395 1.134684 -1.652137
v 0.0 1.016427 -1.652137
v -0.321395 1.016334 -1.652137
v 0.0 1.134684 -1.652137
v -0.90499 1.147316 1.140354
v -0.885972 1.024276 1.001497
v -0.90499 1.147316 1.001497
v -0.885972 1.024276 1.140354
v -0.878055 1.240242 1.140354
v -0.878055 1.240242 1.001497
v -0.90499 1.147316 1.001497
v -0.626742 1.024276 1.001497
v -0.633056 1.161971 1.001497
v -0.885972 1.024276 1.001497
v -0.878055 1.240242 1.001497
v -0.713897 1.262398 1.001497
v -0.885972 1.024276 1.001497
v -0.626742 1.024276 1.140354
v -0.626742 1.024276 1.001497
v -0.885972 1.024276 1.140354
v -0.878055 1.240242 1.140354
v -0.713897 1.262398 1.001497
v -0.713897 1.262398 1.140354
v -0.878055 1.240242 1.140354
v -0.878055 1.240242 1.001497
v -0.628908 1.065575 1.209311
v -0.651065 1.182001 1.209311
v -0.628908 1.15506 1.209311
v -0.708152 1.15989 1.209311
v -0.706543 1.086746 1.209311
v -0.711825 1.091542 1.003836
v -0.711825 1.15553 0.930312
v -0.711825 1.15553 1.003836
v -0.711825 1.091542 0.930312
v -0.641548 1.064134 0.930312
v -0.711825 1.15553 0.930312
v -0.711825 1.091542 0.930312
v -0.641548 1.178411 0.930312
v -0.711825 1.091542 0.930312
v -0.641548 1.064134 1.003836
v -0.641548 1.064134 0.930312
v -0.711825 1.091542 1.003836
v -0.711825 1.15553 1.003836
v -0.641548 1.178411 0.930312
v -0.641548 1.178411 1.003836
v -0.711825 1.15553 0.930312
v -0.711825 1.091542 1.003836
v -0.641548 1.178411 1.003836
v -0.641548 1.064134 1.003836
v -0.711825 1.15553 1.003836
v -0.628908 1.065575 1.139368
v -0.706543 1.086746 1.209311
v -0.628908 1.065575 1.209311
v -0.706543 1.086746 1.139368
v -0.706543 1.086746 1.139368
v -0.708152 1.15989 1.209311
v -0.706543 1.086746 1.209311
v -0.708152 1.15989 1.139368
v -0.651663 1.181769 1.139368
v -0.708152 1.15989 1.209311
v -0.708152 1.15989 1.139368
v -0.651065 1.182001 1.209311
v -0.628908 1.15506 1.139368
v -0.651065 1.182001 1.209311
v -0.651663 1.181769 1.139368
v -0.628908 1.15506 1.209311
v -0.713897 1.262398 1.140354
v -0.633056 1.161971 1.001497
v -0.633056 1.161971 1.140354
v -0.713897 1.262398 1.001497
v -0.626742 1.024276 1.140354
v -0.626742 1.024276 1.001497
v -0.633056 1.161971 1.140354
v -0.885972 1.024276 1.140354
v -0.90499 1.147316 1.140354
v -0.626742 1.024276 1.140354
v -0.713897 1.262398 1.140354
v -0.878055 1.240242 1.140354
v -0.637736 1.085225 0.846292
v -0.637736 0.810893 -0.314532
v -0.637736 1.083035 -0.314587
v -0.637736 0.810893 0.844187
v -0.62516 0.973464 1.871934
v -0.686575 1.039773 1.549817
v -0.62516 1.062488 1.549817
v -0.686575 0.957347 1.861882
v -0.686575 0.743082 2.10111
v -0.62516 0.753682 2.119415
v -0.686575 0.420818 2.196852
v -0.62516 0.420818 2.219774
v -0.62516 0.260535 2.201854
v -0.686575 0.259998 2.178402
v -0.787649 0.875015 1.811922
v -0.787649 0.94397 1.549817
v -0.787649 0.692043 2.003988
v -0.787649 0.642192 1.93157
v -0.787649 0.80207 1.774271
v -0.787649 0.94397 1.549817
v -0.787649 0.858434 1.549817
v -0.787649 0.420818 1.987975
v -0.787649 0.427687 2.077339
v -0.787649 0.258082 2.067131
v -0.787649 0.256543 1.982606
v -0.787649 0.80207 1.325364
v -0.787649 0.94397 1.549817
v -0.787649 0.875015 1.287712
v -0.787649 0.642192 1.168064
v -0.787649 0.692043 1.095646
v -0.787649 0.420818 1.11166
v -0.787649 0.427687 1.022296
v -0.787649 0.258082 1.032503
v -0.787649 0.256542 1.117028
v -0.686575 0.957347 1.237751
v -0.686575 1.039773 1.549817
v -0.62516 0.973464 1.227699
v -0.62516 1.062488 1.549817
v -0.686575 0.743082 0.998524
v -0.62516 0.753682 0.980219
v -0.686575 0.420818 0.902782
v -0.62516 0.420818 0.87986
v -0.62516 0.260535 0.897781
v -0.686575 0.259998 0.921232
v -0.787649 0.94397 1.549817
v -0.62516 0.973464 -0.688614
v -0.686575 1.039773 -1.010732
v -0.62516 1.062488 -1.010732
v -0.686575 0.957347 -0.698666
v -0.686575 0.743082 -0.459439
v -0.62516 0.753682 -0.441133
v -0.686575 0.420818 -0.363697
v -0.62516 0.420818 -0.340775
v -0.62516 0.260535 -0.358695
v -0.686575 0.259998 -0.382147
v -0.787649 0.875015 -0.748627
v -0.787648 0.94397 -1.010732
v -0.787649 0.692043 -0.556561
v -0.787649 0.642192 -0.628979
v -0.787649 0.802071 -0.786278
v -0.787648 0.94397 -1.010732
v -0.787648 0.858434 -1.010732
v -0.787649 0.420818 -0.572574
v -0.787648 0.427687 -0.483211
v -0.787648 0.258082 -0.493418
v -0.787649 0.256542 -0.577942
v -0.787649 0.802071 -1.235186
v -0.787648 0.94397 -1.010732
v -0.787649 0.875015 -1.272837
v -0.787649 0.642192 -1.392485
v -0.787649 0.692043 -1.464902
v -0.787649 0.420818 -1.448889
v -0.787648 0.427687 -1.538253
v -0.787648 0.258082 -1.528046
v -0.787649 0.256542 -1.443522
v -0.686575 0.957347 -1.322798
v -0.686575 1.039773 -1.010732
v -0.62516 0.973464 -1.332849
v -0.62516 1.062488 -1.010732
v -0.686575 0.743082 -1.562024
v -0.62516 0.753682 -1.580331
v -0.686575 0.420818 -1.657767
v -0.62516 0.420818 -1.680689
v -0.62516 0.260535 -1.662768
v -0.686575 0.259998 -1.639317
v -0.787648 0.94397 -1.010732
v 0.07626 0.75755 0.272423
v -0.234172 0.854647 0.369674
v -0.078871 0.757396 0.272317
v -0.234172 0.998744 0.469156
v 0.231732 0.854135 0.369321
v -0.079481 1.116824 0.533238
v 0.231254 0.995221 0.466723
v 0.078306 1.116824 0.533238
v 0.868266 0.608256 1.606712
v 0.868266 0.541372 1.69877
v 0.868266 0.582105 1.658038
v 0.868266 0.433151 1.733934
v 0.868266 0.490046 1.724922
v 0.868266 0.258046 1.606712
v 0.868266 0.32493 1.69877
v 0.868266 0.376256 1.724922
v 0.868266 0.284198 1.658038
v 0.868266 0.32493 1.400864
v 0.868266 0.258046 1.492923
v 0.868266 0.249035 1.549817
v 0.868266 0.284198 1.441596
v 0.868266 0.541372 1.400864
v 0.868266 0.433151 1.365701
v 0.868266 0.376256 1.374712
v 0.868266 0.490046 1.374712
v 0.868266 0.608256 1.492923
v 0.868266 0.582105 1.441596
v 0.868266 0.617268 1.549817
v 0.504289 0.871718 1.549817
v 0.957072 0.850253 1.685342
v 0.504289 0.850253 1.685342
v 0.957072 0.871718 1.549817
v 0.957072 0.787959 1.8076
v 0.504289 0.787959 1.8076
v 0.957072 0.690934 1.904625
v 0.504289 0.690934 1.904625
v 0.957072 0.568676 1.966918
v 0.504289 0.568676 1.966918
v 0.957072 0.433151 1.988384
v 0.504289 0.432849 1.988352
v 0.957072 0.297627 1.966918
v 0.504018 0.297325 1.966887
v 0.957072 0.175368 1.904625
v 0.504018 0.175066 1.904593
v 0.957072 0.078343 1.8076
v 0.504018 0.078041 1.807568
v 0.957072 0.01605 1.685342
v 0.504018 0.015748 1.68531
v 0.957072 -0.005415 1.549817
v 0.504018 -0.005717 1.549785
v 0.957072 0.871718 1.549817
v 1.007801 0.762737 1.656906
v 0.957072 0.850253 1.685342
v 1.007801 0.779698 1.549817
v 1.007801 0.713513 1.753513
v 0.957072 0.787959 1.8076
v 1.007801 0.636846 1.830179
v 0.957072 0.690934 1.904625
v 1.007801 0.54024 1.879403
v 0.957072 0.568676 1.966918
v 1.007801 0.433151 1.896364
v 0.957072 0.433151 1.988384
v 1.007801 0.326062 1.879403
v 0.957072 0.297627 1.966918
v 1.007801 0.229456 1.830179
v 0.957072 0.175368 1.904625
v 1.007801 0.152789 1.753513
v 0.957072 0.078343 1.8076
v 1.007801 0.103566 1.656906
v 0.957072 0.01605 1.685342
v 1.007801 0.086605 1.549817
v 0.957072 -0.005415 1.549817
v 1.007801 0.49022 1.725458
v 1.007801 0.433151 1.734497
v 1.007801 0.376082 1.725458
v 1.007801 0.324599 1.699226
v 1.007801 0.283742 1.658369
v 1.007801 0.25751 1.606886
v 1.007801 0.248471 1.549817
v 1.007801 0.541703 1.699226
v 1.007801 0.58256 1.658369
v 1.007801 0.608792 1.606886
v 1.007801 0.617831 1.549817
v 1.007801 0.617831 1.549817
v 0.868266 0.608256 1.606712
v 1.007801 0.608792 1.606886
v 0.868266 0.617268 1.549817
v 0.868266 0.582105 1.658038
v 1.007801 0.58256 1.658369
v 0.868266 0.541372 1.69877
v 1.007801 0.541703 1.699226
v 0.868266 0.490046 1.724922
v 1.007801 0.49022 1.725458
v 0.868266 0.433151 1.733934
v 1.007801 0.433151 1.734497
v 0.868266 0.376256 1.724922
v 1.007801 0.376082 1.725458
v 0.868266 0.32493 1.69877
v 1.007801 0.324599 1.699226
v 0.868266 0.284198 1.658038
v 1.007801 0.283742 1.658369
v 0.868266 0.258046 1.606712
v 1.007801 0.25751 1.606886
v 0.868266 0.249035 1.549817
v 1.007801 0.248471 1.549817
v 0.504289 0.871718 1.549817
v 0.957072 0.850253 1.414293
v 0.957072 0.871718 1.549817
v 0.504289 0.850253 1.414292
v 0.957072 0.787959 1.292034
v 0.504289 0.787959 1.292034
v 0.957072 0.690934 1.195009
v 0.504289 0.690934 1.195009
v 0.957072 0.568676 1.132716
v 0.504289 0.568676 1.132716
v 0.957072 0.433151 1.111251
v 0.504289 0.432849 1.111219
v 0.957072 0.297627 1.132716
v 0.504018 0.297325 1.132684
v 0.957072 0.175368 1.195009
v 0.504018 0.175066 1.194978
v 0.957072 0.078343 1.292034
v 0.504018 0.078041 1.292002
v 0.957072 0.01605 1.414293
v 0.504018 0.015748 1.414261
v 0.957072 -0.005415 1.549817
v 0.504018 -0.005717 1.549785
v 0.957072 0.871718 1.549817
v 1.007801 0.762737 1.442728
v 1.007801 0.779698 1.549817
v 0.957072 0.850253 1.414293
v 1.007801 0.713513 1.346122
v 0.957072 0.787959 1.292034
v 1.007801 0.636846 1.269455
v 0.957072 0.690934 1.195009
v 1.007801 0.54024 1.220232
v 0.957072 0.568676 1.132716
v 1.007801 0.433151 1.203271
v 0.957072 0.433151 1.111251
v 1.007801 0.326062 1.220232
v 0.957072 0.297627 1.132716
v 1.007801 0.229456 1.269455
v 0.957072 0.175368 1.195009
v 1.007801 0.152789 1.346122
v 0.957072 0.078343 1.292034
v 1.007801 0.103566 1.442728
v 0.957072 0.01605 1.414293
v 1.007801 0.086605 1.549817
v 0.957072 -0.005415 1.549817
v 1.007801 0.49022 1.374176
v 1.007801 0.541703 1.400408
v 1.007801 0.58256 1.441265
v 1.007801 0.608792 1.492748
v 1.007801 0.617831 1.549817
v 1.007801 0.25751 1.492748
v 1.007801 0.283742 1.441265
v 1.007801 0.248471 1.549817
v 1.007801 0.433151 1.365137
v 1.007801 0.376082 1.374176
v 1.007801 0.324599 1.400408
v 1.007801 0.617831 1.549817
v 0.868266 0.608256 1.492923
v 0.868266 0.617268 1.549817
v 1.007801 0.608792 1.492748
v 0.868266 0.582105 1.441596
v 1.007801 0.58256 1.441265
v 0.868266 0.541372 1.400864
v 1.007801 0.541703 1.400408
v 0.868266 0.490046 1.374712
v 1.007801 0.49022 1.374176
v 0.868266 0.433151 1.365701
v 1.007801 0.433151 1.365137
v 0.868266 0.376256 1.374712
v 1.007801 0.376082 1.374176
v 0.868266 0.32493 1.400864
v 1.007801 0.324599 1.400408
v 0.868266 0.284198 1.441596
v 1.007801 0.283742 1.441265
v 0.868266 0.258046 1.492923
v 1.007801 0.25751 1.492748
v 0.868266 0.249035 1.549817
v 1.007801 0.248471 1.549817
v -0.868266 0.608256 1.492923
v -0.868266 0.541372 1.400864
v -0.868266 0.582105 1.441596
v -0.868266 0.608256 1.606712
v -0.868266 0.32493 1.400864
v -0.868266 0.433151 1.365701
v -0.868266 0.490046 1.374712
v -0.868266 0.376256 1.374712
v -0.868266 0.258046 1.606712
v -0.868266 0.258046 1.492923
v -0.868266 0.284198 1.441596
v -0.868266 0.249035 1.549817
v -0.868266 0.433151 1.733934
v -0.868266 0.32493 1.69877
v -0.868266 0.284198 1.658038
v -0.868266 0.376256 1.724922
v -0.868266 0.541372 1.69877
v -0.868266 0.490046 1.724922
v -0.868266 0.582105 1.658038
v -0.868266 0.617268 1.549817
v -0.501572 0.871718 1.549817
v -0.957072 0.850253 1.685342
v -0.957072 0.871718 1.549817
v -0.501572 0.850253 1.685342
v -0.957072 0.787959 1.8076
v -0.501572 0.787959 1.8076
v -0.957072 0.690934 1.904625
v -0.501572 0.690934 1.904625
v -0.957072 0.568676 1.966918
v -0.501572 0.568676 1.966918
v -0.957072 0.433151 1.988384
v -0.501572 0.432547 1.98832
v -0.957072 0.297627 1.966918
v -0.502112 0.297023 1.966855
v -0.957072 0.175368 1.904625
v -0.502112 0.174764 1.904561
v -0.957072 0.078343 1.8076
v -0.502112 0.077739 1.807536
v -0.957072 0.01605 1.685342
v -0.502112 0.015446 1.685278
v -0.957072 -0.005415 1.549817
v -0.502112 -0.006019 1.549753
v -0.957072 0.871718 1.549817
v -1.007801 0.762737 1.656906
v -1.007801 0.779698 1.549817
v -0.957072 0.850253 1.685342
v -1.007801 0.713513 1.753513
v -0.957072 0.787959 1.8076
v -1.007801 0.636846 1.830179
v -0.957072 0.690934 1.904625
v -1.007801 0.54024 1.879403
v -0.957072 0.568676 1.966918
v -1.007801 0.433151 1.896364
v -0.957072 0.433151 1.988384
v -1.007801 0.326062 1.879403
v -0.957072 0.297627 1.966918
v -1.007801 0.229456 1.830179
v -0.957072 0.175368 1.904625
v -1.007801 0.152789 1.753513
v -0.957072 0.078343 1.8076
v -1.007801 0.103566 1.656906
v -0.957072 0.01605 1.685342
v -1.007801 0.086605 1.549817
v -0.957072 -0.005415 1.549817
v -1.007801 0.49022 1.725458
v -1.007801 0.541703 1.699226
v -1.007801 0.58256 1.658369
v -1.007801 0.608792 1.606886
v -1.007801 0.617831 1.549817
v -1.007801 0.25751 1.606886
v -1.007801 0.283742 1.658369
v -1.007801 0.248471 1.549817
v -1.007801 0.433151 1.734497
v -1.007801 0.376082 1.725458
v -1.007801 0.324599 1.699226
v -1.007801 0.617831 1.549817
v -0.868266 0.608256 1.606712
v -0.868266 0.617268 1.549817
v -1.007801 0.608792 1.606886
v -0.868266 0.582105 1.658038
v -1.007801 0.58256 1.658369
v -0.868266 0.541372 1.69877
v -1.007801 0.541703 1.699226
v -0.868266 0.490046 1.724922
v -1.007801 0.49022 1.725458
v -0.868266 0.433151 1.733934
v -1.007801 0.433151 1.734497
v -0.868266 0.376256 1.724922
v -1.007801 0.376082 1.725458
v -0.868266 0.32493 1.69877
v -1.007801 0.324599 1.699226
v -0.868266 0.284198 1.658038
v -1.007801 0.283742 1.658369
v -0.868266 0.258046 1.606712
v -1.007801 0.25751 1.606886
v -0.868266 0.249035 1.549817
v -1.007801 0.248471 1.549817
v -0.501572 0.871718 1.549817
v -0.957072 0.850253 1.414293
v -0.501572 0.850253 1.414292
v -0.957072 0.871718 1.549817
v -0.957072 0.787959 1.292034
v -0.501572 0.787959 1.292034
v -0.957072 0.690934 1.195009
v -0.501572 0.690934 1.195009
v -0.957072 0.568676 1.132716
v -0.501572 0.568676 1.132716
v -0.957072 0.433151 1.111251
v -0.501572 0.432547 1.111187
v -0.957072 0.297627 1.132716
v -0.502112 0.297023 1.132652
v -0.957072 0.175368 1.195009
v -0.502112 0.174764 1.194946
v -0.957072 0.078343 1.292034
v -0.502112 0.077739 1.291971
v -0.957072 0.01605 1.414293
v -0.502112 0.015446 1.414229
v -0.957072 -0.005415 1.549817
v -0.502112 -0.006019 1.549753
v -0.957072 0.871718 1.549817
v -1.007801 0.762737 1.442728
v -0.957072 0.850253 1.414293
v -1.007801 0.779698 1.549817
v -1.007801 0.713513 1.346122
v -0.957072 0.787959 1.292034
v -1.007801 0.636846 1.269455
v -0.957072 0.690934 1.195009
v -1.007801 0.54024 1.220232
v -0.957072 0.568676 1.132716
v -1.007801 0.433151 1.203271
v -0.957072 0.433151 1.111251
v -1.007801 0.326062 1.220232
v -0.957072 0.297627 1.132716
v -1.007801 0.229456 1.269455
v -0.957072 0.175368 1.195009
v -1.007801 0.152789 1.346122
v -0.957072 0.078343 1.292034
v -1.007801 0.103566 1.442728
v -0.957072 0.01605 1.414293
v -1.007801 0.086605 1.549817
v -0.957072 -0.005415 1.549817
v -1.007801 0.49022 1.374176
v -1.007801 0.433151 1.365137
v -1.007801 0.376082 1.374176
v -1.007801 0.324599 1.400408
v -1.007801 0.283742 1.441265
v -1.007801 0.25751 1.492748
v -1.007801 0.248471 1.549817
v -1.007801 0.541703 1.400408
v -1.007801 0.58256 1.441265
v -1.007801 0.608792 1.492748
v -1.007801 0.617831 1.549817
v -1.007801 0.617831 1.549817
v -0.868266 0.608256 1.492923
v -1.007801 0.608792 1.492748
v -0.868266 0.617268 1.549817
v -0.868266 0.582105 1.441596
v -1.007801 0.58256 1.441265
v -0.868266 0.541372 1.400864
v -1.007801 0.541703 1.400408
v -0.868266 0.490046 1.374712
v -1.007801 0.49022 1.374176
v -0.868266 0.433151 1.365701
v -1.007801 0.433151 1.365137
v -0.868266 0.376256 1.374712
v -1.007801 0.376082 1.374176
v -0.868266 0.32493 1.400864
v -1.007801 0.324599 1.400408
v -0.868266 0.284198 1.441596
v -1.007801 0.283742 1.441265
v -0.868266 0.258046 1.492923
v -1.007801 0.25751 1.492748
v -0.868266 0.249035 1.549817
v -1.007801 0.248471 1.549817
v 0.868266 0.608256 -0.953837
v 0.868266 0.541372 -0.861778
v 0.868266 0.582105 -0.902511
v 0.868266 0.433151 -0.826615
v 0.868266 0.490046 -0.835626
v 0.868266 0.258046 -0.953837
v 0.868266 0.32493 -0.861778
v 0.868266 0.376256 -0.835626
v 0.868266 0.284198 -0.902511
v 0.868266 0.32493 -1.159685
v 0.868266 0.258046 -1.067627
v 0.868266 0.249035 -1.010732
v 0.868266 0.284198 -1.118953
v 0.868266 0.541372 -1.159685
v 0.868266 0.433151 -1.194848
v 0.868266 0.376256 -1.185837
v 0.868266 0.490046 -1.185837
v 0.868266 0.608256 -1.067627
v 0.868266 0.582105 -1.118953
v 0.868266 0.617268 -1.010732
v 0.504289 0.871718 -1.010499
v 0.957072 0.850253 -0.875207
v 0.504289 0.850253 -0.874975
v 0.957072 0.871718 -1.010732
v 0.957072 0.787959 -0.752949
v 0.504289 0.787959 -0.752717
v 0.957072 0.690934 -0.655924
v 0.504289 0.690934 -0.655692
v 0.957072 0.568676 -0.59363
v 0.504289 0.568676 -0.593398
v 0.957072 0.433151 -0.572165
v 0.504289 0.432849 -0.571965
v 0.957072 0.297627 -0.59363
v 0.504018 0.297325 -0.59343
v 0.957072 0.175368 -0.655924
v 0.504018 0.175066 -0.655724
v 0.957072 0.078343 -0.752949
v 0.504018 0.078041 -0.752749
v 0.957072 0.01605 -0.875207
v 0.504018 0.015748 -0.875007
v 0.957072 -0.005415 -1.010732
v 0.504018 -0.005717 -1.010531
v 0.957072 0.871718 -1.010732
v 1.007801 0.762737 -0.903643
v 0.957072 0.850253 -0.875207
v 1.007801 0.779698 -1.010732
v 1.007801 0.713513 -0.807037
v 0.957072 0.787959 -0.752949
v 1.007801 0.636846 -0.73037
v 0.957072 0.690934 -0.655924
v 1.007801 0.54024 -0.681146
v 0.957072 0.568676 -0.59363
v 1.007801 0.433151 -0.664185
v 0.957072 0.433151 -0.572165
v 1.007801 0.326062 -0.681146
v 0.957072 0.297627 -0.59363
v 1.007801 0.229456 -0.73037
v 0.957072 0.175368 -0.655924
v 1.007801 0.152789 -0.807037
v 0.957072 0.078343 -0.752949
v 1.007801 0.103566 -0.903643
v 0.957072 0.01605 -0.875207
v 1.007801 0.086605 -1.010732
v 0.957072 -0.005415 -1.010732
v 1.007801 0.49022 -0.835091
v 1.007801 0.433151 -0.826052
v 1.007801 0.376082 -0.835091
v 1.007801 0.324599 -0.861323
v 1.007801 0.283742 -0.90218
v 1.007801 0.25751 -0.953663
v 1.007801 0.248471 -1.010732
v 1.007801 0.541703 -0.861323
v 1.007801 0.58256 -0.90218
v 1.007801 0.608792 -0.953663
v 1.007801 0.617831 -1.010732
v 1.007801 0.617831 -1.010732
v 0.868266 0.608256 -0.953837
v 1.007801 0.608792 -0.953663
v 0.868266 0.617268 -1.010732
v 0.868266 0.582105 -0.902511
v 1.007801 0.58256 -0.90218
v 0.868266 0.541372 -0.861778
v 1.007801 0.541703 -0.861323
v 0.868266 0.490046 -0.835626
v 1.007801 0.49022 -0.835091
v 0.868266 0.433151 -0.826615
v 1.007801 0.433151 -0.826052
v 0.868266 0.376256 -0.835626
v 1.007801 0.376082 -0.835091
v 0.868266 0.32493 -0.861778
v 1.007801 0.324599 -0.861323
v 0.868266 0.284198 -0.902511
v 1.007801 0.283742 -0.90218
v 0.868266 0.258046 -0.953837
v 1.007801 0.25751 -0.953663
v 0.868266 0.249035 -1.010732
v 1.007801 0.248471 -1.010732
v 0.504289 0.871718 -1.010499
v 0.957072 0.850253 -1.146256
v 0.957072 0.871718 -1.010732
v 0.504289 0.850253 -1.146024
v 0.957072 0.787959 -1.268514
v 0.504289 0.787959 -1.268283
v 0.957072 0.690934 -1.365539
v 0.504289 0.690934 -1.365307
v 0.957072 0.568676 -1.427833
v 0.504289 0.568676 -1.427601
v 0.957072 0.433151 -1.449299
v 0.504289 0.432849 -1.449098
v 0.957072 0.297627 -1.427833
v 0.504018 0.297325 -1.427633
v 0.957072 0.175368 -1.365539
v 0.504018 0.175066 -1.365339
v 0.957072 0.078343 -1.268514
v 0.504018 0.078041 -1.268314
v 0.957072 0.01605 -1.146256
v 0.504018 0.015748 -1.146056
v 0.957072 -0.005415 -1.010732
v 0.504018 -0.005717 -1.010531
v 0.957072 0.871718 -1.010732
v 1.007801 0.762737 -1.117821
v 1.007801 0.779698 -1.010732
v 0.957072 0.850253 -1.146256
v 1.007801 0.713513 -1.214427
v 0.957072 0.787959 -1.268514
v 1.007801 0.636846 -1.291094
v 0.957072 0.690934 -1.365539
v 1.007801 0.54024 -1.340317
v 0.957072 0.568676 -1.427833
v 1.007801 0.433151 -1.357278
v 0.957072 0.433151 -1.449299
v 1.007801 0.326062 -1.340317
v 0.957072 0.297627 -1.427833
v 1.007801 0.229456 -1.291094
v 0.957072 0.175368 -1.365539
v 1.007801 0.152789 -1.214427
v 0.957072 0.078343 -1.268514
v 1.007801 0.103566 -1.11782
v 0.957072 0.01605 -1.146256
v 1.007801 0.086605 -1.010732
v 0.957072 -0.005415 -1.010732
v 1.007801 0.49022 -1.186372
v 1.007801 0.541703 -1.160141
v 1.007801 0.58256 -1.119284
v 1.007801 0.608792 -1.067801
v 1.007801 0.617831 -1.010732
v 1.007801 0.25751 -1.067801
v 1.007801 0.283742 -1.119284
v 1.007801 0.248471 -1.010732
v 1.007801 0.433151 -1.195411
v 1.007801 0.376082 -1.186372
v 1.007801 0.324599 -1.160141
v 1.007801 0.617831 -1.010732
v 0.868266 0.608256 -1.067627
v 0.868266 0.617268 -1.010732
v 1.007801 0.608792 -1.067801
v 0.868266 0.582105 -1.118953
v 1.007801 0.58256 -1.119284
v 0.868266 0.541372 -1.159685
v 1.007801 0.541703 -1.160141
v 0.868266 0.490046 -1.185837
v 1.007801 0.49022 -1.186372
v 0.868266 0.433151 -1.194848
v 1.007801 0.433151 -1.195411
v 0.868266 0.376256 -1.185837
v 1.007801 0.376082 -1.186372
v 0.868266 0.32493 -1.159685
v 1.007801 0.324599 -1.160141
v 0.868266 0.284198 -1.118953
v 1.007801 0.283742 -1.119284
v 0.868266 0.258046 -1.067627
v 1.007801 0.25751 -1.067801
v 0.868266 0.249035 -1.010732
v 1.007801 0.248471 -1.010732
v -0.868266 0.608256 -1.067627
v -0.868266 0.541372 -1.159685
v -0.868266 0.582105 -1.118953
v -0.868266 0.608256 -0.953837
v -0.868266 0.32493 -1.159685
v -0.868266 0.433151 -1.194848
v -0.868266 0.490046 -1.185837
v -0.868266 0.376256 -1.185837
v -0.868266 0.258046 -0.953837
v -0.868266 0.258046 -1.067627
v -0.868266 0.284198 -1.118953
v -0.868266 0.249035 -1.010732
v -0.868266 0.433151 -0.826615
v -0.868266 0.32493 -0.861778
v -0.868266 0.284198 -0.902511
v -0.868266 0.376256 -0.835626
v -0.868266 0.541372 -0.861778
v -0.868266 0.490046 -0.835626
v -0.868266 0.582105 -0.902511
v -0.868266 0.617268 -1.010732
v -0.501284 0.871718 -1.010499
v -0.957072 0.850253 -0.875207
v -0.957072 0.871718 -1.010732
v -0.501284 0.850253 -0.874975
v -0.957072 0.787959 -0.752949
v -0.501284 0.787959 -0.752717
v -0.957072 0.690934 -0.655924
v -0.501284 0.690934 -0.655692
v -0.957072 0.568676 -0.59363
v -0.501284 0.568676 -0.593398
v -0.957072 0.433151 -0.572165
v -0.501284 0.432849 -0.571965
v -0.957072 0.297627 -0.59363
v -0.501555 0.297325 -0.59343
v -0.957072 0.175368 -0.655924
v -0.501555 0.175066 -0.655724
v -0.957072 0.078343 -0.752949
v -0.501555 0.078041 -0.752749
v -0.957072 0.01605 -0.875207
v -0.501555 0.015748 -0.875007
v -0.957072 -0.005415 -1.010732
v -0.501555 -0.005717 -1.010531
v -0.957072 0.871718 -1.010732
v -1.007801 0.762737 -0.903643
v -1.007801 0.779698 -1.010732
v -0.957072 0.850253 -0.875207
v -1.007801 0.713513 -0.807037
v -0.957072 0.787959 -0.752949
v -1.007801 0.636846 -0.73037
v -0.957072 0.690934 -0.655924
v -1.007801 0.54024 -0.681146
v -0.957072 0.568676 -0.59363
v -1.007801 0.433151 -0.664185
v -0.957072 0.433151 -0.572165
v -1.007801 0.326062 -0.681146
v -0.957072 0.297627 -0.59363
v -1.007801 0.229456 -0.73037
v -0.957072 0.175368 -0.655924
v -1.007801 0.152789 -0.807037
v -0.957072 0.078343 -0.752949
v -1.007801 0.103566 -0.903643
v -0.957072 0.01605 -0.875207
v -1.007801 0.086605 -1.010732
v -0.957072 -0.005415 -1.010732
v -1.007801 0.49022 -0.835091
v -1.007801 0.541703 -0.861323
v -1.007801 0.58256 -0.90218
v -1.007801 0.608792 -0.953663
v -1.007801 0.617831 -1.010732
v -1.007801 0.25751 -0.953663
v -1.007801 0.283742 -0.90218
v -1.007801 0.248471 -1.010732
v -1.007801 0.433151 -0.826052
v -1.007801 0.376082 -0.835091
v -1.007801 0.324599 -0.861323
v -1.007801 0.617831 -1.010732
v -0.868266 0.608256 -0.953837
v -0.868266 0.617268 -1.010732
v -1.007801 0.608792 -0.953663
v -0.868266 0.582105 -0.902511
v -1.007801 0.58256 -0.90218
v -0.868266 0.541372 -0.861778
v -1.007801 0.541703 -0.861323
v -0.868266 0.490046 -0.835626
v -1.007801 0.49022 -0.835091
v -0.868266 0.433151 -0.826615
v -1.007801 0.433151 -0.826052
v -0.868266 0.376256 -0.835626
v -1.007801 0.376082 -0.835091
v -0.868266 0.32493 -0.861778
v -1.007801 0.324599 -0.861323
v -0.868266 0.284198 -0.902511
v -1.007801 0.283742 -0.90218
v -0.868266 0.258046 -0.953837
v -1.007801 0.25751 -0.953663
v -0.868266 0.249035 -1.010732
v -1.007801 0.248471 -1.010732
v -0.501284 0.871718 -1.010499
v -0.957072 0.850253 -1.146256
v -0.501284 0.850253 -1.146024
v -0.957072 0.871718 -1.010732
v -0.957072 0.787959 -1.268514
v -0.501284 0.787959 -1.268283
v -0.957072 0.690934 -1.365539
v -0.501284 0.690934 -1.365307
v -0.957072 0.568676 -1.427833
v -0.501284 0.568676 -1.427601
v -0.957072 0.433151 -1.449299
v -0.501284 0.432849 -1.449098
v -0.957072 0.297627 -1.427833
v -0.501555 0.297325 -1.427633
v -0.957072 0.175368 -1.365539
v -0.501555 0.175066 -1.365339
v -0.957072 0.078343 -1.268514
v -0.501555 0.078041 -1.268314
v -0.957072 0.01605 -1.146256
v -0.501555 0.015748 -1.146056
v -0.957072 -0.005415 -1.010732
v -0.501555 -0.005717 -1.010531
v -0.957072 0.871718 -1.010732
v -1.007801 0.762737 -1.117821
v -0.957072 0.850253 -1.146256
v -1.007801 0.779698 -1.010732
v -1.007801 0.713513 -1.214427
v -0.957072 0.787959 -1.268514
v -1.007801 0.636846 -1.291094
v -0.957072 0.690934 -1.365539
v -1.007801 0.54024 -1.340317
v -0.957072 0.568676 -1.427833
v -1.007801 0.433151 -1.357278
v -0.957072 0.433151 -1.449299
v -1.007801 0.326062 -1.340317
v -0.957072 0.297627 -1.427833
v -1.007801 0.229456 -1.291094
v -0.957072 0.175368 -1.365539
v -1.007801 0.152789 -1.214427
v -0.957072 0.078343 -1.268514
v -1.007801 0.103566 -1.11782
v -0.957072 0.01605 -1.146256
v -1.007801 0.086605 -1.010732
v -0.957072 -0.005415 -1.010732
v -1.007801 0.49022 -1.186372
v -1.007801 0.433151 -1.195411
v -1.007801 0.376082 -1.186372
v -1.007801 0.324599 -1.160141
v -1.007801 0.283742 -1.119284
v -1.007801 0.25751 -1.067801
v -1.007801 0.248471 -1.010732
v -1.007801 0.541703 -1.160141
v -1.007801 0.58256 -1.119284
v -1.007801 0.608792 -1.067801
v -1.007801 0.617831 -1.010732
v -1.007801 0.617831 -1.010732
v -0.868266 0.608256 -1.067627
v -1.007801 0.608792 -1.067801
v -0.868266 0.617268 -1.010732
v -0.868266 0.582105 -1.118953
v -1.007801 0.58256 -1.119284
v -0.868266 0.541372 -1.159685
v -1.007801 0.541703 -1.160141
v -0.868266 0.490046 -1.185837
v -1.007801 0.49022 -1.186372
v -0.868266 0.433151 -1.194848
v -1.007801 0.433151 -1.195411
v -0.868266 0.376256 -1.185837
v -1.007801 0.376082 -1.186372
v -0.868266 0.32493 -1.159685
v -1.007801 0.324599 -1.160141
v -0.868266 0.284198 -1.118953
v -1.007801 0.283742 -1.119284
v -0.868266 0.258046 -1.067627
v -1.007801 0.25751 -1.067801
v -0.868266 0.249035 -1.010732
v -1.007801 0.248471 -1.010732
v -0.489465 1.673363 0.601935
v 0.000055 1.673795 0.515609
v -0.489464 1.673458 0.515768
v -0.628185 1.673363 0.515813
v 0.000055 1.673795 0.515609
v -0.489465 1.673363 0.601935
v 0.0 1.673763 0.601935
v 0.58478 1.674393 -1.314385
v 0.489465 1.674393 -1.330521
v 0.628185 1.674393 -1.253172
v 0.628185 1.674172 -0.898656
v 0.489465 1.674403 -1.253175
v 0.489465 1.797592 -0.898657
v 0.489465 1.674403 -1.253175
v 0.628185 1.674172 -0.898656
v 0.628185 1.674393 -1.253172
v 0.489465 1.674393 -1.330521
v 0.628185 1.673363 0.515813
v 0.489465 1.673458 0.515768
v 0.489465 1.673363 0.601935
v 0.000055 1.673795 0.515609
v 0.628185 1.673363 0.515813
v 0.489465 1.673363 0.601935
v 0.589158 1.673363 0.580405
v -0.500405 0.608524 1.6068
v -0.501572 0.871718 1.549817
v -0.500405 0.617549 1.549817
v -0.501572 0.850253 1.685342
v -0.500405 0.582332 1.658203
v -0.501572 0.787959 1.8076
v -0.500405 0.541538 1.698998
v -0.501572 0.690934 1.904625
v -0.500405 0.490133 1.72519
v -0.501572 0.568676 1.966918
v -0.501572 0.432547 1.98832
v -0.500405 0.432547 1.734151
v -0.501572 0.871718 1.549817
v -0.500405 0.608524 1.492835
v -0.500405 0.617549 1.549817
v -0.501572 0.850253 1.414292
v -0.500405 0.582332 1.44143
v -0.501572 0.787959 1.292034
v -0.500405 0.541538 1.400635
v -0.501572 0.690934 1.195009
v -0.500405 0.490133 1.374444
v -0.501572 0.568676 1.132716
v -0.500405 0.432547 1.365356
v -0.501572 0.432547 1.111187
v -0.500405 0.582332 1.44143
v -0.500405 0.432547 1.549753
v -0.500405 0.608524 1.492835
v -0.500405 0.617549 1.549817
v -0.500405 0.608524 1.6068
v -0.500405 0.582332 1.658203
v -0.500405 0.541538 1.698998
v -0.500405 0.490133 1.72519
v -0.500405 0.432547 1.734151
v -0.500405 0.541538 1.400635
v -0.500405 0.490133 1.374444
v -0.500405 0.432547 1.365356
v -0.500405 0.25657 1.492707
v -0.502112 -0.006019 1.549753
v -0.500405 0.247545 1.54969
v -0.502112 0.015446 1.414229
v -0.500405 0.282762 1.441304
v -0.502112 0.077739 1.291971
v -0.500405 0.323557 1.400509
v -0.502112 0.174764 1.194946
v -0.500405 0.374961 1.374318
v -0.502112 0.297023 1.132652
v -0.501572 0.432547 1.111187
v -0.500405 0.432547 1.365356
v -0.502112 -0.006019 1.549753
v -0.500405 0.25657 1.606672
v -0.500405 0.247545 1.54969
v -0.502112 0.015446 1.685278
v -0.500405 0.282762 1.658077
v -0.502112 0.077739 1.807536
v -0.500405 0.323557 1.698871
v -0.502112 0.174764 1.904561
v -0.500405 0.374961 1.725063
v -0.502112 0.297023 1.966855
v -0.500405 0.432547 1.734151
v -0.501572 0.432547 1.98832
v -0.500405 0.282762 1.658077
v -0.500405 0.432547 1.549753
v -0.500405 0.25657 1.606672
v -0.500405 0.247545 1.54969
v -0.500405 0.25657 1.492707
v -0.500405 0.282762 1.441304
v -0.500405 0.323557 1.400509
v -0.500405 0.374961 1.374318
v -0.500405 0.432547 1.365356
v -0.500405 0.323557 1.698871
v -0.500405 0.374961 1.725063
v -0.500405 0.432547 1.734151
v 0.507091 0.608524 1.606799
v 0.504289 0.871718 1.549817
v 0.504289 0.850253 1.685342
v 0.507091 0.617549 1.549817
v 0.507091 0.582332 1.658203
v 0.504289 0.787959 1.8076
v 0.507091 0.541538 1.698998
v 0.504289 0.690934 1.904625
v 0.507091 0.490133 1.72519
v 0.504289 0.568676 1.966918
v 0.504289 0.432849 1.988352
v 0.507091 0.432547 1.734151
v 0.504289 0.871718 1.549817
v 0.507091 0.608524 1.492835
v 0.504289 0.850253 1.414292
v 0.507091 0.617549 1.549817
v 0.507091 0.582332 1.44143
v 0.504289 0.787959 1.292034
v 0.507091 0.541538 1.400635
v 0.504289 0.690934 1.195009
v 0.507091 0.490133 1.374444
v 0.504289 0.568676 1.132716
v 0.507091 0.432547 1.365356
v 0.504289 0.432849 1.111219
v 0.507091 0.582332 1.44143
v 0.507091 0.608524 1.492835
v 0.507091 0.432547 1.549753
v 0.507091 0.617549 1.549817
v 0.507091 0.608524 1.606799
v 0.507091 0.582332 1.658203
v 0.507091 0.541538 1.698998
v 0.507091 0.490133 1.72519
v 0.507091 0.432547 1.734151
v 0.507091 0.541538 1.400635
v 0.507091 0.490133 1.374444
v 0.507091 0.432547 1.365356
v 0.507091 0.25657 1.492707
v 0.504018 -0.005717 1.549785
v 0.504018 0.015748 1.414261
v 0.507091 0.247545 1.54969
v 0.507091 0.282762 1.441304
v 0.504018 0.078041 1.292002
v 0.507091 0.323557 1.400509
v 0.504018 0.175066 1.194978
v 0.507091 0.374961 1.374318
v 0.504018 0.297325 1.132684
v 0.504289 0.432849 1.111219
v 0.507091 0.432547 1.365356
v 0.504018 -0.005717 1.549785
v 0.507091 0.25657 1.606672
v 0.504018 0.015748 1.68531
v 0.507091 0.247545 1.54969
v 0.507091 0.282762 1.658077
v 0.504018 0.078041 1.807568
v 0.507091 0.323557 1.698871
v 0.504018 0.175066 1.904593
v 0.507091 0.374961 1.725063
v 0.504018 0.297325 1.966887
v 0.507091 0.432547 1.734151
v 0.504289 0.432849 1.988352
v 0.507091 0.282762 1.658077
v 0.507091 0.25657 1.606672
v 0.507091 0.432547 1.549753
v 0.507091 0.247545 1.54969
v 0.507091 0.25657 1.492707
v 0.507091 0.282762 1.441304
v 0.507091 0.323557 1.400509
v 0.507091 0.374961 1.374318
v 0.507091 0.432547 1.365356
v 0.507091 0.323557 1.698871
v 0.507091 0.374961 1.725063
v 0.507091 0.432547 1.734151
v 0.507091 0.608524 -0.953285
v 0.504289 0.871718 -1.010499
v 0.504289 0.850253 -0.874975
v 0.507091 0.617549 -1.010267
v 0.507091 0.582332 -0.901881
v 0.504289 0.787959 -0.752717
v 0.507091 0.541538 -0.861086
v 0.504289 0.690934 -0.655692
v 0.507091 0.490133 -0.834894
v 0.504289 0.568676 -0.593398
v 0.504289 0.432849 -0.571965
v 0.507091 0.432547 -0.825932
v 0.504289 0.871718 -1.010499
v 0.507091 0.608524 -1.067249
v 0.504289 0.850253 -1.146024
v 0.507091 0.617549 -1.010267
v 0.507091 0.582332 -1.118654
v 0.504289 0.787959 -1.268283
v 0.507091 0.541538 -1.159448
v 0.504289 0.690934 -1.365307
v 0.507091 0.490133 -1.18564
v 0.504289 0.568676 -1.427601
v 0.507091 0.432547 -1.194729
v 0.504289 0.432849 -1.449098
v 0.507091 0.582332 -1.118654
v 0.507091 0.608524 -1.067249
v 0.507091 0.432547 -1.010331
v 0.507091 0.617549 -1.010267
v 0.507091 0.608524 -0.953285
v 0.507091 0.582332 -0.901881
v 0.507091 0.541538 -0.861086
v 0.507091 0.490133 -0.834894
v 0.507091 0.432547 -0.825932
v 0.507091 0.541538 -1.159448
v 0.507091 0.490133 -1.18564
v 0.507091 0.432547 -1.194729
v 0.507091 0.25657 -1.067376
v 0.504018 -0.005717 -1.010531
v 0.504018 0.015748 -1.146056
v 0.507091 0.247545 -1.010394
v 0.507091 0.282762 -1.11878
v 0.504018 0.078041 -1.268314
v 0.507091 0.323557 -1.159575
v 0.504018 0.175066 -1.365339
v 0.507091 0.374961 -1.185767
v 0.504018 0.297325 -1.427633
v 0.504289 0.432849 -1.449098
v 0.507091 0.432547 -1.194729
v 0.504018 -0.005717 -1.010531
v 0.507091 0.25657 -0.953412
v 0.504018 0.015748 -0.875007
v 0.507091 0.247545 -1.010394
v 0.507091 0.282762 -0.902008
v 0.504018 0.078041 -0.752749
v 0.507091 0.323557 -0.861213
v 0.504018 0.175066 -0.655724
v 0.507091 0.374961 -0.835021
v 0.504018 0.297325 -0.59343
v 0.507091 0.432547 -0.825932
v 0.504289 0.432849 -0.571965
v 0.507091 0.282762 -0.902008
v 0.507091 0.25657 -0.953412
v 0.507091 0.432547 -1.010331
v 0.507091 0.247545 -1.010394
v 0.507091 0.25657 -1.067376
v 0.507091 0.282762 -1.11878
v 0.507091 0.323557 -1.159575
v 0.507091 0.374961 -1.185767
v 0.507091 0.432547 -1.194729
v 0.507091 0.323557 -0.861213
v 0.507091 0.374961 -0.835021
v 0.507091 0.432547 -0.825932
v -0.498749 0.608524 -0.953285
v -0.501284 0.871718 -1.010499
v -0.498749 0.617549 -1.010267
v -0.501284 0.850253 -0.874975
v -0.498749 0.582332 -0.901881
v -0.501284 0.787959 -0.752717
v -0.498749 0.541538 -0.861086
v -0.501284 0.690934 -0.655692
v -0.498749 0.490133 -0.834894
v -0.501284 0.568676 -0.593398
v -0.501284 0.432849 -0.571965
v -0.498749 0.432547 -0.825932
v -0.501284 0.871718 -1.010499
v -0.498749 0.608524 -1.067249
v -0.498749 0.617549 -1.010267
v -0.501284 0.850253 -1.146024
v -0.498749 0.582332 -1.118654
v -0.501284 0.787959 -1.268283
v -0.498749 0.541538 -1.159448
v -0.501284 0.690934 -1.365307
v -0.498749 0.490133 -1.18564
v -0.501284 0.568676 -1.427601
v -0.498749 0.432547 -1.194729
v -0.501284 0.432849 -1.449098
v -0.498749 0.582332 -1.118654
v -0.498749 0.432547 -1.010331
v -0.498749 0.608524 -1.067249
v -0.498749 0.617549 -1.010267
v -0.498749 0.608524 -0.953285
v -0.498749 0.582332 -0.901881
v -0.498749 0.541538 -0.861086
v -0.498749 0.490133 -0.834894
v -0.498749 0.432547 -0.825932
v -0.498749 0.541538 -1.159448
v -0.498749 0.490133 -1.18564
v -0.498749 0.432547 -1.194729
v -0.498749 0.25657 -1.067376
v -0.501555 -0.005717 -1.010531
v -0.498749 0.247545 -1.010394
v -0.501555 0.015748 -1.146056
v -0.498749 0.282762 -1.11878
v -0.501555 0.078041 -1.268314
v -0.498749 0.323557 -1.159575
v -0.501555 0.175066 -1.365339
v -0.498749 0.374961 -1.185767
v -0.501555 0.297325 -1.427633
v -0.501284 0.432849 -1.449098
v -0.498749 0.432547 -1.194729
v -0.501555 -0.005717 -1.010531
v -0.498749 0.25657 -0.953412
v -0.498749 0.247545 -1.010394
v -0.501555 0.015748 -0.875007
v -0.498749 0.282762 -0.902008
v -0.501555 0.078041 -0.752749
v -0.498749 0.323557 -0.861213
v -0.501555 0.175066 -0.655724
v -0.498749 0.374961 -0.835021
v -0.501555 0.297325 -0.59343
v -0.498749 0.432547 -0.825932
v -0.501284 0.432849 -0.571965
v -0.498749 0.282762 -0.902008
v -0.498749 0.432547 -1.010331
v -0.498749 0.25657 -0.953412
v -0.498749 0.247545 -1.010394
v -0.498749 0.25657 -1.067376
v -0.498749 0.282762 -1.11878
v -0.498749 0.323557 -1.159575
v -0.498749 0.374961 -1.185767
v -0.498749 0.432547 -1.194729
v -0.498749 0.323557 -0.861213
v -0.498749 0.374961 -0.835021
v -0.498749 0.432547 -0.825932
v 0.000952 1.817913 -0.898659
v -0.489464 1.797302 -0.347211
v 0.000602 1.817707 -0.347215
v -0.489465 1.797592 -0.898657
v -0.489464 1.797034 0.162917
v 0.000279 1.817516 0.162911
v 0.628185 1.674172 -0.898656
v 0.489465 1.797302 -0.347211
v 0.628185 1.673857 -0.34721
v 0.489465 1.797592 -0.898657
v 0.489465 1.797034 0.162917
v 0.628185 1.673567 0.162918
v 0.001177 1.674457 -1.253196
v -0.489465 1.797592 -0.898657
v 0.000952 1.817913 -0.898659
v -0.489465 1.797592 -0.898657
v 0.001177 1.674457 -1.253196
v -0.489464 1.674403 -1.253175
v 0.000279 1.817516 0.162911
v -0.489464 1.673458 0.515768
v 0.000055 1.673795 0.515609
v -0.489464 1.673458 0.515768
v 0.000279 1.817516 0.162911
v -0.489464 1.797034 0.162917
v -0.628185 1.673363 0.515813
v 0.628185 1.673567 0.162918
v 0.489465 1.673458 0.515768
v 0.628185 1.673363 0.515813
v 0.489465 1.673458 0.515768
v 0.628185 1.673567 0.162918
v 0.489465 1.797034 0.162917
v -0.489465 1.673363 0.601935
v -0.628185 1.673363 0.515813
v -0.589158 1.673363 0.580405
v -0.628185 1.673363 0.515813
v -0.489464 1.797034 0.162917
v -0.628185 1.673567 0.162918
v -0.489464 1.797302 -0.347211
v -0.628185 1.673857 -0.34721
v -0.489465 1.797592 -0.898657
v -0.628185 1.674172 -0.898656
v -0.628185 1.674172 -0.898656
v -0.489464 1.674403 -1.253175
v -0.628185 1.674393 -1.253172
v -0.489465 1.674393 -1.330521
v 0.001227 1.674486 -1.330731
v 0.001177 1.674457 -1.253196
v -0.489464 1.674403 -1.253175
v -0.628185 1.674172 -0.898656
v -0.489465 1.797592 -0.898657
v -0.489465 1.674393 -1.330521
v -0.58478 1.674393 -1.314385
v -0.628185 1.674393 -1.253172
v 0.489465 1.673363 0.601935
v 0.000055 1.673795 0.515609
v 0.0 1.673763 0.601935
v 0.000055 1.673795 0.515609
v 0.489465 1.797034 0.162917
v 0.000279 1.817516 0.162911
v 0.489465 1.797034 0.162917
v 0.000055 1.673795 0.515609
v 0.489465 1.673458 0.515768
v 0.000279 1.817516 0.162911
v 0.489465 1.797302 -0.347211
v 0.000602 1.817707 -0.347215
v 0.489465 1.797034 0.162917
v 0.489465 1.797592 -0.898657
v 0.000602 1.817707 -0.347215
v 0.489465 1.797592 -0.898657
v 0.000952 1.817913 -0.898659
v 0.000952 1.817913 -0.898659
v 0.489465 1.674403 -1.253175
v 0.001177 1.674457 -1.253196
v 0.489465 1.674403 -1.253175
v 0.000952 1.817913 -0.898659
v 0.489465 1.797592 -0.898657
v -0.489464 1.674403 -1.253175
v 0.001227 1.674486 -1.330731
v -0.489465 1.674393 -1.330521
v 0.489465 1.674393 -1.330521
v 0.001177 1.674457 -1.253196
v 0.489465 1.674403 -1.253175
v 0.001177 1.674457 -1.253196
v 0.489465 1.674393 -1.330521
v 0.001227 1.674486 -1.330731
v 0.268747 1.92737 -0.213725
v 0.212892 1.999739 -0.310468
v 0.212892 1.92737 -0.310468
v 0.268747 1.999739 -0.213725
v 0.101183 1.999739 -0.310468
v 0.101183 1.92737 -0.310468
v 0.045328 1.999739 -0.213725
v 0.045328 1.92737 -0.213725
v 0.101183 1.999739 -0.116981
v 0.101183 1.92737 -0.116981
v 0.212892 1.999739 -0.116981
v 0.212892 1.92737 -0.116981
v 0.268747 1.999739 -0.213725
v 0.268747 1.92737 -0.213725
v 0.212892 1.999739 -0.310468
v 0.045328 1.999739 -0.213725
v 0.101183 1.999739 -0.310468
v 0.212892 1.999739 -0.116981
v 0.101183 1.999739 -0.116981
v 0.268747 1.999739 -0.213725
v 0.268747 1.92737 -0.52698
v 0.212892 1.999739 -0.623724
v 0.212892 1.92737 -0.623724
v 0.268747 1.999739 -0.52698
v 0.101183 1.999739 -0.623724
v 0.101183 1.92737 -0.623724
v 0.045328 1.999739 -0.52698
v 0.045328 1.92737 -0.52698
v 0.101183 1.999739 -0.430237
v 0.101183 1.92737 -0.430237
v 0.212892 1.999739 -0.430237
v 0.212892 1.92737 -0.430237
v 0.268747 1.999739 -0.52698
v 0.268747 1.92737 -0.52698
v 0.212892 1.999739 -0.623724
v 0.045328 1.999739 -0.52698
v 0.101183 1.999739 -0.623724
v 0.212892 1.999739 -0.430237
v 0.101183 1.999739 -0.430237
v 0.268747 1.999739 -0.52698
v -0.045794 1.92737 -0.52698
v -0.101649 1.999739 -0.623724
v -0.101649 1.92737 -0.623724
v -0.045794 1.999739 -0.52698
v -0.213359 1.999739 -0.623724
v -0.213359 1.92737 -0.623724
v -0.269213 1.999739 -0.52698
v -0.269213 1.92737 -0.52698
v -0.213359 1.999739 -0.430237
v -0.213359 1.92737 -0.430237
v -0.101649 1.999739 -0.430237
v -0.101649 1.92737 -0.430237
v -0.045794 1.999739 -0.52698
v -0.045794 1.92737 -0.52698
v -0.101649 1.999739 -0.623724
v -0.269213 1.999739 -0.52698
v -0.213359 1.999739 -0.623724
v -0.101649 1.999739 -0.430237
v -0.213359 1.999739 -0.430237
v -0.045794 1.999739 -0.52698
v -0.045794 1.92737 -0.213725
v -0.101649 1.999739 -0.310468
v -0.101649 1.92737 -0.310468
v -0.045794 1.999739 -0.213725
v -0.213359 1.999739 -0.310468
v -0.213359 1.92737 -0.310468
v -0.269213 1.999739 -0.213725
v -0.269213 1.92737 -0.213725
v -0.213359 1.999739 -0.116981
v -0.213359 1.92737 -0.116981
v -0.101649 1.999739 -0.116981
v -0.101649 1.92737 -0.116981
v -0.045794 1.999739 -0.213725
v -0.045794 1.92737 -0.213725
v -0.101649 1.999739 -0.310468
v -0.269213 1.999739 -0.213725
v -0.213359 1.999739 -0.310468
v -0.101649 1.999739 -0.116981
v -0.213359 1.999739 -0.116981
v -0.045794 1.999739 -0.213725
v -0.04826 1.009731 -1.491038
v -0.104115 1.082101 -1.587781
v -0.104115 1.009731 -1.587781
v -0.04826 1.082101 -1.491038
v -0.215824 1.082101 -1.587781
v -0.215824 1.009731 -1.587781
v -0.271679 1.082101 -1.491038
v -0.271679 1.009731 -1.491038
v -0.215824 1.082101 -1.394295
v -0.215824 1.009731 -1.394295
v -0.104115 1.082101 -1.394295
v -0.104115 1.009731 -1.394295
v -0.04826 1.082101 -1.491038
v -0.04826 1.009731 -1.491038
v -0.104115 1.082101 -1.587781
v -0.271679 1.082101 -1.491038
v -0.215824 1.082101 -1.587781
v -0.104115 1.082101 -1.394295
v -0.215824 1.082101 -1.394295
v -0.04826 1.082101 -1.491038
v 0.59174 1.13773 -1.811038
v 0.535885 1.2101 -1.907781
v 0.535885 1.13773 -1.907781
v 0.59174 1.2101 -1.811038
v 0.424175 1.2101 -1.907781
v 0.424175 1.13773 -1.907781
v 0.368321 1.2101 -1.811038
v 0.368321 1.13773 -1.811038
v 0.424175 1.2101 -1.714295
v 0.424175 1.13773 -1.714295
v 0.535885 1.2101 -1.714295
v 0.535885 1.13773 -1.714295
v 0.59174 1.2101 -1.811038
v 0.59174 1.13773 -1.811038
v 0.535885 1.2101 -1.907781
v 0.368321 1.2101 -1.811038
v 0.424175 1.2101 -1.907781
v 0.535885 1.2101 -1.714295
v 0.424175 1.2101 -1.714295
v 0.59174 1.2101 -1.811038
v 0.59174 1.13773 -1.491038
v 0.535885 1.2101 -1.587781
v 0.535885 1.13773 -1.587781
v 0.59174 1.2101 -1.491038
v 0.424175 1.2101 -1.587781
v 0.424175 1.13773 -1.587781
v 0.368321 1.2101 -1.491038
v 0.368321 1.13773 -1.491038
v 0.424175 1.2101 -1.394295
v 0.424175 1.13773 -1.394295
v 0.535885 1.2101 -1.394295
v 0.535885 1.13773 -1.394295
v 0.59174 1.2101 -1.491038
v 0.59174 1.13773 -1.491038
v 0.535885 1.2101 -1.587781
v 0.368321 1.2101 -1.491038
v 0.424175 1.2101 -1.587781
v 0.535885 1.2101 -1.394295
v 0.424175 1.2101 -1.394295
v 0.59174 1.2101 -1.491038
v 0.59174 1.13773 -1.171038
v 0.535885 1.2101 -1.267781
v 0.535885 1.13773 -1.267781
v 0.59174 1.2101 -1.171038
v 0.424175 1.2101 -1.267781
v 0.424175 1.13773 -1.267781
v 0.368321 1.2101 -1.171038
v 0.368321 1.13773 -1.171038
v 0.424175 1.2101 -1.074295
v 0.424175 1.13773 -1.074295
v 0.535885 1.2101 -1.074295
v 0.535885 1.13773 -1.074295
v 0.59174 1.2101 -1.171038
v 0.59174 1.13773 -1.171038
v 0.535885 1.2101 -1.267781
v 0.368321 1.2101 -1.171038
v 0.424175 1.2101 -1.267781
v 0.535885 1.2101 -1.074295
v 0.424175 1.2101 -1.074295
v 0.59174 1.2101 -1.171038
v 0.59174 1.13773 -0.851038
v 0.535885 1.2101 -0.947781
v 0.535885 1.13773 -0.947781
v 0.59174 1.2101 -0.851038
v 0.424175 1.2101 -0.947781
v 0.424175 1.13773 -0.947781
v 0.368321 1.2101 -0.851038
v 0.368321 1.13773 -0.851038
v 0.424175 1.2101 -0.754295
v 0.424175 1.13773 -0.754295
v 0.535885 1.2101 -0.754295
v 0.535885 1.13773 -0.754295
v 0.59174 1.2101 -0.851038
v 0.59174 1.13773 -0.851038
v 0.535885 1.2101 -0.947781
v 0.368321 1.2101 -0.851038
v 0.424175 1.2101 -0.947781
v 0.535885 1.2101 -0.754295
v 0.424175 1.2101 -0.754295
v 0.59174 1.2101 -0.851038
v 0.59174 1.13773 -0.531038
v 0.535885 1.2101 -0.627782
v 0.535885 1.13773 -0.627782
v 0.59174 1.2101 -0.531038
v 0.424175 1.2101 -0.627782
v 0.424175 1.13773 -0.627782
v 0.368321 1.2101 -0.531038
v 0.368321 1.13773 -0.531038
v 0.424175 1.2101 -0.434295
v 0.424175 1.13773 -0.434295
v 0.535885 1.2101 -0.434295
v 0.535885 1.13773 -0.434295
v 0.59174 1.2101 -0.531038
v 0.59174 1.13773 -0.531038
v 0.535885 1.2101 -0.627782
v 0.368321 1.2101 -0.531038
v 0.424175 1.2101 -0.627782
v 0.535885 1.2101 -0.434295
v 0.424175 1.2101 -0.434295
v 0.59174 1.2101 -0.531038
v 0.27174 1.13773 -1.811038
v 0.215885 1.2101 -1.907781
v 0.215885 1.13773 -1.907781
v 0.27174 1.2101 -1.811038
v 0.104175 1.2101 -1.907781
v 0.104175 1.13773 -1.907781
v 0.048321 1.2101 -1.811038
v 0.048321 1.13773 -1.811038
v 0.104175 1.2101 -1.714295
v 0.104175 1.13773 -1.714295
v 0.215885 1.2101 -1.714295
v 0.215885 1.13773 -1.714295
v 0.27174 1.2101 -1.811038
v 0.27174 1.13773 -1.811038
v 0.215885 1.2101 -1.907781
v 0.048321 1.2101 -1.811038
v 0.104175 1.2101 -1.907781
v 0.215885 1.2101 -1.714295
v 0.104175 1.2101 -1.714295
v 0.27174 1.2101 -1.811038
v -0.04826 1.13773 -1.811038
v -0.104115 1.2101 -1.907781
v -0.104115 1.13773 -1.907781
v -0.04826 1.2101 -1.811038
v -0.215825 1.2101 -1.907781
v -0.215825 1.13773 -1.907781
v -0.271679 1.2101 -1.811038
v -0.271679 1.13773 -1.811038
v -0.215825 1.2101 -1.714295
v -0.215825 1.13773 -1.714295
v -0.104115 1.2101 -1.714295
v -0.104115 1.13773 -1.714295
v -0.04826 1.2101 -1.811038
v -0.04826 1.13773 -1.811038
v -0.104115 1.2101 -1.907781
v -0.271679 1.2101 -1.811038
v -0.215825 1.2101 -1.907781
v -0.104115 1.2101 -1.714295
v -0.215825 1.2101 -1.714295
v -0.04826 1.2101 -1.811038
v -0.36826 1.13773 -1.811038
v -0.424115 1.2101 -1.907781
v -0.424115 1.13773 -1.907781
v -0.36826 1.2101 -1.811038
v -0.535825 1.2101 -1.907781
v -0.535825 1.13773 -1.907781
v -0.591679 1.2101 -1.811038
v -0.591679 1.13773 -1.811038
v -0.535825 1.2101 -1.714295
v -0.535825 1.13773 -1.714295
v -0.424115 1.2101 -1.714295
v -0.424115 1.13773 -1.714295
v -0.36826 1.2101 -1.811038
v -0.36826 1.13773 -1.811038
v -0.424115 1.2101 -1.907781
v -0.591679 1.2101 -1.811038
v -0.535825 1.2101 -1.907781
v -0.424115 1.2101 -1.714295
v -0.535825 1.2101 -1.714295
v -0.36826 1.2101 -1.811038
v -0.36826 1.13773 -1.491038
v -0.424115 1.2101 -1.587781
v -0.424115 1.13773 -1.587781
v -0.36826 1.2101 -1.491038
v -0.535825 1.2101 -1.587781
v -0.535825 1.13773 -1.587781
v -0.591679 1.2101 -1.491038
v -0.591679 1.13773 -1.491038
v -0.535825 1.2101 -1.394295
v -0.535825 1.13773 -1.394295
v -0.424115 1.2101 -1.394295
v -0.424115 1.13773 -1.394295
v -0.36826 1.2101 -1.491038
v -0.36826 1.13773 -1.491038
v -0.424115 1.2101 -1.587781
v -0.591679 1.2101 -1.491038
v -0.535825 1.2101 -1.587781
v -0.424115 1.2101 -1.394295
v -0.535825 1.2101 -1.394295
v -0.36826 1.2101 -1.491038
v -0.36826 1.13773 -1.171038
v -0.424115 1.2101 -1.267781
v -0.424115 1.13773 -1.267781
v -0.36826 1.2101 -1.171038
v -0.535825 1.2101 -1.267781
v -0.535825 1.13773 -1.267781
v -0.591679 1.2101 -1.171038
v -0.591679 1.13773 -1.171038
v -0.535825 1.2101 -1.074295
v -0.535825 1.13773 -1.074295
v -0.424115 1.2101 -1.074295
v -0.424115 1.13773 -1.074295
v -0.36826 1.2101 -1.171038
v -0.36826 1.13773 -1.171038
v -0.424115 1.2101 -1.267781
v -0.591679 1.2101 -1.171038
v -0.535825 1.2101 -1.267781
v -0.424115 1.2101 -1.074295
v -0.535825 1.2101 -1.074295
v -0.36826 1.2101 -1.171038
v -0.36826 1.13773 -0.851038
v -0.424115 1.2101 -0.947781
v -0.424115 1.13773 -0.947781
v -0.36826 1.2101 -0.851038
v -0.535825 1.2101 -0.947781
v -0.535825 1.13773 -0.947781
v -0.591679 1.2101 -0.851038
v -0.591679 1.13773 -0.851038
v -0.535825 1.2101 -0.754295
v -0.535825 1.13773 -0.754295
v -0.424115 1.2101 -0.754295
v -0.424115 1.13773 -0.754295
v -0.36826 1.2101 -0.851038
v -0.36826 1.13773 -0.851038
v -0.424115 1.2101 -0.947781
v -0.591679 1.2101 -0.851038
v -0.535825 1.2101 -0.947781
v -0.424115 1.2101 -0.754295
v -0.535825 1.2101 -0.754295
v -0.36826 1.2101 -0.851038
v -0.36826 1.13773 -0.531038
v -0.424115 1.2101 -0.627782
v -0.424115 1.13773 -0.627782
v -0.36826 1.2101 -0.531038
v -0.535825 1.2101 -0.627782
v -0.535825 1.13773 -0.627782
v -0.591679 1.2101 -0.531038
v -0.591679 1.13773 -0.531038
v -0.535825 1.2101 -0.434295
v -0.535825 1.13773 -0.434295
v -0.424115 1.2101 -0.434295
v -0.424115 1.13773 -0.434295
v -0.36826 1.2101 -0.531038
v -0.36826 1.13773 -0.531038
v -0.424115 1.2101 -0.627782
v -0.591679 1.2101 -0.531038
v -0.535825 1.2101 -0.627782
v -0.424115 1.2101 -0.434295
v -0.535825 1.2101 -0.434295
v -0.36826 1.2101 -0.531038
v 0.27174 1.009731 -1.491038
v 0.215885 1.082101 -1.587781
v 0.215885 1.009731 -1.587781
v 0.27174 1.082101 -1.491038
v 0.104176 1.082101 -1.587781
v 0.104176 1.009731 -1.587781
v 0.048321 1.082101 -1.491038
v 0.048321 1.009731 -1.491038
v 0.104176 1.082101 -1.394295
v 0.104176 1.009731 -1.394295
v 0.215885 1.082101 -1.394295
v 0.215885 1.009731 -1.394295
v 0.27174 1.082101 -1.491038
v 0.27174 1.009731 -1.491038
v 0.215885 1.082101 -1.587781
v 0.048321 1.082101 -1.491038
v 0.104176 1.082101 -1.587781
v 0.215885 1.082101 -1.394295
v 0.104176 1.082101 -1.394295
v 0.27174 1.082101 -1.491038
v -0.04826 1.009731 -1.171038
v -0.104115 1.082101 -1.267781
v -0.104115 1.009731 -1.267781
v -0.04826 1.082101 -1.171038
v -0.215824 1.082101 -1.267781
v -0.215824 1.009731 -1.267781
v -0.271679 1.082101 -1.171038
v -0.271679 1.009731 -1.171038
v -0.215824 1.082101 -1.074295
v -0.215824 1.009731 -1.074295
v -0.104115 1.082101 -1.074295
v -0.104115 1.009731 -1.074295
v -0.04826 1.082101 -1.171038
v -0.04826 1.009731 -1.171038
v -0.104115 1.082101 -1.267781
v -0.271679 1.082101 -1.171038
v -0.215824 1.082101 -1.267781
v -0.104115 1.082101 -1.074295
v -0.215824 1.082101 -1.074295
v -0.04826 1.082101 -1.171038
v 0.27174 1.009731 -1.171038
v 0.215885 1.082101 -1.267781
v 0.215885 1.009731 -1.267781
v 0.27174 1.082101 -1.171038
v 0.104176 1.082101 -1.267781
v 0.104176 1.009731 -1.267781
v 0.048321 1.082101 -1.171038
v 0.048321 1.009731 -1.171038
v 0.104176 1.082101 -1.074295
v 0.104176 1.009731 -1.074295
v 0.215885 1.082101 -1.074295
v 0.215885 1.009731 -1.074295
v 0.27174 1.082101 -1.171038
v 0.27174 1.009731 -1.171038
v 0.215885 1.082101 -1.267781
v 0.048321 1.082101 -1.171038
v 0.104176 1.082101 -1.267781
v 0.215885 1.082101 -1.074295
v 0.104176 1.082101 -1.074295
v 0.27174 1.082101 -1.171038
v -0.04826 1.009731 -0.851038
v -0.104115 1.082101 -0.947781
v -0.104115 1.009731 -0.947781
v -0.04826 1.082101 -0.851038
v -0.215824 1.082101 -0.947781
v -0.215824 1.009731 -0.947781
v -0.271679 1.082101 -0.851038
v -0.271679 1.009731 -0.851038
v -0.215824 1.082101 -0.754295
v -0.215824 1.009731 -0.754295
v -0.104115 1.082101 -0.754295
v -0.104115 1.009731 -0.754295
v -0.04826 1.082101 -0.851038
v -0.04826 1.009731 -0.851038
v -0.104115 1.082101 -0.947781
v -0.271679 1.082101 -0.851038
v -0.215824 1.082101 -0.947781
v -0.104115 1.082101 -0.754295
v -0.215824 1.082101 -0.754295
v -0.04826 1.082101 -0.851038
v 0.27174 1.009731 -0.851038
v 0.215885 1.082101 -0.947781
v 0.215885 1.009731 -0.947781
v 0.27174 1.082101 -0.851038
v 0.104176 1.082101 -0.947781
v 0.104176 1.009731 -0.947781
v 0.048321 1.082101 -0.851038
v 0.048321 1.009731 -0.851038
v 0.104176 1.082101 -0.754295
v 0.104176 1.009731 -0.754295
v 0.215885 1.082101 -0.754295
v 0.215885 1.009731 -0.754295
v 0.27174 1.082101 -0.851038
v 0.27174 1.009731 -0.851038
v 0.215885 1.082101 -0.947781
v 0.048321 1.082101 -0.851038
v 0.104176 1.082101 -0.947781
v 0.215885 1.082101 -0.754295
v 0.104176 1.082101 -0.754295
v 0.27174 1.082101 -0.851038
v -0.36826 1.137669 1.068962
v -0.424115 1.210039 0.972219
v -0.424115 1.137669 0.972219
v -0.36826 1.210039 1.068962
v -0.535824 1.210039 0.972219
v -0.535824 1.137669 0.972219
v -0.591679 1.210039 1.068962
v -0.591679 1.137669 1.068962
v -0.535824 1.210039 1.165706
v -0.535824 1.137669 1.165706
v -0.424115 1.210039 1.165706
v -0.424115 1.137669 1.165706
v -0.36826 1.210039 1.068962
v -0.36826 1.137669 1.068962
v -0.424115 1.210039 0.972219
v -0.591679 1.210039 1.068962
v -0.535824 1.210039 0.972219
v -0.424115 1.210039 1.165706
v -0.535824 1.210039 1.165706
v -0.36826 1.210039 1.068962
v -0.04826 1.137669 1.068962
v -0.104115 1.210039 0.972219
v -0.104115 1.137669 0.972219
v -0.04826 1.210039 1.068962
v -0.215824 1.210039 0.972219
v -0.215824 1.137669 0.972219
v -0.271679 1.210039 1.068962
v -0.271679 1.137669 1.068962
v -0.215824 1.210039 1.165706
v -0.215824 1.137669 1.165706
v -0.104115 1.210039 1.165706
v -0.104115 1.137669 1.165706
v -0.04826 1.210039 1.068962
v -0.04826 1.137669 1.068962
v -0.104115 1.210039 0.972219
v -0.271679 1.210039 1.068962
v -0.215824 1.210039 0.972219
v -0.104115 1.210039 1.165706
v -0.215824 1.210039 1.165706
v -0.04826 1.210039 1.068962
v 0.27174 1.137669 1.068962
v 0.215885 1.210039 0.972219
v 0.215885 1.137669 0.972219
v 0.27174 1.210039 1.068962
v 0.104176 1.210039 0.972219
v 0.104176 1.137669 0.972219
v 0.048321 1.210039 1.068962
v 0.048321 1.137669 1.068962
v 0.104176 1.210039 1.165706
v 0.104176 1.137669 1.165706
v 0.215885 1.210039 1.165706
v 0.215885 1.137669 1.165706
v 0.27174 1.210039 1.068962
v 0.27174 1.137669 1.068962
v 0.215885 1.210039 0.972219
v 0.048321 1.210039 1.068962
v 0.104176 1.210039 0.972219
v 0.215885 1.210039 1.165706
v 0.104176 1.210039 1.165706
v 0.27174 1.210039 1.068962
v 0.59174 1.137669 1.068962
v 0.535885 1.210039 0.972219
v 0.535885 1.137669 0.972219
v 0.59174 1.210039 1.068962
v 0.424176 1.210039 0.972219
v 0.424176 1.137669 0.972219
v 0.368321 1.210039 1.068962
v 0.368321 1.137669 1.068962
v 0.424176 1.210039 1.165706
v 0.424176 1.137669 1.165706
v 0.535885 1.210039 1.165706
v 0.535885 1.137669 1.165706
v 0.59174 1.210039 1.068962
v 0.59174 1.137669 1.068962
v 0.535885 1.210039 0.972219
v 0.368321 1.210039 1.068962
v 0.424176 1.210039 0.972219
v 0.535885 1.210039 1.165706
v 0.424176 1.210039 1.165706
v 0.59174 1.210039 1.068962
v -0.36826 0.721996 2.057196
v -0.424115 0.818739 2.129565
v -0.424115 0.818739 2.057196
v -0.36826 0.721996 2.129565
v -0.535824 0.818739 2.129565
v -0.535824 0.818739 2.057196
v -0.591679 0.721996 2.129565
v -0.591679 0.721996 2.057196
v -0.535824 0.625252 2.129565
v -0.535824 0.625252 2.057196
v -0.424115 0.625252 2.129565
v -0.424115 0.625252 2.057196
v -0.36826 0.721996 2.129565
v -0.36826 0.721996 2.057196
v -0.424115 0.818739 2.129565
v -0.591679 0.721996 2.129565
v -0.535824 0.818739 2.129565
v -0.424115 0.625252 2.129565
v -0.535824 0.625252 2.129565
v -0.36826 0.721996 2.129565
v 0.587354 0.721996 2.057196
v 0.531499 0.818739 2.129565
v 0.531499 0.818739 2.057196
v 0.587354 0.721996 2.129565
v 0.41979 0.818739 2.129565
v 0.41979 0.818739 2.057196
v 0.363935 0.721996 2.129565
v 0.363935 0.721996 2.057196
v 0.41979 0.625252 2.129565
v 0.41979 0.625252 2.057196
v 0.531499 0.625252 2.129565
v 0.531499 0.625252 2.057196
v 0.587354 0.721996 2.129565
v 0.587354 0.721996 2.057196
v 0.531499 0.818739 2.129565
v 0.363935 0.721996 2.129565
v 0.41979 0.818739 2.129565
v 0.531499 0.625252 2.129565
v 0.41979 0.625252 2.129565
v 0.587354 0.721996 2.129565
v -0.591679 0.721996 -1.912507
v -0.535824 0.818739 -1.984877
v -0.535824 0.818739 -1.912507
v -0.591679 0.721996 -1.984877
v -0.424115 0.818739 -1.984877
v -0.424115 0.818739 -1.912507
v -0.36826 0.721996 -1.984877
v -0.36826 0.721996 -1.912507
v -0.424115 0.625252 -1.984877
v -0.424115 0.625252 -1.912507
v -0.535824 0.625252 -1.984877
v -0.535824 0.625252 -1.912507
v -0.591679 0.721996 -1.984877
v -0.591679 0.721996 -1.912507
v -0.535824 0.818739 -1.984877
v -0.36826 0.721996 -1.984877
v -0.424115 0.818739 -1.984877
v -0.535824 0.625252 -1.984877
v -0.424115 0.625252 -1.984877
v -0.591679 0.721996 -1.984877
v 0.363935 0.721996 -1.912507
v 0.41979 0.818739 -1.984877
v 0.41979 0.818739 -1.912507
v 0.363935 0.721996 -1.984877
v 0.531499 0.818739 -1.984877
v 0.531499 0.818739 -1.912507
v 0.587354 0.721996 -1.984877
v 0.587354 0.721996 -1.912507
v 0.531499 0.625252 -1.984877
v 0.531499 0.625252 -1.912507
v 0.41979 0.625252 -1.984877
v 0.41979 0.625252 -1.912507
v 0.363935 0.721996 -1.984877
v 0.363935 0.721996 -1.912507
v 0.41979 0.818739 -1.984877
v 0.587354 0.721996 -1.984877
v 0.531499 0.818739 -1.984877
v 0.41979 0.625252 -1.984877
v 0.531499 0.625252 -1.984877
v 0.363935 0.721996 -1.984877

# 7500 Texture Coordinates
vt 0.672024 0.571373
vt 0.693335 0.571373
vt 0.693335 0.571373
vt 0.693335 0.571373
vt 0.672024 0.571373
vt 0.672024 0.571373
vt 0.693335 0.571373
vt 0.672024 0.571373
vt 0.672024 0.571373
vt 0.672024 0.571373
vt 0.693335 0.571373
vt 0.693335 0.571373
vt 0.693335 0.571373
vt 0.693335 0.571373
vt 0.693335 0.571373
vt 0.693335 0.571373
vt 0.693335 0.571373
vt 0.693335 0.571373
vt 0.672024 0.571373
vt 0.672024 0.571373
vt 0.693335 0.571373
vt 0.693335 0.571373
vt 0.693335 0.571373
vt 0.672024 0.571373
vt 0.693335 0.571373
vt 0.693335 0.571373
vt 0.672024 0.571373
vt 0.672024 0.571373
vt 0.672024 0.571373
vt 0.693335 0.571373
vt 0.693335 0.571373
vt 0.693335 0.571373
vt 0.693335 0.571373
vt 0.693335 0.571373
vt 0.693335 0.571373
vt 0.693335 0.571373
vt 0.218178 0.666289
vt 0.464244 0.666289
vt 0.464244 0.45273
vt 0.464244 0.45273
vt 0.218178 0.45273
vt 0.218178 0.666289
vt 0.218178 0.666289
vt 0.464244 0.666289
vt 0.464244 0.45273
vt 0.464244 0.45273
vt 0.218178 0.45273
vt 0.218178 0.666289
vt 0.218178 0.666289
vt 0.464244 0.666289
vt 0.464244 0.45273
vt 0.464244 0.45273
vt 0.218178 0.45273
vt 0.218178 0.666289
vt 0.218178 0.666289
vt 0.464244 0.666289
vt 0.464244 0.45273
vt 0.464244 0.45273
vt 0.218178 0.45273
vt 0.218178 0.666289
vt 0.218178 0.666289
vt 0.464244 0.666289
vt 0.464244 0.45273
vt 0.464244 0.45273
vt 0.218178 0.45273
vt 0.218178 0.666289
vt 0.584843 0.462866
vt 0.584843 0.446287
vt 0.563532 0.446287
vt 0.563532 0.446287
vt 0.563532 0.462862
vt 0.584843 0.462866
vt 0.563532 0.462862
vt 0.563532 0.446287
vt 0.563532 0.446287
vt 0.563532 0.446287
vt 0.563532 0.462862
vt 0.563532 0.462862
vt 0.584843 0.462866
vt 0.563532 0.462862
vt 0.563532 0.462862
vt 0.563532 0.462862
vt 0.584843 0.462866
vt 0.584843 0.462866
vt 0.584843 0.462866
vt 0.563532 0.462862
vt 0.563532 0.446287
vt 0.563532 0.446287
vt 0.584843 0.446287
vt 0.584843 0.462866
vt 0.563532 0.462862
vt 0.563532 0.462862
vt 0.563532 0.446287
vt 0.563532 0.446287
vt 0.563532 0.446287
vt 0.563532 0.462862
vt 0.584843 0.462866
vt 0.584843 0.462866
vt 0.563532 0.462862
vt 0.563532 0.462862
vt 0.563532 0.462862
vt 0.584843 0.462866
vt 0.376694 0.843415
vt 0.365252 0.860713
vt 0.365252 0.860713
vt 0.365252 0.860713
vt 0.365252 0.860713
vt 0.348002 0.87043
vt 0.365252 0.860713
vt 0.376694 0.842646
vt 0.376694 0.843415
vt 0.376694 0.843415
vt 0.376694 0.842646
vt 0.376694 0.665179
vt 0.376694 0.665179
vt 0.376694 0.665157
vt 0.376694 0.843415
vt 0.348002 0.87043
vt 0.347215 0.87043
vt 0.365252 0.860713
vt 0.348002 0.87043
vt 0.088354 0.87043
vt 0.089141 0.87043
vt 0.089141 0.87043
vt 0.347215 0.87043
vt 0.348002 0.87043
vt 0.088354 0.87043
vt 0.071105 0.860713
vt 0.071105 0.860713
vt 0.071105 0.860713
vt 0.071105 0.860713
vt 0.059663 0.843415
vt 0.059663 0.665179
vt 0.059663 0.842646
vt 0.059663 0.843415
vt 0.059663 0.843415
vt 0.059663 0.665157
vt 0.059663 0.665179
vt 0.375488 0.70552
vt 0.376694 0.843415
vt 0.376694 0.665157
vt 0.376694 0.665157
vt 0.376694 0.664901
vt 0.375488 0.70552
vt 0.376694 0.843415
vt 0.375488 0.70552
vt 0.36476 0.724078
vt 0.36476 0.724078
vt 0.365252 0.860713
vt 0.376694 0.843415
vt 0.365252 0.860713
vt 0.36476 0.724078
vt 0.34628 0.732791
vt 0.34628 0.732791
vt 0.348002 0.87043
vt 0.365252 0.860713
vt 0.348002 0.87043
vt 0.34628 0.732791
vt 0.090076 0.732791
vt 0.090076 0.732791
vt 0.088354 0.87043
vt 0.348002 0.87043
vt 0.071105 0.860713
vt 0.088354 0.87043
vt 0.090076 0.732791
vt 0.090076 0.732791
vt 0.071597 0.724078
vt 0.071105 0.860713
vt 0.059663 0.843415
vt 0.071105 0.860713
vt 0.071597 0.724078
vt 0.071597 0.724078
vt 0.060868 0.70552
vt 0.059663 0.843415
vt 0.059663 0.665157
vt 0.059663 0.843415
vt 0.060868 0.70552
vt 0.060868 0.70552
vt 0.059663 0.664901
vt 0.059663 0.665157
vt 0.358854 0.665179
vt 0.358835 0.665136
vt 0.376694 0.665157
vt 0.376694 0.665157
vt 0.376694 0.665179
vt 0.358854 0.665179
vt 0.376694 0.665157
vt 0.358835 0.665136
vt 0.358731 0.664901
vt 0.358731 0.664901
vt 0.376694 0.664901
vt 0.376694 0.665157
vt 0.342564 0.664773
vt 0.376694 0.664901
vt 0.358731 0.664901
vt 0.317884 0.675771
vt 0.342564 0.664773
vt 0.342564 0.664773
vt 0.342564 0.664773
vt 0.317884 0.675771
vt 0.317884 0.675771
vt 0.309715 0.697319
vt 0.317884 0.675771
vt 0.317884 0.675771
vt 0.317884 0.675771
vt 0.309715 0.697319
vt 0.309715 0.697319
vt 0.358731 0.664901
vt 0.342564 0.664773
vt 0.342564 0.664773
vt 0.309715 0.697319
vt 0.309715 0.697319
vt 0.309469 0.723181
vt 0.309469 0.723181
vt 0.309641 0.723203
vt 0.309715 0.697319
vt 0.342564 0.664773
vt 0.358731 0.664901
vt 0.358731 0.713571
vt 0.342564 0.664773
vt 0.358731 0.713571
vt 0.309715 0.697319
vt 0.309715 0.697319
vt 0.317884 0.675771
vt 0.342564 0.664773
vt 0.309469 0.723181
vt 0.309715 0.697319
vt 0.358731 0.713571
vt 0.358731 0.713571
vt 0.340645 0.73309
vt 0.309469 0.723181
vt 0.340645 0.73309
vt 0.309469 0.733432
vt 0.309469 0.723181
vt 0.309469 0.723181
vt 0.309469 0.733432
vt 0.126888 0.733432
vt 0.126888 0.733432
vt 0.126888 0.723181
vt 0.309469 0.723181
vt 0.095711 0.73309
vt 0.126888 0.723181
vt 0.126888 0.733432
vt 0.126888 0.723181
vt 0.095711 0.73309
vt 0.077625 0.713571
vt 0.077625 0.713571
vt 0.126642 0.697319
vt 0.126888 0.723181
vt 0.126642 0.697319
vt 0.077625 0.713571
vt 0.093792 0.664773
vt 0.093792 0.664773
vt 0.077625 0.713571
vt 0.077625 0.664901
vt 0.093792 0.664773
vt 0.118472 0.675771
vt 0.126642 0.697319
vt 0.340645 0.84685
vt 0.309469 0.847662
vt 0.309469 0.733432
vt 0.309469 0.733432
vt 0.340645 0.73309
vt 0.340645 0.84685
vt 0.340645 0.84685
vt 0.340645 0.73309
vt 0.358731 0.713571
vt 0.358731 0.713571
vt 0.35965 0.802487
vt 0.340645 0.84685
vt 0.309469 0.733432
vt 0.309469 0.847662
vt 0.126888 0.847662
vt 0.126888 0.847662
vt 0.126888 0.733432
vt 0.309469 0.733432
vt 0.126888 0.733432
vt 0.126888 0.847662
vt 0.095711 0.84685
vt 0.095711 0.84685
vt 0.095711 0.73309
vt 0.126888 0.733432
vt 0.077625 0.713571
vt 0.095711 0.73309
vt 0.095711 0.84685
vt 0.095711 0.84685
vt 0.076707 0.802487
vt 0.077625 0.713571
vt 0.35965 0.802487
vt 0.358835 0.665136
vt 0.358854 0.665179
vt 0.358731 0.664901
vt 0.358835 0.665136
vt 0.35965 0.802487
vt 0.35965 0.802487
vt 0.358731 0.713571
vt 0.358731 0.664901
vt 0.077502 0.665179
vt 0.077521 0.665136
vt 0.076707 0.802487
vt 0.076707 0.802487
vt 0.077521 0.665136
vt 0.077625 0.664901
vt 0.077625 0.664901
vt 0.077625 0.713571
vt 0.076707 0.802487
vt 0.358854 0.665179
vt 0.359252 0.802688
vt 0.35965 0.802487
vt 0.309469 0.847662
vt 0.340645 0.84685
vt 0.340645 0.802469
vt 0.340645 0.802469
vt 0.309469 0.802485
vt 0.309469 0.847662
vt 0.340645 0.802469
vt 0.340645 0.84685
vt 0.35965 0.802487
vt 0.126888 0.847662
vt 0.309469 0.847662
vt 0.309469 0.802485
vt 0.309469 0.802485
vt 0.126888 0.802485
vt 0.126888 0.847662
vt 0.126888 0.847662
vt 0.126888 0.802485
vt 0.095711 0.802469
vt 0.095711 0.802469
vt 0.095711 0.84685
vt 0.126888 0.847662
vt 0.095711 0.802469
vt 0.076707 0.802487
vt 0.095711 0.84685
vt 0.309469 0.802485
vt 0.340645 0.802469
vt 0.340645 0.802648
vt 0.340645 0.802648
vt 0.309469 0.802664
vt 0.309469 0.802485
vt 0.359252 0.802688
vt 0.340645 0.802648
vt 0.340645 0.802469
vt 0.340645 0.802469
vt 0.35965 0.802487
vt 0.359252 0.802688
vt 0.309469 0.802485
vt 0.309469 0.802664
vt 0.126888 0.802664
vt 0.126888 0.802664
vt 0.126888 0.802485
vt 0.309469 0.802485
vt 0.126888 0.802485
vt 0.126888 0.802664
vt 0.095711 0.802648
vt 0.095711 0.802648
vt 0.095711 0.802469
vt 0.126888 0.802485
vt 0.095711 0.802469
vt 0.095711 0.802648
vt 0.077105 0.802688
vt 0.077105 0.802688
vt 0.076707 0.802487
vt 0.095711 0.802469
vt 0.376694 0.216775
vt 0.376694 0.217544
vt 0.365252 0.199477
vt 0.365252 0.199477
vt 0.365252 0.199477
vt 0.376694 0.216775
vt 0.348002 0.189759
vt 0.365252 0.199477
vt 0.365252 0.199477
vt 0.376694 0.395011
vt 0.376694 0.217544
vt 0.376694 0.216775
vt 0.376694 0.216775
vt 0.376694 0.395032
vt 0.376694 0.395011
vt 0.376694 0.395011
vt 0.376694 0.395032
vt 0.376694 0.527671
vt 0.376694 0.527671
vt 0.376694 0.527649
vt 0.376694 0.395011
vt 0.365252 0.199477
vt 0.347215 0.189759
vt 0.348002 0.189759
vt 0.348002 0.189759
vt 0.347215 0.189759
vt 0.089141 0.189759
vt 0.089141 0.189759
vt 0.088354 0.189759
vt 0.348002 0.189759
vt 0.376694 0.395032
vt 0.376694 0.395288
vt 0.376694 0.527927
vt 0.071105 0.199477
vt 0.071105 0.199477
vt 0.088354 0.189759
vt 0.059663 0.216775
vt 0.071105 0.199477
vt 0.071105 0.199477
vt 0.059663 0.395011
vt 0.059663 0.395032
vt 0.059663 0.216775
vt 0.059663 0.216775
vt 0.059663 0.217544
vt 0.059663 0.395011
vt 0.059663 0.527671
vt 0.059663 0.395032
vt 0.059663 0.395011
vt 0.059663 0.395011
vt 0.059663 0.527649
vt 0.059663 0.527671
vt 0.059663 0.527927
vt 0.059663 0.395288
vt 0.059663 0.395032
vt 0.375488 0.354669
vt 0.376694 0.395289
vt 0.376694 0.395032
vt 0.376694 0.395032
vt 0.376694 0.216775
vt 0.375488 0.354669
vt 0.36476 0.336111
vt 0.375488 0.354669
vt 0.376694 0.216775
vt 0.376694 0.216775
vt 0.365252 0.199477
vt 0.36476 0.336111
vt 0.34628 0.327398
vt 0.36476 0.336111
vt 0.365252 0.199477
vt 0.365252 0.199477
vt 0.348002 0.189759
vt 0.34628 0.327398
vt 0.34628 0.327398
vt 0.348002 0.189759
vt 0.088354 0.189759
vt 0.088354 0.189759
vt 0.090076 0.327398
vt 0.34628 0.327398
vt 0.090076 0.327398
vt 0.088354 0.189759
vt 0.071105 0.199477
vt 0.071105 0.199477
vt 0.071597 0.336111
vt 0.090076 0.327398
vt 0.071597 0.336111
vt 0.071105 0.199477
vt 0.059663 0.216775
vt 0.059663 0.216775
vt 0.060868 0.354669
vt 0.071597 0.336111
vt 0.060868 0.354669
vt 0.059663 0.216775
vt 0.059663 0.395032
vt 0.059663 0.395032
vt 0.059663 0.395289
vt 0.060868 0.354669
vt 0.376694 0.527927
vt 0.376694 0.527671
vt 0.376694 0.395032
vt 0.059663 0.395032
vt 0.059663 0.527671
vt 0.059663 0.527927
vt 0.317884 0.384418
vt 0.317884 0.384418
vt 0.342564 0.395417
vt 0.342564 0.395417
vt 0.342564 0.395417
vt 0.317884 0.384418
vt 0.317884 0.384418
vt 0.317884 0.384418
vt 0.309715 0.36287
vt 0.309715 0.36287
vt 0.309715 0.36287
vt 0.317884 0.384418
vt 0.342564 0.395417
vt 0.342564 0.395417
vt 0.358731 0.395289
vt 0.309469 0.337008
vt 0.309715 0.36287
vt 0.309715 0.36287
vt 0.309715 0.36287
vt 0.309641 0.336987
vt 0.309469 0.337008
vt 0.358731 0.395289
vt 0.376694 0.395289
vt 0.342564 0.395417
vt 0.376694 0.395032
vt 0.376694 0.395289
vt 0.358731 0.395289
vt 0.358731 0.395289
vt 0.358835 0.395053
vt 0.376694 0.395032
vt 0.309469 0.337008
vt 0.309641 0.336987
vt 0.126716 0.336987
vt 0.126716 0.336987
vt 0.126888 0.337008
vt 0.309469 0.337008
vt 0.342564 0.395417
vt 0.358731 0.346619
vt 0.358731 0.395289
vt 0.309715 0.36287
vt 0.358731 0.346619
vt 0.342564 0.395417
vt 0.342564 0.395417
vt 0.317884 0.384418
vt 0.309715 0.36287
vt 0.358731 0.346619
vt 0.309715 0.36287
vt 0.309469 0.337008
vt 0.309469 0.337008
vt 0.340645 0.327099
vt 0.358731 0.346619
vt 0.340645 0.327099
vt 0.309469 0.337008
vt 0.309469 0.326757
vt 0.309469 0.326757
vt 0.309469 0.337008
vt 0.126888 0.337008
vt 0.126888 0.337008
vt 0.126888 0.326757
vt 0.309469 0.326757
vt 0.095711 0.327099
vt 0.126888 0.326757
vt 0.126888 0.337008
vt 0.077625 0.346619
vt 0.095711 0.327099
vt 0.126888 0.337008
vt 0.126888 0.337008
vt 0.126642 0.36287
vt 0.077625 0.346619
vt 0.093792 0.395417
vt 0.077625 0.346619
vt 0.126642 0.36287
vt 0.093792 0.395417
vt 0.077625 0.395289
vt 0.077625 0.346619
vt 0.126642 0.36287
vt 0.118472 0.384418
vt 0.093792 0.395417
vt 0.340645 0.213339
vt 0.340645 0.327099
vt 0.309469 0.326757
vt 0.309469 0.326757
vt 0.309469 0.212528
vt 0.340645 0.213339
vt 0.358731 0.346619
vt 0.340645 0.327099
vt 0.340645 0.213339
vt 0.340645 0.213339
vt 0.35965 0.257702
vt 0.358731 0.346619
vt 0.309469 0.212528
vt 0.309469 0.326757
vt 0.126888 0.326757
vt 0.126888 0.326757
vt 0.126888 0.212528
vt 0.309469 0.212528
vt 0.095711 0.213339
vt 0.126888 0.212528
vt 0.126888 0.326757
vt 0.126888 0.326757
vt 0.095711 0.327099
vt 0.095711 0.213339
vt 0.095711 0.213339
vt 0.095711 0.327099
vt 0.077625 0.346619
vt 0.077625 0.346619
vt 0.076707 0.257702
vt 0.095711 0.213339
vt 0.358854 0.395011
vt 0.358835 0.395053
vt 0.35965 0.257702
vt 0.35965 0.257702
vt 0.358835 0.395053
vt 0.358731 0.395289
vt 0.358731 0.395289
vt 0.358731 0.346619
vt 0.35965 0.257702
vt 0.076707 0.257702
vt 0.077521 0.395053
vt 0.077502 0.395011
vt 0.077625 0.395289
vt 0.077521 0.395053
vt 0.076707 0.257702
vt 0.076707 0.257702
vt 0.077625 0.346619
vt 0.077625 0.395289
vt 0.35965 0.257702
vt 0.359252 0.257502
vt 0.358854 0.395011
vt 0.309469 0.212528
vt 0.309469 0.257704
vt 0.340645 0.25772
vt 0.340645 0.25772
vt 0.340645 0.213339
vt 0.309469 0.212528
vt 0.340645 0.25772
vt 0.35965 0.257702
vt 0.340645 0.213339
vt 0.126888 0.257704
vt 0.309469 0.257704
vt 0.309469 0.212528
vt 0.309469 0.212528
vt 0.126888 0.212528
vt 0.126888 0.257704
vt 0.095711 0.25772
vt 0.126888 0.257704
vt 0.126888 0.212528
vt 0.126888 0.212528
vt 0.095711 0.213339
vt 0.095711 0.25772
vt 0.095711 0.25772
vt 0.095711 0.213339
vt 0.076707 0.257702
vt 0.309469 0.257704
vt 0.309469 0.257525
vt 0.340645 0.257541
vt 0.340645 0.257541
vt 0.340645 0.25772
vt 0.309469 0.257704
vt 0.340645 0.25772
vt 0.340645 0.257541
vt 0.359252 0.257502
vt 0.359252 0.257502
vt 0.35965 0.257702
vt 0.340645 0.25772
vt 0.126888 0.257525
vt 0.309469 0.257525
vt 0.309469 0.257704
vt 0.309469 0.257704
vt 0.126888 0.257704
vt 0.126888 0.257525
vt 0.095711 0.257541
vt 0.126888 0.257525
vt 0.126888 0.257704
vt 0.126888 0.257704
vt 0.095711 0.25772
vt 0.095711 0.257541
vt 0.077105 0.257502
vt 0.095711 0.257541
vt 0.095711 0.25772
vt 0.095711 0.25772
vt 0.076707 0.257702
vt 0.077105 0.257502
vt 0.376694 0.527649
vt 0.376694 0.527671
vt 0.361667 0.527671
vt 0.361667 0.527671
vt 0.361667 0.527649
vt 0.376694 0.527649
vt 0.361667 0.527927
vt 0.361667 0.527671
vt 0.376694 0.527671
vt 0.376694 0.527671
vt 0.376694 0.527927
vt 0.361667 0.527927
vt 0.361667 0.527649
vt 0.361667 0.527671
vt 0.301193 0.527671
vt 0.301193 0.527671
vt 0.301193 0.527649
vt 0.361667 0.527649
vt 0.376694 0.527927
vt 0.376694 0.395288
vt 0.361667 0.395288
vt 0.361667 0.395288
vt 0.361667 0.527927
vt 0.376694 0.527927
vt 0.361667 0.527927
vt 0.361667 0.395288
vt 0.361667 0.395032
vt 0.361667 0.395032
vt 0.361667 0.527671
vt 0.361667 0.527927
vt 0.361667 0.395032
vt 0.361667 0.395011
vt 0.301193 0.395011
vt 0.301193 0.395011
vt 0.301193 0.395032
vt 0.361667 0.395032
vt 0.361667 0.527671
vt 0.361667 0.395032
vt 0.301193 0.395032
vt 0.301193 0.395032
vt 0.301193 0.527671
vt 0.361667 0.527671
vt 0.301193 0.527671
vt 0.301193 0.395032
vt 0.301193 0.395011
vt 0.301193 0.395011
vt 0.301193 0.527649
vt 0.301193 0.527671
vt 0.059663 0.843415
vt 0.059663 0.842646
vt 0.071105 0.860713
vt 0.071105 0.860713
vt 0.089141 0.87043
vt 0.088354 0.87043
vt 0.077502 0.665179
vt 0.059663 0.665179
vt 0.059663 0.665157
vt 0.059663 0.665157
vt 0.077521 0.665136
vt 0.077502 0.665179
vt 0.077625 0.664901
vt 0.077521 0.665136
vt 0.059663 0.665157
vt 0.059663 0.665157
vt 0.059663 0.664901
vt 0.077625 0.664901
vt 0.077625 0.664901
vt 0.059663 0.664901
vt 0.093792 0.664773
vt 0.118472 0.675771
vt 0.118472 0.675771
vt 0.093792 0.664773
vt 0.093792 0.664773
vt 0.093792 0.664773
vt 0.118472 0.675771
vt 0.118472 0.675771
vt 0.118472 0.675771
vt 0.126642 0.697319
vt 0.126642 0.697319
vt 0.126642 0.697319
vt 0.118472 0.675771
vt 0.093792 0.664773
vt 0.093792 0.664773
vt 0.077625 0.664901
vt 0.126888 0.723181
vt 0.126642 0.697319
vt 0.126642 0.697319
vt 0.126888 0.723181
vt 0.126716 0.723203
vt 0.309641 0.723203
vt 0.309641 0.723203
vt 0.309469 0.723181
vt 0.126888 0.723181
vt 0.126642 0.697319
vt 0.126716 0.723203
vt 0.126888 0.723181
vt 0.076707 0.802487
vt 0.077105 0.802688
vt 0.077502 0.665179
vt 0.071105 0.199477
vt 0.059663 0.217544
vt 0.059663 0.216775
vt 0.088354 0.189759
vt 0.089141 0.189759
vt 0.071105 0.199477
vt 0.118472 0.384418
vt 0.093792 0.395417
vt 0.093792 0.395417
vt 0.093792 0.395417
vt 0.118472 0.384418
vt 0.118472 0.384418
vt 0.126642 0.36287
vt 0.118472 0.384418
vt 0.118472 0.384418
vt 0.118472 0.384418
vt 0.126642 0.36287
vt 0.126642 0.36287
vt 0.077625 0.395289
vt 0.093792 0.395417
vt 0.093792 0.395417
vt 0.126642 0.36287
vt 0.126642 0.36287
vt 0.126888 0.337008
vt 0.093792 0.395417
vt 0.059663 0.395289
vt 0.077625 0.395289
vt 0.077625 0.395289
vt 0.059663 0.395289
vt 0.059663 0.395032
vt 0.059663 0.395032
vt 0.077521 0.395053
vt 0.077625 0.395289
vt 0.126888 0.337008
vt 0.126716 0.336987
vt 0.126642 0.36287
vt 0.077502 0.395011
vt 0.077105 0.257502
vt 0.076707 0.257702
vt 0.059663 0.527649
vt 0.074689 0.527649
vt 0.074689 0.527671
vt 0.074689 0.527671
vt 0.059663 0.527671
vt 0.059663 0.527649
vt 0.059663 0.527671
vt 0.074689 0.527671
vt 0.074689 0.527927
vt 0.074689 0.527927
vt 0.059663 0.527927
vt 0.059663 0.527671
vt 0.135163 0.527671
vt 0.074689 0.527671
vt 0.074689 0.527649
vt 0.074689 0.527649
vt 0.135163 0.527649
vt 0.135163 0.527671
vt 0.059663 0.527927
vt 0.074689 0.527927
vt 0.074689 0.395288
vt 0.074689 0.395288
vt 0.059663 0.395288
vt 0.059663 0.527927
vt 0.074689 0.527927
vt 0.074689 0.527671
vt 0.074689 0.395032
vt 0.074689 0.395032
vt 0.074689 0.395288
vt 0.074689 0.527927
vt 0.074689 0.395032
vt 0.135163 0.395032
vt 0.135163 0.395011
vt 0.135163 0.395011
vt 0.074689 0.395011
vt 0.074689 0.395032
vt 0.074689 0.527671
vt 0.135163 0.527671
vt 0.135163 0.395032
vt 0.135163 0.395032
vt 0.074689 0.395032
vt 0.074689 0.527671
vt 0.135163 0.527671
vt 0.135163 0.527649
vt 0.135163 0.395011
vt 0.135163 0.395011
vt 0.135163 0.395032
vt 0.135163 0.527671
vt 0.883259 0.811697
vt 0.883259 0.710957
vt 0.778333 0.710938
vt 0.778333 0.710938
vt 0.778333 0.811674
vt 0.883259 0.811697
vt 0.883259 0.710957
vt 0.883259 0.811697
vt 0.990938 0.811709
vt 0.990938 0.811709
vt 0.990962 0.710974
vt 0.883259 0.710957
vt 0.673407 0.811697
vt 0.778333 0.811674
vt 0.778333 0.710938
vt 0.778333 0.710938
vt 0.673406 0.710957
vt 0.673407 0.811697
vt 0.929644 0.991214
vt 0.938806 0.938912
vt 0.675197 0.896788
vt 0.675197 0.896788
vt 0.675061 0.991222
vt 0.929644 0.991214
vt 0.938806 0.938912
vt 0.929644 0.991214
vt 0.959346 0.937649
vt 0.675061 0.991222
vt 0.675197 0.896788
vt 0.665142 0.896914
vt 0.665142 0.896914
vt 0.675197 0.896788
vt 0.675271 0.841424
vt 0.675271 0.841424
vt 0.675197 0.896788
vt 0.938935 0.88264
vt 0.938806 0.938912
vt 0.938935 0.88264
vt 0.675197 0.896788
vt 0.938935 0.88264
vt 0.939104 0.841514
vt 0.675271 0.841424
vt 0.949642 0.841515
vt 0.939104 0.841514
vt 0.938935 0.88264
vt 0.938935 0.88264
vt 0.949619 0.881878
vt 0.949642 0.841515
vt 0.675271 0.841424
vt 0.66522 0.850348
vt 0.665142 0.896914
vt 0.66522 0.850348
vt 0.675271 0.841424
vt 0.456418 0.84135
vt 0.456418 0.84135
vt 0.467345 0.849722
vt 0.66522 0.850348
vt 0.467586 0.896415
vt 0.467345 0.849722
vt 0.456418 0.84135
vt 0.675061 0.991222
vt 0.665142 0.896914
vt 0.467586 0.896415
vt 0.456418 0.84135
vt 0.456352 0.896546
vt 0.467586 0.896415
vt 0.456352 0.896546
vt 0.456418 0.84135
vt 0.346382 0.841356
vt 0.456352 0.896546
vt 0.346382 0.841356
vt 0.345559 0.990639
vt 0.345559 0.990639
vt 0.346382 0.841356
vt 0.29089 0.842438
vt 0.29089 0.842438
vt 0.289875 0.990268
vt 0.345559 0.990639
vt 0.345559 0.990639
vt 0.455957 0.99089
vt 0.456352 0.896546
vt 0.467586 0.896415
vt 0.456352 0.896546
vt 0.455957 0.99089
vt 0.289875 0.990268
vt 0.29089 0.842438
vt 0.256534 0.938663
vt 0.29089 0.842438
vt 0.256762 0.883497
vt 0.256534 0.938663
vt 0.29089 0.842438
vt 0.256874 0.854755
vt 0.256762 0.883497
vt 0.256249 0.990152
vt 0.289875 0.990268
vt 0.256534 0.938663
vt 0.256762 0.883497
vt 0.256874 0.854755
vt 0.238159 0.867628
vt 0.238159 0.867628
vt 0.238121 0.883473
vt 0.256762 0.883497
vt 0.256249 0.990152
vt 0.256534 0.938663
vt 0.219338 0.938611
vt 0.219338 0.938611
vt 0.219181 0.990069
vt 0.256249 0.990152
vt 0.467586 0.896415
vt 0.455957 0.99089
vt 0.675061 0.991222
vt 2.242121 0.349776
vt 2.242412 0.411579
vt 2.297077 0.411256
vt 2.297077 0.411256
vt 2.296793 0.349379
vt 2.242121 0.349776
vt 2.242412 0.411579
vt 2.242121 0.349776
vt 2.186604 0.35008
vt 2.186604 0.35008
vt 2.186817 0.411859
vt 2.242412 0.411579
vt 0.014579 0.048291
vt 0.185922 0.048255
vt 0.1433 0.010546
vt 0.1433 0.010546
vt 0.014582 0.010536
vt 0.014579 0.048291
vt 0.274074 0.010558
vt 0.1433 0.010546
vt 0.185922 0.048255
vt 0.185922 0.048255
vt 0.274075 0.048234
vt 0.274074 0.010558
vt 0.601981 0.238819
vt 0.541871 0.238825
vt 0.541885 0.300722
vt 0.541885 0.300722
vt 0.601998 0.30071
vt 0.601981 0.238819
vt 0.601981 0.238819
vt 0.601998 0.30071
vt 0.661153 0.250383
vt 0.661153 0.250383
vt 0.661142 0.238812
vt 0.601981 0.238819
vt 0.661153 0.250383
vt 0.601998 0.30071
vt 0.602 0.480863
vt 0.602 0.480863
vt 0.661162 0.539781
vt 0.661153 0.250383
vt 0.650801 0.539779
vt 0.661162 0.539781
vt 0.602 0.480863
vt 0.602 0.480863
vt 0.602009 0.539784
vt 0.650801 0.539779
vt 0.601981 0.238819
vt 0.661142 0.238812
vt 0.661131 0.194555
vt 0.661131 0.194555
vt 0.601971 0.194567
vt 0.601981 0.238819
vt 0.541871 0.238825
vt 0.601981 0.238819
vt 0.601971 0.194567
vt 0.601971 0.194567
vt 0.541864 0.194571
vt 0.541871 0.238825
vt 2.120002 0.339628
vt 2.020632 0.339628
vt 2.020632 0.442138
vt 2.020632 0.442138
vt 2.120002 0.442139
vt 2.120002 0.339628
vt 0.675271 0.841424
vt 0.675292 0.832018
vt 0.456386 0.831673
vt 0.456386 0.831673
vt 0.456418 0.84135
vt 0.675271 0.841424
vt 0.456418 0.84135
vt 0.456386 0.831673
vt 0.346382 0.841356
vt 0.347469 0.769871
vt 0.346382 0.841356
vt 0.456386 0.831673
vt 0.456386 0.831673
vt 0.456109 0.732617
vt 0.347469 0.769871
vt 0.456109 0.732617
vt 0.348138 0.732926
vt 0.347469 0.769871
vt 2.339397 0.521903
vt 2.373513 0.521907
vt 2.373478 0.336651
vt 2.373478 0.336651
vt 2.339441 0.336656
vt 2.339397 0.521903
vt 2.485514 0.42739
vt 2.473094 0.42661
vt 2.485584 0.521886
vt 2.485584 0.521886
vt 2.473094 0.42661
vt 2.411286 0.383135
vt 2.411286 0.383135
vt 2.411195 0.521916
vt 2.485584 0.521886
vt 2.411286 0.383135
vt 2.473094 0.42661
vt 2.473121 0.382912
vt 2.242712 0.431789
vt 2.230927 0.487969
vt 2.24174 0.488351
vt 2.230927 0.487969
vt 2.242712 0.431789
vt 2.222402 0.431173
vt 2.222402 0.431173
vt 2.220494 0.487614
vt 2.230927 0.487969
vt 0.786188 0.698257
vt 0.785912 0.59118
vt 0.676695 0.591639
vt 0.676695 0.591639
vt 0.67737 0.698701
vt 0.786188 0.698257
vt 0.676695 0.591639
vt 0.785912 0.59118
vt 0.785288 0.484104
vt 0.785288 0.484104
vt 0.67647 0.484575
vt 0.676695 0.591639
vt 0.185924 0.18845
vt 0.185924 0.102383
vt 0.01458 0.102384
vt 0.01458 0.102384
vt 0.014581 0.18845
vt 0.185924 0.18845
vt 0.185924 0.18845
vt 0.014581 0.18845
vt 0.014582 0.321353
vt 0.014582 0.321353
vt 0.185925 0.324952
vt 0.185924 0.18845
vt 0.185924 0.102383
vt 0.185924 0.18845
vt 0.274075 0.188449
vt 0.274075 0.188449
vt 0.185924 0.18845
vt 0.185925 0.324952
vt 0.274075 0.188449
vt 0.274075 0.102382
vt 0.185924 0.102383
vt 0.185924 0.102383
vt 0.274075 0.102382
vt 0.274075 0.048234
vt 0.274075 0.048234
vt 0.185922 0.048255
vt 0.185924 0.102383
vt 0.185925 0.324952
vt 0.274075 0.326703
vt 0.274075 0.188449
vt 0.014579 0.048291
vt 0.01458 0.102384
vt 0.185924 0.102383
vt 0.185924 0.102383
vt 0.185922 0.048255
vt 0.014579 0.048291
vt 0.274075 0.048234
vt 0.274075 0.102382
vt 0.363516 0.102383
vt 0.363516 0.102383
vt 0.274075 0.102382
vt 0.274075 0.188449
vt 0.363516 0.102383
vt 0.363518 0.048255
vt 0.274075 0.048234
vt 0.274075 0.188449
vt 0.362225 0.18845
vt 0.363516 0.102383
vt 0.53486 0.102384
vt 0.363516 0.102383
vt 0.362225 0.18845
vt 0.362225 0.18845
vt 0.533569 0.18845
vt 0.53486 0.102384
vt 0.362224 0.324952
vt 0.362225 0.18845
vt 0.274075 0.188449
vt 0.274075 0.188449
vt 0.274075 0.326703
vt 0.362224 0.324952
vt 0.53486 0.048291
vt 0.363518 0.048255
vt 0.363516 0.102383
vt 0.363516 0.102383
vt 0.53486 0.102384
vt 0.53486 0.048291
vt 0.892332 0.562883
vt 0.982324 0.562884
vt 0.982326 0.474253
vt 0.982326 0.474253
vt 0.892331 0.474251
vt 0.892332 0.562883
vt 0.892332 0.562883
vt 0.892331 0.474251
vt 0.861148 0.47425
vt 0.892332 0.562883
vt 0.861148 0.47425
vt 0.824109 0.474264
vt 0.824109 0.474264
vt 0.824079 0.562897
vt 0.892332 0.562883
vt 2.161511 0.442139
vt 2.161511 0.339628
vt 2.120002 0.339628
vt 2.120002 0.339628
vt 2.120002 0.442139
vt 2.161511 0.442139
vt 0.982324 0.562884
vt 0.892332 0.562883
vt 0.892324 0.631148
vt 0.892324 0.631148
vt 0.98232 0.624844
vt 0.982324 0.562884
vt 0.892324 0.631148
vt 0.892322 0.656177
vt 0.98232 0.624844
vt 0.800887 0.672219
vt 0.892322 0.656177
vt 0.892324 0.631148
vt 0.892324 0.631148
vt 0.800889 0.631075
vt 0.800887 0.672219
vt 2.468729 0.666171
vt 2.432018 0.666291
vt 2.431912 0.70714
vt 2.431912 0.70714
vt 2.468843 0.706954
vt 2.468729 0.666171
vt 2.468729 0.666171
vt 2.468686 0.656259
vt 2.432018 0.666291
vt 2.511421 0.656165
vt 2.468686 0.656259
vt 2.468729 0.666171
vt 2.468729 0.666171
vt 2.511444 0.666103
vt 2.511421 0.656165
vt 2.511421 0.656165
vt 2.511444 0.666103
vt 2.5374 0.666088
vt 2.5374 0.666088
vt 2.537391 0.656122
vt 2.511421 0.656165
vt 2.511421 0.656165
vt 2.537391 0.656122
vt 2.537379 0.615849
vt 2.537379 0.615849
vt 2.509643 0.615809
vt 2.511421 0.656165
vt 2.431584 0.616089
vt 2.432018 0.666291
vt 2.468686 0.656259
vt 2.351416 0.666553
vt 2.432018 0.666291
vt 2.431584 0.616089
vt 2.431584 0.616089
vt 2.351338 0.616266
vt 2.351416 0.666553
vt 2.468686 0.656259
vt 2.468606 0.615975
vt 2.431584 0.616089
vt 2.411286 0.383135
vt 2.373478 0.336651
vt 2.373513 0.521907
vt 2.373513 0.521907
vt 2.411195 0.521916
vt 2.411286 0.383135
vt 2.411286 0.383135
vt 2.411263 0.336652
vt 2.373478 0.336651
vt 0.67737 0.698701
vt 0.676695 0.591639
vt 0.657875 0.591763
vt 0.657875 0.591763
vt 0.657529 0.698832
vt 0.67737 0.698701
vt 0.892332 0.443075
vt 0.892331 0.474251
vt 0.982326 0.474253
vt 0.982326 0.474253
vt 0.982328 0.443128
vt 0.892332 0.443075
vt 2.241819 0.499014
vt 2.296457 0.498997
vt 2.296375 0.488272
vt 2.296375 0.488272
vt 2.24174 0.488351
vt 2.241819 0.499014
vt 2.24174 0.488351
vt 2.296375 0.488272
vt 2.297267 0.431741
vt 2.297267 0.431741
vt 2.242712 0.431789
vt 2.24174 0.488351
vt 2.242712 0.431789
vt 2.297267 0.431741
vt 2.297077 0.411256
vt 2.297077 0.411256
vt 2.242412 0.411579
vt 2.242712 0.431789
vt 0.601998 0.30071
vt 0.579892 0.300706
vt 0.579944 0.480861
vt 0.579944 0.480861
vt 0.602 0.480863
vt 0.601998 0.30071
vt 0.500598 0.33792
vt 0.500588 0.528446
vt 0.564146 0.528448
vt 0.564146 0.528448
vt 0.564167 0.337926
vt 0.500598 0.33792
vt 0.502665 0.763089
vt 0.502665 0.754169
vt 0.482821 0.752037
vt 0.482821 0.752037
vt 0.48282 0.763087
vt 0.502665 0.763089
vt 0.482821 0.752037
vt 0.502665 0.754169
vt 0.50267 0.707405
vt 0.50267 0.707405
vt 0.482827 0.707402
vt 0.482821 0.752037
vt 0.570397 0.763105
vt 0.59081 0.763107
vt 0.570398 0.752056
vt 0.570398 0.752056
vt 0.59081 0.763107
vt 0.590744 0.707423
vt 0.590744 0.707423
vt 0.570399 0.707422
vt 0.570398 0.752056
vt 0.528718 0.7631
vt 0.570397 0.763105
vt 0.570398 0.752056
vt 0.570398 0.752056
vt 0.528721 0.752048
vt 0.528718 0.7631
vt 0.528718 0.7631
vt 0.528721 0.752048
vt 0.502665 0.754169
vt 0.502665 0.754169
vt 0.502662 0.763092
vt 0.528718 0.7631
vt 0.502665 0.754169
vt 0.528721 0.752048
vt 0.528727 0.707408
vt 0.528727 0.707408
vt 0.50267 0.707405
vt 0.502665 0.754169
vt 2.500015 0.598098
vt 2.534281 0.598113
vt 2.534301 0.57007
vt 2.534301 0.57007
vt 2.500033 0.570072
vt 2.500015 0.598098
vt 0.570397 0.763105
vt 0.528718 0.7631
vt 0.528713 0.795182
vt 0.528713 0.795182
vt 0.57039 0.817695
vt 0.570397 0.763105
vt 0.502656 0.782937
vt 0.528713 0.795182
vt 0.528718 0.7631
vt 0.528718 0.7631
vt 0.502662 0.763092
vt 0.502656 0.782937
vt 2.500033 0.570072
vt 2.534301 0.57007
vt 2.520177 0.543907
vt 2.520177 0.543907
vt 2.500038 0.543906
vt 2.500033 0.570072
vt 2.635467 0.021136
vt 2.604173 0.021773
vt 2.565876 0.096862
vt 2.565876 0.096862
vt 2.635435 0.096773
vt 2.635467 0.021136
vt 2.604173 0.021773
vt 2.565893 0.021846
vt 2.565876 0.096862
vt 2.635435 0.096773
vt 2.662336 0.085475
vt 2.635467 0.021136
vt 0.466426 0.543659
vt 0.406763 0.543803
vt 0.406847 0.563624
vt 0.406847 0.563624
vt 0.466466 0.563863
vt 0.466426 0.543659
vt 0.406763 0.543803
vt 0.393491 0.563854
vt 0.406847 0.563624
vt 0.393491 0.563854
vt 0.406763 0.543803
vt 0.364454 0.544048
vt 0.364454 0.544048
vt 0.364087 0.588825
vt 0.393491 0.563854
vt 0.364087 0.588825
vt 0.393637 0.588648
vt 0.393491 0.563854
vt 0.364454 0.544048
vt 0.352367 0.544
vt 0.352198 0.588766
vt 0.352198 0.588766
vt 0.364087 0.588825
vt 0.364454 0.544048
vt 0.423624 0.360092
vt 0.492045 0.360092
vt 0.492045 0.220673
vt 0.492045 0.220673
vt 0.423624 0.220673
vt 0.423624 0.360092
vt 0.406813 0.601658
vt 0.466439 0.60173
vt 0.466499 0.577446
vt 0.466499 0.577446
vt 0.40679 0.576915
vt 0.406813 0.601658
vt 0.47988 0.601807
vt 0.479943 0.577178
vt 0.466499 0.577446
vt 0.466499 0.577446
vt 0.466439 0.60173
vt 0.47988 0.601807
vt 0.466466 0.563863
vt 0.406847 0.563624
vt 0.40679 0.576915
vt 0.40679 0.576915
vt 0.466499 0.577446
vt 0.466466 0.563863
vt 0.204617 0.960501
vt 0.204617 0.860311
vt 0.085119 0.856611
vt 0.085119 0.856611
vt 0.082897 0.953846
vt 0.204617 0.960501
vt 0.204617 0.960501
vt 0.082897 0.953846
vt 0.081948 0.9693
vt 0.081948 0.9693
vt 0.204617 0.976484
vt 0.204617 0.960501
vt 0.204617 0.976484
vt 0.081948 0.9693
vt 0.081534 0.98288
vt 0.081534 0.98288
vt 0.204617 0.991064
vt 0.204617 0.976484
vt 0.085119 0.856611
vt 0.204617 0.860311
vt 0.204617 0.726207
vt 0.204617 0.726207
vt 0.083616 0.725398
vt 0.085119 0.856611
vt 0.085119 0.856611
vt 0.083616 0.725398
vt 0.051147 0.72541
vt 0.051147 0.72541
vt 0.055011 0.859362
vt 0.085119 0.856611
vt 0.083616 0.725398
vt 0.204617 0.726207
vt 0.204617 0.602431
vt 0.204617 0.602431
vt 0.08442 0.603553
vt 0.083616 0.725398
vt 0.051147 0.72541
vt 0.083616 0.725398
vt 0.08442 0.603553
vt 0.08442 0.603553
vt 0.204617 0.602431
vt 0.204617 0.507235
vt 0.204617 0.507235
vt 0.085554 0.510692
vt 0.08442 0.603553
vt 0.085554 0.510692
vt 0.204617 0.507235
vt 0.204617 0.48579
vt 0.204617 0.48579
vt 0.084035 0.488054
vt 0.085554 0.510692
vt 0.084035 0.488054
vt 0.204617 0.48579
vt 0.204617 0.469619
vt 0.204617 0.469619
vt 0.084286 0.471125
vt 0.084035 0.488054
vt 0.084035 0.488054
vt 0.084286 0.471125
vt 0.059273 0.471551
vt 0.059273 0.471551
vt 0.059395 0.489635
vt 0.084035 0.488054
vt 0.085554 0.510692
vt 0.084035 0.488054
vt 0.057983 0.49574
vt 0.057983 0.49574
vt 0.056122 0.51125
vt 0.085554 0.510692
vt 0.054182 0.60126
vt 0.08442 0.603553
vt 0.085554 0.510692
vt 0.085554 0.510692
vt 0.056122 0.51125
vt 0.054182 0.60126
vt 0.08442 0.603553
vt 0.054182 0.60126
vt 0.051147 0.72541
vt 0.039369 0.600432
vt 0.054182 0.60126
vt 0.056122 0.51125
vt 0.056122 0.51125
vt 0.044008 0.512111
vt 0.039369 0.600432
vt 0.057983 0.49574
vt 0.044008 0.512111
vt 0.056122 0.51125
vt 0.018561 0.599416
vt 0.039369 0.600432
vt 0.044008 0.512111
vt 0.044008 0.512111
vt 0.024089 0.512496
vt 0.018561 0.599416
vt 0.039369 0.600432
vt 0.018561 0.599416
vt 0.014332 0.725113
vt 0.014332 0.725113
vt 0.036196 0.725483
vt 0.039369 0.600432
vt 0.054182 0.60126
vt 0.039369 0.600432
vt 0.036196 0.725483
vt 0.036196 0.725483
vt 0.051147 0.72541
vt 0.054182 0.60126
vt 0.036196 0.725483
vt 0.014332 0.725113
vt 0.017283 0.861027
vt 0.017283 0.861027
vt 0.042233 0.860506
vt 0.036196 0.725483
vt 0.051147 0.72541
vt 0.036196 0.725483
vt 0.042233 0.860506
vt 0.042233 0.860506
vt 0.017283 0.861027
vt 0.024766 0.948129
vt 0.024766 0.948129
vt 0.042375 0.948535
vt 0.042233 0.860506
vt 0.055011 0.859362
vt 0.042233 0.860506
vt 0.042375 0.948535
vt 0.042233 0.860506
vt 0.055011 0.859362
vt 0.051147 0.72541
vt 0.042375 0.948535
vt 0.060574 0.953051
vt 0.055011 0.859362
vt 0.042375 0.948535
vt 0.056944 0.965301
vt 0.060574 0.953051
vt 0.085119 0.856611
vt 0.055011 0.859362
vt 0.060574 0.953051
vt 0.060574 0.953051
vt 0.082897 0.953846
vt 0.085119 0.856611
vt 0.081948 0.9693
vt 0.082897 0.953846
vt 0.060574 0.953051
vt 0.060574 0.953051
vt 0.056944 0.965301
vt 0.081948 0.9693
vt 0.081948 0.9693
vt 0.056944 0.965301
vt 0.056456 0.980542
vt 0.038049 0.979042
vt 0.056456 0.980542
vt 0.056944 0.965301
vt 0.056944 0.965301
vt 0.03996 0.963618
vt 0.038049 0.979042
vt 0.056456 0.980542
vt 0.081534 0.98288
vt 0.081948 0.9693
vt 2.670932 0.128687
vt 2.621853 0.128464
vt 2.621738 0.15375
vt 2.621738 0.15375
vt 2.670392 0.172865
vt 2.670932 0.128687
vt 2.561372 0.172374
vt 2.670392 0.172865
vt 2.621738 0.15375
vt 2.621738 0.15375
vt 2.561453 0.153995
vt 2.561372 0.172374
vt 0.04079 0.471517
vt 0.039589 0.490636
vt 0.059395 0.489635
vt 0.059395 0.489635
vt 0.059273 0.471551
vt 0.04079 0.471517
vt 0.564161 0.314521
vt 0.500596 0.31453
vt 0.500598 0.33792
vt 0.500598 0.33792
vt 0.564167 0.337926
vt 0.564161 0.314521
vt 2.249124 0.813042
vt 2.249448 0.824491
vt 2.236073 0.824202
vt 2.236073 0.824202
vt 2.236903 0.812791
vt 2.249124 0.813042
vt 2.249897 0.804298
vt 2.249124 0.813042
vt 2.236903 0.812791
vt 2.236903 0.812791
vt 2.23651 0.804067
vt 2.249897 0.804298
vt 2.236903 0.812791
vt 2.236073 0.824202
vt 2.211458 0.822956
vt 2.211458 0.822956
vt 2.212694 0.809928
vt 2.236903 0.812791
vt 2.23651 0.804067
vt 2.236903 0.812791
vt 2.212694 0.809928
vt 2.212694 0.809928
vt 2.220949 0.800925
vt 2.23651 0.804067
vt 2.236073 0.824202
vt 2.249448 0.824491
vt 2.24873 0.848746
vt 2.24873 0.848746
vt 2.235736 0.848463
vt 2.236073 0.824202
vt 2.249897 0.804298
vt 2.23651 0.804067
vt 2.236891 0.788643
vt 2.236891 0.788643
vt 2.249888 0.78872
vt 2.249897 0.804298
vt 2.411044 0.705523
vt 2.413976 0.696591
vt 2.405237 0.674114
vt 2.394551 0.705549
vt 2.411044 0.705523
vt 2.405237 0.674114
vt 2.387806 0.687018
vt 2.394551 0.705549
vt 2.405237 0.674114
vt 2.314328 0.78235
vt 2.291651 0.78235
vt 2.291651 0.759593
vt 2.291651 0.759593
vt 2.314328 0.759593
vt 2.314328 0.78235
vt 2.269976 0.790804
vt 2.269976 0.752536
vt 2.291651 0.759593
vt 2.291651 0.759593
vt 2.291651 0.78235
vt 2.269976 0.790804
vt 2.291651 0.78235
vt 2.314328 0.78235
vt 2.314328 0.805616
vt 2.314328 0.805616
vt 2.291651 0.805616
vt 2.291651 0.78235
vt 2.314328 0.759593
vt 2.291651 0.759593
vt 2.291651 0.736798
vt 2.291651 0.736798
vt 2.314328 0.736798
vt 2.314328 0.759593
vt 2.314328 0.78235
vt 2.314328 0.759593
vt 2.336003 0.752536
vt 2.336003 0.752536
vt 2.336003 0.790804
vt 2.314328 0.78235
vt 2.35316 0.724427
vt 2.374853 0.724418
vt 2.374838 0.705568
vt 2.374838 0.705568
vt 2.353153 0.705576
vt 2.35316 0.724427
vt 2.374853 0.724418
vt 2.394579 0.724401
vt 2.394551 0.705549
vt 2.394551 0.705549
vt 2.374838 0.705568
vt 2.374853 0.724418
vt 2.410918 0.724377
vt 2.411044 0.705523
vt 2.394551 0.705549
vt 2.394551 0.705549
vt 2.394579 0.724401
vt 2.410918 0.724377
vt 2.420392 0.724399
vt 2.420427 0.705549
vt 2.411044 0.705523
vt 2.411044 0.705523
vt 2.410918 0.724377
vt 2.420392 0.724399
vt 2.249888 0.78872
vt 2.236891 0.788643
vt 2.236892 0.776615
vt 2.236892 0.776615
vt 2.24989 0.776615
vt 2.249888 0.78872
vt 2.24989 0.763713
vt 2.24989 0.776615
vt 2.236892 0.776615
vt 2.236892 0.776615
vt 2.236893 0.763713
vt 2.24989 0.763713
vt 2.273433 0.811255
vt 2.274094 0.824324
vt 2.249448 0.824491
vt 2.249448 0.824491
vt 2.249124 0.813042
vt 2.273433 0.811255
vt 2.265593 0.801886
vt 2.273433 0.811255
vt 2.249124 0.813042
vt 2.249124 0.813042
vt 2.249897 0.804298
vt 2.265593 0.801886
vt 1.512733 0.184433
vt 1.511698 0.071291
vt 1.033994 0.071295
vt 1.033994 0.071295
vt 1.033972 0.18353
vt 1.512733 0.184433
vt 0.785595 0.429716
vt 0.788524 0.416821
vt 0.727809 0.388881
vt 0.727809 0.388881
vt 0.721229 0.401013
vt 0.785595 0.429716
vt 0.854388 0.422129
vt 0.788524 0.416821
vt 0.785595 0.429716
vt 0.785595 0.429716
vt 0.856284 0.435311
vt 0.854388 0.422129
vt 0.919531 0.398538
vt 0.854388 0.422129
vt 0.856284 0.435311
vt 0.856284 0.435311
vt 0.926122 0.410329
vt 0.919531 0.398538
vt 0.919531 0.398538
vt 0.926122 0.410329
vt 0.953772 0.390042
vt 0.953772 0.390042
vt 0.946156 0.378323
vt 0.919531 0.398538
vt 0.727809 0.388881
vt 0.788524 0.416821
vt 0.79521 0.389864
vt 0.79521 0.389864
vt 0.744392 0.365974
vt 0.727809 0.388881
vt 0.849869 0.392936
vt 0.79521 0.389864
vt 0.788524 0.416821
vt 0.788524 0.416821
vt 0.854388 0.422129
vt 0.849869 0.392936
vt 0.79521 0.389864
vt 0.849869 0.392936
vt 0.847106 0.375611
vt 0.847106 0.375611
vt 0.799054 0.374512
vt 0.79521 0.389864
vt 0.744392 0.365974
vt 0.79521 0.389864
vt 0.799054 0.374512
vt 0.799054 0.374512
vt 0.755157 0.353327
vt 0.744392 0.365974
vt 0.892356 0.357529
vt 0.847106 0.375611
vt 0.849869 0.392936
vt 0.849869 0.392936
vt 0.902974 0.372821
vt 0.892356 0.357529
vt 0.902974 0.372821
vt 0.849869 0.392936
vt 0.854388 0.422129
vt 0.854388 0.422129
vt 0.919531 0.398538
vt 0.902974 0.372821
vt 0.902974 0.372821
vt 0.919531 0.398538
vt 0.946156 0.378323
vt 0.892356 0.357529
vt 0.902974 0.372821
vt 0.93042 0.352975
vt 0.946156 0.378323
vt 0.93042 0.352975
vt 0.902974 0.372821
vt 0.93042 0.352975
vt 0.920924 0.337873
vt 0.892356 0.357529
vt 0.744392 0.365974
vt 0.755157 0.353327
vt 0.799054 0.374512
vt 0.799054 0.374512
vt 0.79521 0.389864
vt 0.744392 0.365974
vt 0.79521 0.389864
vt 0.799054 0.374512
vt 0.847106 0.375611
vt 0.847106 0.375611
vt 0.849869 0.392936
vt 0.79521 0.389864
vt 0.849869 0.392936
vt 0.847106 0.375611
vt 0.892356 0.357529
vt 0.892356 0.357529
vt 0.902974 0.372821
vt 0.849869 0.392936
vt 0.93042 0.352975
vt 0.902974 0.372821
vt 0.892356 0.357529
vt 0.892356 0.357529
vt 0.920924 0.337873
vt 0.93042 0.352975
vt 0.788524 0.416821
vt 0.79521 0.389864
vt 0.849869 0.392936
vt 0.79521 0.389864
vt 0.788524 0.416821
vt 0.727809 0.388881
vt 0.727809 0.388881
vt 0.788524 0.416821
vt 0.785595 0.429716
vt 0.785595 0.429716
vt 0.721229 0.401013
vt 0.727809 0.388881
vt 0.785595 0.429716
vt 0.788524 0.416821
vt 0.854388 0.422129
vt 0.849869 0.392936
vt 0.854388 0.422129
vt 0.788524 0.416821
vt 0.854388 0.422129
vt 0.849869 0.392936
vt 0.902974 0.372821
vt 0.854388 0.422129
vt 0.856284 0.435311
vt 0.785595 0.429716
vt 0.856284 0.435311
vt 0.854388 0.422129
vt 0.919531 0.398538
vt 0.902974 0.372821
vt 0.919531 0.398538
vt 0.854388 0.422129
vt 0.919531 0.398538
vt 0.926122 0.410329
vt 0.856284 0.435311
vt 0.953772 0.390042
vt 0.926122 0.410329
vt 0.919531 0.398538
vt 0.919531 0.398538
vt 0.946156 0.378323
vt 0.953772 0.390042
vt 0.946156 0.378323
vt 0.919531 0.398538
vt 0.902974 0.372821
vt 0.902974 0.372821
vt 0.93042 0.352975
vt 0.946156 0.378323
vt 0.727809 0.388881
vt 0.744392 0.365974
vt 0.79521 0.389864
vt 0.785595 0.429716
vt 0.788524 0.416821
vt 0.727809 0.388881
vt 0.727809 0.388881
vt 0.721229 0.401013
vt 0.785595 0.429716
vt 0.854388 0.422129
vt 0.788524 0.416821
vt 0.785595 0.429716
vt 0.785595 0.429716
vt 0.856284 0.435311
vt 0.854388 0.422129
vt 0.919531 0.398538
vt 0.854388 0.422129
vt 0.856284 0.435311
vt 0.856284 0.435311
vt 0.926122 0.410329
vt 0.919531 0.398538
vt 0.919531 0.398538
vt 0.926122 0.410329
vt 0.953772 0.390042
vt 0.953772 0.390042
vt 0.946156 0.378323
vt 0.919531 0.398538
vt 0.727809 0.388881
vt 0.788524 0.416821
vt 0.79521 0.389864
vt 0.79521 0.389864
vt 0.744392 0.365974
vt 0.727809 0.388881
vt 0.744392 0.365974
vt 0.79521 0.389864
vt 0.799054 0.374512
vt 0.799054 0.374512
vt 0.755157 0.353327
vt 0.744392 0.365974
vt 0.847106 0.375611
vt 0.799054 0.374512
vt 0.79521 0.389864
vt 0.79521 0.389864
vt 0.849869 0.392936
vt 0.847106 0.375611
vt 0.849869 0.392936
vt 0.79521 0.389864
vt 0.788524 0.416821
vt 0.788524 0.416821
vt 0.854388 0.422129
vt 0.849869 0.392936
vt 0.892356 0.357529
vt 0.847106 0.375611
vt 0.849869 0.392936
vt 0.849869 0.392936
vt 0.902974 0.372821
vt 0.892356 0.357529
vt 0.902974 0.372821
vt 0.849869 0.392936
vt 0.854388 0.422129
vt 0.854388 0.422129
vt 0.919531 0.398538
vt 0.902974 0.372821
vt 0.902974 0.372821
vt 0.919531 0.398538
vt 0.946156 0.378323
vt 0.892356 0.357529
vt 0.902974 0.372821
vt 0.93042 0.352975
vt 0.946156 0.378323
vt 0.93042 0.352975
vt 0.902974 0.372821
vt 0.93042 0.352975
vt 0.920924 0.337873
vt 0.892356 0.357529
vt 2.785595 0.429716
vt 2.721229 0.401013
vt 2.727809 0.388881
vt 2.727809 0.388881
vt 2.788524 0.416821
vt 2.785595 0.429716
vt 2.785595 0.429716
vt 2.788524 0.416821
vt 2.854388 0.422129
vt 2.854388 0.422129
vt 2.856284 0.435311
vt 2.785595 0.429716
vt 2.856284 0.435311
vt 2.854388 0.422129
vt 2.919531 0.398538
vt 2.919531 0.398538
vt 2.926123 0.410329
vt 2.856284 0.435311
vt 2.953772 0.390042
vt 2.926123 0.410329
vt 2.919531 0.398538
vt 2.919531 0.398538
vt 2.946156 0.378323
vt 2.953772 0.390042
vt 2.79521 0.389864
vt 2.788524 0.416821
vt 2.727809 0.388881
vt 2.727809 0.388881
vt 2.744392 0.365974
vt 2.79521 0.389864
vt 2.799054 0.374512
vt 2.79521 0.389864
vt 2.744392 0.365974
vt 2.744392 0.365974
vt 2.755157 0.353327
vt 2.799054 0.374512
vt 2.79521 0.389864
vt 2.799054 0.374512
vt 2.847106 0.375611
vt 2.847106 0.375611
vt 2.849869 0.392936
vt 2.79521 0.389864
vt 2.849869 0.392936
vt 2.854388 0.422129
vt 2.788524 0.416821
vt 2.788524 0.416821
vt 2.79521 0.389864
vt 2.849869 0.392936
vt 2.849869 0.392936
vt 2.847106 0.375611
vt 2.892356 0.357529
vt 2.892356 0.357529
vt 2.902974 0.372821
vt 2.849869 0.392936
vt 2.902974 0.372821
vt 2.919531 0.398538
vt 2.854388 0.422129
vt 2.854388 0.422129
vt 2.849869 0.392936
vt 2.902974 0.372821
vt 2.946156 0.378323
vt 2.919531 0.398538
vt 2.902974 0.372821
vt 2.93042 0.352975
vt 2.902974 0.372821
vt 2.892356 0.357529
vt 2.902974 0.372821
vt 2.93042 0.352975
vt 2.946156 0.378323
vt 2.892356 0.357529
vt 2.920924 0.337873
vt 2.93042 0.352975
vt 2.929644 0.991214
vt 2.675061 0.991222
vt 2.675197 0.896788
vt 2.675197 0.896788
vt 2.938807 0.938912
vt 2.929644 0.991214
vt 2.938807 0.938912
vt 2.959346 0.937649
vt 2.929644 0.991214
vt 2.675061 0.991222
vt 2.665142 0.896914
vt 2.675197 0.896788
vt 2.675271 0.841424
vt 2.675197 0.896788
vt 2.665142 0.896914
vt 2.938935 0.88264
vt 2.675197 0.896788
vt 2.675271 0.841424
vt 2.938807 0.938912
vt 2.675197 0.896788
vt 2.938935 0.88264
vt 2.675271 0.841424
vt 2.939104 0.841514
vt 2.938935 0.88264
vt 2.938935 0.88264
vt 2.939104 0.841514
vt 2.949642 0.841515
vt 2.949642 0.841515
vt 2.94962 0.881878
vt 2.938935 0.88264
vt 2.665142 0.896914
vt 2.66522 0.850348
vt 2.675271 0.841424
vt 2.456418 0.84135
vt 2.675271 0.841424
vt 2.66522 0.850348
vt 2.66522 0.850348
vt 2.467345 0.849722
vt 2.456418 0.84135
vt 2.456418 0.84135
vt 2.467345 0.849722
vt 2.467586 0.896415
vt 2.467586 0.896415
vt 2.665142 0.896914
vt 2.675061 0.991222
vt 2.467586 0.896415
vt 2.456352 0.896546
vt 2.456418 0.84135
vt 2.456352 0.896546
vt 2.346382 0.841356
vt 2.456418 0.84135
vt 2.345559 0.990639
vt 2.346382 0.841356
vt 2.456352 0.896546
vt 2.29089 0.842438
vt 2.346382 0.841356
vt 2.345559 0.990639
vt 2.345559 0.990639
vt 2.289875 0.990268
vt 2.29089 0.842438
vt 2.456352 0.896546
vt 2.455957 0.99089
vt 2.345559 0.990639
vt 2.467586 0.896415
vt 2.455957 0.99089
vt 2.456352 0.896546
vt 2.256534 0.938663
vt 2.29089 0.842438
vt 2.289875 0.990268
vt 2.256534 0.938663
vt 2.256762 0.883497
vt 2.29089 0.842438
vt 2.29089 0.842438
vt 2.256762 0.883497
vt 2.256874 0.854755
vt 2.256249 0.990152
vt 2.256534 0.938663
vt 2.289875 0.990268
vt 2.23816 0.867628
vt 2.256874 0.854755
vt 2.256762 0.883497
vt 2.256762 0.883497
vt 2.238121 0.883473
vt 2.23816 0.867628
vt 2.219338 0.938611
vt 2.256534 0.938663
vt 2.256249 0.990152
vt 2.256249 0.990152
vt 2.219181 0.990069
vt 2.219338 0.938611
vt 2.675061 0.991222
vt 2.455957 0.99089
vt 2.467586 0.896415
vt 0.242121 0.349776
vt 0.296794 0.349379
vt 0.297077 0.411256
vt 0.297077 0.411256
vt 0.242412 0.411579
vt 0.242121 0.349776
vt 0.186604 0.35008
vt 0.242121 0.349776
vt 0.242412 0.411579
vt 0.242412 0.411579
vt 0.186817 0.411859
vt 0.186604 0.35008
vt 2.013289 0.048291
vt 2.014582 0.010536
vt 2.1433 0.010546
vt 2.1433 0.010546
vt 2.184632 0.048255
vt 2.013289 0.048291
vt 2.184632 0.048255
vt 2.1433 0.010546
vt 2.274074 0.010558
vt 2.274074 0.010558
vt 2.274072 0.048234
vt 2.184632 0.048255
vt 2.601981 0.238819
vt 2.601998 0.30071
vt 2.541885 0.300722
vt 2.541885 0.300722
vt 2.541871 0.238825
vt 2.601981 0.238819
vt 2.661154 0.250383
vt 2.601998 0.30071
vt 2.601981 0.238819
vt 2.601981 0.238819
vt 2.661142 0.238812
vt 2.661154 0.250383
vt 2.602 0.480863
vt 2.601998 0.30071
vt 2.661154 0.250383
vt 2.661154 0.250383
vt 2.661162 0.539781
vt 2.602 0.480863
vt 2.602 0.480863
vt 2.661162 0.539781
vt 2.650801 0.539779
vt 2.650801 0.539779
vt 2.602009 0.539784
vt 2.602 0.480863
vt 2.990938 0.811709
vt 2.883259 0.811697
vt 2.883259 0.710957
vt 2.883259 0.710957
vt 2.990962 0.710974
vt 2.990938 0.811709
vt 2.601981 0.238819
vt 2.601971 0.194567
vt 2.661131 0.194555
vt 2.661131 0.194555
vt 2.661142 0.238812
vt 2.601981 0.238819
vt 2.601971 0.194567
vt 2.601981 0.238819
vt 2.541871 0.238825
vt 2.541871 0.238825
vt 2.541864 0.194571
vt 2.601971 0.194567
vt 0.120002 0.339628
vt 0.120002 0.442139
vt 0.020632 0.442138
vt 0.020632 0.442138
vt 0.020632 0.339628
vt 0.120002 0.339628
vt 2.675271 0.841424
vt 2.456418 0.84135
vt 2.456386 0.831673
vt 2.456386 0.831673
vt 2.675292 0.832018
vt 2.675271 0.841424
vt 2.456418 0.84135
vt 2.346382 0.841356
vt 2.456386 0.831673
vt 2.456386 0.831673
vt 2.346382 0.841356
vt 2.347469 0.769871
vt 2.347469 0.769871
vt 2.456109 0.732617
vt 2.456386 0.831673
vt 2.456109 0.732617
vt 2.347469 0.769871
vt 2.348138 0.732926
vt 0.339397 0.521903
vt 0.339441 0.336656
vt 0.373478 0.336651
vt 0.373478 0.336651
vt 0.373513 0.521907
vt 0.339397 0.521903
vt 0.485514 0.42739
vt 0.485584 0.521886
vt 0.473094 0.42661
vt 0.411286 0.383135
vt 0.473094 0.42661
vt 0.485584 0.521886
vt 0.485584 0.521886
vt 0.411195 0.521916
vt 0.411286 0.383135
vt 0.411286 0.383135
vt 0.473121 0.382912
vt 0.473094 0.42661
vt 0.242712 0.431789
vt 0.24174 0.488351
vt 0.230927 0.487969
vt 0.222402 0.431173
vt 0.242712 0.431789
vt 0.230927 0.487969
vt 0.230927 0.487969
vt 0.220494 0.487614
vt 0.222402 0.431173
vt 2.014582 0.321353
vt 2.014581 0.18845
vt 2.185925 0.18845
vt 2.185925 0.18845
vt 2.185925 0.324952
vt 2.014582 0.321353
vt 2.892332 0.562883
vt 2.892331 0.474251
vt 2.982326 0.474253
vt 2.982326 0.474253
vt 2.982324 0.562884
vt 2.892332 0.562883
vt 2.892332 0.562883
vt 2.861148 0.47425
vt 2.892331 0.474251
vt 2.824109 0.474264
vt 2.861148 0.47425
vt 2.892332 0.562883
vt 2.892332 0.562883
vt 2.824079 0.562897
vt 2.824109 0.474264
vt 0.161511 0.442139
vt 0.120002 0.442139
vt 0.120002 0.339628
vt 0.120002 0.339628
vt 0.161511 0.339628
vt 0.161511 0.442139
vt 2.982324 0.562884
vt 2.98232 0.624844
vt 2.892324 0.631148
vt 2.892324 0.631148
vt 2.892332 0.562883
vt 2.982324 0.562884
vt 2.892324 0.631148
vt 2.98232 0.624844
vt 2.892322 0.656177
vt 2.892324 0.631148
vt 2.892322 0.656177
vt 2.800887 0.672219
vt 2.800887 0.672219
vt 2.800889 0.631075
vt 2.892324 0.631148
vt 0.468729 0.666171
vt 0.468843 0.706954
vt 0.431912 0.70714
vt 0.431912 0.70714
vt 0.432018 0.666291
vt 0.468729 0.666171
vt 0.468729 0.666171
vt 0.432018 0.666291
vt 0.468686 0.656259
vt 0.468729 0.666171
vt 0.468686 0.656259
vt 0.511421 0.656165
vt 0.511421 0.656165
vt 0.511444 0.666103
vt 0.468729 0.666171
vt 0.5374 0.666088
vt 0.511444 0.666103
vt 0.511421 0.656165
vt 0.511421 0.656165
vt 0.537391 0.656122
vt 0.5374 0.666088
vt 0.537379 0.615849
vt 0.537391 0.656122
vt 0.511421 0.656165
vt 0.511421 0.656165
vt 0.509643 0.615809
vt 0.537379 0.615849
vt 0.468686 0.656259
vt 0.432018 0.666291
vt 0.431584 0.616089
vt 0.431584 0.616089
vt 0.432018 0.666291
vt 0.351416 0.666553
vt 0.351416 0.666553
vt 0.351338 0.616266
vt 0.431584 0.616089
vt 0.431584 0.616089
vt 0.468606 0.615975
vt 0.468686 0.656259
vt 0.411286 0.383135
vt 0.411195 0.521916
vt 0.373513 0.521907
vt 0.373513 0.521907
vt 0.373478 0.336651
vt 0.411286 0.383135
vt 0.411286 0.383135
vt 0.373478 0.336651
vt 0.411263 0.336652
vt 2.672408 0.697709
vt 2.652567 0.69784
vt 2.652914 0.59077
vt 2.652914 0.59077
vt 2.671733 0.590647
vt 2.672408 0.697709
vt 2.892332 0.443075
vt 2.982328 0.443128
vt 2.982326 0.474253
vt 2.982326 0.474253
vt 2.892331 0.474251
vt 2.892332 0.443075
vt 0.241819 0.499014
vt 0.24174 0.488351
vt 0.296375 0.488272
vt 0.296375 0.488272
vt 0.296457 0.498997
vt 0.241819 0.499014
vt 0.24174 0.488351
vt 0.242712 0.431789
vt 0.297267 0.431741
vt 0.297267 0.431741
vt 0.296375 0.488272
vt 0.24174 0.488351
vt 0.242712 0.431789
vt 0.242412 0.411579
vt 0.297077 0.411256
vt 0.297077 0.411256
vt 0.297267 0.431741
vt 0.242712 0.431789
vt 2.601998 0.30071
vt 2.602 0.480863
vt 2.579944 0.480861
vt 2.579944 0.480861
vt 2.579892 0.300706
vt 2.601998 0.30071
vt 2.500598 0.33792
vt 2.564167 0.337926
vt 2.564146 0.528448
vt 2.564146 0.528448
vt 2.500588 0.528446
vt 2.500598 0.33792
vt 2.502665 0.763089
vt 2.48282 0.763087
vt 2.482821 0.752037
vt 2.482821 0.752037
vt 2.502665 0.754169
vt 2.502665 0.763089
vt 2.50267 0.707405
vt 2.502665 0.754169
vt 2.482821 0.752037
vt 2.482821 0.752037
vt 2.482827 0.707402
vt 2.50267 0.707405
vt 2.570397 0.763105
vt 2.570398 0.752056
vt 2.59081 0.763107
vt 2.590744 0.707423
vt 2.59081 0.763107
vt 2.570398 0.752056
vt 2.570398 0.752056
vt 2.570399 0.707422
vt 2.590744 0.707423
vt 2.570398 0.752056
vt 2.570397 0.763105
vt 2.528718 0.7631
vt 2.528718 0.7631
vt 2.528721 0.752048
vt 2.570398 0.752056
vt 2.502665 0.754169
vt 2.528721 0.752048
vt 2.528718 0.7631
vt 2.528718 0.7631
vt 2.502661 0.763092
vt 2.502665 0.754169
vt 2.528728 0.707408
vt 2.528721 0.752048
vt 2.502665 0.754169
vt 2.502665 0.754169
vt 2.50267 0.707405
vt 2.528728 0.707408
vt 0.500015 0.598098
vt 0.500033 0.570072
vt 0.534301 0.57007
vt 0.534301 0.57007
vt 0.534281 0.598113
vt 0.500015 0.598098
vt 2.570397 0.763105
vt 2.57039 0.817695
vt 2.528713 0.795182
vt 2.528713 0.795182
vt 2.528718 0.7631
vt 2.570397 0.763105
vt 2.528718 0.7631
vt 2.528713 0.795182
vt 2.502656 0.782937
vt 2.502656 0.782937
vt 2.502661 0.763092
vt 2.528718 0.7631
vt 0.500033 0.570072
vt 0.500038 0.543906
vt 0.520177 0.543907
vt 0.520177 0.543907
vt 0.534301 0.57007
vt 0.500033 0.570072
vt 0.635467 0.021136
vt 0.635435 0.096773
vt 0.565876 0.096862
vt 0.565876 0.096862
vt 0.604173 0.021773
vt 0.635467 0.021136
vt 0.604173 0.021773
vt 0.565876 0.096862
vt 0.565893 0.021846
vt 0.635435 0.096773
vt 0.635467 0.021136
vt 0.662336 0.085475
vt 2.466426 0.543659
vt 2.466466 0.563863
vt 2.406847 0.563624
vt 2.406847 0.563624
vt 2.406764 0.543803
vt 2.466426 0.543659
vt 2.406764 0.543803
vt 2.406847 0.563624
vt 2.393491 0.563854
vt 2.364454 0.544048
vt 2.406764 0.543803
vt 2.393491 0.563854
vt 2.393491 0.563854
vt 2.364087 0.588825
vt 2.364454 0.544048
vt 2.364087 0.588825
vt 2.393491 0.563854
vt 2.393637 0.588648
vt 2.364454 0.544048
vt 2.364087 0.588825
vt 2.352198 0.588766
vt 2.352198 0.588766
vt 2.352367 0.544
vt 2.364454 0.544048
vt 2.423624 0.360092
vt 2.423624 0.220673
vt 2.492045 0.220673
vt 2.492045 0.220673
vt 2.492045 0.360092
vt 2.423624 0.360092
vt 2.406813 0.601658
vt 2.40679 0.576915
vt 2.466499 0.577446
vt 2.466499 0.577446
vt 2.466439 0.60173
vt 2.406813 0.601658
vt 2.47988 0.601807
vt 2.466439 0.60173
vt 2.466499 0.577446
vt 2.466499 0.577446
vt 2.479943 0.577178
vt 2.47988 0.601807
vt 2.466466 0.563863
vt 2.466499 0.577446
vt 2.40679 0.576915
vt 2.40679 0.576915
vt 2.406847 0.563624
vt 2.466466 0.563863
vt 1.204761 0.960357
vt 1.083041 0.953702
vt 1.085263 0.856467
vt 1.085263 0.856467
vt 1.204761 0.860167
vt 1.204761 0.960357
vt 1.082092 0.969156
vt 1.083041 0.953702
vt 1.204761 0.960357
vt 1.204761 0.960357
vt 1.204761 0.97634
vt 1.082092 0.969156
vt 1.081679 0.982735
vt 1.082092 0.969156
vt 1.204761 0.97634
vt 1.204761 0.97634
vt 1.204761 0.99092
vt 1.081679 0.982735
vt 1.204761 0.726063
vt 1.204761 0.860167
vt 1.085263 0.856467
vt 1.085263 0.856467
vt 1.08376 0.725254
vt 1.204761 0.726063
vt 1.051291 0.725266
vt 1.08376 0.725254
vt 1.085263 0.856467
vt 1.085263 0.856467
vt 1.055155 0.859218
vt 1.051291 0.725266
vt 1.051291 0.725266
vt 1.055155 0.859218
vt 1.042377 0.860362
vt 1.042519 0.948391
vt 1.042377 0.860362
vt 1.055155 0.859218
vt 1.055155 0.859218
vt 1.060719 0.952907
vt 1.042519 0.948391
vt 1.060719 0.952907
vt 1.055155 0.859218
vt 1.085263 0.856467
vt 1.085263 0.856467
vt 1.083041 0.953702
vt 1.060719 0.952907
vt 1.060719 0.952907
vt 1.083041 0.953702
vt 1.082092 0.969156
vt 1.042377 0.860362
vt 1.042519 0.948391
vt 1.02491 0.947985
vt 1.02491 0.947985
vt 1.017427 0.860883
vt 1.042377 0.860362
vt 1.042519 0.948391
vt 1.060719 0.952907
vt 1.057088 0.965156
vt 1.082092 0.969156
vt 1.057088 0.965156
vt 1.060719 0.952907
vt 1.03634 0.725339
vt 1.042377 0.860362
vt 1.017427 0.860883
vt 1.042377 0.860362
vt 1.03634 0.725339
vt 1.051291 0.725266
vt 1.054326 0.601115
vt 1.051291 0.725266
vt 1.03634 0.725339
vt 1.03634 0.725339
vt 1.039513 0.600288
vt 1.054326 0.601115
vt 1.039513 0.600288
vt 1.03634 0.725339
vt 1.014476 0.724968
vt 1.017427 0.860883
vt 1.014476 0.724968
vt 1.03634 0.725339
vt 1.014476 0.724968
vt 1.018705 0.599272
vt 1.039513 0.600288
vt 1.044152 0.511967
vt 1.039513 0.600288
vt 1.018705 0.599272
vt 1.018705 0.599272
vt 1.024233 0.512352
vt 1.044152 0.511967
vt 1.039513 0.600288
vt 1.044152 0.511967
vt 1.056266 0.511106
vt 1.056266 0.511106
vt 1.054326 0.601115
vt 1.039513 0.600288
vt 1.054326 0.601115
vt 1.056266 0.511106
vt 1.085698 0.510548
vt 1.085698 0.510548
vt 1.056266 0.511106
vt 1.058128 0.495596
vt 1.058128 0.495596
vt 1.056266 0.511106
vt 1.044152 0.511967
vt 1.058128 0.495596
vt 1.084179 0.48791
vt 1.085698 0.510548
vt 1.085698 0.510548
vt 1.084179 0.48791
vt 1.204761 0.485646
vt 1.204761 0.469475
vt 1.204761 0.485646
vt 1.084179 0.48791
vt 1.084179 0.48791
vt 1.08443 0.470981
vt 1.204761 0.469475
vt 1.059417 0.471407
vt 1.08443 0.470981
vt 1.084179 0.48791
vt 1.084179 0.48791
vt 1.059539 0.489491
vt 1.059417 0.471407
vt 1.204761 0.485646
vt 1.204761 0.507091
vt 1.085698 0.510548
vt 1.085698 0.510548
vt 1.084564 0.603409
vt 1.054326 0.601115
vt 1.040935 0.471373
vt 1.059417 0.471407
vt 1.059539 0.489491
vt 1.059539 0.489491
vt 1.039733 0.490491
vt 1.040935 0.471373
vt 1.084564 0.603409
vt 1.08376 0.725254
vt 1.051291 0.725266
vt 1.051291 0.725266
vt 1.054326 0.601115
vt 1.084564 0.603409
vt 1.038193 0.978898
vt 1.040104 0.963474
vt 1.057088 0.965156
vt 1.057088 0.965156
vt 1.0566 0.980398
vt 1.038193 0.978898
vt 1.0566 0.980398
vt 1.057088 0.965156
vt 1.082092 0.969156
vt 1.082092 0.969156
vt 1.081679 0.982735
vt 1.0566 0.980398
vt 0.204617 0.507235
vt 0.204617 0.602431
vt 0.324814 0.603553
vt 0.324814 0.603553
vt 0.32368 0.510692
vt 0.204617 0.507235
vt 0.325617 0.725398
vt 0.324814 0.603553
vt 0.204617 0.602431
vt 0.204617 0.602431
vt 0.204617 0.726207
vt 0.325617 0.725398
vt 0.670932 0.128687
vt 0.670392 0.172865
vt 0.621738 0.15375
vt 0.621738 0.15375
vt 0.621853 0.128464
vt 0.670932 0.128687
vt 0.621738 0.15375
vt 0.670392 0.172865
vt 0.561372 0.172374
vt 0.561372 0.172374
vt 0.561453 0.153995
vt 0.621738 0.15375
vt 2.564161 0.314521
vt 2.564167 0.337926
vt 2.500598 0.33792
vt 2.500598 0.33792
vt 2.500596 0.31453
vt 2.564161 0.314521
vt 0.249124 0.813042
vt 0.236903 0.812791
vt 0.236073 0.824202
vt 0.236073 0.824202
vt 0.249448 0.824491
vt 0.249124 0.813042
vt 0.236903 0.812791
vt 0.249124 0.813042
vt 0.249897 0.804298
vt 0.249897 0.804298
vt 0.23651 0.804067
vt 0.236903 0.812791
vt 0.236903 0.812791
vt 0.212694 0.809928
vt 0.211458 0.822956
vt 0.211458 0.822956
vt 0.236073 0.824202
vt 0.236903 0.812791
vt 0.212694 0.809928
vt 0.236903 0.812791
vt 0.23651 0.804067
vt 0.23651 0.804067
vt 0.220949 0.800925
vt 0.212694 0.809928
vt 0.236073 0.824202
vt 0.235736 0.848463
vt 0.24873 0.848746
vt 0.24873 0.848746
vt 0.249448 0.824491
vt 0.236073 0.824202
vt 0.249897 0.804298
vt 0.249888 0.78872
vt 0.236891 0.788643
vt 0.236891 0.788643
vt 0.23651 0.804067
vt 0.249897 0.804298
vt 0.405237 0.674114
vt 0.413976 0.696591
vt 0.411044 0.705523
vt 0.405237 0.674114
vt 0.411044 0.705523
vt 0.394551 0.705549
vt 0.387806 0.687018
vt 0.405237 0.674114
vt 0.394551 0.705549
vt 0.314328 0.78235
vt 0.314328 0.759593
vt 0.291651 0.759593
vt 0.291651 0.759593
vt 0.291651 0.78235
vt 0.314328 0.78235
vt 0.269976 0.790804
vt 0.291651 0.78235
vt 0.291651 0.759593
vt 0.291651 0.759593
vt 0.269976 0.752536
vt 0.269976 0.790804
vt 0.291651 0.78235
vt 0.291651 0.805616
vt 0.314328 0.805616
vt 0.314328 0.805616
vt 0.314328 0.78235
vt 0.291651 0.78235
vt 0.314328 0.759593
vt 0.314328 0.736798
vt 0.291651 0.736798
vt 0.291651 0.736798
vt 0.291651 0.759593
vt 0.314328 0.759593
vt 0.314328 0.78235
vt 0.336003 0.790804
vt 0.336003 0.752536
vt 0.336003 0.752536
vt 0.314328 0.759593
vt 0.314328 0.78235
vt 0.35316 0.724427
vt 0.353153 0.705576
vt 0.374838 0.705568
vt 0.374838 0.705568
vt 0.374853 0.724418
vt 0.35316 0.724427
vt 0.374853 0.724418
vt 0.374838 0.705568
vt 0.394551 0.705549
vt 0.394551 0.705549
vt 0.394579 0.724401
vt 0.374853 0.724418
vt 0.410918 0.724377
vt 0.394579 0.724401
vt 0.394551 0.705549
vt 0.394551 0.705549
vt 0.411044 0.705523
vt 0.410918 0.724377
vt 0.420392 0.724399
vt 0.410918 0.724377
vt 0.411044 0.705523
vt 0.411044 0.705523
vt 0.420427 0.705549
vt 0.420392 0.724399
vt 0.249888 0.78872
vt 0.24989 0.776615
vt 0.236892 0.776615
vt 0.236892 0.776615
vt 0.236891 0.788643
vt 0.249888 0.78872
vt 0.236892 0.776615
vt 0.24989 0.776615
vt 0.24989 0.763713
vt 0.24989 0.763713
vt 0.236893 0.763713
vt 0.236892 0.776615
vt 0.273433 0.811255
vt 0.249124 0.813042
vt 0.249448 0.824491
vt 0.249448 0.824491
vt 0.274094 0.824324
vt 0.273433 0.811255
vt 0.249124 0.813042
vt 0.273433 0.811255
vt 0.265592 0.801886
vt 0.265592 0.801886
vt 0.249897 0.804298
vt 0.249124 0.813042
vt 3.033972 0.184433
vt 3.512733 0.18353
vt 3.51271 0.071295
vt 3.51271 0.071295
vt 3.035006 0.071291
vt 3.033972 0.184433
vt 0.785595 0.429716
vt 0.721229 0.401013
vt 0.727809 0.388881
vt 0.727809 0.388881
vt 0.788524 0.416821
vt 0.785595 0.429716
vt 0.785595 0.429716
vt 0.788524 0.416821
vt 0.854388 0.422129
vt 0.854388 0.422129
vt 0.856284 0.435311
vt 0.785595 0.429716
vt 0.856284 0.435311
vt 0.854388 0.422129
vt 0.919531 0.398538
vt 0.919531 0.398538
vt 0.926122 0.410329
vt 0.856284 0.435311
vt 0.953772 0.390042
vt 0.926122 0.410329
vt 0.919531 0.398538
vt 0.919531 0.398538
vt 0.946156 0.378323
vt 0.953772 0.390042
vt 0.79521 0.389864
vt 0.788524 0.416821
vt 0.727809 0.388881
vt 0.727809 0.388881
vt 0.744392 0.365974
vt 0.79521 0.389864
vt 0.849869 0.392936
vt 0.854388 0.422129
vt 0.788524 0.416821
vt 0.788524 0.416821
vt 0.79521 0.389864
vt 0.849869 0.392936
vt 0.847106 0.375611
vt 0.849869 0.392936
vt 0.79521 0.389864
vt 0.79521 0.389864
vt 0.799054 0.374512
vt 0.847106 0.375611
vt 0.799054 0.374512
vt 0.79521 0.389864
vt 0.744392 0.365974
vt 0.744392 0.365974
vt 0.755157 0.353327
vt 0.799054 0.374512
vt 0.849869 0.392936
vt 0.847106 0.375611
vt 0.892356 0.357529
vt 0.892356 0.357529
vt 0.902974 0.372821
vt 0.849869 0.392936
vt 0.902974 0.372821
vt 0.919531 0.398538
vt 0.854388 0.422129
vt 0.854388 0.422129
vt 0.849869 0.392936
vt 0.902974 0.372821
vt 0.946156 0.378323
vt 0.919531 0.398538
vt 0.902974 0.372821
vt 0.93042 0.352975
vt 0.902974 0.372821
vt 0.892356 0.357529
vt 0.902974 0.372821
vt 0.93042 0.352975
vt 0.946156 0.378323
vt 0.892356 0.357529
vt 0.920924 0.337873
vt 0.93042 0.352975
vt 0.799054 0.374512
vt 0.755157 0.353327
vt 0.744392 0.365974
vt 0.744392 0.365974
vt 0.79521 0.389864
vt 0.799054 0.374512
vt 0.847106 0.375611
vt 0.799054 0.374512
vt 0.79521 0.389864
vt 0.79521 0.389864
vt 0.849869 0.392936
vt 0.847106 0.375611
vt 0.892356 0.357529
vt 0.847106 0.375611
vt 0.849869 0.392936
vt 0.849869 0.392936
vt 0.902974 0.372821
vt 0.892356 0.357529
vt 0.892356 0.357529
vt 0.902974 0.372821
vt 0.93042 0.352975
vt 0.93042 0.352975
vt 0.920924 0.337873
vt 0.892356 0.357529
vt 0.849869 0.392936
vt 0.79521 0.389864
vt 0.788524 0.416821
vt 0.727809 0.388881
vt 0.788524 0.416821
vt 0.79521 0.389864
vt 0.785595 0.429716
vt 0.788524 0.416821
vt 0.727809 0.388881
vt 0.727809 0.388881
vt 0.721229 0.401013
vt 0.785595 0.429716
vt 0.854388 0.422129
vt 0.788524 0.416821
vt 0.785595 0.429716
vt 0.788524 0.416821
vt 0.854388 0.422129
vt 0.849869 0.392936
vt 0.902974 0.372821
vt 0.849869 0.392936
vt 0.854388 0.422129
vt 0.785595 0.429716
vt 0.856284 0.435311
vt 0.854388 0.422129
vt 0.919531 0.398538
vt 0.854388 0.422129
vt 0.856284 0.435311
vt 0.854388 0.422129
vt 0.919531 0.398538
vt 0.902974 0.372821
vt 0.856284 0.435311
vt 0.926122 0.410329
vt 0.919531 0.398538
vt 0.919531 0.398538
vt 0.926122 0.410329
vt 0.953772 0.390042
vt 0.953772 0.390042
vt 0.946156 0.378323
vt 0.919531 0.398538
vt 0.946156 0.378323
vt 0.93042 0.352975
vt 0.902974 0.372821
vt 0.902974 0.372821
vt 0.919531 0.398538
vt 0.946156 0.378323
vt 0.79521 0.389864
vt 0.744392 0.365974
vt 0.727809 0.388881
vt 0.785595 0.429716
vt 0.721229 0.401013
vt 0.727809 0.388881
vt 0.727809 0.388881
vt 0.788524 0.416821
vt 0.785595 0.429716
vt 0.785595 0.429716
vt 0.788524 0.416821
vt 0.854388 0.422129
vt 0.854388 0.422129
vt 0.856284 0.435311
vt 0.785595 0.429716
vt 0.856284 0.435311
vt 0.854388 0.422129
vt 0.919531 0.398538
vt 0.919531 0.398538
vt 0.926122 0.410329
vt 0.856284 0.435311
vt 0.953772 0.390042
vt 0.926122 0.410329
vt 0.919531 0.398538
vt 0.919531 0.398538
vt 0.946156 0.378323
vt 0.953772 0.390042
vt 0.79521 0.389864
vt 0.788524 0.416821
vt 0.727809 0.388881
vt 0.727809 0.388881
vt 0.744392 0.365974
vt 0.79521 0.389864
vt 0.849869 0.392936
vt 0.854388 0.422129
vt 0.788524 0.416821
vt 0.788524 0.416821
vt 0.79521 0.389864
vt 0.849869 0.392936
vt 0.847106 0.375611
vt 0.849869 0.392936
vt 0.79521 0.389864
vt 0.79521 0.389864
vt 0.799054 0.374512
vt 0.847106 0.375611
vt 0.799054 0.374512
vt 0.79521 0.389864
vt 0.744392 0.365974
vt 0.744392 0.365974
vt 0.755157 0.353327
vt 0.799054 0.374512
vt 0.849869 0.392936
vt 0.847106 0.375611
vt 0.892356 0.357529
vt 0.892356 0.357529
vt 0.902974 0.372821
vt 0.849869 0.392936
vt 0.902974 0.372821
vt 0.919531 0.398538
vt 0.854388 0.422129
vt 0.854388 0.422129
vt 0.849869 0.392936
vt 0.902974 0.372821
vt 0.946156 0.378323
vt 0.919531 0.398538
vt 0.902974 0.372821
vt 0.93042 0.352975
vt 0.902974 0.372821
vt 0.892356 0.357529
vt 0.902974 0.372821
vt 0.93042 0.352975
vt 0.946156 0.378323
vt 0.892356 0.357529
vt 0.920924 0.337873
vt 0.93042 0.352975
vt 0.799054 0.374512
vt 0.755157 0.353327
vt 0.744392 0.365974
vt 0.744392 0.365974
vt 0.79521 0.389864
vt 0.799054 0.374512
vt 0.847106 0.375611
vt 0.799054 0.374512
vt 0.79521 0.389864
vt 0.79521 0.389864
vt 0.849869 0.392936
vt 0.847106 0.375611
vt 0.892356 0.357529
vt 0.847106 0.375611
vt 0.849869 0.392936
vt 0.849869 0.392936
vt 0.902974 0.372821
vt 0.892356 0.357529
vt 0.892356 0.357529
vt 0.902974 0.372821
vt 0.93042 0.352975
vt 0.93042 0.352975
vt 0.920924 0.337873
vt 0.892356 0.357529
vt 0.849869 0.392936
vt 0.79521 0.389864
vt 0.788524 0.416821
vt 0.727809 0.388881
vt 0.788524 0.416821
vt 0.79521 0.389864
vt 0.785595 0.429716
vt 0.788524 0.416821
vt 0.727809 0.388881
vt 0.727809 0.388881
vt 0.721229 0.401013
vt 0.785595 0.429716
vt 0.854388 0.422129
vt 0.788524 0.416821
vt 0.785595 0.429716
vt 0.788524 0.416821
vt 0.854388 0.422129
vt 0.849869 0.392936
vt 0.902974 0.372821
vt 0.849869 0.392936
vt 0.854388 0.422129
vt 0.785595 0.429716
vt 0.856284 0.435311
vt 0.854388 0.422129
vt 0.919531 0.398538
vt 0.854388 0.422129
vt 0.856284 0.435311
vt 0.854388 0.422129
vt 0.919531 0.398538
vt 0.902974 0.372821
vt 0.856284 0.435311
vt 0.926122 0.410329
vt 0.919531 0.398538
vt 0.919531 0.398538
vt 0.926122 0.410329
vt 0.953772 0.390042
vt 0.953772 0.390042
vt 0.946156 0.378323
vt 0.919531 0.398538
vt 0.946156 0.378323
vt 0.93042 0.352975
vt 0.902974 0.372821
vt 0.902974 0.372821
vt 0.919531 0.398538
vt 0.946156 0.378323
vt 0.79521 0.389864
vt 0.744392 0.365974
vt 0.727809 0.388881
vt 0.552628 0.592502
vt 0.552559 0.621871
vt 0.578399 0.651433
vt 0.552628 0.592502
vt 0.578399 0.651433
vt 0.61151 0.651375
vt 0.552628 0.592502
vt 0.61151 0.651375
vt 0.578359 0.562922
vt 0.61151 0.651375
vt 0.636839 0.622064
vt 0.578359 0.562922
vt 0.636839 0.622064
vt 0.610813 0.563151
vt 0.578359 0.562922
vt 0.636839 0.622064
vt 0.636895 0.592224
vt 0.610813 0.563151
vt 0.84543 0.248642
vt 0.860537 0.25634
vt 0.872527 0.268329
vt 0.84543 0.248642
vt 0.872527 0.268329
vt 0.882877 0.300183
vt 0.872527 0.268329
vt 0.880224 0.283436
vt 0.882877 0.300183
vt 0.84543 0.248642
vt 0.882877 0.300183
vt 0.84543 0.351724
vt 0.882877 0.300183
vt 0.872527 0.332037
vt 0.84543 0.351724
vt 0.882877 0.300183
vt 0.880224 0.31693
vt 0.872527 0.332037
vt 0.872527 0.332037
vt 0.860537 0.344026
vt 0.84543 0.351724
vt 0.84543 0.248642
vt 0.84543 0.351724
vt 0.78484 0.332037
vt 0.84543 0.351724
vt 0.811937 0.351724
vt 0.78484 0.332037
vt 0.84543 0.351724
vt 0.828683 0.354376
vt 0.811937 0.351724
vt 0.811937 0.351724
vt 0.796829 0.344026
vt 0.78484 0.332037
vt 0.84543 0.248642
vt 0.78484 0.332037
vt 0.78484 0.268329
vt 0.78484 0.332037
vt 0.77449 0.300183
vt 0.78484 0.268329
vt 0.78484 0.332037
vt 0.777142 0.31693
vt 0.77449 0.300183
vt 0.77449 0.300183
vt 0.777142 0.283436
vt 0.78484 0.268329
vt 0.78484 0.268329
vt 0.796829 0.25634
vt 0.811937 0.248642
vt 0.84543 0.248642
vt 0.78484 0.268329
vt 0.811937 0.248642
vt 0.828683 0.24599
vt 0.84543 0.248642
vt 0.811937 0.248642
vt 0.991802 0.012728
vt 0.959985 0.012728
vt 0.959985 0.117386
vt 0.959985 0.117386
vt 0.991802 0.117386
vt 0.991802 0.012728
vt 0.928168 0.117386
vt 0.959985 0.117386
vt 0.959985 0.012728
vt 0.959985 0.012728
vt 0.928168 0.012728
vt 0.928168 0.117386
vt 0.896352 0.117386
vt 0.928168 0.117386
vt 0.928168 0.012728
vt 0.928168 0.012728
vt 0.896352 0.012728
vt 0.896352 0.117386
vt 0.864535 0.117386
vt 0.896352 0.117386
vt 0.896352 0.012728
vt 0.896352 0.012728
vt 0.864535 0.012728
vt 0.864535 0.117386
vt 0.832718 0.117386
vt 0.864535 0.117386
vt 0.864535 0.012728
vt 0.864535 0.012728
vt 0.832718 0.012728
vt 0.832718 0.117386
vt 0.800901 0.117386
vt 0.832718 0.117386
vt 0.832718 0.012728
vt 0.832718 0.012728
vt 0.800901 0.012728
vt 0.800901 0.117386
vt 0.769083 0.117386
vt 0.800901 0.117386
vt 0.800901 0.012728
vt 0.800901 0.012728
vt 0.769083 0.012728
vt 0.769083 0.117386
vt 0.737266 0.117386
vt 0.769083 0.117386
vt 0.769083 0.012728
vt 0.769083 0.012728
vt 0.737266 0.012728
vt 0.737266 0.117386
vt 0.705449 0.117386
vt 0.737266 0.117386
vt 0.737266 0.012728
vt 0.737266 0.012728
vt 0.705449 0.012728
vt 0.705449 0.117386
vt 0.673631 0.117386
vt 0.705449 0.117386
vt 0.705449 0.012728
vt 0.705449 0.012728
vt 0.673631 0.012728
vt 0.673631 0.117386
vt 0.979262 0.277436
vt 0.970465 0.232828
vt 0.938115 0.242445
vt 0.938115 0.242445
vt 0.945603 0.274852
vt 0.979262 0.277436
vt 0.920999 0.213751
vt 0.938115 0.242445
vt 0.970465 0.232828
vt 0.970465 0.232828
vt 0.947925 0.196572
vt 0.920999 0.213751
vt 0.895769 0.191231
vt 0.920999 0.213751
vt 0.947925 0.196572
vt 0.947925 0.196572
vt 0.913468 0.166233
vt 0.895769 0.191231
vt 0.864684 0.176862
vt 0.895769 0.191231
vt 0.913468 0.166233
vt 0.913468 0.166233
vt 0.874069 0.14668
vt 0.864684 0.176862
vt 0.830531 0.171925
vt 0.864684 0.176862
vt 0.874069 0.14668
vt 0.874069 0.14668
vt 0.830854 0.140613
vt 0.830531 0.171925
vt 0.796379 0.176859
vt 0.830531 0.171925
vt 0.830854 0.140613
vt 0.830854 0.140613
vt 0.786356 0.146035
vt 0.796379 0.176859
vt 0.765292 0.191224
vt 0.796379 0.176859
vt 0.786356 0.146035
vt 0.786356 0.146035
vt 0.746147 0.16462
vt 0.765292 0.191224
vt 0.74006 0.213742
vt 0.765292 0.191224
vt 0.746147 0.16462
vt 0.746147 0.16462
vt 0.713536 0.193734
vt 0.74006 0.213742
vt 0.72294 0.242435
vt 0.74006 0.213742
vt 0.713536 0.193734
vt 0.713536 0.193734
vt 0.691466 0.230696
vt 0.72294 0.242435
vt 0.715449 0.274841
vt 0.72294 0.242435
vt 0.691466 0.230696
vt 0.691466 0.230696
vt 0.681587 0.271963
vt 0.715449 0.274841
vt 0.895769 0.191231
vt 0.864684 0.176862
vt 0.85031 0.222552
vt 0.864684 0.176862
vt 0.830531 0.171925
vt 0.83026 0.219336
vt 0.83026 0.219336
vt 0.85031 0.222552
vt 0.864684 0.176862
vt 0.830531 0.171925
vt 0.796379 0.176859
vt 0.811556 0.221523
vt 0.811556 0.221523
vt 0.83026 0.219336
vt 0.830531 0.171925
vt 0.796379 0.176859
vt 0.765292 0.191224
vt 0.79184 0.22861
vt 0.79184 0.22861
vt 0.811556 0.221523
vt 0.796379 0.176859
vt 0.765292 0.191224
vt 0.74006 0.213742
vt 0.776951 0.241165
vt 0.776951 0.241165
vt 0.79184 0.22861
vt 0.765292 0.191224
vt 0.74006 0.213742
vt 0.72294 0.242435
vt 0.763274 0.258046
vt 0.763274 0.258046
vt 0.776951 0.241165
vt 0.74006 0.213742
vt 0.72294 0.242435
vt 0.715449 0.274841
vt 0.757155 0.277016
vt 0.757155 0.277016
vt 0.763274 0.258046
vt 0.72294 0.242435
vt 0.85031 0.222552
vt 0.868529 0.23004
vt 0.895769 0.191231
vt 0.920999 0.213751
vt 0.895769 0.191231
vt 0.868529 0.23004
vt 0.868529 0.23004
vt 0.883251 0.241904
vt 0.920999 0.213751
vt 0.938115 0.242445
vt 0.920999 0.213751
vt 0.883251 0.241904
vt 0.883251 0.241904
vt 0.896258 0.257936
vt 0.938115 0.242445
vt 0.945603 0.274852
vt 0.938115 0.242445
vt 0.896258 0.257936
vt 0.896258 0.257936
vt 0.901131 0.276667
vt 0.945603 0.274852
vt 0.686777 0.302914
vt 0.686777 0.314414
vt 0.710397 0.314414
vt 0.710397 0.314414
vt 0.710397 0.302914
vt 0.686777 0.302914
vt 0.710397 0.325914
vt 0.710397 0.314414
vt 0.686777 0.314414
vt 0.686777 0.314414
vt 0.686777 0.325914
vt 0.710397 0.325914
vt 0.710397 0.337414
vt 0.710397 0.325914
vt 0.686777 0.325914
vt 0.686777 0.325914
vt 0.686777 0.337414
vt 0.710397 0.337414
vt 0.710397 0.348913
vt 0.710397 0.337414
vt 0.686777 0.337414
vt 0.686777 0.337414
vt 0.686777 0.348913
vt 0.710397 0.348913
vt 0.710397 0.360413
vt 0.710397 0.348913
vt 0.686777 0.348913
vt 0.686777 0.348913
vt 0.686777 0.360413
vt 0.710397 0.360413
vt 0.710397 0.371913
vt 0.710397 0.360413
vt 0.686777 0.360413
vt 0.686777 0.360413
vt 0.686777 0.371913
vt 0.710397 0.371913
vt 0.710397 0.383413
vt 0.710397 0.371913
vt 0.686777 0.371913
vt 0.686777 0.371913
vt 0.686777 0.383413
vt 0.710397 0.383413
vt 0.710397 0.394913
vt 0.710397 0.383413
vt 0.686777 0.383413
vt 0.686777 0.383413
vt 0.686777 0.394913
vt 0.710397 0.394913
vt 0.710397 0.406413
vt 0.710397 0.394913
vt 0.686777 0.394913
vt 0.686777 0.394913
vt 0.686777 0.406413
vt 0.710397 0.406413
vt 0.710397 0.417914
vt 0.710397 0.406413
vt 0.686777 0.406413
vt 0.686777 0.406413
vt 0.686777 0.417914
vt 0.710397 0.417914
vt 0.991802 0.012728
vt 0.991802 0.117386
vt 0.959985 0.117386
vt 0.959985 0.117386
vt 0.959985 0.012728
vt 0.991802 0.012728
vt 0.959985 0.012728
vt 0.959985 0.117386
vt 0.928168 0.117386
vt 0.928168 0.117386
vt 0.928168 0.012728
vt 0.959985 0.012728
vt 0.928168 0.012728
vt 0.928168 0.117386
vt 0.896352 0.117386
vt 0.896352 0.117386
vt 0.896352 0.012728
vt 0.928168 0.012728
vt 0.896352 0.012728
vt 0.896352 0.117386
vt 0.864535 0.117386
vt 0.864535 0.117386
vt 0.864535 0.012728
vt 0.896352 0.012728
vt 0.864535 0.012728
vt 0.864535 0.117386
vt 0.832718 0.117386
vt 0.832718 0.117386
vt 0.832718 0.012728
vt 0.864535 0.012728
vt 0.832718 0.012728
vt 0.832718 0.117386
vt 0.800901 0.117386
vt 0.800901 0.117386
vt 0.800901 0.012728
vt 0.832718 0.012728
vt 0.800901 0.012728
vt 0.800901 0.117386
vt 0.769083 0.117386
vt 0.769083 0.117386
vt 0.769083 0.012728
vt 0.800901 0.012728
vt 0.769083 0.012728
vt 0.769083 0.117386
vt 0.737266 0.117386
vt 0.737266 0.117386
vt 0.737266 0.012728
vt 0.769083 0.012728
vt 0.737266 0.012728
vt 0.737266 0.117386
vt 0.705449 0.117386
vt 0.705449 0.117386
vt 0.705449 0.012728
vt 0.737266 0.012728
vt 0.705449 0.012728
vt 0.705449 0.117386
vt 0.673631 0.117386
vt 0.673631 0.117386
vt 0.673631 0.012728
vt 0.705449 0.012728
vt 0.979262 0.277436
vt 0.945603 0.274852
vt 0.938115 0.242445
vt 0.938115 0.242445
vt 0.970465 0.232828
vt 0.979262 0.277436
vt 0.970465 0.232828
vt 0.938115 0.242445
vt 0.920999 0.213751
vt 0.920999 0.213751
vt 0.947925 0.196572
vt 0.970465 0.232828
vt 0.947925 0.196572
vt 0.920999 0.213751
vt 0.895769 0.191231
vt 0.895769 0.191231
vt 0.913468 0.166233
vt 0.947925 0.196572
vt 0.913468 0.166233
vt 0.895769 0.191231
vt 0.864684 0.176862
vt 0.864684 0.176862
vt 0.874069 0.14668
vt 0.913468 0.166233
vt 0.874069 0.14668
vt 0.864684 0.176862
vt 0.830531 0.171925
vt 0.830531 0.171925
vt 0.830854 0.140613
vt 0.874069 0.14668
vt 0.830854 0.140613
vt 0.830531 0.171925
vt 0.796379 0.176859
vt 0.796379 0.176859
vt 0.786356 0.146035
vt 0.830854 0.140613
vt 0.786356 0.146035
vt 0.796379 0.176859
vt 0.765292 0.191224
vt 0.765292 0.191224
vt 0.746147 0.16462
vt 0.786356 0.146035
vt 0.746147 0.16462
vt 0.765292 0.191224
vt 0.74006 0.213742
vt 0.74006 0.213742
vt 0.713536 0.193734
vt 0.746147 0.16462
vt 0.713536 0.193734
vt 0.74006 0.213742
vt 0.72294 0.242435
vt 0.72294 0.242435
vt 0.691466 0.230696
vt 0.713536 0.193734
vt 0.691466 0.230696
vt 0.72294 0.242435
vt 0.715449 0.274841
vt 0.715449 0.274841
vt 0.681587 0.271963
vt 0.691466 0.230696
vt 0.85031 0.222552
vt 0.864684 0.176862
vt 0.895769 0.191231
vt 0.895769 0.191231
vt 0.868529 0.23004
vt 0.85031 0.222552
vt 0.868529 0.23004
vt 0.895769 0.191231
vt 0.920999 0.213751
vt 0.920999 0.213751
vt 0.883251 0.241904
vt 0.868529 0.23004
vt 0.883251 0.241904
vt 0.920999 0.213751
vt 0.938115 0.242445
vt 0.938115 0.242445
vt 0.896258 0.257936
vt 0.883251 0.241904
vt 0.896258 0.257936
vt 0.938115 0.242445
vt 0.945603 0.274852
vt 0.945603 0.274852
vt 0.901131 0.276667
vt 0.896258 0.257936
vt 0.763274 0.258046
vt 0.72294 0.242435
vt 0.74006 0.213742
vt 0.74006 0.213742
vt 0.776951 0.241165
vt 0.763274 0.258046
vt 0.72294 0.242435
vt 0.763274 0.258046
vt 0.757155 0.277016
vt 0.757155 0.277016
vt 0.715449 0.274841
vt 0.72294 0.242435
vt 0.864684 0.176862
vt 0.85031 0.222552
vt 0.83026 0.219336
vt 0.83026 0.219336
vt 0.830531 0.171925
vt 0.864684 0.176862
vt 0.830531 0.171925
vt 0.83026 0.219336
vt 0.811556 0.221523
vt 0.811556 0.221523
vt 0.796379 0.176859
vt 0.830531 0.171925
vt 0.796379 0.176859
vt 0.811556 0.221523
vt 0.79184 0.22861
vt 0.79184 0.22861
vt 0.765292 0.191224
vt 0.796379 0.176859
vt 0.765292 0.191224
vt 0.79184 0.22861
vt 0.776951 0.241165
vt 0.776951 0.241165
vt 0.74006 0.213742
vt 0.765292 0.191224
vt 0.686777 0.302914
vt 0.710397 0.302914
vt 0.710397 0.314414
vt 0.710397 0.314414
vt 0.686777 0.314414
vt 0.686777 0.302914
vt 0.686777 0.314414
vt 0.710397 0.314414
vt 0.710397 0.325914
vt 0.710397 0.325914
vt 0.686777 0.325914
vt 0.686777 0.314414
vt 0.686777 0.325914
vt 0.710397 0.325914
vt 0.710397 0.337414
vt 0.710397 0.337414
vt 0.686777 0.337414
vt 0.686777 0.325914
vt 0.686777 0.337414
vt 0.710397 0.337414
vt 0.710397 0.348913
vt 0.710397 0.348913
vt 0.686777 0.348913
vt 0.686777 0.337414
vt 0.686777 0.348913
vt 0.710397 0.348913
vt 0.710397 0.360413
vt 0.710397 0.360413
vt 0.686777 0.360413
vt 0.686777 0.348913
vt 0.686777 0.360413
vt 0.710397 0.360413
vt 0.710397 0.371913
vt 0.710397 0.371913
vt 0.686777 0.371913
vt 0.686777 0.360413
vt 0.686777 0.371913
vt 0.710397 0.371913
vt 0.710397 0.383413
vt 0.710397 0.383413
vt 0.686777 0.383413
vt 0.686777 0.371913
vt 0.686777 0.383413
vt 0.710397 0.383413
vt 0.710397 0.394913
vt 0.710397 0.394913
vt 0.686777 0.394913
vt 0.686777 0.383413
vt 0.686777 0.394913
vt 0.710397 0.394913
vt 0.710397 0.406413
vt 0.710397 0.406413
vt 0.686777 0.406413
vt 0.686777 0.394913
vt 0.686777 0.406413
vt 0.710397 0.406413
vt 0.710397 0.417914
vt 0.710397 0.417914
vt 0.686777 0.417914
vt 0.686777 0.406413
vt 0.811937 0.248642
vt 0.796829 0.25634
vt 0.78484 0.268329
vt 0.811937 0.248642
vt 0.78484 0.268329
vt 0.84543 0.248642
vt 0.78484 0.268329
vt 0.78484 0.332037
vt 0.84543 0.248642
vt 0.78484 0.268329
vt 0.77449 0.300183
vt 0.78484 0.332037
vt 0.78484 0.268329
vt 0.777142 0.283436
vt 0.77449 0.300183
vt 0.77449 0.300183
vt 0.777142 0.31693
vt 0.78484 0.332037
vt 0.78484 0.332037
vt 0.84543 0.351724
vt 0.84543 0.248642
vt 0.78484 0.332037
vt 0.811937 0.351724
vt 0.84543 0.351724
vt 0.78484 0.332037
vt 0.796829 0.344026
vt 0.811937 0.351724
vt 0.811937 0.351724
vt 0.828683 0.354376
vt 0.84543 0.351724
vt 0.84543 0.351724
vt 0.882877 0.300183
vt 0.84543 0.248642
vt 0.84543 0.351724
vt 0.872527 0.332037
vt 0.882877 0.300183
vt 0.84543 0.351724
vt 0.860537 0.344026
vt 0.872527 0.332037
vt 0.872527 0.332037
vt 0.880224 0.31693
vt 0.882877 0.300183
vt 0.882877 0.300183
vt 0.872527 0.268329
vt 0.84543 0.248642
vt 0.882877 0.300183
vt 0.880224 0.283436
vt 0.872527 0.268329
vt 0.872527 0.268329
vt 0.860537 0.25634
vt 0.84543 0.248642
vt 0.828683 0.24599
vt 0.811937 0.248642
vt 0.84543 0.248642
vt 0.991802 0.012728
vt 0.991802 0.117386
vt 0.959985 0.117386
vt 0.959985 0.117386
vt 0.959985 0.012728
vt 0.991802 0.012728
vt 0.959985 0.012728
vt 0.959985 0.117386
vt 0.928168 0.117386
vt 0.928168 0.117386
vt 0.928168 0.012728
vt 0.959985 0.012728
vt 0.928168 0.012728
vt 0.928168 0.117386
vt 0.896352 0.117386
vt 0.896352 0.117386
vt 0.896352 0.012728
vt 0.928168 0.012728
vt 0.896352 0.012728
vt 0.896352 0.117386
vt 0.864535 0.117386
vt 0.864535 0.117386
vt 0.864535 0.012728
vt 0.896352 0.012728
vt 0.864535 0.012728
vt 0.864535 0.117386
vt 0.832718 0.117386
vt 0.832718 0.117386
vt 0.832718 0.012728
vt 0.864535 0.012728
vt 0.832718 0.012728
vt 0.832718 0.117386
vt 0.800901 0.117386
vt 0.800901 0.117386
vt 0.800901 0.012728
vt 0.832718 0.012728
vt 0.800901 0.012728
vt 0.800901 0.117386
vt 0.769083 0.117386
vt 0.769083 0.117386
vt 0.769083 0.012728
vt 0.800901 0.012728
vt 0.769083 0.012728
vt 0.769083 0.117386
vt 0.737266 0.117386
vt 0.737266 0.117386
vt 0.737266 0.012728
vt 0.769083 0.012728
vt 0.737266 0.012728
vt 0.737266 0.117386
vt 0.705449 0.117386
vt 0.705449 0.117386
vt 0.705449 0.012728
vt 0.737266 0.012728
vt 0.705449 0.012728
vt 0.705449 0.117386
vt 0.673631 0.117386
vt 0.673631 0.117386
vt 0.673631 0.012728
vt 0.705449 0.012728
vt 0.979262 0.277436
vt 0.945603 0.274852
vt 0.938115 0.242445
vt 0.938115 0.242445
vt 0.970465 0.232828
vt 0.979262 0.277436
vt 0.970465 0.232828
vt 0.938115 0.242445
vt 0.920999 0.213751
vt 0.920999 0.213751
vt 0.947925 0.196572
vt 0.970465 0.232828
vt 0.947925 0.196572
vt 0.920999 0.213751
vt 0.895769 0.191231
vt 0.895769 0.191231
vt 0.913468 0.166233
vt 0.947925 0.196572
vt 0.913468 0.166233
vt 0.895769 0.191231
vt 0.864684 0.176862
vt 0.864684 0.176862
vt 0.874069 0.14668
vt 0.913468 0.166233
vt 0.874069 0.14668
vt 0.864684 0.176862
vt 0.830531 0.171925
vt 0.830531 0.171925
vt 0.830854 0.140613
vt 0.874069 0.14668
vt 0.830854 0.140613
vt 0.830531 0.171925
vt 0.796379 0.176859
vt 0.796379 0.176859
vt 0.786356 0.146035
vt 0.830854 0.140613
vt 0.786356 0.146035
vt 0.796379 0.176859
vt 0.765292 0.191224
vt 0.765292 0.191224
vt 0.746147 0.16462
vt 0.786356 0.146035
vt 0.746147 0.16462
vt 0.765292 0.191224
vt 0.74006 0.213742
vt 0.74006 0.213742
vt 0.713536 0.193734
vt 0.746147 0.16462
vt 0.713536 0.193734
vt 0.74006 0.213742
vt 0.72294 0.242435
vt 0.72294 0.242435
vt 0.691466 0.230696
vt 0.713536 0.193734
vt 0.691466 0.230696
vt 0.72294 0.242435
vt 0.715449 0.274841
vt 0.715449 0.274841
vt 0.681587 0.271963
vt 0.691466 0.230696
vt 0.85031 0.222552
vt 0.864684 0.176862
vt 0.895769 0.191231
vt 0.895769 0.191231
vt 0.868529 0.23004
vt 0.85031 0.222552
vt 0.868529 0.23004
vt 0.895769 0.191231
vt 0.920999 0.213751
vt 0.920999 0.213751
vt 0.883251 0.241904
vt 0.868529 0.23004
vt 0.883251 0.241904
vt 0.920999 0.213751
vt 0.938115 0.242445
vt 0.938115 0.242445
vt 0.896258 0.257936
vt 0.883251 0.241904
vt 0.896258 0.257936
vt 0.938115 0.242445
vt 0.945603 0.274852
vt 0.945603 0.274852
vt 0.901131 0.276667
vt 0.896258 0.257936
vt 0.763274 0.258046
vt 0.72294 0.242435
vt 0.74006 0.213742
vt 0.74006 0.213742
vt 0.776951 0.241165
vt 0.763274 0.258046
vt 0.72294 0.242435
vt 0.763274 0.258046
vt 0.757155 0.277016
vt 0.757155 0.277016
vt 0.715449 0.274841
vt 0.72294 0.242435
vt 0.864684 0.176862
vt 0.85031 0.222552
vt 0.83026 0.219336
vt 0.83026 0.219336
vt 0.830531 0.171925
vt 0.864684 0.176862
vt 0.830531 0.171925
vt 0.83026 0.219336
vt 0.811556 0.221523
vt 0.811556 0.221523
vt 0.796379 0.176859
vt 0.830531 0.171925
vt 0.796379 0.176859
vt 0.811556 0.221523
vt 0.79184 0.22861
vt 0.79184 0.22861
vt 0.765292 0.191224
vt 0.796379 0.176859
vt 0.765292 0.191224
vt 0.79184 0.22861
vt 0.776951 0.241165
vt 0.776951 0.241165
vt 0.74006 0.213742
vt 0.765292 0.191224
vt 0.686777 0.302914
vt 0.710397 0.302914
vt 0.710397 0.314414
vt 0.710397 0.314414
vt 0.686777 0.314414
vt 0.686777 0.302914
vt 0.686777 0.314414
vt 0.710397 0.314414
vt 0.710397 0.325914
vt 0.710397 0.325914
vt 0.686777 0.325914
vt 0.686777 0.314414
vt 0.686777 0.325914
vt 0.710397 0.325914
vt 0.710397 0.337414
vt 0.710397 0.337414
vt 0.686777 0.337414
vt 0.686777 0.325914
vt 0.686777 0.337414
vt 0.710397 0.337414
vt 0.710397 0.348913
vt 0.710397 0.348913
vt 0.686777 0.348913
vt 0.686777 0.337414
vt 0.686777 0.348913
vt 0.710397 0.348913
vt 0.710397 0.360413
vt 0.710397 0.360413
vt 0.686777 0.360413
vt 0.686777 0.348913
vt 0.686777 0.360413
vt 0.710397 0.360413
vt 0.710397 0.371913
vt 0.710397 0.371913
vt 0.686777 0.371913
vt 0.686777 0.360413
vt 0.686777 0.371913
vt 0.710397 0.371913
vt 0.710397 0.383413
vt 0.710397 0.383413
vt 0.686777 0.383413
vt 0.686777 0.371913
vt 0.686777 0.383413
vt 0.710397 0.383413
vt 0.710397 0.394913
vt 0.710397 0.394913
vt 0.686777 0.394913
vt 0.686777 0.383413
vt 0.686777 0.394913
vt 0.710397 0.394913
vt 0.710397 0.406413
vt 0.710397 0.406413
vt 0.686777 0.406413
vt 0.686777 0.394913
vt 0.686777 0.406413
vt 0.710397 0.406413
vt 0.710397 0.417914
vt 0.710397 0.417914
vt 0.686777 0.417914
vt 0.686777 0.406413
vt 0.991802 0.012728
vt 0.959985 0.012728
vt 0.959985 0.117386
vt 0.959985 0.117386
vt 0.991802 0.117386
vt 0.991802 0.012728
vt 0.928168 0.117386
vt 0.959985 0.117386
vt 0.959985 0.012728
vt 0.959985 0.012728
vt 0.928168 0.012728
vt 0.928168 0.117386
vt 0.896352 0.117386
vt 0.928168 0.117386
vt 0.928168 0.012728
vt 0.928168 0.012728
vt 0.896352 0.012728
vt 0.896352 0.117386
vt 0.864535 0.117386
vt 0.896352 0.117386
vt 0.896352 0.012728
vt 0.896352 0.012728
vt 0.864535 0.012728
vt 0.864535 0.117386
vt 0.832718 0.117386
vt 0.864535 0.117386
vt 0.864535 0.012728
vt 0.864535 0.012728
vt 0.832718 0.012728
vt 0.832718 0.117386
vt 0.800901 0.117386
vt 0.832718 0.117386
vt 0.832718 0.012728
vt 0.832718 0.012728
vt 0.800901 0.012728
vt 0.800901 0.117386
vt 0.769083 0.117386
vt 0.800901 0.117386
vt 0.800901 0.012728
vt 0.800901 0.012728
vt 0.769083 0.012728
vt 0.769083 0.117386
vt 0.737266 0.117386
vt 0.769083 0.117386
vt 0.769083 0.012728
vt 0.769083 0.012728
vt 0.737266 0.012728
vt 0.737266 0.117386
vt 0.705449 0.117386
vt 0.737266 0.117386
vt 0.737266 0.012728
vt 0.737266 0.012728
vt 0.705449 0.012728
vt 0.705449 0.117386
vt 0.673631 0.117386
vt 0.705449 0.117386
vt 0.705449 0.012728
vt 0.705449 0.012728
vt 0.673631 0.012728
vt 0.673631 0.117386
vt 0.979262 0.277436
vt 0.970465 0.232828
vt 0.938115 0.242445
vt 0.938115 0.242445
vt 0.945603 0.274852
vt 0.979262 0.277436
vt 0.920999 0.213751
vt 0.938115 0.242445
vt 0.970465 0.232828
vt 0.970465 0.232828
vt 0.947925 0.196572
vt 0.920999 0.213751
vt 0.895769 0.191231
vt 0.920999 0.213751
vt 0.947925 0.196572
vt 0.947925 0.196572
vt 0.913468 0.166233
vt 0.895769 0.191231
vt 0.864684 0.176862
vt 0.895769 0.191231
vt 0.913468 0.166233
vt 0.913468 0.166233
vt 0.874069 0.14668
vt 0.864684 0.176862
vt 0.830531 0.171925
vt 0.864684 0.176862
vt 0.874069 0.14668
vt 0.874069 0.14668
vt 0.830854 0.140613
vt 0.830531 0.171925
vt 0.796379 0.176859
vt 0.830531 0.171925
vt 0.830854 0.140613
vt 0.830854 0.140613
vt 0.786356 0.146035
vt 0.796379 0.176859
vt 0.765292 0.191224
vt 0.796379 0.176859
vt 0.786356 0.146035
vt 0.786356 0.146035
vt 0.746147 0.16462
vt 0.765292 0.191224
vt 0.74006 0.213742
vt 0.765292 0.191224
vt 0.746147 0.16462
vt 0.746147 0.16462
vt 0.713536 0.193734
vt 0.74006 0.213742
vt 0.72294 0.242435
vt 0.74006 0.213742
vt 0.713536 0.193734
vt 0.713536 0.193734
vt 0.691466 0.230696
vt 0.72294 0.242435
vt 0.715449 0.274841
vt 0.72294 0.242435
vt 0.691466 0.230696
vt 0.691466 0.230696
vt 0.681587 0.271963
vt 0.715449 0.274841
vt 0.895769 0.191231
vt 0.864684 0.176862
vt 0.85031 0.222552
vt 0.864684 0.176862
vt 0.830531 0.171925
vt 0.83026 0.219336
vt 0.83026 0.219336
vt 0.85031 0.222552
vt 0.864684 0.176862
vt 0.830531 0.171925
vt 0.796379 0.176859
vt 0.811556 0.221523
vt 0.811556 0.221523
vt 0.83026 0.219336
vt 0.830531 0.171925
vt 0.796379 0.176859
vt 0.765292 0.191224
vt 0.79184 0.22861
vt 0.79184 0.22861
vt 0.811556 0.221523
vt 0.796379 0.176859
vt 0.765292 0.191224
vt 0.74006 0.213742
vt 0.776951 0.241165
vt 0.776951 0.241165
vt 0.79184 0.22861
vt 0.765292 0.191224
vt 0.74006 0.213742
vt 0.72294 0.242435
vt 0.763274 0.258046
vt 0.763274 0.258046
vt 0.776951 0.241165
vt 0.74006 0.213742
vt 0.72294 0.242435
vt 0.715449 0.274841
vt 0.757155 0.277016
vt 0.757155 0.277016
vt 0.763274 0.258046
vt 0.72294 0.242435
vt 0.85031 0.222552
vt 0.868529 0.23004
vt 0.895769 0.191231
vt 0.920999 0.213751
vt 0.895769 0.191231
vt 0.868529 0.23004
vt 0.868529 0.23004
vt 0.883251 0.241904
vt 0.920999 0.213751
vt 0.938115 0.242445
vt 0.920999 0.213751
vt 0.883251 0.241904
vt 0.883251 0.241904
vt 0.896258 0.257936
vt 0.938115 0.242445
vt 0.945603 0.274852
vt 0.938115 0.242445
vt 0.896258 0.257936
vt 0.896258 0.257936
vt 0.901131 0.276667
vt 0.945603 0.274852
vt 0.686777 0.302914
vt 0.686777 0.314414
vt 0.710397 0.314414
vt 0.710397 0.314414
vt 0.710397 0.302914
vt 0.686777 0.302914
vt 0.710397 0.325914
vt 0.710397 0.314414
vt 0.686777 0.314414
vt 0.686777 0.314414
vt 0.686777 0.325914
vt 0.710397 0.325914
vt 0.710397 0.337414
vt 0.710397 0.325914
vt 0.686777 0.325914
vt 0.686777 0.325914
vt 0.686777 0.337414
vt 0.710397 0.337414
vt 0.710397 0.348913
vt 0.710397 0.337414
vt 0.686777 0.337414
vt 0.686777 0.337414
vt 0.686777 0.348913
vt 0.710397 0.348913
vt 0.710397 0.360413
vt 0.710397 0.348913
vt 0.686777 0.348913
vt 0.686777 0.348913
vt 0.686777 0.360413
vt 0.710397 0.360413
vt 0.710397 0.371913
vt 0.710397 0.360413
vt 0.686777 0.360413
vt 0.686777 0.360413
vt 0.686777 0.371913
vt 0.710397 0.371913
vt 0.710397 0.383413
vt 0.710397 0.371913
vt 0.686777 0.371913
vt 0.686777 0.371913
vt 0.686777 0.383413
vt 0.710397 0.383413
vt 0.710397 0.394913
vt 0.710397 0.383413
vt 0.686777 0.383413
vt 0.686777 0.383413
vt 0.686777 0.394913
vt 0.710397 0.394913
vt 0.710397 0.406413
vt 0.710397 0.394913
vt 0.686777 0.394913
vt 0.686777 0.394913
vt 0.686777 0.406413
vt 0.710397 0.406413
vt 0.710397 0.417914
vt 0.710397 0.406413
vt 0.686777 0.406413
vt 0.686777 0.406413
vt 0.686777 0.417914
vt 0.710397 0.417914
vt 0.84543 0.248642
vt 0.860537 0.25634
vt 0.872527 0.268329
vt 0.84543 0.248642
vt 0.872527 0.268329
vt 0.882877 0.300183
vt 0.872527 0.268329
vt 0.880224 0.283436
vt 0.882877 0.300183
vt 0.84543 0.248642
vt 0.882877 0.300183
vt 0.84543 0.351724
vt 0.882877 0.300183
vt 0.872527 0.332037
vt 0.84543 0.351724
vt 0.882877 0.300183
vt 0.880224 0.31693
vt 0.872527 0.332037
vt 0.872527 0.332037
vt 0.860537 0.344026
vt 0.84543 0.351724
vt 0.84543 0.248642
vt 0.84543 0.351724
vt 0.78484 0.332037
vt 0.84543 0.351724
vt 0.811937 0.351724
vt 0.78484 0.332037
vt 0.84543 0.351724
vt 0.828683 0.354376
vt 0.811937 0.351724
vt 0.811937 0.351724
vt 0.796829 0.344026
vt 0.78484 0.332037
vt 0.84543 0.248642
vt 0.78484 0.332037
vt 0.78484 0.268329
vt 0.78484 0.332037
vt 0.77449 0.300183
vt 0.78484 0.268329
vt 0.78484 0.332037
vt 0.777142 0.31693
vt 0.77449 0.300183
vt 0.77449 0.300183
vt 0.777142 0.283436
vt 0.78484 0.268329
vt 0.78484 0.268329
vt 0.796829 0.25634
vt 0.811937 0.248642
vt 0.84543 0.248642
vt 0.78484 0.268329
vt 0.811937 0.248642
vt 0.828683 0.24599
vt 0.84543 0.248642
vt 0.811937 0.248642
vt 0.991802 0.012728
vt 0.959985 0.012728
vt 0.959985 0.117386
vt 0.959985 0.117386
vt 0.991802 0.117386
vt 0.991802 0.012728
vt 0.928168 0.117386
vt 0.959985 0.117386
vt 0.959985 0.012728
vt 0.959985 0.012728
vt 0.928168 0.012728
vt 0.928168 0.117386
vt 0.896352 0.117386
vt 0.928168 0.117386
vt 0.928168 0.012728
vt 0.928168 0.012728
vt 0.896352 0.012728
vt 0.896352 0.117386
vt 0.864535 0.117386
vt 0.896352 0.117386
vt 0.896352 0.012728
vt 0.896352 0.012728
vt 0.864535 0.012728
vt 0.864535 0.117386
vt 0.832718 0.117386
vt 0.864535 0.117386
vt 0.864535 0.012728
vt 0.864535 0.012728
vt 0.832718 0.012728
vt 0.832718 0.117386
vt 0.800901 0.117386
vt 0.832718 0.117386
vt 0.832718 0.012728
vt 0.832718 0.012728
vt 0.800901 0.012728
vt 0.800901 0.117386
vt 0.769083 0.117386
vt 0.800901 0.117386
vt 0.800901 0.012728
vt 0.800901 0.012728
vt 0.769083 0.012728
vt 0.769083 0.117386
vt 0.737266 0.117386
vt 0.769083 0.117386
vt 0.769083 0.012728
vt 0.769083 0.012728
vt 0.737266 0.012728
vt 0.737266 0.117386
vt 0.705449 0.117386
vt 0.737266 0.117386
vt 0.737266 0.012728
vt 0.737266 0.012728
vt 0.705449 0.012728
vt 0.705449 0.117386
vt 0.673631 0.117386
vt 0.705449 0.117386
vt 0.705449 0.012728
vt 0.705449 0.012728
vt 0.673631 0.012728
vt 0.673631 0.117386
vt 0.979262 0.277436
vt 0.970465 0.232828
vt 0.938115 0.242445
vt 0.938115 0.242445
vt 0.945603 0.274852
vt 0.979262 0.277436
vt 0.920999 0.213751
vt 0.938115 0.242445
vt 0.970465 0.232828
vt 0.970465 0.232828
vt 0.947925 0.196572
vt 0.920999 0.213751
vt 0.895769 0.191231
vt 0.920999 0.213751
vt 0.947925 0.196572
vt 0.947925 0.196572
vt 0.913468 0.166233
vt 0.895769 0.191231
vt 0.864684 0.176862
vt 0.895769 0.191231
vt 0.913468 0.166233
vt 0.913468 0.166233
vt 0.874069 0.14668
vt 0.864684 0.176862
vt 0.830531 0.171925
vt 0.864684 0.176862
vt 0.874069 0.14668
vt 0.874069 0.14668
vt 0.830854 0.140613
vt 0.830531 0.171925
vt 0.796379 0.176859
vt 0.830531 0.171925
vt 0.830854 0.140613
vt 0.830854 0.140613
vt 0.786356 0.146035
vt 0.796379 0.176859
vt 0.765292 0.191224
vt 0.796379 0.176859
vt 0.786356 0.146035
vt 0.786356 0.146035
vt 0.746147 0.16462
vt 0.765292 0.191224
vt 0.74006 0.213742
vt 0.765292 0.191224
vt 0.746147 0.16462
vt 0.746147 0.16462
vt 0.713536 0.193734
vt 0.74006 0.213742
vt 0.72294 0.242435
vt 0.74006 0.213742
vt 0.713536 0.193734
vt 0.713536 0.193734
vt 0.691466 0.230696
vt 0.72294 0.242435
vt 0.715449 0.274841
vt 0.72294 0.242435
vt 0.691466 0.230696
vt 0.691466 0.230696
vt 0.681587 0.271963
vt 0.715449 0.274841
vt 0.895769 0.191231
vt 0.864684 0.176862
vt 0.85031 0.222552
vt 0.864684 0.176862
vt 0.830531 0.171925
vt 0.83026 0.219336
vt 0.83026 0.219336
vt 0.85031 0.222552
vt 0.864684 0.176862
vt 0.830531 0.171925
vt 0.796379 0.176859
vt 0.811556 0.221523
vt 0.811556 0.221523
vt 0.83026 0.219336
vt 0.830531 0.171925
vt 0.796379 0.176859
vt 0.765292 0.191224
vt 0.79184 0.22861
vt 0.79184 0.22861
vt 0.811556 0.221523
vt 0.796379 0.176859
vt 0.765292 0.191224
vt 0.74006 0.213742
vt 0.776951 0.241165
vt 0.776951 0.241165
vt 0.79184 0.22861
vt 0.765292 0.191224
vt 0.74006 0.213742
vt 0.72294 0.242435
vt 0.763274 0.258046
vt 0.763274 0.258046
vt 0.776951 0.241165
vt 0.74006 0.213742
vt 0.72294 0.242435
vt 0.715449 0.274841
vt 0.757155 0.277016
vt 0.757155 0.277016
vt 0.763274 0.258046
vt 0.72294 0.242435
vt 0.85031 0.222552
vt 0.868529 0.23004
vt 0.895769 0.191231
vt 0.920999 0.213751
vt 0.895769 0.191231
vt 0.868529 0.23004
vt 0.868529 0.23004
vt 0.883251 0.241904
vt 0.920999 0.213751
vt 0.938115 0.242445
vt 0.920999 0.213751
vt 0.883251 0.241904
vt 0.883251 0.241904
vt 0.896258 0.257936
vt 0.938115 0.242445
vt 0.945603 0.274852
vt 0.938115 0.242445
vt 0.896258 0.257936
vt 0.896258 0.257936
vt 0.901131 0.276667
vt 0.945603 0.274852
vt 0.686777 0.302914
vt 0.686777 0.314414
vt 0.710397 0.314414
vt 0.710397 0.314414
vt 0.710397 0.302914
vt 0.686777 0.302914
vt 0.710397 0.325914
vt 0.710397 0.314414
vt 0.686777 0.314414
vt 0.686777 0.314414
vt 0.686777 0.325914
vt 0.710397 0.325914
vt 0.710397 0.337414
vt 0.710397 0.325914
vt 0.686777 0.325914
vt 0.686777 0.325914
vt 0.686777 0.337414
vt 0.710397 0.337414
vt 0.710397 0.348913
vt 0.710397 0.337414
vt 0.686777 0.337414
vt 0.686777 0.337414
vt 0.686777 0.348913
vt 0.710397 0.348913
vt 0.710397 0.360413
vt 0.710397 0.348913
vt 0.686777 0.348913
vt 0.686777 0.348913
vt 0.686777 0.360413
vt 0.710397 0.360413
vt 0.710397 0.371913
vt 0.710397 0.360413
vt 0.686777 0.360413
vt 0.686777 0.360413
vt 0.686777 0.371913
vt 0.710397 0.371913
vt 0.710397 0.383413
vt 0.710397 0.371913
vt 0.686777 0.371913
vt 0.686777 0.371913
vt 0.686777 0.383413
vt 0.710397 0.383413
vt 0.710397 0.394913
vt 0.710397 0.383413
vt 0.686777 0.383413
vt 0.686777 0.383413
vt 0.686777 0.394913
vt 0.710397 0.394913
vt 0.710397 0.406413
vt 0.710397 0.394913
vt 0.686777 0.394913
vt 0.686777 0.394913
vt 0.686777 0.406413
vt 0.710397 0.406413
vt 0.710397 0.417914
vt 0.710397 0.406413
vt 0.686777 0.406413
vt 0.686777 0.406413
vt 0.686777 0.417914
vt 0.710397 0.417914
vt 0.991802 0.012728
vt 0.991802 0.117386
vt 0.959985 0.117386
vt 0.959985 0.117386
vt 0.959985 0.012728
vt 0.991802 0.012728
vt 0.959985 0.012728
vt 0.959985 0.117386
vt 0.928168 0.117386
vt 0.928168 0.117386
vt 0.928168 0.012728
vt 0.959985 0.012728
vt 0.928168 0.012728
vt 0.928168 0.117386
vt 0.896352 0.117386
vt 0.896352 0.117386
vt 0.896352 0.012728
vt 0.928168 0.012728
vt 0.896352 0.012728
vt 0.896352 0.117386
vt 0.864535 0.117386
vt 0.864535 0.117386
vt 0.864535 0.012728
vt 0.896352 0.012728
vt 0.864535 0.012728
vt 0.864535 0.117386
vt 0.832718 0.117386
vt 0.832718 0.117386
vt 0.832718 0.012728
vt 0.864535 0.012728
vt 0.832718 0.012728
vt 0.832718 0.117386
vt 0.800901 0.117386
vt 0.800901 0.117386
vt 0.800901 0.012728
vt 0.832718 0.012728
vt 0.800901 0.012728
vt 0.800901 0.117386
vt 0.769083 0.117386
vt 0.769083 0.117386
vt 0.769083 0.012728
vt 0.800901 0.012728
vt 0.769083 0.012728
vt 0.769083 0.117386
vt 0.737266 0.117386
vt 0.737266 0.117386
vt 0.737266 0.012728
vt 0.769083 0.012728
vt 0.737266 0.012728
vt 0.737266 0.117386
vt 0.705449 0.117386
vt 0.705449 0.117386
vt 0.705449 0.012728
vt 0.737266 0.012728
vt 0.705449 0.012728
vt 0.705449 0.117386
vt 0.673631 0.117386
vt 0.673631 0.117386
vt 0.673631 0.012728
vt 0.705449 0.012728
vt 0.979262 0.277436
vt 0.945603 0.274852
vt 0.938115 0.242445
vt 0.938115 0.242445
vt 0.970465 0.232828
vt 0.979262 0.277436
vt 0.970465 0.232828
vt 0.938115 0.242445
vt 0.920999 0.213751
vt 0.920999 0.213751
vt 0.947925 0.196572
vt 0.970465 0.232828
vt 0.947925 0.196572
vt 0.920999 0.213751
vt 0.895769 0.191231
vt 0.895769 0.191231
vt 0.913468 0.166233
vt 0.947925 0.196572
vt 0.913468 0.166233
vt 0.895769 0.191231
vt 0.864684 0.176862
vt 0.864684 0.176862
vt 0.874069 0.14668
vt 0.913468 0.166233
vt 0.874069 0.14668
vt 0.864684 0.176862
vt 0.830531 0.171925
vt 0.830531 0.171925
vt 0.830854 0.140613
vt 0.874069 0.14668
vt 0.830854 0.140613
vt 0.830531 0.171925
vt 0.796379 0.176859
vt 0.796379 0.176859
vt 0.786356 0.146035
vt 0.830854 0.140613
vt 0.786356 0.146035
vt 0.796379 0.176859
vt 0.765292 0.191224
vt 0.765292 0.191224
vt 0.746147 0.16462
vt 0.786356 0.146035
vt 0.746147 0.16462
vt 0.765292 0.191224
vt 0.74006 0.213742
vt 0.74006 0.213742
vt 0.713536 0.193734
vt 0.746147 0.16462
vt 0.713536 0.193734
vt 0.74006 0.213742
vt 0.72294 0.242435
vt 0.72294 0.242435
vt 0.691466 0.230696
vt 0.713536 0.193734
vt 0.691466 0.230696
vt 0.72294 0.242435
vt 0.715449 0.274841
vt 0.715449 0.274841
vt 0.681587 0.271963
vt 0.691466 0.230696
vt 0.85031 0.222552
vt 0.864684 0.176862
vt 0.895769 0.191231
vt 0.895769 0.191231
vt 0.868529 0.23004
vt 0.85031 0.222552
vt 0.868529 0.23004
vt 0.895769 0.191231
vt 0.920999 0.213751
vt 0.920999 0.213751
vt 0.883251 0.241904
vt 0.868529 0.23004
vt 0.883251 0.241904
vt 0.920999 0.213751
vt 0.938115 0.242445
vt 0.938115 0.242445
vt 0.896258 0.257936
vt 0.883251 0.241904
vt 0.896258 0.257936
vt 0.938115 0.242445
vt 0.945603 0.274852
vt 0.945603 0.274852
vt 0.901131 0.276667
vt 0.896258 0.257936
vt 0.763274 0.258046
vt 0.72294 0.242435
vt 0.74006 0.213742
vt 0.74006 0.213742
vt 0.776951 0.241165
vt 0.763274 0.258046
vt 0.72294 0.242435
vt 0.763274 0.258046
vt 0.757155 0.277016
vt 0.757155 0.277016
vt 0.715449 0.274841
vt 0.72294 0.242435
vt 0.864684 0.176862
vt 0.85031 0.222552
vt 0.83026 0.219336
vt 0.83026 0.219336
vt 0.830531 0.171925
vt 0.864684 0.176862
vt 0.830531 0.171925
vt 0.83026 0.219336
vt 0.811556 0.221523
vt 0.811556 0.221523
vt 0.796379 0.176859
vt 0.830531 0.171925
vt 0.796379 0.176859
vt 0.811556 0.221523
vt 0.79184 0.22861
vt 0.79184 0.22861
vt 0.765292 0.191224
vt 0.796379 0.176859
vt 0.765292 0.191224
vt 0.79184 0.22861
vt 0.776951 0.241165
vt 0.776951 0.241165
vt 0.74006 0.213742
vt 0.765292 0.191224
vt 0.686777 0.302914
vt 0.710397 0.302914
vt 0.710397 0.314414
vt 0.710397 0.314414
vt 0.686777 0.314414
vt 0.686777 0.302914
vt 0.686777 0.314414
vt 0.710397 0.314414
vt 0.710397 0.325914
vt 0.710397 0.325914
vt 0.686777 0.325914
vt 0.686777 0.314414
vt 0.686777 0.325914
vt 0.710397 0.325914
vt 0.710397 0.337414
vt 0.710397 0.337414
vt 0.686777 0.337414
vt 0.686777 0.325914
vt 0.686777 0.337414
vt 0.710397 0.337414
vt 0.710397 0.348913
vt 0.710397 0.348913
vt 0.686777 0.348913
vt 0.686777 0.337414
vt 0.686777 0.348913
vt 0.710397 0.348913
vt 0.710397 0.360413
vt 0.710397 0.360413
vt 0.686777 0.360413
vt 0.686777 0.348913
vt 0.686777 0.360413
vt 0.710397 0.360413
vt 0.710397 0.371913
vt 0.710397 0.371913
vt 0.686777 0.371913
vt 0.686777 0.360413
vt 0.686777 0.371913
vt 0.710397 0.371913
vt 0.710397 0.383413
vt 0.710397 0.383413
vt 0.686777 0.383413
vt 0.686777 0.371913
vt 0.686777 0.383413
vt 0.710397 0.383413
vt 0.710397 0.394913
vt 0.710397 0.394913
vt 0.686777 0.394913
vt 0.686777 0.383413
vt 0.686777 0.394913
vt 0.710397 0.394913
vt 0.710397 0.406413
vt 0.710397 0.406413
vt 0.686777 0.406413
vt 0.686777 0.394913
vt 0.686777 0.406413
vt 0.710397 0.406413
vt 0.710397 0.417914
vt 0.710397 0.417914
vt 0.686777 0.417914
vt 0.686777 0.406413
vt 0.811937 0.248642
vt 0.796829 0.25634
vt 0.78484 0.268329
vt 0.811937 0.248642
vt 0.78484 0.268329
vt 0.84543 0.248642
vt 0.78484 0.268329
vt 0.78484 0.332037
vt 0.84543 0.248642
vt 0.78484 0.268329
vt 0.77449 0.300183
vt 0.78484 0.332037
vt 0.78484 0.268329
vt 0.777142 0.283436
vt 0.77449 0.300183
vt 0.77449 0.300183
vt 0.777142 0.31693
vt 0.78484 0.332037
vt 0.78484 0.332037
vt 0.84543 0.351724
vt 0.84543 0.248642
vt 0.78484 0.332037
vt 0.811937 0.351724
vt 0.84543 0.351724
vt 0.78484 0.332037
vt 0.796829 0.344026
vt 0.811937 0.351724
vt 0.811937 0.351724
vt 0.828683 0.354376
vt 0.84543 0.351724
vt 0.84543 0.351724
vt 0.882877 0.300183
vt 0.84543 0.248642
vt 0.84543 0.351724
vt 0.872527 0.332037
vt 0.882877 0.300183
vt 0.84543 0.351724
vt 0.860537 0.344026
vt 0.872527 0.332037
vt 0.872527 0.332037
vt 0.880224 0.31693
vt 0.882877 0.300183
vt 0.882877 0.300183
vt 0.872527 0.268329
vt 0.84543 0.248642
vt 0.882877 0.300183
vt 0.880224 0.283436
vt 0.872527 0.268329
vt 0.872527 0.268329
vt 0.860537 0.25634
vt 0.84543 0.248642
vt 0.828683 0.24599
vt 0.811937 0.248642
vt 0.84543 0.248642
vt 0.991802 0.012728
vt 0.991802 0.117386
vt 0.959985 0.117386
vt 0.959985 0.117386
vt 0.959985 0.012728
vt 0.991802 0.012728
vt 0.959985 0.012728
vt 0.959985 0.117386
vt 0.928168 0.117386
vt 0.928168 0.117386
vt 0.928168 0.012728
vt 0.959985 0.012728
vt 0.928168 0.012728
vt 0.928168 0.117386
vt 0.896352 0.117386
vt 0.896352 0.117386
vt 0.896352 0.012728
vt 0.928168 0.012728
vt 0.896352 0.012728
vt 0.896352 0.117386
vt 0.864535 0.117386
vt 0.864535 0.117386
vt 0.864535 0.012728
vt 0.896352 0.012728
vt 0.864535 0.012728
vt 0.864535 0.117386
vt 0.832718 0.117386
vt 0.832718 0.117386
vt 0.832718 0.012728
vt 0.864535 0.012728
vt 0.832718 0.012728
vt 0.832718 0.117386
vt 0.800901 0.117386
vt 0.800901 0.117386
vt 0.800901 0.012728
vt 0.832718 0.012728
vt 0.800901 0.012728
vt 0.800901 0.117386
vt 0.769083 0.117386
vt 0.769083 0.117386
vt 0.769083 0.012728
vt 0.800901 0.012728
vt 0.769083 0.012728
vt 0.769083 0.117386
vt 0.737266 0.117386
vt 0.737266 0.117386
vt 0.737266 0.012728
vt 0.769083 0.012728
vt 0.737266 0.012728
vt 0.737266 0.117386
vt 0.705449 0.117386
vt 0.705449 0.117386
vt 0.705449 0.012728
vt 0.737266 0.012728
vt 0.705449 0.012728
vt 0.705449 0.117386
vt 0.673631 0.117386
vt 0.673631 0.117386
vt 0.673631 0.012728
vt 0.705449 0.012728
vt 0.979262 0.277436
vt 0.945603 0.274852
vt 0.938115 0.242445
vt 0.938115 0.242445
vt 0.970465 0.232828
vt 0.979262 0.277436
vt 0.970465 0.232828
vt 0.938115 0.242445
vt 0.920999 0.213751
vt 0.920999 0.213751
vt 0.947925 0.196572
vt 0.970465 0.232828
vt 0.947925 0.196572
vt 0.920999 0.213751
vt 0.895769 0.191231
vt 0.895769 0.191231
vt 0.913468 0.166233
vt 0.947925 0.196572
vt 0.913468 0.166233
vt 0.895769 0.191231
vt 0.864684 0.176862
vt 0.864684 0.176862
vt 0.874069 0.14668
vt 0.913468 0.166233
vt 0.874069 0.14668
vt 0.864684 0.176862
vt 0.830531 0.171925
vt 0.830531 0.171925
vt 0.830854 0.140613
vt 0.874069 0.14668
vt 0.830854 0.140613
vt 0.830531 0.171925
vt 0.796379 0.176859
vt 0.796379 0.176859
vt 0.786356 0.146035
vt 0.830854 0.140613
vt 0.786356 0.146035
vt 0.796379 0.176859
vt 0.765292 0.191224
vt 0.765292 0.191224
vt 0.746147 0.16462
vt 0.786356 0.146035
vt 0.746147 0.16462
vt 0.765292 0.191224
vt 0.74006 0.213742
vt 0.74006 0.213742
vt 0.713536 0.193734
vt 0.746147 0.16462
vt 0.713536 0.193734
vt 0.74006 0.213742
vt 0.72294 0.242435
vt 0.72294 0.242435
vt 0.691466 0.230696
vt 0.713536 0.193734
vt 0.691466 0.230696
vt 0.72294 0.242435
vt 0.715449 0.274841
vt 0.715449 0.274841
vt 0.681587 0.271963
vt 0.691466 0.230696
vt 0.85031 0.222552
vt 0.864684 0.176862
vt 0.895769 0.191231
vt 0.895769 0.191231
vt 0.868529 0.23004
vt 0.85031 0.222552
vt 0.868529 0.23004
vt 0.895769 0.191231
vt 0.920999 0.213751
vt 0.920999 0.213751
vt 0.883251 0.241904
vt 0.868529 0.23004
vt 0.883251 0.241904
vt 0.920999 0.213751
vt 0.938115 0.242445
vt 0.938115 0.242445
vt 0.896258 0.257936
vt 0.883251 0.241904
vt 0.896258 0.257936
vt 0.938115 0.242445
vt 0.945603 0.274852
vt 0.945603 0.274852
vt 0.901131 0.276667
vt 0.896258 0.257936
vt 0.763274 0.258046
vt 0.72294 0.242435
vt 0.74006 0.213742
vt 0.74006 0.213742
vt 0.776951 0.241165
vt 0.763274 0.258046
vt 0.72294 0.242435
vt 0.763274 0.258046
vt 0.757155 0.277016
vt 0.757155 0.277016
vt 0.715449 0.274841
vt 0.72294 0.242435
vt 0.864684 0.176862
vt 0.85031 0.222552
vt 0.83026 0.219336
vt 0.83026 0.219336
vt 0.830531 0.171925
vt 0.864684 0.176862
vt 0.830531 0.171925
vt 0.83026 0.219336
vt 0.811556 0.221523
vt 0.811556 0.221523
vt 0.796379 0.176859
vt 0.830531 0.171925
vt 0.796379 0.176859
vt 0.811556 0.221523
vt 0.79184 0.22861
vt 0.79184 0.22861
vt 0.765292 0.191224
vt 0.796379 0.176859
vt 0.765292 0.191224
vt 0.79184 0.22861
vt 0.776951 0.241165
vt 0.776951 0.241165
vt 0.74006 0.213742
vt 0.765292 0.191224
vt 0.686777 0.302914
vt 0.710397 0.302914
vt 0.710397 0.314414
vt 0.710397 0.314414
vt 0.686777 0.314414
vt 0.686777 0.302914
vt 0.686777 0.314414
vt 0.710397 0.314414
vt 0.710397 0.325914
vt 0.710397 0.325914
vt 0.686777 0.325914
vt 0.686777 0.314414
vt 0.686777 0.325914
vt 0.710397 0.325914
vt 0.710397 0.337414
vt 0.710397 0.337414
vt 0.686777 0.337414
vt 0.686777 0.325914
vt 0.686777 0.337414
vt 0.710397 0.337414
vt 0.710397 0.348913
vt 0.710397 0.348913
vt 0.686777 0.348913
vt 0.686777 0.337414
vt 0.686777 0.348913
vt 0.710397 0.348913
vt 0.710397 0.360413
vt 0.710397 0.360413
vt 0.686777 0.360413
vt 0.686777 0.348913
vt 0.686777 0.360413
vt 0.710397 0.360413
vt 0.710397 0.371913
vt 0.710397 0.371913
vt 0.686777 0.371913
vt 0.686777 0.360413
vt 0.686777 0.371913
vt 0.710397 0.371913
vt 0.710397 0.383413
vt 0.710397 0.383413
vt 0.686777 0.383413
vt 0.686777 0.371913
vt 0.686777 0.383413
vt 0.710397 0.383413
vt 0.710397 0.394913
vt 0.710397 0.394913
vt 0.686777 0.394913
vt 0.686777 0.383413
vt 0.686777 0.394913
vt 0.710397 0.394913
vt 0.710397 0.406413
vt 0.710397 0.406413
vt 0.686777 0.406413
vt 0.686777 0.394913
vt 0.686777 0.406413
vt 0.710397 0.406413
vt 0.710397 0.417914
vt 0.710397 0.417914
vt 0.686777 0.417914
vt 0.686777 0.406413
vt 0.991802 0.012728
vt 0.959985 0.012728
vt 0.959985 0.117386
vt 0.959985 0.117386
vt 0.991802 0.117386
vt 0.991802 0.012728
vt 0.928168 0.117386
vt 0.959985 0.117386
vt 0.959985 0.012728
vt 0.959985 0.012728
vt 0.928168 0.012728
vt 0.928168 0.117386
vt 0.896352 0.117386
vt 0.928168 0.117386
vt 0.928168 0.012728
vt 0.928168 0.012728
vt 0.896352 0.012728
vt 0.896352 0.117386
vt 0.864535 0.117386
vt 0.896352 0.117386
vt 0.896352 0.012728
vt 0.896352 0.012728
vt 0.864535 0.012728
vt 0.864535 0.117386
vt 0.832718 0.117386
vt 0.864535 0.117386
vt 0.864535 0.012728
vt 0.864535 0.012728
vt 0.832718 0.012728
vt 0.832718 0.117386
vt 0.800901 0.117386
vt 0.832718 0.117386
vt 0.832718 0.012728
vt 0.832718 0.012728
vt 0.800901 0.012728
vt 0.800901 0.117386
vt 0.769083 0.117386
vt 0.800901 0.117386
vt 0.800901 0.012728
vt 0.800901 0.012728
vt 0.769083 0.012728
vt 0.769083 0.117386
vt 0.737266 0.117386
vt 0.769083 0.117386
vt 0.769083 0.012728
vt 0.769083 0.012728
vt 0.737266 0.012728
vt 0.737266 0.117386
vt 0.705449 0.117386
vt 0.737266 0.117386
vt 0.737266 0.012728
vt 0.737266 0.012728
vt 0.705449 0.012728
vt 0.705449 0.117386
vt 0.673631 0.117386
vt 0.705449 0.117386
vt 0.705449 0.012728
vt 0.705449 0.012728
vt 0.673631 0.012728
vt 0.673631 0.117386
vt 0.979262 0.277436
vt 0.970465 0.232828
vt 0.938115 0.242445
vt 0.938115 0.242445
vt 0.945603 0.274852
vt 0.979262 0.277436
vt 0.920999 0.213751
vt 0.938115 0.242445
vt 0.970465 0.232828
vt 0.970465 0.232828
vt 0.947925 0.196572
vt 0.920999 0.213751
vt 0.895769 0.191231
vt 0.920999 0.213751
vt 0.947925 0.196572
vt 0.947925 0.196572
vt 0.913468 0.166233
vt 0.895769 0.191231
vt 0.864684 0.176862
vt 0.895769 0.191231
vt 0.913468 0.166233
vt 0.913468 0.166233
vt 0.874069 0.14668
vt 0.864684 0.176862
vt 0.830531 0.171925
vt 0.864684 0.176862
vt 0.874069 0.14668
vt 0.874069 0.14668
vt 0.830854 0.140613
vt 0.830531 0.171925
vt 0.796379 0.176859
vt 0.830531 0.171925
vt 0.830854 0.140613
vt 0.830854 0.140613
vt 0.786356 0.146035
vt 0.796379 0.176859
vt 0.765292 0.191224
vt 0.796379 0.176859
vt 0.786356 0.146035
vt 0.786356 0.146035
vt 0.746147 0.16462
vt 0.765292 0.191224
vt 0.74006 0.213742
vt 0.765292 0.191224
vt 0.746147 0.16462
vt 0.746147 0.16462
vt 0.713536 0.193734
vt 0.74006 0.213742
vt 0.72294 0.242435
vt 0.74006 0.213742
vt 0.713536 0.193734
vt 0.713536 0.193734
vt 0.691466 0.230696
vt 0.72294 0.242435
vt 0.715449 0.274841
vt 0.72294 0.242435
vt 0.691466 0.230696
vt 0.691466 0.230696
vt 0.681587 0.271963
vt 0.715449 0.274841
vt 0.895769 0.191231
vt 0.864684 0.176862
vt 0.85031 0.222552
vt 0.864684 0.176862
vt 0.830531 0.171925
vt 0.83026 0.219336
vt 0.83026 0.219336
vt 0.85031 0.222552
vt 0.864684 0.176862
vt 0.830531 0.171925
vt 0.796379 0.176859
vt 0.811556 0.221523
vt 0.811556 0.221523
vt 0.83026 0.219336
vt 0.830531 0.171925
vt 0.796379 0.176859
vt 0.765292 0.191224
vt 0.79184 0.22861
vt 0.79184 0.22861
vt 0.811556 0.221523
vt 0.796379 0.176859
vt 0.765292 0.191224
vt 0.74006 0.213742
vt 0.776951 0.241165
vt 0.776951 0.241165
vt 0.79184 0.22861
vt 0.765292 0.191224
vt 0.74006 0.213742
vt 0.72294 0.242435
vt 0.763274 0.258046
vt 0.763274 0.258046
vt 0.776951 0.241165
vt 0.74006 0.213742
vt 0.72294 0.242435
vt 0.715449 0.274841
vt 0.757155 0.277016
vt 0.757155 0.277016
vt 0.763274 0.258046
vt 0.72294 0.242435
vt 0.85031 0.222552
vt 0.868529 0.23004
vt 0.895769 0.191231
vt 0.920999 0.213751
vt 0.895769 0.191231
vt 0.868529 0.23004
vt 0.868529 0.23004
vt 0.883251 0.241904
vt 0.920999 0.213751
vt 0.938115 0.242445
vt 0.920999 0.213751
vt 0.883251 0.241904
vt 0.883251 0.241904
vt 0.896258 0.257936
vt 0.938115 0.242445
vt 0.945603 0.274852
vt 0.938115 0.242445
vt 0.896258 0.257936
vt 0.896258 0.257936
vt 0.901131 0.276667
vt 0.945603 0.274852
vt 0.686777 0.302914
vt 0.686777 0.314414
vt 0.710397 0.314414
vt 0.710397 0.314414
vt 0.710397 0.302914
vt 0.686777 0.302914
vt 0.710397 0.325914
vt 0.710397 0.314414
vt 0.686777 0.314414
vt 0.686777 0.314414
vt 0.686777 0.325914
vt 0.710397 0.325914
vt 0.710397 0.337414
vt 0.710397 0.325914
vt 0.686777 0.325914
vt 0.686777 0.325914
vt 0.686777 0.337414
vt 0.710397 0.337414
vt 0.710397 0.348913
vt 0.710397 0.337414
vt 0.686777 0.337414
vt 0.686777 0.337414
vt 0.686777 0.348913
vt 0.710397 0.348913
vt 0.710397 0.360413
vt 0.710397 0.348913
vt 0.686777 0.348913
vt 0.686777 0.348913
vt 0.686777 0.360413
vt 0.710397 0.360413
vt 0.710397 0.371913
vt 0.710397 0.360413
vt 0.686777 0.360413
vt 0.686777 0.360413
vt 0.686777 0.371913
vt 0.710397 0.371913
vt 0.710397 0.383413
vt 0.710397 0.371913
vt 0.686777 0.371913
vt 0.686777 0.371913
vt 0.686777 0.383413
vt 0.710397 0.383413
vt 0.710397 0.394913
vt 0.710397 0.383413
vt 0.686777 0.383413
vt 0.686777 0.383413
vt 0.686777 0.394913
vt 0.710397 0.394913
vt 0.710397 0.406413
vt 0.710397 0.394913
vt 0.686777 0.394913
vt 0.686777 0.394913
vt 0.686777 0.406413
vt 0.710397 0.406413
vt 0.710397 0.417914
vt 0.710397 0.406413
vt 0.686777 0.406413
vt 0.686777 0.406413
vt 0.686777 0.417914
vt 0.710397 0.417914
vt 1.024233 0.512352
vt 1.024166 0.515789
vt 1.023929 0.527919
vt 1.024233 0.512352
vt 1.024233 0.512352
vt 1.024166 0.515789
vt 1.023929 0.527919
vt 1.024233 0.512352
vt 1.024233 0.512352
vt 0.056456 0.980542
vt 0.038049 0.979042
vt 0.038049 0.979042
vt 0.017283 0.861027
vt 0.017619 0.843795
vt 0.017283 0.861027
vt 0.017283 0.861027
vt 0.024766 0.948129
vt 0.017283 0.861027
vt 0.017283 0.861027
vt 0.02311 0.928857
vt 0.024766 0.948129
vt 0.024089 0.512496
vt 0.024089 0.512496
vt 0.024021 0.515934
vt 0.023785 0.528063
vt 0.024021 0.515934
vt 0.024089 0.512496
vt 0.04079 0.471517
vt 0.059273 0.471551
vt 0.059273 0.471551
vt 0.896258 0.257936
vt 0.901131 0.276667
vt 0.979262 0.277436
vt 0.979262 0.277436
vt 0.970465 0.232828
vt 0.896258 0.257936
vt 0.883251 0.241904
vt 0.896258 0.257936
vt 0.970465 0.232828
vt 0.970465 0.232828
vt 0.947925 0.196572
vt 0.883251 0.241904
vt 0.868529 0.23004
vt 0.883251 0.241904
vt 0.947925 0.196572
vt 0.947925 0.196572
vt 0.913468 0.166233
vt 0.868529 0.23004
vt 0.85031 0.222552
vt 0.868529 0.23004
vt 0.913468 0.166233
vt 0.913468 0.166233
vt 0.874069 0.14668
vt 0.85031 0.222552
vt 0.85031 0.222552
vt 0.874069 0.14668
vt 0.830854 0.140613
vt 0.830854 0.140613
vt 0.83026 0.219336
vt 0.85031 0.222552
vt 0.979262 0.277436
vt 0.901131 0.276667
vt 0.896258 0.257936
vt 0.896258 0.257936
vt 0.970465 0.232828
vt 0.979262 0.277436
vt 0.970465 0.232828
vt 0.896258 0.257936
vt 0.883251 0.241904
vt 0.883251 0.241904
vt 0.947925 0.196572
vt 0.970465 0.232828
vt 0.947925 0.196572
vt 0.883251 0.241904
vt 0.868529 0.23004
vt 0.868529 0.23004
vt 0.913468 0.166233
vt 0.947925 0.196572
vt 0.913468 0.166233
vt 0.868529 0.23004
vt 0.85031 0.222552
vt 0.85031 0.222552
vt 0.874069 0.14668
vt 0.913468 0.166233
vt 0.874069 0.14668
vt 0.85031 0.222552
vt 0.83026 0.219336
vt 0.83026 0.219336
vt 0.830854 0.140613
vt 0.874069 0.14668
vt 0.796829 0.25634
vt 0.811937 0.248642
vt 0.828553 0.300183
vt 0.811937 0.248642
vt 0.828683 0.24599
vt 0.828553 0.300183
vt 0.828683 0.24599
vt 0.84543 0.248642
vt 0.828553 0.300183
vt 0.828553 0.300183
vt 0.84543 0.248642
vt 0.860537 0.25634
vt 0.860537 0.25634
vt 0.872527 0.268329
vt 0.828553 0.300183
vt 0.828553 0.300183
vt 0.872527 0.268329
vt 0.880224 0.283436
vt 0.880224 0.283436
vt 0.882877 0.300183
vt 0.828553 0.300183
vt 0.78484 0.268329
vt 0.796829 0.25634
vt 0.828553 0.300183
vt 0.777142 0.283436
vt 0.78484 0.268329
vt 0.828553 0.300183
vt 0.828553 0.300183
vt 0.77449 0.300183
vt 0.777142 0.283436
vt 0.896258 0.257936
vt 0.901131 0.276667
vt 0.979262 0.277436
vt 0.979262 0.277436
vt 0.970465 0.232828
vt 0.896258 0.257936
vt 0.883251 0.241904
vt 0.896258 0.257936
vt 0.970465 0.232828
vt 0.970465 0.232828
vt 0.947925 0.196572
vt 0.883251 0.241904
vt 0.868529 0.23004
vt 0.883251 0.241904
vt 0.947925 0.196572
vt 0.947925 0.196572
vt 0.913468 0.166233
vt 0.868529 0.23004
vt 0.85031 0.222552
vt 0.868529 0.23004
vt 0.913468 0.166233
vt 0.913468 0.166233
vt 0.874069 0.14668
vt 0.85031 0.222552
vt 0.85031 0.222552
vt 0.874069 0.14668
vt 0.830854 0.140613
vt 0.830854 0.140613
vt 0.83026 0.219336
vt 0.85031 0.222552
vt 0.979262 0.277436
vt 0.901131 0.276667
vt 0.896258 0.257936
vt 0.896258 0.257936
vt 0.970465 0.232828
vt 0.979262 0.277436
vt 0.970465 0.232828
vt 0.896258 0.257936
vt 0.883251 0.241904
vt 0.883251 0.241904
vt 0.947925 0.196572
vt 0.970465 0.232828
vt 0.947925 0.196572
vt 0.883251 0.241904
vt 0.868529 0.23004
vt 0.868529 0.23004
vt 0.913468 0.166233
vt 0.947925 0.196572
vt 0.913468 0.166233
vt 0.868529 0.23004
vt 0.85031 0.222552
vt 0.85031 0.222552
vt 0.874069 0.14668
vt 0.913468 0.166233
vt 0.874069 0.14668
vt 0.85031 0.222552
vt 0.83026 0.219336
vt 0.83026 0.219336
vt 0.830854 0.140613
vt 0.874069 0.14668
vt 0.796829 0.25634
vt 0.811937 0.248642
vt 0.828553 0.300183
vt 0.811937 0.248642
vt 0.828683 0.24599
vt 0.828553 0.300183
vt 0.828683 0.24599
vt 0.84543 0.248642
vt 0.828553 0.300183
vt 0.828553 0.300183
vt 0.84543 0.248642
vt 0.860537 0.25634
vt 0.860537 0.25634
vt 0.872527 0.268329
vt 0.828553 0.300183
vt 0.828553 0.300183
vt 0.872527 0.268329
vt 0.880224 0.283436
vt 0.880224 0.283436
vt 0.882877 0.300183
vt 0.828553 0.300183
vt 0.78484 0.268329
vt 0.796829 0.25634
vt 0.828553 0.300183
vt 0.777142 0.283436
vt 0.78484 0.268329
vt 0.828553 0.300183
vt 0.828553 0.300183
vt 0.77449 0.300183
vt 0.777142 0.283436
vt 0.896258 0.257936
vt 0.970465 0.232828
vt 0.979262 0.277436
vt 0.979262 0.277436
vt 0.901131 0.276667
vt 0.896258 0.257936
vt 0.970465 0.232828
vt 0.896258 0.257936
vt 0.883251 0.241904
vt 0.883251 0.241904
vt 0.947925 0.196572
vt 0.970465 0.232828
vt 0.947925 0.196572
vt 0.883251 0.241904
vt 0.868529 0.23004
vt 0.868529 0.23004
vt 0.913468 0.166233
vt 0.947925 0.196572
vt 0.913468 0.166233
vt 0.868529 0.23004
vt 0.85031 0.222552
vt 0.85031 0.222552
vt 0.874069 0.14668
vt 0.913468 0.166233
vt 0.830854 0.140613
vt 0.874069 0.14668
vt 0.85031 0.222552
vt 0.85031 0.222552
vt 0.83026 0.219336
vt 0.830854 0.140613
vt 0.979262 0.277436
vt 0.970465 0.232828
vt 0.896258 0.257936
vt 0.896258 0.257936
vt 0.901131 0.276667
vt 0.979262 0.277436
vt 0.883251 0.241904
vt 0.896258 0.257936
vt 0.970465 0.232828
vt 0.970465 0.232828
vt 0.947925 0.196572
vt 0.883251 0.241904
vt 0.868529 0.23004
vt 0.883251 0.241904
vt 0.947925 0.196572
vt 0.947925 0.196572
vt 0.913468 0.166233
vt 0.868529 0.23004
vt 0.85031 0.222552
vt 0.868529 0.23004
vt 0.913468 0.166233
vt 0.913468 0.166233
vt 0.874069 0.14668
vt 0.85031 0.222552
vt 0.83026 0.219336
vt 0.85031 0.222552
vt 0.874069 0.14668
vt 0.874069 0.14668
vt 0.830854 0.140613
vt 0.83026 0.219336
vt 0.796829 0.25634
vt 0.828553 0.300183
vt 0.811937 0.248642
vt 0.811937 0.248642
vt 0.828553 0.300183
vt 0.828683 0.24599
vt 0.828683 0.24599
vt 0.828553 0.300183
vt 0.84543 0.248642
vt 0.828553 0.300183
vt 0.860537 0.25634
vt 0.84543 0.248642
vt 0.860537 0.25634
vt 0.828553 0.300183
vt 0.872527 0.268329
vt 0.828553 0.300183
vt 0.880224 0.283436
vt 0.872527 0.268329
vt 0.880224 0.283436
vt 0.828553 0.300183
vt 0.882877 0.300183
vt 0.78484 0.268329
vt 0.828553 0.300183
vt 0.796829 0.25634
vt 0.777142 0.283436
vt 0.828553 0.300183
vt 0.78484 0.268329
vt 0.828553 0.300183
vt 0.777142 0.283436
vt 0.77449 0.300183
vt 0.896258 0.257936
vt 0.970465 0.232828
vt 0.979262 0.277436
vt 0.979262 0.277436
vt 0.901131 0.276667
vt 0.896258 0.257936
vt 0.970465 0.232828
vt 0.896258 0.257936
vt 0.883251 0.241904
vt 0.883251 0.241904
vt 0.947925 0.196572
vt 0.970465 0.232828
vt 0.947925 0.196572
vt 0.883251 0.241904
vt 0.868529 0.23004
vt 0.868529 0.23004
vt 0.913468 0.166233
vt 0.947925 0.196572
vt 0.913468 0.166233
vt 0.868529 0.23004
vt 0.85031 0.222552
vt 0.85031 0.222552
vt 0.874069 0.14668
vt 0.913468 0.166233
vt 0.830854 0.140613
vt 0.874069 0.14668
vt 0.85031 0.222552
vt 0.85031 0.222552
vt 0.83026 0.219336
vt 0.830854 0.140613
vt 0.979262 0.277436
vt 0.970465 0.232828
vt 0.896258 0.257936
vt 0.896258 0.257936
vt 0.901131 0.276667
vt 0.979262 0.277436
vt 0.883251 0.241904
vt 0.896258 0.257936
vt 0.970465 0.232828
vt 0.970465 0.232828
vt 0.947925 0.196572
vt 0.883251 0.241904
vt 0.868529 0.23004
vt 0.883251 0.241904
vt 0.947925 0.196572
vt 0.947925 0.196572
vt 0.913468 0.166233
vt 0.868529 0.23004
vt 0.85031 0.222552
vt 0.868529 0.23004
vt 0.913468 0.166233
vt 0.913468 0.166233
vt 0.874069 0.14668
vt 0.85031 0.222552
vt 0.83026 0.219336
vt 0.85031 0.222552
vt 0.874069 0.14668
vt 0.874069 0.14668
vt 0.830854 0.140613
vt 0.83026 0.219336
vt 0.796829 0.25634
vt 0.828553 0.300183
vt 0.811937 0.248642
vt 0.811937 0.248642
vt 0.828553 0.300183
vt 0.828683 0.24599
vt 0.828683 0.24599
vt 0.828553 0.300183
vt 0.84543 0.248642
vt 0.828553 0.300183
vt 0.860537 0.25634
vt 0.84543 0.248642
vt 0.860537 0.25634
vt 0.828553 0.300183
vt 0.872527 0.268329
vt 0.828553 0.300183
vt 0.880224 0.283436
vt 0.872527 0.268329
vt 0.880224 0.283436
vt 0.828553 0.300183
vt 0.882877 0.300183
vt 0.78484 0.268329
vt 0.828553 0.300183
vt 0.796829 0.25634
vt 0.777142 0.283436
vt 0.828553 0.300183
vt 0.78484 0.268329
vt 0.828553 0.300183
vt 0.777142 0.283436
vt 0.77449 0.300183
vt 0.896258 0.257936
vt 0.970465 0.232828
vt 0.979262 0.277436
vt 0.979262 0.277436
vt 0.901131 0.276667
vt 0.896258 0.257936
vt 0.970465 0.232828
vt 0.896258 0.257936
vt 0.883251 0.241904
vt 0.883251 0.241904
vt 0.947925 0.196572
vt 0.970465 0.232828
vt 0.947925 0.196572
vt 0.883251 0.241904
vt 0.868529 0.23004
vt 0.868529 0.23004
vt 0.913468 0.166233
vt 0.947925 0.196572
vt 0.913468 0.166233
vt 0.868529 0.23004
vt 0.85031 0.222552
vt 0.85031 0.222552
vt 0.874069 0.14668
vt 0.913468 0.166233
vt 0.830854 0.140613
vt 0.874069 0.14668
vt 0.85031 0.222552
vt 0.85031 0.222552
vt 0.83026 0.219336
vt 0.830854 0.140613
vt 0.979262 0.277436
vt 0.970465 0.232828
vt 0.896258 0.257936
vt 0.896258 0.257936
vt 0.901131 0.276667
vt 0.979262 0.277436
vt 0.883251 0.241904
vt 0.896258 0.257936
vt 0.970465 0.232828
vt 0.970465 0.232828
vt 0.947925 0.196572
vt 0.883251 0.241904
vt 0.868529 0.23004
vt 0.883251 0.241904
vt 0.947925 0.196572
vt 0.947925 0.196572
vt 0.913468 0.166233
vt 0.868529 0.23004
vt 0.85031 0.222552
vt 0.868529 0.23004
vt 0.913468 0.166233
vt 0.913468 0.166233
vt 0.874069 0.14668
vt 0.85031 0.222552
vt 0.83026 0.219336
vt 0.85031 0.222552
vt 0.874069 0.14668
vt 0.874069 0.14668
vt 0.830854 0.140613
vt 0.83026 0.219336
vt 0.796829 0.25634
vt 0.828553 0.300183
vt 0.811937 0.248642
vt 0.811937 0.248642
vt 0.828553 0.300183
vt 0.828683 0.24599
vt 0.828683 0.24599
vt 0.828553 0.300183
vt 0.84543 0.248642
vt 0.828553 0.300183
vt 0.860537 0.25634
vt 0.84543 0.248642
vt 0.860537 0.25634
vt 0.828553 0.300183
vt 0.872527 0.268329
vt 0.828553 0.300183
vt 0.880224 0.283436
vt 0.872527 0.268329
vt 0.880224 0.283436
vt 0.828553 0.300183
vt 0.882877 0.300183
vt 0.78484 0.268329
vt 0.828553 0.300183
vt 0.796829 0.25634
vt 0.777142 0.283436
vt 0.828553 0.300183
vt 0.78484 0.268329
vt 0.828553 0.300183
vt 0.777142 0.283436
vt 0.77449 0.300183
vt 0.896258 0.257936
vt 0.970465 0.232828
vt 0.979262 0.277436
vt 0.979262 0.277436
vt 0.901131 0.276667
vt 0.896258 0.257936
vt 0.970465 0.232828
vt 0.896258 0.257936
vt 0.883251 0.241904
vt 0.883251 0.241904
vt 0.947925 0.196572
vt 0.970465 0.232828
vt 0.947925 0.196572
vt 0.883251 0.241904
vt 0.868529 0.23004
vt 0.868529 0.23004
vt 0.913468 0.166233
vt 0.947925 0.196572
vt 0.913468 0.166233
vt 0.868529 0.23004
vt 0.85031 0.222552
vt 0.85031 0.222552
vt 0.874069 0.14668
vt 0.913468 0.166233
vt 0.830854 0.140613
vt 0.874069 0.14668
vt 0.85031 0.222552
vt 0.85031 0.222552
vt 0.83026 0.219336
vt 0.830854 0.140613
vt 0.979262 0.277436
vt 0.970465 0.232828
vt 0.896258 0.257936
vt 0.896258 0.257936
vt 0.901131 0.276667
vt 0.979262 0.277436
vt 0.883251 0.241904
vt 0.896258 0.257936
vt 0.970465 0.232828
vt 0.970465 0.232828
vt 0.947925 0.196572
vt 0.883251 0.241904
vt 0.868529 0.23004
vt 0.883251 0.241904
vt 0.947925 0.196572
vt 0.947925 0.196572
vt 0.913468 0.166233
vt 0.868529 0.23004
vt 0.85031 0.222552
vt 0.868529 0.23004
vt 0.913468 0.166233
vt 0.913468 0.166233
vt 0.874069 0.14668
vt 0.85031 0.222552
vt 0.83026 0.219336
vt 0.85031 0.222552
vt 0.874069 0.14668
vt 0.874069 0.14668
vt 0.830854 0.140613
vt 0.83026 0.219336
vt 0.796829 0.25634
vt 0.828553 0.300183
vt 0.811937 0.248642
vt 0.811937 0.248642
vt 0.828553 0.300183
vt 0.828683 0.24599
vt 0.828683 0.24599
vt 0.828553 0.300183
vt 0.84543 0.248642
vt 0.828553 0.300183
vt 0.860537 0.25634
vt 0.84543 0.248642
vt 0.860537 0.25634
vt 0.828553 0.300183
vt 0.872527 0.268329
vt 0.828553 0.300183
vt 0.880224 0.283436
vt 0.872527 0.268329
vt 0.880224 0.283436
vt 0.828553 0.300183
vt 0.882877 0.300183
vt 0.78484 0.268329
vt 0.828553 0.300183
vt 0.796829 0.25634
vt 0.777142 0.283436
vt 0.828553 0.300183
vt 0.78484 0.268329
vt 0.828553 0.300183
vt 0.777142 0.283436
vt 0.77449 0.300183
vt 0.896258 0.257936
vt 0.901131 0.276667
vt 0.979262 0.277436
vt 0.979262 0.277436
vt 0.970465 0.232828
vt 0.896258 0.257936
vt 0.883251 0.241904
vt 0.896258 0.257936
vt 0.970465 0.232828
vt 0.970465 0.232828
vt 0.947925 0.196572
vt 0.883251 0.241904
vt 0.868529 0.23004
vt 0.883251 0.241904
vt 0.947925 0.196572
vt 0.947925 0.196572
vt 0.913468 0.166233
vt 0.868529 0.23004
vt 0.85031 0.222552
vt 0.868529 0.23004
vt 0.913468 0.166233
vt 0.913468 0.166233
vt 0.874069 0.14668
vt 0.85031 0.222552
vt 0.85031 0.222552
vt 0.874069 0.14668
vt 0.830854 0.140613
vt 0.830854 0.140613
vt 0.83026 0.219336
vt 0.85031 0.222552
vt 0.979262 0.277436
vt 0.901131 0.276667
vt 0.896258 0.257936
vt 0.896258 0.257936
vt 0.970465 0.232828
vt 0.979262 0.277436
vt 0.970465 0.232828
vt 0.896258 0.257936
vt 0.883251 0.241904
vt 0.883251 0.241904
vt 0.947925 0.196572
vt 0.970465 0.232828
vt 0.947925 0.196572
vt 0.883251 0.241904
vt 0.868529 0.23004
vt 0.868529 0.23004
vt 0.913468 0.166233
vt 0.947925 0.196572
vt 0.913468 0.166233
vt 0.868529 0.23004
vt 0.85031 0.222552
vt 0.85031 0.222552
vt 0.874069 0.14668
vt 0.913468 0.166233
vt 0.874069 0.14668
vt 0.85031 0.222552
vt 0.83026 0.219336
vt 0.83026 0.219336
vt 0.830854 0.140613
vt 0.874069 0.14668
vt 0.796829 0.25634
vt 0.811937 0.248642
vt 0.828553 0.300183
vt 0.811937 0.248642
vt 0.828683 0.24599
vt 0.828553 0.300183
vt 0.828683 0.24599
vt 0.84543 0.248642
vt 0.828553 0.300183
vt 0.828553 0.300183
vt 0.84543 0.248642
vt 0.860537 0.25634
vt 0.860537 0.25634
vt 0.872527 0.268329
vt 0.828553 0.300183
vt 0.828553 0.300183
vt 0.872527 0.268329
vt 0.880224 0.283436
vt 0.880224 0.283436
vt 0.882877 0.300183
vt 0.828553 0.300183
vt 0.78484 0.268329
vt 0.796829 0.25634
vt 0.828553 0.300183
vt 0.777142 0.283436
vt 0.78484 0.268329
vt 0.828553 0.300183
vt 0.828553 0.300183
vt 0.77449 0.300183
vt 0.777142 0.283436
vt 0.896258 0.257936
vt 0.901131 0.276667
vt 0.979262 0.277436
vt 0.979262 0.277436
vt 0.970465 0.232828
vt 0.896258 0.257936
vt 0.883251 0.241904
vt 0.896258 0.257936
vt 0.970465 0.232828
vt 0.970465 0.232828
vt 0.947925 0.196572
vt 0.883251 0.241904
vt 0.868529 0.23004
vt 0.883251 0.241904
vt 0.947925 0.196572
vt 0.947925 0.196572
vt 0.913468 0.166233
vt 0.868529 0.23004
vt 0.85031 0.222552
vt 0.868529 0.23004
vt 0.913468 0.166233
vt 0.913468 0.166233
vt 0.874069 0.14668
vt 0.85031 0.222552
vt 0.85031 0.222552
vt 0.874069 0.14668
vt 0.830854 0.140613
vt 0.830854 0.140613
vt 0.83026 0.219336
vt 0.85031 0.222552
vt 0.979262 0.277436
vt 0.901131 0.276667
vt 0.896258 0.257936
vt 0.896258 0.257936
vt 0.970465 0.232828
vt 0.979262 0.277436
vt 0.970465 0.232828
vt 0.896258 0.257936
vt 0.883251 0.241904
vt 0.883251 0.241904
vt 0.947925 0.196572
vt 0.970465 0.232828
vt 0.947925 0.196572
vt 0.883251 0.241904
vt 0.868529 0.23004
vt 0.868529 0.23004
vt 0.913468 0.166233
vt 0.947925 0.196572
vt 0.913468 0.166233
vt 0.868529 0.23004
vt 0.85031 0.222552
vt 0.85031 0.222552
vt 0.874069 0.14668
vt 0.913468 0.166233
vt 0.874069 0.14668
vt 0.85031 0.222552
vt 0.83026 0.219336
vt 0.83026 0.219336
vt 0.830854 0.140613
vt 0.874069 0.14668
vt 0.796829 0.25634
vt 0.811937 0.248642
vt 0.828553 0.300183
vt 0.811937 0.248642
vt 0.828683 0.24599
vt 0.828553 0.300183
vt 0.828683 0.24599
vt 0.84543 0.248642
vt 0.828553 0.300183
vt 0.828553 0.300183
vt 0.84543 0.248642
vt 0.860537 0.25634
vt 0.860537 0.25634
vt 0.872527 0.268329
vt 0.828553 0.300183
vt 0.828553 0.300183
vt 0.872527 0.268329
vt 0.880224 0.283436
vt 0.880224 0.283436
vt 0.882877 0.300183
vt 0.828553 0.300183
vt 0.78484 0.268329
vt 0.796829 0.25634
vt 0.828553 0.300183
vt 0.777142 0.283436
vt 0.78484 0.268329
vt 0.828553 0.300183
vt 0.828553 0.300183
vt 0.77449 0.300183
vt 0.777142 0.283436
vt 1.018948 0.782964
vt 1.02089 0.683519
vt 1.015891 0.715824
vt 1.015891 0.715824
vt 1.017762 0.843703
vt 1.018948 0.782964
vt 1.019584 0.597562
vt 1.015891 0.715824
vt 1.02089 0.683519
vt 1.02089 0.683519
vt 1.022687 0.591524
vt 1.019584 0.597562
vt 0.017283 0.861027
vt 0.014332 0.725113
vt 0.01575 0.71595
vt 0.01575 0.71595
vt 0.017619 0.843795
vt 0.017283 0.861027
vt 0.01944 0.597704
vt 0.01575 0.71595
vt 0.014332 0.725113
vt 0.014332 0.725113
vt 0.018561 0.599416
vt 0.01944 0.597704
vt 1.017427 0.860883
vt 1.018948 0.782964
vt 1.017762 0.843703
vt 1.017762 0.843703
vt 1.017427 0.860883
vt 1.017427 0.860883
vt 1.022687 0.591524
vt 1.023929 0.527919
vt 1.024166 0.515789
vt 1.024166 0.515789
vt 1.019584 0.597562
vt 1.022687 0.591524
vt 1.019584 0.597562
vt 1.024166 0.515789
vt 1.024233 0.512352
vt 0.018561 0.599416
vt 0.024089 0.512496
vt 0.024021 0.515934
vt 0.024021 0.515934
vt 0.01944 0.597704
vt 0.018561 0.599416
vt 1.059417 0.471407
vt 1.059417 0.471407
vt 1.040935 0.471373
vt 1.024233 0.512352
vt 1.018705 0.599272
vt 1.019584 0.597562
vt 1.015891 0.715824
vt 1.019584 0.597562
vt 1.018705 0.599272
vt 1.018705 0.599272
vt 1.014476 0.724968
vt 1.015891 0.715824
vt 1.017762 0.843703
vt 1.015891 0.715824
vt 1.014476 0.724968
vt 1.014476 0.724968
vt 1.017427 0.860883
vt 1.017762 0.843703
vt 1.017427 0.860883
vt 1.02491 0.947985
vt 1.017427 0.860883
vt 1.02491 0.947985
vt 1.023261 0.928788
vt 1.017427 0.860883
vt 1.017427 0.860883
vt 1.017427 0.860883
vt 1.017427 0.860883
vt 1.017427 0.860883
vt 1.017762 0.843703
vt 1.017427 0.860883
vt 1.038193 0.978898
vt 1.038193 0.978898
vt 1.0566 0.980398
vt 0.024089 0.512496
vt 0.024089 0.512496
vt 0.023785 0.528063
vt 0.023785 0.528063
vt 0.022543 0.591668
vt 0.01944 0.597704
vt 0.01944 0.597704
vt 0.024021 0.515934
vt 0.023785 0.528063
vt 0.022543 0.591668
vt 0.020746 0.683663
vt 0.01575 0.71595
vt 0.01575 0.71595
vt 0.01944 0.597704
vt 0.022543 0.591668
vt 0.017619 0.843795
vt 0.01575 0.71595
vt 0.020746 0.683663
vt 0.020746 0.683663
vt 0.018804 0.783108
vt 0.017619 0.843795
vt 0.018804 0.783108
vt 0.017556 0.847045
vt 0.017283 0.861027
vt 0.017283 0.861027
vt 0.017619 0.843795
vt 0.018804 0.783108
vt 1.017427 0.860883
vt 1.023261 0.928788
vt 1.017427 0.860883
vt 0.02311 0.928857
vt 0.017283 0.861027
vt 0.017556 0.847045
vt 0.017556 0.847045
vt 0.017283 0.861027
vt 0.02311 0.928857
vt 0.955595 0.980974
vt 0.955595 0.960551
vt 0.034785 0.960551
vt 0.034785 0.960551
vt 0.034785 0.980974
vt 0.955595 0.980974
vt 0.034785 0.940128
vt 0.034785 0.960551
vt 0.955595 0.960551
vt 0.955595 0.960551
vt 0.955595 0.940128
vt 0.034785 0.940128
vt 0.034785 0.919704
vt 0.034785 0.940128
vt 0.955595 0.940128
vt 0.955595 0.940128
vt 0.955595 0.919704
vt 0.034785 0.919704
vt 0.034785 0.899281
vt 0.034785 0.919704
vt 0.955595 0.919704
vt 0.955595 0.919704
vt 0.955595 0.899281
vt 0.034785 0.899281
vt 0.034785 0.878858
vt 0.034785 0.899281
vt 0.955595 0.899281
vt 0.955595 0.899281
vt 0.955595 0.878858
vt 0.034785 0.878858
vt 0.034785 0.858435
vt 0.034785 0.878858
vt 0.955595 0.878858
vt 0.955595 0.878858
vt 0.955595 0.858435
vt 0.034785 0.858435
vt 0.730605 0.020301
vt 0.262862 0.020301
vt 0.028992 0.425378
vt 0.730605 0.020301
vt 0.028992 0.425378
vt 0.730604 0.830454
vt 0.028992 0.425378
vt 0.262862 0.830454
vt 0.730604 0.830454
vt 0.964475 0.425378
vt 0.730605 0.020301
vt 0.730604 0.830454
vt 0.955595 0.980974
vt 0.955595 0.960551
vt 0.034785 0.960551
vt 0.034785 0.960551
vt 0.034785 0.980974
vt 0.955595 0.980974
vt 0.034785 0.940128
vt 0.034785 0.960551
vt 0.955595 0.960551
vt 0.955595 0.960551
vt 0.955595 0.940128
vt 0.034785 0.940128
vt 0.034785 0.919704
vt 0.034785 0.940128
vt 0.955595 0.940128
vt 0.955595 0.940128
vt 0.955595 0.919704
vt 0.034785 0.919704
vt 0.034785 0.899281
vt 0.034785 0.919704
vt 0.955595 0.919704
vt 0.955595 0.919704
vt 0.955595 0.899281
vt 0.034785 0.899281
vt 0.034785 0.878858
vt 0.034785 0.899281
vt 0.955595 0.899281
vt 0.955595 0.899281
vt 0.955595 0.878858
vt 0.034785 0.878858
vt 0.034785 0.858435
vt 0.034785 0.878858
vt 0.955595 0.878858
vt 0.955595 0.878858
vt 0.955595 0.858435
vt 0.034785 0.858435
vt 0.730605 0.020301
vt 0.262862 0.020301
vt 0.028992 0.425378
vt 0.730605 0.020301
vt 0.028992 0.425378
vt 0.730604 0.830454
vt 0.028992 0.425378
vt 0.262862 0.830454
vt 0.730604 0.830454
vt 0.964475 0.425378
vt 0.730605 0.020301
vt 0.730604 0.830454
vt 0.955595 0.980974
vt 0.955595 0.960551
vt 0.034785 0.960551
vt 0.034785 0.960551
vt 0.034785 0.980974
vt 0.955595 0.980974
vt 0.034785 0.940128
vt 0.034785 0.960551
vt 0.955595 0.960551
vt 0.955595 0.960551
vt 0.955595 0.940128
vt 0.034785 0.940128
vt 0.034785 0.919704
vt 0.034785 0.940128
vt 0.955595 0.940128
vt 0.955595 0.940128
vt 0.955595 0.919704
vt 0.034785 0.919704
vt 0.034785 0.899281
vt 0.034785 0.919704
vt 0.955595 0.919704
vt 0.955595 0.919704
vt 0.955595 0.899281
vt 0.034785 0.899281
vt 0.034785 0.878858
vt 0.034785 0.899281
vt 0.955595 0.899281
vt 0.955595 0.899281
vt 0.955595 0.878858
vt 0.034785 0.878858
vt 0.034785 0.858435
vt 0.034785 0.878858
vt 0.955595 0.878858
vt 0.955595 0.878858
vt 0.955595 0.858435
vt 0.034785 0.858435
vt 0.730605 0.020301
vt 0.262862 0.020301
vt 0.028992 0.425378
vt 0.730605 0.020301
vt 0.028992 0.425378
vt 0.730604 0.830454
vt 0.028992 0.425378
vt 0.262862 0.830454
vt 0.730604 0.830454
vt 0.964475 0.425378
vt 0.730605 0.020301
vt 0.730604 0.830454
vt 0.955595 0.980974
vt 0.955595 0.960551
vt 0.034785 0.960551
vt 0.034785 0.960551
vt 0.034785 0.980974
vt 0.955595 0.980974
vt 0.034785 0.940128
vt 0.034785 0.960551
vt 0.955595 0.960551
vt 0.955595 0.960551
vt 0.955595 0.940128
vt 0.034785 0.940128
vt 0.034785 0.919704
vt 0.034785 0.940128
vt 0.955595 0.940128
vt 0.955595 0.940128
vt 0.955595 0.919704
vt 0.034785 0.919704
vt 0.034785 0.899281
vt 0.034785 0.919704
vt 0.955595 0.919704
vt 0.955595 0.919704
vt 0.955595 0.899281
vt 0.034785 0.899281
vt 0.034785 0.878858
vt 0.034785 0.899281
vt 0.955595 0.899281
vt 0.955595 0.899281
vt 0.955595 0.878858
vt 0.034785 0.878858
vt 0.034785 0.858435
vt 0.034785 0.878858
vt 0.955595 0.878858
vt 0.955595 0.878858
vt 0.955595 0.858435
vt 0.034785 0.858435
vt 0.730605 0.020301
vt 0.262862 0.020301
vt 0.028992 0.425378
vt 0.730605 0.020301
vt 0.028992 0.425378
vt 0.730604 0.830454
vt 0.028992 0.425378
vt 0.262862 0.830454
vt 0.730604 0.830454
vt 0.964475 0.425378
vt 0.730605 0.020301
vt 0.730604 0.830454
vt 0.955595 0.980974
vt 0.955595 0.960551
vt 0.034785 0.960551
vt 0.034785 0.960551
vt 0.034785 0.980974
vt 0.955595 0.980974
vt 0.034785 0.940128
vt 0.034785 0.960551
vt 0.955595 0.960551
vt 0.955595 0.960551
vt 0.955595 0.940128
vt 0.034785 0.940128
vt 0.034785 0.919704
vt 0.034785 0.940128
vt 0.955595 0.940128
vt 0.955595 0.940128
vt 0.955595 0.919704
vt 0.034785 0.919704
vt 0.034785 0.899281
vt 0.034785 0.919704
vt 0.955595 0.919704
vt 0.955595 0.919704
vt 0.955595 0.899281
vt 0.034785 0.899281
vt 0.034785 0.878858
vt 0.034785 0.899281
vt 0.955595 0.899281
vt 0.955595 0.899281
vt 0.955595 0.878858
vt 0.034785 0.878858
vt 0.034785 0.858435
vt 0.034785 0.878858
vt 0.955595 0.878858
vt 0.955595 0.878858
vt 0.955595 0.858435
vt 0.034785 0.858435
vt 0.730605 0.020301
vt 0.262862 0.020301
vt 0.028992 0.425378
vt 0.730605 0.020301
vt 0.028992 0.425378
vt 0.730604 0.830454
vt 0.028992 0.425378
vt 0.262862 0.830454
vt 0.730604 0.830454
vt 0.964475 0.425378
vt 0.730605 0.020301
vt 0.730604 0.830454
vt 0.955595 0.980974
vt 0.955595 0.960551
vt 0.034785 0.960551
vt 0.034785 0.960551
vt 0.034785 0.980974
vt 0.955595 0.980974
vt 0.034785 0.940128
vt 0.034785 0.960551
vt 0.955595 0.960551
vt 0.955595 0.960551
vt 0.955595 0.940128
vt 0.034785 0.940128
vt 0.034785 0.919704
vt 0.034785 0.940128
vt 0.955595 0.940128
vt 0.955595 0.940128
vt 0.955595 0.919704
vt 0.034785 0.919704
vt 0.034785 0.899281
vt 0.034785 0.919704
vt 0.955595 0.919704
vt 0.955595 0.919704
vt 0.955595 0.899281
vt 0.034785 0.899281
vt 0.034785 0.878858
vt 0.034785 0.899281
vt 0.955595 0.899281
vt 0.955595 0.899281
vt 0.955595 0.878858
vt 0.034785 0.878858
vt 0.034785 0.858435
vt 0.034785 0.878858
vt 0.955595 0.878858
vt 0.955595 0.878858
vt 0.955595 0.858435
vt 0.034785 0.858435
vt 0.730605 0.020301
vt 0.262862 0.020301
vt 0.028992 0.425378
vt 0.730605 0.020301
vt 0.028992 0.425378
vt 0.730604 0.830454
vt 0.028992 0.425378
vt 0.262862 0.830454
vt 0.730604 0.830454
vt 0.964475 0.425378
vt 0.730605 0.020301
vt 0.730604 0.830454
vt 0.955595 0.980974
vt 0.955595 0.960551
vt 0.034785 0.960551
vt 0.034785 0.960551
vt 0.034785 0.980974
vt 0.955595 0.980974
vt 0.034785 0.940128
vt 0.034785 0.960551
vt 0.955595 0.960551
vt 0.955595 0.960551
vt 0.955595 0.940128
vt 0.034785 0.940128
vt 0.034785 0.919704
vt 0.034785 0.940128
vt 0.955595 0.940128
vt 0.955595 0.940128
vt 0.955595 0.919704
vt 0.034785 0.919704
vt 0.034785 0.899281
vt 0.034785 0.919704
vt 0.955595 0.919704
vt 0.955595 0.919704
vt 0.955595 0.899281
vt 0.034785 0.899281
vt 0.034785 0.878858
vt 0.034785 0.899281
vt 0.955595 0.899281
vt 0.955595 0.899281
vt 0.955595 0.878858
vt 0.034785 0.878858
vt 0.034785 0.858435
vt 0.034785 0.878858
vt 0.955595 0.878858
vt 0.955595 0.878858
vt 0.955595 0.858435
vt 0.034785 0.858435
vt 0.730605 0.020301
vt 0.262862 0.020301
vt 0.028992 0.425378
vt 0.730605 0.020301
vt 0.028992 0.425378
vt 0.730604 0.830454
vt 0.028992 0.425378
vt 0.262862 0.830454
vt 0.730604 0.830454
vt 0.964475 0.425378
vt 0.730605 0.020301
vt 0.730604 0.830454
vt 0.955595 0.980974
vt 0.955595 0.960551
vt 0.034785 0.960551
vt 0.034785 0.960551
vt 0.034785 0.980974
vt 0.955595 0.980974
vt 0.034785 0.940128
vt 0.034785 0.960551
vt 0.955595 0.960551
vt 0.955595 0.960551
vt 0.955595 0.940128
vt 0.034785 0.940128
vt 0.034785 0.919704
vt 0.034785 0.940128
vt 0.955595 0.940128
vt 0.955595 0.940128
vt 0.955595 0.919704
vt 0.034785 0.919704
vt 0.034785 0.899281
vt 0.034785 0.919704
vt 0.955595 0.919704
vt 0.955595 0.919704
vt 0.955595 0.899281
vt 0.034785 0.899281
vt 0.034785 0.878858
vt 0.034785 0.899281
vt 0.955595 0.899281
vt 0.955595 0.899281
vt 0.955595 0.878858
vt 0.034785 0.878858
vt 0.034785 0.858435
vt 0.034785 0.878858
vt 0.955595 0.878858
vt 0.955595 0.878858
vt 0.955595 0.858435
vt 0.034785 0.858435
vt 0.730605 0.020301
vt 0.262862 0.020301
vt 0.028992 0.425378
vt 0.730605 0.020301
vt 0.028992 0.425378
vt 0.730604 0.830454
vt 0.028992 0.425378
vt 0.262862 0.830454
vt 0.730604 0.830454
vt 0.964475 0.425378
vt 0.730605 0.020301
vt 0.730604 0.830454
vt 0.955595 0.980974
vt 0.955595 0.960551
vt 0.034785 0.960551
vt 0.034785 0.960551
vt 0.034785 0.980974
vt 0.955595 0.980974
vt 0.034785 0.940128
vt 0.034785 0.960551
vt 0.955595 0.960551
vt 0.955595 0.960551
vt 0.955595 0.940128
vt 0.034785 0.940128
vt 0.034785 0.919704
vt 0.034785 0.940128
vt 0.955595 0.940128
vt 0.955595 0.940128
vt 0.955595 0.919704
vt 0.034785 0.919704
vt 0.034785 0.899281
vt 0.034785 0.919704
vt 0.955595 0.919704
vt 0.955595 0.919704
vt 0.955595 0.899281
vt 0.034785 0.899281
vt 0.034785 0.878858
vt 0.034785 0.899281
vt 0.955595 0.899281
vt 0.955595 0.899281
vt 0.955595 0.878858
vt 0.034785 0.878858
vt 0.034785 0.858435
vt 0.034785 0.878858
vt 0.955595 0.878858
vt 0.955595 0.878858
vt 0.955595 0.858435
vt 0.034785 0.858435
vt 0.730605 0.020301
vt 0.262862 0.020301
vt 0.028992 0.425378
vt 0.730605 0.020301
vt 0.028992 0.425378
vt 0.730604 0.830454
vt 0.028992 0.425378
vt 0.262862 0.830454
vt 0.730604 0.830454
vt 0.964475 0.425378
vt 0.730605 0.020301
vt 0.730604 0.830454
vt 0.955595 0.980974
vt 0.955595 0.960551
vt 0.034785 0.960551
vt 0.034785 0.960551
vt 0.034785 0.980974
vt 0.955595 0.980974
vt 0.034785 0.940128
vt 0.034785 0.960551
vt 0.955595 0.960551
vt 0.955595 0.960551
vt 0.955595 0.940128
vt 0.034785 0.940128
vt 0.034785 0.919704
vt 0.034785 0.940128
vt 0.955595 0.940128
vt 0.955595 0.940128
vt 0.955595 0.919704
vt 0.034785 0.919704
vt 0.034785 0.899281
vt 0.034785 0.919704
vt 0.955595 0.919704
vt 0.955595 0.919704
vt 0.955595 0.899281
vt 0.034785 0.899281
vt 0.034785 0.878858
vt 0.034785 0.899281
vt 0.955595 0.899281
vt 0.955595 0.899281
vt 0.955595 0.878858
vt 0.034785 0.878858
vt 0.034785 0.858435
vt 0.034785 0.878858
vt 0.955595 0.878858
vt 0.955595 0.878858
vt 0.955595 0.858435
vt 0.034785 0.858435
vt 0.730605 0.020301
vt 0.262862 0.020301
vt 0.028992 0.425378
vt 0.730605 0.020301
vt 0.028992 0.425378
vt 0.730604 0.830454
vt 0.028992 0.425378
vt 0.262862 0.830454
vt 0.730604 0.830454
vt 0.964475 0.425378
vt 0.730605 0.020301
vt 0.730604 0.830454
vt 0.955595 0.980974
vt 0.955595 0.960551
vt 0.034785 0.960551
vt 0.034785 0.960551
vt 0.034785 0.980974
vt 0.955595 0.980974
vt 0.034785 0.940128
vt 0.034785 0.960551
vt 0.955595 0.960551
vt 0.955595 0.960551
vt 0.955595 0.940128
vt 0.034785 0.940128
vt 0.034785 0.919704
vt 0.034785 0.940128
vt 0.955595 0.940128
vt 0.955595 0.940128
vt 0.955595 0.919704
vt 0.034785 0.919704
vt 0.034785 0.899281
vt 0.034785 0.919704
vt 0.955595 0.919704
vt 0.955595 0.919704
vt 0.955595 0.899281
vt 0.034785 0.899281
vt 0.034785 0.878858
vt 0.034785 0.899281
vt 0.955595 0.899281
vt 0.955595 0.899281
vt 0.955595 0.878858
vt 0.034785 0.878858
vt 0.034785 0.858435
vt 0.034785 0.878858
vt 0.955595 0.878858
vt 0.955595 0.878858
vt 0.955595 0.858435
vt 0.034785 0.858435
vt 0.730605 0.020301
vt 0.262862 0.020301
vt 0.028992 0.425378
vt 0.730605 0.020301
vt 0.028992 0.425378
vt 0.730604 0.830454
vt 0.028992 0.425378
vt 0.262862 0.830454
vt 0.730604 0.830454
vt 0.964475 0.425378
vt 0.730605 0.020301
vt 0.730604 0.830454
vt 0.955595 0.980974
vt 0.955595 0.960551
vt 0.034785 0.960551
vt 0.034785 0.960551
vt 0.034785 0.980974
vt 0.955595 0.980974
vt 0.034785 0.940128
vt 0.034785 0.960551
vt 0.955595 0.960551
vt 0.955595 0.960551
vt 0.955595 0.940128
vt 0.034785 0.940128
vt 0.034785 0.919704
vt 0.034785 0.940128
vt 0.955595 0.940128
vt 0.955595 0.940128
vt 0.955595 0.919704
vt 0.034785 0.919704
vt 0.034785 0.899281
vt 0.034785 0.919704
vt 0.955595 0.919704
vt 0.955595 0.919704
vt 0.955595 0.899281
vt 0.034785 0.899281
vt 0.034785 0.878858
vt 0.034785 0.899281
vt 0.955595 0.899281
vt 0.955595 0.899281
vt 0.955595 0.878858
vt 0.034785 0.878858
vt 0.034785 0.858435
vt 0.034785 0.878858
vt 0.955595 0.878858
vt 0.955595 0.878858
vt 0.955595 0.858435
vt 0.034785 0.858435
vt 0.730605 0.020301
vt 0.262862 0.020301
vt 0.028992 0.425378
vt 0.730605 0.020301
vt 0.028992 0.425378
vt 0.730604 0.830454
vt 0.028992 0.425378
vt 0.262862 0.830454
vt 0.730604 0.830454
vt 0.964475 0.425378
vt 0.730605 0.020301
vt 0.730604 0.830454
vt 0.955595 0.980974
vt 0.955595 0.960551
vt 0.034785 0.960551
vt 0.034785 0.960551
vt 0.034785 0.980974
vt 0.955595 0.980974
vt 0.034785 0.940128
vt 0.034785 0.960551
vt 0.955595 0.960551
vt 0.955595 0.960551
vt 0.955595 0.940128
vt 0.034785 0.940128
vt 0.034785 0.919704
vt 0.034785 0.940128
vt 0.955595 0.940128
vt 0.955595 0.940128
vt 0.955595 0.919704
vt 0.034785 0.919704
vt 0.034785 0.899281
vt 0.034785 0.919704
vt 0.955595 0.919704
vt 0.955595 0.919704
vt 0.955595 0.899281
vt 0.034785 0.899281
vt 0.034785 0.878858
vt 0.034785 0.899281
vt 0.955595 0.899281
vt 0.955595 0.899281
vt 0.955595 0.878858
vt 0.034785 0.878858
vt 0.034785 0.858435
vt 0.034785 0.878858
vt 0.955595 0.878858
vt 0.955595 0.878858
vt 0.955595 0.858435
vt 0.034785 0.858435
vt 0.730605 0.020301
vt 0.262862 0.020301
vt 0.028992 0.425378
vt 0.730605 0.020301
vt 0.028992 0.425378
vt 0.730604 0.830454
vt 0.028992 0.425378
vt 0.262862 0.830454
vt 0.730604 0.830454
vt 0.964475 0.425378
vt 0.730605 0.020301
vt 0.730604 0.830454
vt 0.955595 0.980974
vt 0.955595 0.960551
vt 0.034785 0.960551
vt 0.034785 0.960551
vt 0.034785 0.980974
vt 0.955595 0.980974
vt 0.034785 0.940128
vt 0.034785 0.960551
vt 0.955595 0.960551
vt 0.955595 0.960551
vt 0.955595 0.940128
vt 0.034785 0.940128
vt 0.034785 0.919704
vt 0.034785 0.940128
vt 0.955595 0.940128
vt 0.955595 0.940128
vt 0.955595 0.919704
vt 0.034785 0.919704
vt 0.034785 0.899281
vt 0.034785 0.919704
vt 0.955595 0.919704
vt 0.955595 0.919704
vt 0.955595 0.899281
vt 0.034785 0.899281
vt 0.034785 0.878858
vt 0.034785 0.899281
vt 0.955595 0.899281
vt 0.955595 0.899281
vt 0.955595 0.878858
vt 0.034785 0.878858
vt 0.034785 0.858435
vt 0.034785 0.878858
vt 0.955595 0.878858
vt 0.955595 0.878858
vt 0.955595 0.858435
vt 0.034785 0.858435
vt 0.730605 0.020301
vt 0.262862 0.020301
vt 0.028992 0.425378
vt 0.730605 0.020301
vt 0.028992 0.425378
vt 0.730604 0.830454
vt 0.028992 0.425378
vt 0.262862 0.830454
vt 0.730604 0.830454
vt 0.964475 0.425378
vt 0.730605 0.020301
vt 0.730604 0.830454
vt 0.955595 0.980974
vt 0.955595 0.960551
vt 0.034785 0.960551
vt 0.034785 0.960551
vt 0.034785 0.980974
vt 0.955595 0.980974
vt 0.034785 0.940128
vt 0.034785 0.960551
vt 0.955595 0.960551
vt 0.955595 0.960551
vt 0.955595 0.940128
vt 0.034785 0.940128
vt 0.034785 0.919704
vt 0.034785 0.940128
vt 0.955595 0.940128
vt 0.955595 0.940128
vt 0.955595 0.919704
vt 0.034785 0.919704
vt 0.034785 0.899281
vt 0.034785 0.919704
vt 0.955595 0.919704
vt 0.955595 0.919704
vt 0.955595 0.899281
vt 0.034785 0.899281
vt 0.034785 0.878858
vt 0.034785 0.899281
vt 0.955595 0.899281
vt 0.955595 0.899281
vt 0.955595 0.878858
vt 0.034785 0.878858
vt 0.034785 0.858435
vt 0.034785 0.878858
vt 0.955595 0.878858
vt 0.955595 0.878858
vt 0.955595 0.858435
vt 0.034785 0.858435
vt 0.730605 0.020301
vt 0.262862 0.020301
vt 0.028992 0.425378
vt 0.730605 0.020301
vt 0.028992 0.425378
vt 0.730604 0.830454
vt 0.028992 0.425378
vt 0.262862 0.830454
vt 0.730604 0.830454
vt 0.964475 0.425378
vt 0.730605 0.020301
vt 0.730604 0.830454
vt 0.955595 0.980974
vt 0.955595 0.960551
vt 0.034785 0.960551
vt 0.034785 0.960551
vt 0.034785 0.980974
vt 0.955595 0.980974
vt 0.034785 0.940128
vt 0.034785 0.960551
vt 0.955595 0.960551
vt 0.955595 0.960551
vt 0.955595 0.940128
vt 0.034785 0.940128
vt 0.034785 0.919704
vt 0.034785 0.940128
vt 0.955595 0.940128
vt 0.955595 0.940128
vt 0.955595 0.919704
vt 0.034785 0.919704
vt 0.034785 0.899281
vt 0.034785 0.919704
vt 0.955595 0.919704
vt 0.955595 0.919704
vt 0.955595 0.899281
vt 0.034785 0.899281
vt 0.034785 0.878858
vt 0.034785 0.899281
vt 0.955595 0.899281
vt 0.955595 0.899281
vt 0.955595 0.878858
vt 0.034785 0.878858
vt 0.034785 0.858435
vt 0.034785 0.878858
vt 0.955595 0.878858
vt 0.955595 0.878858
vt 0.955595 0.858435
vt 0.034785 0.858435
vt 0.730605 0.020301
vt 0.262862 0.020301
vt 0.028992 0.425378
vt 0.730605 0.020301
vt 0.028992 0.425378
vt 0.730604 0.830454
vt 0.028992 0.425378
vt 0.262862 0.830454
vt 0.730604 0.830454
vt 0.964475 0.425378
vt 0.730605 0.020301
vt 0.730604 0.830454
vt 0.955595 0.980974
vt 0.955595 0.960551
vt 0.034785 0.960551
vt 0.034785 0.960551
vt 0.034785 0.980974
vt 0.955595 0.980974
vt 0.034785 0.940128
vt 0.034785 0.960551
vt 0.955595 0.960551
vt 0.955595 0.960551
vt 0.955595 0.940128
vt 0.034785 0.940128
vt 0.034785 0.919704
vt 0.034785 0.940128
vt 0.955595 0.940128
vt 0.955595 0.940128
vt 0.955595 0.919704
vt 0.034785 0.919704
vt 0.034785 0.899281
vt 0.034785 0.919704
vt 0.955595 0.919704
vt 0.955595 0.919704
vt 0.955595 0.899281
vt 0.034785 0.899281
vt 0.034785 0.878858
vt 0.034785 0.899281
vt 0.955595 0.899281
vt 0.955595 0.899281
vt 0.955595 0.878858
vt 0.034785 0.878858
vt 0.034785 0.858435
vt 0.034785 0.878858
vt 0.955595 0.878858
vt 0.955595 0.878858
vt 0.955595 0.858435
vt 0.034785 0.858435
vt 0.730605 0.020301
vt 0.262862 0.020301
vt 0.028992 0.425378
vt 0.730605 0.020301
vt 0.028992 0.425378
vt 0.730604 0.830454
vt 0.028992 0.425378
vt 0.262862 0.830454
vt 0.730604 0.830454
vt 0.964475 0.425378
vt 0.730605 0.020301
vt 0.730604 0.830454
vt 0.955595 0.980974
vt 0.955595 0.960551
vt 0.034785 0.960551
vt 0.034785 0.960551
vt 0.034785 0.980974
vt 0.955595 0.980974
vt 0.034785 0.940128
vt 0.034785 0.960551
vt 0.955595 0.960551
vt 0.955595 0.960551
vt 0.955595 0.940128
vt 0.034785 0.940128
vt 0.034785 0.919704
vt 0.034785 0.940128
vt 0.955595 0.940128
vt 0.955595 0.940128
vt 0.955595 0.919704
vt 0.034785 0.919704
vt 0.034785 0.899281
vt 0.034785 0.919704
vt 0.955595 0.919704
vt 0.955595 0.919704
vt 0.955595 0.899281
vt 0.034785 0.899281
vt 0.034785 0.878858
vt 0.034785 0.899281
vt 0.955595 0.899281
vt 0.955595 0.899281
vt 0.955595 0.878858
vt 0.034785 0.878858
vt 0.034785 0.858435
vt 0.034785 0.878858
vt 0.955595 0.878858
vt 0.955595 0.878858
vt 0.955595 0.858435
vt 0.034785 0.858435
vt 0.730605 0.020301
vt 0.262862 0.020301
vt 0.028992 0.425378
vt 0.730605 0.020301
vt 0.028992 0.425378
vt 0.730604 0.830454
vt 0.028992 0.425378
vt 0.262862 0.830454
vt 0.730604 0.830454
vt 0.964475 0.425378
vt 0.730605 0.020301
vt 0.730604 0.830454
vt 0.955595 0.980974
vt 0.955595 0.960551
vt 0.034785 0.960551
vt 0.034785 0.960551
vt 0.034785 0.980974
vt 0.955595 0.980974
vt 0.034785 0.940128
vt 0.034785 0.960551
vt 0.955595 0.960551
vt 0.955595 0.960551
vt 0.955595 0.940128
vt 0.034785 0.940128
vt 0.034785 0.919704
vt 0.034785 0.940128
vt 0.955595 0.940128
vt 0.955595 0.940128
vt 0.955595 0.919704
vt 0.034785 0.919704
vt 0.034785 0.899281
vt 0.034785 0.919704
vt 0.955595 0.919704
vt 0.955595 0.919704
vt 0.955595 0.899281
vt 0.034785 0.899281
vt 0.034785 0.878858
vt 0.034785 0.899281
vt 0.955595 0.899281
vt 0.955595 0.899281
vt 0.955595 0.878858
vt 0.034785 0.878858
vt 0.034785 0.858435
vt 0.034785 0.878858
vt 0.955595 0.878858
vt 0.955595 0.878858
vt 0.955595 0.858435
vt 0.034785 0.858435
vt 0.730605 0.020301
vt 0.262862 0.020301
vt 0.028992 0.425378
vt 0.730605 0.020301
vt 0.028992 0.425378
vt 0.730604 0.830454
vt 0.028992 0.425378
vt 0.262862 0.830454
vt 0.730604 0.830454
vt 0.964475 0.425378
vt 0.730605 0.020301
vt 0.730604 0.830454
vt 0.955595 0.980974
vt 0.955595 0.960551
vt 0.034785 0.960551
vt 0.034785 0.960551
vt 0.034785 0.980974
vt 0.955595 0.980974
vt 0.034785 0.940128
vt 0.034785 0.960551
vt 0.955595 0.960551
vt 0.955595 0.960551
vt 0.955595 0.940128
vt 0.034785 0.940128
vt 0.034785 0.919704
vt 0.034785 0.940128
vt 0.955595 0.940128
vt 0.955595 0.940128
vt 0.955595 0.919704
vt 0.034785 0.919704
vt 0.034785 0.899281
vt 0.034785 0.919704
vt 0.955595 0.919704
vt 0.955595 0.919704
vt 0.955595 0.899281
vt 0.034785 0.899281
vt 0.034785 0.878858
vt 0.034785 0.899281
vt 0.955595 0.899281
vt 0.955595 0.899281
vt 0.955595 0.878858
vt 0.034785 0.878858
vt 0.034785 0.858435
vt 0.034785 0.878858
vt 0.955595 0.878858
vt 0.955595 0.878858
vt 0.955595 0.858435
vt 0.034785 0.858435
vt 0.730605 0.020301
vt 0.262862 0.020301
vt 0.028992 0.425378
vt 0.730605 0.020301
vt 0.028992 0.425378
vt 0.730604 0.830454
vt 0.028992 0.425378
vt 0.262862 0.830454
vt 0.730604 0.830454
vt 0.964475 0.425378
vt 0.730605 0.020301
vt 0.730604 0.830454
vt 0.955595 0.980974
vt 0.955595 0.960551
vt 0.034785 0.960551
vt 0.034785 0.960551
vt 0.034785 0.980974
vt 0.955595 0.980974
vt 0.034785 0.940128
vt 0.034785 0.960551
vt 0.955595 0.960551
vt 0.955595 0.960551
vt 0.955595 0.940128
vt 0.034785 0.940128
vt 0.034785 0.919704
vt 0.034785 0.940128
vt 0.955595 0.940128
vt 0.955595 0.940128
vt 0.955595 0.919704
vt 0.034785 0.919704
vt 0.034785 0.899281
vt 0.034785 0.919704
vt 0.955595 0.919704
vt 0.955595 0.919704
vt 0.955595 0.899281
vt 0.034785 0.899281
vt 0.034785 0.878858
vt 0.034785 0.899281
vt 0.955595 0.899281
vt 0.955595 0.899281
vt 0.955595 0.878858
vt 0.034785 0.878858
vt 0.034785 0.858435
vt 0.034785 0.878858
vt 0.955595 0.878858
vt 0.955595 0.878858
vt 0.955595 0.858435
vt 0.034785 0.858435
vt 0.730605 0.020301
vt 0.262862 0.020301
vt 0.028992 0.425378
vt 0.730605 0.020301
vt 0.028992 0.425378
vt 0.730604 0.830454
vt 0.028992 0.425378
vt 0.262862 0.830454
vt 0.730604 0.830454
vt 0.964475 0.425378
vt 0.730605 0.020301
vt 0.730604 0.830454
vt 0.955595 0.980974
vt 0.955595 0.960551
vt 0.034785 0.960551
vt 0.034785 0.960551
vt 0.034785 0.980974
vt 0.955595 0.980974
vt 0.034785 0.940128
vt 0.034785 0.960551
vt 0.955595 0.960551
vt 0.955595 0.960551
vt 0.955595 0.940128
vt 0.034785 0.940128
vt 0.034785 0.919704
vt 0.034785 0.940128
vt 0.955595 0.940128
vt 0.955595 0.940128
vt 0.955595 0.919704
vt 0.034785 0.919704
vt 0.034785 0.899281
vt 0.034785 0.919704
vt 0.955595 0.919704
vt 0.955595 0.919704
vt 0.955595 0.899281
vt 0.034785 0.899281
vt 0.034785 0.878858
vt 0.034785 0.899281
vt 0.955595 0.899281
vt 0.955595 0.899281
vt 0.955595 0.878858
vt 0.034785 0.878858
vt 0.034785 0.858435
vt 0.034785 0.878858
vt 0.955595 0.878858
vt 0.955595 0.878858
vt 0.955595 0.858435
vt 0.034785 0.858435
vt 0.730605 0.020301
vt 0.262862 0.020301
vt 0.028992 0.425378
vt 0.730605 0.020301
vt 0.028992 0.425378
vt 0.730604 0.830454
vt 0.028992 0.425378
vt 0.262862 0.830454
vt 0.730604 0.830454
vt 0.964475 0.425378
vt 0.730605 0.020301
vt 0.730604 0.830454
vt 0.955595 0.980974
vt 0.955595 0.960551
vt 0.034785 0.960551
vt 0.034785 0.960551
vt 0.034785 0.980974
vt 0.955595 0.980974
vt 0.034785 0.940128
vt 0.034785 0.960551
vt 0.955595 0.960551
vt 0.955595 0.960551
vt 0.955595 0.940128
vt 0.034785 0.940128
vt 0.034785 0.919704
vt 0.034785 0.940128
vt 0.955595 0.940128
vt 0.955595 0.940128
vt 0.955595 0.919704
vt 0.034785 0.919704
vt 0.034785 0.899281
vt 0.034785 0.919704
vt 0.955595 0.919704
vt 0.955595 0.919704
vt 0.955595 0.899281
vt 0.034785 0.899281
vt 0.034785 0.878858
vt 0.034785 0.899281
vt 0.955595 0.899281
vt 0.955595 0.899281
vt 0.955595 0.878858
vt 0.034785 0.878858
vt 0.034785 0.858435
vt 0.034785 0.878858
vt 0.955595 0.878858
vt 0.955595 0.878858
vt 0.955595 0.858435
vt 0.034785 0.858435
vt 0.730605 0.020301
vt 0.262862 0.020301
vt 0.028992 0.425378
vt 0.730605 0.020301
vt 0.028992 0.425378
vt 0.730604 0.830454
vt 0.028992 0.425378
vt 0.262862 0.830454
vt 0.730604 0.830454
vt 0.964475 0.425378
vt 0.730605 0.020301
vt 0.730604 0.830454
vt 0.955595 0.980974
vt 0.955595 0.960551
vt 0.034785 0.960551
vt 0.034785 0.960551
vt 0.034785 0.980974
vt 0.955595 0.980974
vt 0.034785 0.940128
vt 0.034785 0.960551
vt 0.955595 0.960551
vt 0.955595 0.960551
vt 0.955595 0.940128
vt 0.034785 0.940128
vt 0.034785 0.919704
vt 0.034785 0.940128
vt 0.955595 0.940128
vt 0.955595 0.940128
vt 0.955595 0.919704
vt 0.034785 0.919704
vt 0.034785 0.899281
vt 0.034785 0.919704
vt 0.955595 0.919704
vt 0.955595 0.919704
vt 0.955595 0.899281
vt 0.034785 0.899281
vt 0.034785 0.878858
vt 0.034785 0.899281
vt 0.955595 0.899281
vt 0.955595 0.899281
vt 0.955595 0.878858
vt 0.034785 0.878858
vt 0.034785 0.858435
vt 0.034785 0.878858
vt 0.955595 0.878858
vt 0.955595 0.878858
vt 0.955595 0.858435
vt 0.034785 0.858435
vt 0.730605 0.020301
vt 0.262862 0.020301
vt 0.028992 0.425378
vt 0.730605 0.020301
vt 0.028992 0.425378
vt 0.730604 0.830454
vt 0.028992 0.425378
vt 0.262862 0.830454
vt 0.730604 0.830454
vt 0.964475 0.425378
vt 0.730605 0.020301
vt 0.730604 0.830454
vt 0.955595 0.980974
vt 0.955595 0.960551
vt 0.034785 0.960551
vt 0.034785 0.960551
vt 0.034785 0.980974
vt 0.955595 0.980974
vt 0.034785 0.940128
vt 0.034785 0.960551
vt 0.955595 0.960551
vt 0.955595 0.960551
vt 0.955595 0.940128
vt 0.034785 0.940128
vt 0.034785 0.919704
vt 0.034785 0.940128
vt 0.955595 0.940128
vt 0.955595 0.940128
vt 0.955595 0.919704
vt 0.034785 0.919704
vt 0.034785 0.899281
vt 0.034785 0.919704
vt 0.955595 0.919704
vt 0.955595 0.919704
vt 0.955595 0.899281
vt 0.034785 0.899281
vt 0.034785 0.878858
vt 0.034785 0.899281
vt 0.955595 0.899281
vt 0.955595 0.899281
vt 0.955595 0.878858
vt 0.034785 0.878858
vt 0.034785 0.858435
vt 0.034785 0.878858
vt 0.955595 0.878858
vt 0.955595 0.878858
vt 0.955595 0.858435
vt 0.034785 0.858435
vt 0.730605 0.020301
vt 0.262862 0.020301
vt 0.028992 0.425378
vt 0.730605 0.020301
vt 0.028992 0.425378
vt 0.730604 0.830454
vt 0.028992 0.425378
vt 0.262862 0.830454
vt 0.730604 0.830454
vt 0.964475 0.425378
vt 0.730605 0.020301
vt 0.730604 0.830454
vt 0.955595 0.980974
vt 0.955595 0.960551
vt 0.034785 0.960551
vt 0.034785 0.960551
vt 0.034785 0.980974
vt 0.955595 0.980974
vt 0.034785 0.940128
vt 0.034785 0.960551
vt 0.955595 0.960551
vt 0.955595 0.960551
vt 0.955595 0.940128
vt 0.034785 0.940128
vt 0.034785 0.919704
vt 0.034785 0.940128
vt 0.955595 0.940128
vt 0.955595 0.940128
vt 0.955595 0.919704
vt 0.034785 0.919704
vt 0.034785 0.899281
vt 0.034785 0.919704
vt 0.955595 0.919704
vt 0.955595 0.919704
vt 0.955595 0.899281
vt 0.034785 0.899281
vt 0.034785 0.878858
vt 0.034785 0.899281
vt 0.955595 0.899281
vt 0.955595 0.899281
vt 0.955595 0.878858
vt 0.034785 0.878858
vt 0.034785 0.858435
vt 0.034785 0.878858
vt 0.955595 0.878858
vt 0.955595 0.878858
vt 0.955595 0.858435
vt 0.034785 0.858435
vt 0.730605 0.020301
vt 0.262862 0.020301
vt 0.028992 0.425378
vt 0.730605 0.020301
vt 0.028992 0.425378
vt 0.730604 0.830454
vt 0.028992 0.425378
vt 0.262862 0.830454
vt 0.730604 0.830454
vt 0.964475 0.425378
vt 0.730605 0.020301
vt 0.730604 0.830454
vt 0.955595 0.980974
vt 0.955595 0.960551
vt 0.034785 0.960551
vt 0.034785 0.960551
vt 0.034785 0.980974
vt 0.955595 0.980974
vt 0.034785 0.940128
vt 0.034785 0.960551
vt 0.955595 0.960551
vt 0.955595 0.960551
vt 0.955595 0.940128
vt 0.034785 0.940128
vt 0.034785 0.919704
vt 0.034785 0.940128
vt 0.955595 0.940128
vt 0.955595 0.940128
vt 0.955595 0.919704
vt 0.034785 0.919704
vt 0.034785 0.899281
vt 0.034785 0.919704
vt 0.955595 0.919704
vt 0.955595 0.919704
vt 0.955595 0.899281
vt 0.034785 0.899281
vt 0.034785 0.878858
vt 0.034785 0.899281
vt 0.955595 0.899281
vt 0.955595 0.899281
vt 0.955595 0.878858
vt 0.034785 0.878858
vt 0.034785 0.858435
vt 0.034785 0.878858
vt 0.955595 0.878858
vt 0.955595 0.878858
vt 0.955595 0.858435
vt 0.034785 0.858435
vt 0.730605 0.020301
vt 0.262862 0.020301
vt 0.028992 0.425378
vt 0.730605 0.020301
vt 0.028992 0.425378
vt 0.730604 0.830454
vt 0.028992 0.425378
vt 0.262862 0.830454
vt 0.730604 0.830454
vt 0.964475 0.425378
vt 0.730605 0.020301
vt 0.730604 0.830454
vt 0.955595 0.980974
vt 0.955595 0.960551
vt 0.034785 0.960551
vt 0.034785 0.960551
vt 0.034785 0.980974
vt 0.955595 0.980974
vt 0.034785 0.940128
vt 0.034785 0.960551
vt 0.955595 0.960551
vt 0.955595 0.960551
vt 0.955595 0.940128
vt 0.034785 0.940128
vt 0.034785 0.919704
vt 0.034785 0.940128
vt 0.955595 0.940128
vt 0.955595 0.940128
vt 0.955595 0.919704
vt 0.034785 0.919704
vt 0.034785 0.899281
vt 0.034785 0.919704
vt 0.955595 0.919704
vt 0.955595 0.919704
vt 0.955595 0.899281
vt 0.034785 0.899281
vt 0.034785 0.878858
vt 0.034785 0.899281
vt 0.955595 0.899281
vt 0.955595 0.899281
vt 0.955595 0.878858
vt 0.034785 0.878858
vt 0.034785 0.858435
vt 0.034785 0.878858
vt 0.955595 0.878858
vt 0.955595 0.878858
vt 0.955595 0.858435
vt 0.034785 0.858435
vt 0.730605 0.020301
vt 0.262862 0.020301
vt 0.028992 0.425378
vt 0.730605 0.020301
vt 0.028992 0.425378
vt 0.730604 0.830454
vt 0.028992 0.425378
vt 0.262862 0.830454
vt 0.730604 0.830454
vt 0.964475 0.425378
vt 0.730605 0.020301
vt 0.730604 0.830454
vt 0.955595 0.980974
vt 0.955595 0.960551
vt 0.034785 0.960551
vt 0.034785 0.960551
vt 0.034785 0.980974
vt 0.955595 0.980974
vt 0.034785 0.940128
vt 0.034785 0.960551
vt 0.955595 0.960551
vt 0.955595 0.960551
vt 0.955595 0.940128
vt 0.034785 0.940128
vt 0.034785 0.919704
vt 0.034785 0.940128
vt 0.955595 0.940128
vt 0.955595 0.940128
vt 0.955595 0.919704
vt 0.034785 0.919704
vt 0.034785 0.899281
vt 0.034785 0.919704
vt 0.955595 0.919704
vt 0.955595 0.919704
vt 0.955595 0.899281
vt 0.034785 0.899281
vt 0.034785 0.878858
vt 0.034785 0.899281
vt 0.955595 0.899281
vt 0.955595 0.899281
vt 0.955595 0.878858
vt 0.034785 0.878858
vt 0.034785 0.858435
vt 0.034785 0.878858
vt 0.955595 0.878858
vt 0.955595 0.878858
vt 0.955595 0.858435
vt 0.034785 0.858435
vt 0.730605 0.020301
vt 0.262862 0.020301
vt 0.028992 0.425378
vt 0.730605 0.020301
vt 0.028992 0.425378
vt 0.730604 0.830454
vt 0.028992 0.425378
vt 0.262862 0.830454
vt 0.730604 0.830454
vt 0.964475 0.425378
vt 0.730605 0.020301
vt 0.730604 0.830454
vt 0.955595 0.980974
vt 0.955595 0.960551
vt 0.034785 0.960551
vt 0.034785 0.960551
vt 0.034785 0.980974
vt 0.955595 0.980974
vt 0.034785 0.940128
vt 0.034785 0.960551
vt 0.955595 0.960551
vt 0.955595 0.960551
vt 0.955595 0.940128
vt 0.034785 0.940128
vt 0.034785 0.919704
vt 0.034785 0.940128
vt 0.955595 0.940128
vt 0.955595 0.940128
vt 0.955595 0.919704
vt 0.034785 0.919704
vt 0.034785 0.899281
vt 0.034785 0.919704
vt 0.955595 0.919704
vt 0.955595 0.919704
vt 0.955595 0.899281
vt 0.034785 0.899281
vt 0.034785 0.878858
vt 0.034785 0.899281
vt 0.955595 0.899281
vt 0.955595 0.899281
vt 0.955595 0.878858
vt 0.034785 0.878858
vt 0.034785 0.858435
vt 0.034785 0.878858
vt 0.955595 0.878858
vt 0.955595 0.878858
vt 0.955595 0.858435
vt 0.034785 0.858435
vt 0.730605 0.020301
vt 0.262862 0.020301
vt 0.028992 0.425378
vt 0.730605 0.020301
vt 0.028992 0.425378
vt 0.730604 0.830454
vt 0.028992 0.425378
vt 0.262862 0.830454
vt 0.730604 0.830454
vt 0.964475 0.425378
vt 0.730605 0.020301
vt 0.730604 0.830454

# 7500 Vertex Normals
vn 0.002402 0.003701 -0.99999
vn 0.000601 0.001933 -0.999998
vn 0.002402 0.003701 -0.99999
vn 0.002402 0.003701 -0.99999
vn 0.004203 0.00547 -0.999976
vn 0.002402 0.003701 -0.99999
vn -0.0 1.0 0.0
vn -0.0 1.0 0.0
vn -0.0 1.0 0.0
vn -0.0 1.0 0.0
vn -0.0 1.0 0.0
vn -0.0 1.0 0.0
vn 1.0 0.0 0.0
vn 1.0 0.0 0.0
vn 1.0 0.0 0.0
vn 1.0 0.0 0.0
vn 1.0 0.0 -0.0
vn 1.0 0.0 0.0
vn -0.002402 0.003701 -0.99999
vn -0.004203 0.00547 -0.999976
vn -0.002402 0.003701 -0.99999
vn -0.002402 0.003701 -0.99999
vn -0.000601 0.001932 -0.999998
vn -0.002402 0.003701 -0.99999
vn -0.0 1.0 0.0
vn -0.0 1.0 0.0
vn -0.0 1.0 0.0
vn -0.0 1.0 0.0
vn -0.0 1.0 0.0
vn -0.0 1.0 0.0
vn -1.0 0.0 0.0
vn -1.0 0.0 -0.0
vn -1.0 0.0 0.0
vn -1.0 0.0 0.0
vn -1.0 0.0 0.0
vn -1.0 0.0 0.0
vn 0.0 1.0 0.0
vn -0.0 1.0 0.0
vn 0.0 1.0 0.0
vn 0.0 1.0 0.0
vn 0.0 1.0 0.0
vn 0.0 1.0 0.0
vn 0.0 0.0 1.0
vn 0.0 -0.0 1.0
vn 0.0 0.0 1.0
vn 0.0 0.0 1.0
vn 0.0 0.0 1.0
vn 0.0 0.0 1.0
vn 1.0 0.0 -0.0
vn 1.0 0.0 -0.0
vn 1.0 0.0 -0.0
vn 1.0 0.0 -0.0
vn 1.0 0.0 0.0
vn 1.0 0.0 -0.0
vn 0.0 0.0 -1.0
vn 0.0 -0.0 -1.0
vn 0.0 0.0 -1.0
vn 0.0 0.0 -1.0
vn 0.0 0.0 -1.0
vn 0.0 0.0 -1.0
vn -1.0 0.0 -0.0
vn -1.0 0.0 -0.0
vn -1.0 0.0 -0.0
vn -1.0 0.0 -0.0
vn -1.0 0.0 0.0
vn -1.0 0.0 -0.0
vn 0.384971 0.000003 0.922928
vn 0.384969 0.0 0.922929
vn 0.384971 0.000003 0.922928
vn 0.384971 0.000003 0.922928
vn 0.384974 0.000005 0.922927
vn 0.384971 0.000003 0.922928
vn 1.0 0.0 0.0
vn 1.0 0.0 -0.0
vn 1.0 0.0 0.0
vn 1.0 0.0 0.0
vn 1.0 0.0 0.0
vn 1.0 0.0 0.0
vn 0.0 1.0 0.0
vn -0.0 1.0 0.0
vn 0.0 1.0 0.0
vn 0.0 1.0 0.0
vn 0.0 1.0 0.0
vn 0.0 1.0 0.0
vn -0.384973 0.000003 0.922928
vn -0.384975 0.000005 0.922927
vn -0.384973 0.000003 0.922928
vn -0.384973 0.000003 0.922928
vn -0.38497 -0.0 0.922929
vn -0.384973 0.000003 0.922928
vn -1.0 0.0 -0.0
vn -1.0 0.0 -0.0
vn -1.0 0.0 -0.0
vn -1.0 0.0 -0.0
vn -1.0 0.0 0.0
vn -1.0 0.0 -0.0
vn 0.0 1.0 0.0
vn 0.0 1.0 0.0
vn 0.0 1.0 0.0
vn 0.0 1.0 0.0
vn 0.0 1.0 0.0
vn 0.0 1.0 0.0
vn 0.967421 -0.004979 0.253123
vn 0.726137 -0.0 0.687551
vn 0.726137 -0.0 0.687551
vn 0.726137 -0.0 0.687551
vn 0.726137 -0.0 0.687551
vn 0.18835 -0.0 0.982102
vn 0.725433 -0.019654 0.688012
vn 0.968552 -0.009946 0.248614
vn 0.967421 -0.004979 0.253123
vn 0.967421 -0.004979 0.253123
vn 0.968552 -0.009946 0.248614
vn 1.0 0.0 -0.0
vn 1.0 0.0 -0.0
vn 1.0 0.0 0.0
vn 0.967421 -0.004979 0.253123
vn 0.527286 -0.018758 0.849481
vn 0.527286 -0.018758 0.849481
vn 0.725433 -0.019654 0.688012
vn 0.18835 -0.0 0.982102
vn -0.283898 -0.0 0.958854
vn 0.0 -0.0 1.0
vn 0.0 -0.0 1.0
vn 0.0 0.0 1.0
vn 0.18835 -0.0 0.982102
vn -0.283898 -0.0 0.958854
vn -0.726137 0.0 0.68755
vn -0.726137 0.0 0.68755
vn -0.726137 0.0 0.68755
vn -0.726137 0.0 0.68755
vn -0.985257 0.0 0.171079
vn -1.0 0.0 -0.0
vn -1.0 0.0 -0.0
vn -0.985257 0.0 0.171079
vn -0.985257 0.0 0.171079
vn -1.0 0.0 0.0
vn -1.0 0.0 -0.0
vn 0.970504 0.194757 0.1421
vn 0.87337 0.399631 0.278423
vn 0.999902 0.005398 0.012877
vn 0.999902 0.005398 0.012877
vn 0.999668 0.000068 0.025754
vn 0.970504 0.194757 0.1421
vn 0.87337 0.399631 0.278423
vn 0.970504 0.194757 0.1421
vn 0.607524 0.648546 0.458587
vn 0.607524 0.648546 0.458587
vn 0.467118 0.721301 0.511395
vn 0.87337 0.399631 0.278423
vn 0.467118 0.721301 0.511395
vn 0.607524 0.648546 0.458587
vn 0.222599 0.795265 0.563917
vn 0.222599 0.795265 0.563917
vn 0.118434 0.810302 0.57392
vn 0.467118 0.721301 0.511395
vn 0.118434 0.810302 0.57392
vn 0.222599 0.795265 0.563917
vn -0.167209 0.804172 0.570393
vn -0.167209 0.804172 0.570393
vn -0.177973 0.803328 0.568322
vn 0.118434 0.810302 0.57392
vn -0.467118 0.721301 0.511395
vn -0.177973 0.803328 0.568322
vn -0.167209 0.804172 0.570393
vn -0.167209 0.804172 0.570393
vn -0.607524 0.648546 0.458587
vn -0.467118 0.721301 0.511395
vn -0.87337 0.399631 0.278423
vn -0.467118 0.721301 0.511395
vn -0.607524 0.648546 0.458587
vn -0.607524 0.648546 0.458587
vn -0.970504 0.194757 0.1421
vn -0.87337 0.399631 0.278423
vn -0.999902 0.005398 0.012877
vn -0.87337 0.399631 0.278423
vn -0.970504 0.194757 0.1421
vn -0.970504 0.194757 0.1421
vn -0.999668 0.000068 0.025754
vn -0.999902 0.005398 0.012877
vn 0.000674 -0.001657 -0.999998
vn 0.001347 -0.002604 -0.999996
vn 0.001487 -0.002237 -0.999996
vn 0.001487 -0.002237 -0.999996
vn 0.0 -0.001113 -0.999999
vn 0.000674 -0.001657 -0.999998
vn 0.001487 -0.002237 -0.999996
vn 0.001347 -0.002604 -0.999996
vn 0.002976 -0.003042 -0.999991
vn 0.002976 -0.003042 -0.999991
vn 0.00379 -0.00306 -0.999988
vn 0.001487 -0.002237 -0.999996
vn 0.004326 -0.003492 -0.999985
vn 0.00379 -0.00306 -0.999988
vn 0.002976 -0.003042 -0.999991
vn -0.665185 -0.0 -0.746679
vn -0.23052 -0.0 -0.973067
vn -0.309452 -0.0 -0.950915
vn -0.309452 -0.0 -0.950915
vn -0.841218 0.0 -0.540697
vn -0.665185 -0.0 -0.746679
vn -0.986965 0.002003 -0.160924
vn -0.665185 -0.0 -0.746679
vn -0.841218 0.0 -0.540697
vn -0.841218 0.0 -0.540697
vn -0.986734 0.0 -0.162347
vn -0.986965 0.002003 -0.160924
vn 0.009132 -0.0 -0.999958
vn -0.309452 -0.0 -0.950915
vn -0.23052 -0.0 -0.973067
vn -0.986965 0.002003 -0.160924
vn -0.986734 0.0 -0.162347
vn -0.999978 0.003958 -0.005371
vn -0.999978 0.003958 -0.005371
vn -0.999966 0.007916 -0.002484
vn -0.986965 0.002003 -0.160924
vn 0.0 -1.0 0.0
vn 0.0 -1.0 0.0
vn -0.004851 -0.999987 0.001747
vn 0.0 -1.0 0.0
vn -0.004851 -0.999987 0.001747
vn -0.002201 -0.999981 0.005761
vn -0.002201 -0.999981 0.005761
vn 0.000001 -1.0 0.0
vn 0.0 -1.0 0.0
vn -0.007196 -0.999973 0.001398
vn -0.002201 -0.999981 0.005761
vn -0.004851 -0.999987 0.001747
vn -0.004851 -0.999987 0.001747
vn -0.014688 -0.999879 -0.005148
vn -0.007196 -0.999973 0.001398
vn -0.014688 -0.999879 -0.005148
vn -0.008287 -0.999966 0.0
vn -0.007196 -0.999973 0.001398
vn -0.007196 -0.999973 0.001398
vn -0.008287 -0.999966 0.0
vn 0.005524 -0.999985 0.0
vn 0.005524 -0.999985 0.0
vn 0.008995 -0.999958 0.001747
vn -0.007196 -0.999973 0.001398
vn 0.014688 -0.999879 -0.005148
vn 0.008995 -0.999958 0.001747
vn 0.005524 -0.999985 0.0
vn 0.008995 -0.999958 0.001747
vn 0.014688 -0.999879 -0.005148
vn 0.004852 -0.999987 0.001747
vn 0.004852 -0.999987 0.001747
vn 0.002201 -0.999981 0.005761
vn 0.008995 -0.999958 0.001747
vn 0.002201 -0.999981 0.005761
vn 0.004852 -0.999987 0.001747
vn 0.0 -1.0 0.0
vn 0.0 -1.0 0.0
vn 0.004852 -0.999987 0.001747
vn 0.000001 -1.0 0.0
vn 0.0 -1.0 0.0
vn -0.000001 -1.0 0.0
vn 0.002201 -0.999981 0.005761
vn -0.409674 -0.741918 -0.530778
vn -0.008459 -0.822232 -0.56909
vn -0.009432 -0.822333 -0.568929
vn -0.009432 -0.822333 -0.568929
vn -0.31275 -0.781425 -0.539966
vn -0.409674 -0.741918 -0.530778
vn -0.409674 -0.741918 -0.530778
vn -0.31275 -0.781425 -0.539966
vn -0.741973 -0.535583 -0.403271
vn -0.741973 -0.535583 -0.403271
vn -0.991897 -0.098689 -0.080001
vn -0.409674 -0.741918 -0.530778
vn -0.009432 -0.822333 -0.568929
vn -0.008459 -0.822232 -0.56909
vn 0.005639 -0.822248 -0.569102
vn 0.005639 -0.822248 -0.569102
vn 0.012576 -0.822341 -0.568857
vn -0.009432 -0.822333 -0.568929
vn 0.012576 -0.822341 -0.568857
vn 0.005639 -0.822248 -0.569102
vn 0.409675 -0.741917 -0.530778
vn 0.409675 -0.741917 -0.530778
vn 0.31275 -0.781425 -0.539966
vn 0.012576 -0.822341 -0.568857
vn 0.741975 -0.53558 -0.40327
vn 0.31275 -0.781425 -0.539966
vn 0.409675 -0.741917 -0.530778
vn 0.409675 -0.741917 -0.530778
vn 0.991898 -0.098684 -0.080001
vn 0.741975 -0.53558 -0.40327
vn -0.991897 -0.098689 -0.080001
vn -0.999986 -0.000994 0.005144
vn -0.999986 -0.000845 0.005145
vn -0.999981 -0.005636 0.002572
vn -0.999986 -0.000994 0.005144
vn -0.991897 -0.098689 -0.080001
vn -0.991897 -0.098689 -0.080001
vn -0.999949 -0.01013 -0.0
vn -0.999981 -0.005636 0.002572
vn 0.999986 -0.000834 0.005143
vn 0.999986 -0.000988 0.005143
vn 0.991898 -0.098684 -0.080001
vn 0.991898 -0.098684 -0.080001
vn 0.999986 -0.000988 0.005143
vn 0.999981 -0.005635 0.002571
vn 0.999981 -0.005635 0.002571
vn 0.999949 -0.010128 -0.0
vn 0.991898 -0.098684 -0.080001
vn -0.999826 0.018483 0.002514
vn -0.999826 0.018483 0.002514
vn -0.999826 0.018483 0.002514
vn -0.000121 1.0 0.0
vn 0.003742 0.999993 0.0
vn 0.002434 0.999997 0.0
vn 0.002434 0.999997 0.0
vn -0.000061 1.0 0.0
vn -0.000121 1.0 0.0
vn 0.002434 0.999997 0.0
vn 0.003742 0.999993 0.0
vn 0.007665 0.999971 0.0
vn 0.000091 1.0 0.0
vn -0.000121 1.0 0.0
vn -0.000061 1.0 0.0
vn -0.000061 1.0 0.0
vn 0.000091 1.0 0.0
vn 0.000091 1.0 0.0
vn 0.000091 1.0 0.0
vn 0.000091 1.0 0.0
vn -0.002434 0.999997 -0.0
vn -0.002434 0.999997 -0.0
vn -0.003741 0.999993 -0.0
vn 0.000091 1.0 0.0
vn -0.002434 0.999997 -0.0
vn -0.007665 0.999971 -0.0
vn -0.003741 0.999993 -0.0
vn -0.000295 -0.009553 -0.999954
vn 0.000934 -0.009948 -0.99995
vn 0.000402 -0.009553 -0.999954
vn 0.000402 -0.009553 -0.999954
vn -0.000295 -0.009553 -0.999954
vn -0.000295 -0.009553 -0.999954
vn 0.001696 -0.010145 -0.999947
vn 0.000402 -0.009553 -0.999954
vn 0.000934 -0.009948 -0.99995
vn 0.000934 -0.009948 -0.99995
vn 0.001005 -0.010737 -0.999942
vn 0.001696 -0.010145 -0.999947
vn -0.000295 -0.009553 -0.999954
vn -0.000295 -0.009553 -0.999954
vn 0.000197 -0.009553 -0.999954
vn 0.000197 -0.009553 -0.999954
vn 0.000393 -0.009553 -0.999954
vn -0.000295 -0.009553 -0.999954
vn 0.000393 -0.009553 -0.999954
vn 0.000197 -0.009553 -0.999954
vn -0.000402 -0.009553 -0.999954
vn -0.000402 -0.009553 -0.999954
vn -0.000934 -0.009948 -0.99995
vn 0.000393 -0.009553 -0.999954
vn -0.000934 -0.009948 -0.99995
vn -0.000402 -0.009553 -0.999954
vn -0.001696 -0.010145 -0.999947
vn -0.001696 -0.010145 -0.999947
vn -0.001005 -0.010737 -0.999942
vn -0.000934 -0.009948 -0.99995
vn 0.967421 -0.004979 -0.253123
vn 0.968552 -0.009946 -0.248614
vn 0.725825 -0.009802 -0.687809
vn 0.725825 -0.009802 -0.687809
vn 0.72614 -0.0 -0.687547
vn 0.967421 -0.004979 -0.253123
vn 0.188353 -0.0 -0.982101
vn 0.72614 -0.0 -0.687547
vn 0.725825 -0.009802 -0.687809
vn 1.0 0.0 -0.0
vn 0.968552 -0.009946 -0.248614
vn 0.967421 -0.004979 -0.253123
vn 0.967421 -0.004979 -0.253123
vn 1.0 0.0 0.0
vn 1.0 0.0 -0.0
vn 1.0 0.0 -0.0
vn 1.0 0.0 0.0
vn 1.0 0.0 0.0
vn 1.0 0.0 0.0
vn 1.0 0.0 -0.0
vn 1.0 0.0 -0.0
vn 0.725825 -0.009802 -0.687809
vn 0.274169 -0.009751 -0.961632
vn 0.527299 -0.018753 -0.849473
vn 0.188353 -0.0 -0.982101
vn 0.274169 -0.009751 -0.961632
vn 0.0 -0.0 -1.0
vn 0.0 -0.0 -1.0
vn -0.283903 -0.0 -0.958853
vn 0.188353 -0.0 -0.982101
vn 1.0 0.0 0.0
vn 1.0 0.0 0.0
vn 1.0 0.0 0.0
vn -0.72614 -0.0 -0.687547
vn -0.72614 -0.0 -0.687547
vn -0.283903 -0.0 -0.958853
vn -0.985257 -0.0 -0.171079
vn -0.72614 -0.0 -0.687547
vn -0.72614 -0.0 -0.687547
vn -1.0 0.0 0.0
vn -1.0 -0.0 0.000001
vn -0.985257 -0.0 -0.171079
vn -0.985257 -0.0 -0.171079
vn -1.0 0.0 0.0
vn -1.0 0.0 0.0
vn -1.0 0.0 -0.0
vn -1.0 -0.0 0.000001
vn -1.0 0.0 0.0
vn -1.0 0.0 0.0
vn -1.0 0.0 -0.0
vn -1.0 0.0 -0.0
vn -1.0 -0.0 0.000002
vn -1.0 -0.0 0.000002
vn -1.0 -0.0 0.000001
vn 0.970504 0.194757 -0.1421
vn 0.999668 0.000068 -0.025754
vn 0.999957 0.003599 -0.008585
vn 0.999957 0.003599 -0.008585
vn 0.87337 0.399631 -0.278423
vn 0.970504 0.194757 -0.1421
vn 0.607523 0.648547 -0.458588
vn 0.970504 0.194757 -0.1421
vn 0.87337 0.399631 -0.278423
vn 0.87337 0.399631 -0.278423
vn 0.467118 0.721302 -0.511394
vn 0.607523 0.648547 -0.458588
vn 0.167209 0.804173 -0.570392
vn 0.607523 0.648547 -0.458588
vn 0.467118 0.721302 -0.511394
vn 0.467118 0.721302 -0.511394
vn 0.177976 0.803328 -0.568321
vn 0.167209 0.804173 -0.570392
vn 0.167209 0.804173 -0.570392
vn 0.177976 0.803328 -0.568321
vn -0.118436 0.810303 -0.573918
vn -0.118436 0.810303 -0.573918
vn -0.222598 0.795266 -0.563916
vn 0.167209 0.804173 -0.570392
vn -0.222598 0.795266 -0.563916
vn -0.118436 0.810303 -0.573918
vn -0.467117 0.721302 -0.511395
vn -0.467117 0.721302 -0.511395
vn -0.607524 0.648546 -0.458587
vn -0.222598 0.795266 -0.563916
vn -0.607524 0.648546 -0.458587
vn -0.467117 0.721302 -0.511395
vn -0.873371 0.39963 -0.278421
vn -0.873371 0.39963 -0.278421
vn -0.970504 0.194756 -0.142098
vn -0.607524 0.648546 -0.458587
vn -0.970504 0.194756 -0.142098
vn -0.873371 0.39963 -0.278421
vn -0.999957 0.003601 -0.008585
vn -0.999957 0.003601 -0.008585
vn -0.999668 0.00007 -0.025754
vn -0.970504 0.194756 -0.142098
vn 1.0 0.0 -0.0
vn 1.0 0.0 -0.0
vn 0.999957 0.003599 -0.008585
vn -0.999957 0.003601 -0.008585
vn -1.0 0.000003 -0.0
vn -1.0 0.000003 -0.0
vn -0.665185 0.0 0.746678
vn -0.841218 0.0 0.540697
vn -0.309453 0.0 0.950915
vn -0.309453 0.0 0.950915
vn -0.230521 0.0 0.973067
vn -0.665185 0.0 0.746678
vn -0.841218 0.0 0.540697
vn -0.665185 0.0 0.746678
vn -0.986965 0.002006 0.160922
vn -0.986965 0.002006 0.160922
vn -0.986734 -0.0 0.162347
vn -0.841218 0.0 0.540697
vn -0.230521 0.0 0.973067
vn -0.309453 0.0 0.950915
vn 0.009132 0.0 0.999958
vn -0.999978 0.003964 0.005366
vn -0.986734 -0.0 0.162347
vn -0.986965 0.002006 0.160922
vn -0.986965 0.002006 0.160922
vn -0.999965 0.007927 0.002475
vn -0.999978 0.003964 0.005366
vn 0.002976 -0.003042 0.999991
vn 0.00379 -0.00306 0.999988
vn 0.004326 -0.003492 0.999985
vn 0.002301 -0.002817 0.999993
vn 0.00379 -0.00306 0.999988
vn 0.002976 -0.003042 0.999991
vn 0.002976 -0.003042 0.999991
vn 0.001347 -0.003007 0.999995
vn 0.002301 -0.002817 0.999993
vn -0.0 0.00112 0.999999
vn -0.0 0.00112 0.999999
vn -0.0 0.00112 0.999999
vn -0.0 0.00112 0.999999
vn 0.0 0.00112 0.999999
vn -0.0 0.00112 0.999999
vn -0.000001 -1.0 0.0
vn -0.004852 -0.999987 -0.001747
vn -0.000002 -1.0 0.0
vn -0.002201 -0.999981 -0.005761
vn -0.004852 -0.999987 -0.001747
vn -0.000001 -1.0 0.0
vn -0.000001 -1.0 0.0
vn 0.0 -1.0 0.0
vn -0.002201 -0.999981 -0.005761
vn -0.004852 -0.999987 -0.001747
vn -0.002201 -0.999981 -0.005761
vn -0.008995 -0.999958 -0.001747
vn -0.008995 -0.999958 -0.001747
vn -0.014687 -0.999879 0.005148
vn -0.004852 -0.999987 -0.001747
vn -0.014687 -0.999879 0.005148
vn -0.008995 -0.999958 -0.001747
vn -0.005524 -0.999985 0.0
vn -0.005524 -0.999985 0.0
vn -0.008995 -0.999958 -0.001747
vn 0.007196 -0.999973 -0.001398
vn 0.007196 -0.999973 -0.001398
vn 0.008287 -0.999966 -0.0
vn -0.005524 -0.999985 0.0
vn 0.014688 -0.999879 0.005148
vn 0.008287 -0.999966 -0.0
vn 0.007196 -0.999973 -0.001398
vn 0.004852 -0.999987 -0.001747
vn 0.014688 -0.999879 0.005148
vn 0.007196 -0.999973 -0.001398
vn 0.007196 -0.999973 -0.001398
vn 0.002201 -0.999981 -0.005761
vn 0.004852 -0.999987 -0.001747
vn 0.0 -1.0 0.0
vn 0.004852 -0.999987 -0.001747
vn 0.002201 -0.999981 -0.005761
vn 0.0 -1.0 0.0
vn 0.000001 -1.0 0.0
vn 0.004852 -0.999987 -0.001747
vn 0.002201 -0.999981 -0.005761
vn -0.0 -1.0 0.0
vn 0.0 -1.0 0.0
vn -0.409676 -0.741917 0.530778
vn -0.31275 -0.781424 0.539966
vn -0.012576 -0.822341 0.568857
vn -0.012576 -0.822341 0.568857
vn -0.005639 -0.822248 0.569102
vn -0.409676 -0.741917 0.530778
vn -0.741975 -0.53558 0.40327
vn -0.31275 -0.781424 0.539966
vn -0.409676 -0.741917 0.530778
vn -0.409676 -0.741917 0.530778
vn -0.991898 -0.098687 0.08
vn -0.741975 -0.53558 0.40327
vn -0.005639 -0.822248 0.569102
vn -0.012576 -0.822341 0.568857
vn 0.009432 -0.822333 0.568929
vn 0.009432 -0.822333 0.568929
vn 0.008459 -0.822232 0.56909
vn -0.005639 -0.822248 0.569102
vn 0.409675 -0.741917 0.530778
vn 0.008459 -0.822232 0.56909
vn 0.009432 -0.822333 0.568929
vn 0.009432 -0.822333 0.568929
vn 0.31275 -0.781424 0.539966
vn 0.409675 -0.741917 0.530778
vn 0.409675 -0.741917 0.530778
vn 0.31275 -0.781424 0.539966
vn 0.741975 -0.53558 0.40327
vn 0.741975 -0.53558 0.40327
vn 0.991898 -0.098687 0.080001
vn 0.409675 -0.741917 0.530778
vn -0.999986 -0.000845 -0.005145
vn -0.999986 -0.000992 -0.005144
vn -0.991898 -0.098687 0.08
vn -0.991898 -0.098687 0.08
vn -0.999986 -0.000992 -0.005144
vn -0.999981 -0.005634 -0.002572
vn -0.999981 -0.005634 -0.002572
vn -0.999949 -0.010128 -0.0
vn -0.991898 -0.098687 0.08
vn 0.991898 -0.098687 0.080001
vn 0.999986 -0.000992 -0.005144
vn 0.999986 -0.000845 -0.005145
vn 0.999981 -0.005634 -0.002572
vn 0.999986 -0.000992 -0.005144
vn 0.991898 -0.098687 0.080001
vn 0.991898 -0.098687 0.080001
vn 0.999949 -0.010128 0.0
vn 0.999981 -0.005634 -0.002572
vn -0.999826 0.018483 -0.002514
vn -0.999826 0.018483 -0.002514
vn -0.999826 0.018483 -0.002514
vn -0.000091 1.0 0.0
vn -0.000091 1.0 0.0
vn 0.002434 0.999997 0.0
vn 0.002434 0.999997 0.0
vn 0.003742 0.999993 0.0
vn -0.000091 1.0 0.0
vn 0.002434 0.999997 0.0
vn 0.007665 0.999971 0.0
vn 0.003742 0.999993 0.0
vn 0.00006 1.0 -0.0
vn -0.000091 1.0 0.0
vn -0.000091 1.0 0.0
vn -0.000091 1.0 0.0
vn 0.000121 1.0 -0.0
vn 0.00006 1.0 -0.0
vn -0.002434 0.999997 0.0
vn 0.00006 1.0 -0.0
vn 0.000121 1.0 -0.0
vn 0.000121 1.0 -0.0
vn -0.003742 0.999993 0.0
vn -0.002434 0.999997 0.0
vn -0.002434 0.999997 0.0
vn -0.003742 0.999993 0.0
vn -0.007665 0.999971 0.0
vn -0.000299 -0.009541 0.999954
vn -0.000299 -0.009541 0.999954
vn 0.000401 -0.009542 0.999954
vn 0.000401 -0.009542 0.999954
vn 0.000936 -0.00994 0.99995
vn -0.000299 -0.009541 0.999954
vn 0.000936 -0.00994 0.99995
vn 0.000401 -0.009542 0.999954
vn 0.001703 -0.01014 0.999947
vn 0.001703 -0.01014 0.999947
vn 0.001006 -0.010738 0.999942
vn 0.000936 -0.00994 0.99995
vn 0.0002 -0.009541 0.999954
vn -0.000299 -0.009541 0.999954
vn -0.000299 -0.009541 0.999954
vn -0.000299 -0.009541 0.999954
vn 0.000399 -0.009542 0.999954
vn 0.0002 -0.009541 0.999954
vn -0.000401 -0.009542 0.999954
vn 0.0002 -0.009541 0.999954
vn 0.000399 -0.009542 0.999954
vn 0.000399 -0.009542 0.999954
vn -0.000936 -0.009941 0.99995
vn -0.000401 -0.009542 0.999954
vn -0.001703 -0.01014 0.999947
vn -0.000401 -0.009542 0.999954
vn -0.000936 -0.009941 0.99995
vn -0.000936 -0.009941 0.99995
vn -0.001006 -0.010739 0.999942
vn -0.001703 -0.01014 0.999947
vn 0.0 -0.001113 0.999999
vn -0.0 -0.002938 0.999996
vn 0.0 -0.001798 0.999998
vn 0.0 -0.001798 0.999998
vn 0.0 -0.001113 0.999999
vn 0.0 -0.001113 0.999999
vn -0.0 -0.00385 0.999993
vn 0.0 -0.001798 0.999998
vn -0.0 -0.002938 0.999996
vn -0.0 -0.002938 0.999996
vn -0.0 -0.00385 0.999993
vn -0.0 -0.00385 0.999993
vn 0.0 -0.001113 0.999999
vn 0.0 -0.001798 0.999998
vn 0.0 -0.001113 0.999999
vn 0.0 -0.001113 0.999999
vn 0.0 -0.001113 0.999999
vn 0.0 -0.001113 0.999999
vn -0.0 1.0 0.0
vn -0.0 1.0 0.0
vn -0.0 1.0 0.0
vn -0.0 1.0 0.0
vn 0.0 1.0 0.0
vn -0.0 1.0 0.0
vn -1.0 0.0 -0.000002
vn -1.0 0.0 -0.000002
vn -1.0 0.0 -0.000002
vn -1.0 -0.000003 0.0
vn -1.0 -0.000003 0.0
vn -1.0 -0.000003 0.0
vn 0.0 0.001113 -0.999999
vn 0.0 0.001113 -0.999999
vn 0.0 0.001113 -0.999999
vn 0.0 0.001113 -0.999999
vn 0.0 0.001113 -0.999999
vn 0.0 0.001113 -0.999999
vn 0.0 1.0 0.0
vn 0.0 1.0 0.0
vn 0.0 1.0 0.0
vn 0.0 1.0 0.0
vn -0.0 1.0 0.0
vn 0.0 1.0 0.0
vn -1.0 0.0 0.0
vn -1.0 0.0 -0.0
vn -1.0 0.0 0.0
vn -1.0 0.0 0.0
vn -1.0 0.0 0.0
vn -1.0 0.0 0.0
vn -0.876185 -0.019266 0.48159
vn -0.876185 -0.019266 0.48159
vn -0.725436 -0.019651 0.688009
vn -0.725436 -0.019651 0.688009
vn -0.527291 -0.018752 0.849478
vn -0.527291 -0.018752 0.849478
vn -0.000674 -0.001657 -0.999998
vn 0.0 -0.001113 -0.999999
vn -0.001487 -0.002237 -0.999996
vn -0.001487 -0.002237 -0.999996
vn -0.001347 -0.002604 -0.999996
vn -0.000674 -0.001657 -0.999998
vn -0.002976 -0.003042 -0.999991
vn -0.001347 -0.002604 -0.999996
vn -0.001487 -0.002237 -0.999996
vn -0.001487 -0.002237 -0.999996
vn -0.00379 -0.00306 -0.999988
vn -0.002976 -0.003042 -0.999991
vn -0.002976 -0.003042 -0.999991
vn -0.00379 -0.00306 -0.999988
vn -0.004326 -0.003492 -0.999985
vn 0.665185 0.0 -0.746679
vn 0.841218 0.0 -0.540697
vn 0.309452 0.0 -0.950915
vn 0.309452 0.0 -0.950915
vn 0.230521 0.0 -0.973067
vn 0.665185 0.0 -0.746679
vn 0.841218 0.0 -0.540697
vn 0.665185 0.0 -0.746679
vn 0.976967 0.0 -0.213389
vn 0.976967 0.0 -0.213389
vn 0.986734 0.0 -0.162347
vn 0.841218 0.0 -0.540697
vn 0.230521 0.0 -0.973067
vn 0.309452 0.0 -0.950915
vn -0.009132 0.0 -0.999958
vn 0.999966 0.0 -0.008257
vn 0.986734 0.0 -0.162347
vn 0.976967 0.0 -0.213389
vn 0.0 0.001132 -0.999999
vn 0.0 0.001132 -0.999999
vn 0.0 0.001132 -0.999999
vn 0.0 0.001132 -0.999999
vn 0.0 0.001132 -0.999999
vn 0.0 0.001132 -0.999999
vn 0.999965 0.007927 -0.002475
vn 0.999965 0.007927 -0.002475
vn 0.999965 0.007927 -0.002475
vn 0.999826 0.018483 0.002514
vn 0.999826 0.018483 0.002514
vn 0.999826 0.018483 0.002514
vn -0.725439 -0.019651 -0.688006
vn -0.876184 -0.019266 -0.481591
vn -0.876184 -0.019266 -0.481591
vn -0.527299 -0.018752 -0.849473
vn -0.527299 -0.018752 -0.849473
vn -0.725439 -0.019651 -0.688006
vn 0.665185 0.0 0.746678
vn 0.230521 0.0 0.973067
vn 0.309453 0.0 0.950915
vn 0.309453 0.0 0.950915
vn 0.841218 0.0 0.540697
vn 0.665185 0.0 0.746678
vn 0.976967 0.0 0.213389
vn 0.665185 0.0 0.746678
vn 0.841218 0.0 0.540697
vn 0.841218 0.0 0.540697
vn 0.986734 0.0 0.162347
vn 0.976967 0.0 0.213389
vn -0.009132 0.0 0.999958
vn 0.309453 0.0 0.950915
vn 0.230521 0.0 0.973067
vn 0.976967 0.0 0.213389
vn 0.986734 0.0 0.162347
vn 0.999966 0.0 0.008257
vn -0.004326 -0.003492 0.999985
vn -0.00379 -0.003059 0.999988
vn -0.002976 -0.003042 0.999991
vn -0.002976 -0.003042 0.999991
vn -0.00379 -0.003059 0.999988
vn -0.002301 -0.002817 0.999993
vn -0.002301 -0.002817 0.999993
vn -0.001347 -0.003007 0.999995
vn -0.002976 -0.003042 0.999991
vn 0.999965 0.007927 0.002475
vn 0.999965 0.007927 0.002475
vn 0.999965 0.007927 0.002475
vn 0.999826 0.018483 -0.002514
vn 0.999826 0.018483 -0.002514
vn 0.999826 0.018483 -0.002514
vn 0.0 -0.001113 0.999999
vn 0.0 -0.001113 0.999999
vn 0.0 -0.001798 0.999998
vn 0.0 -0.001798 0.999998
vn -0.0 -0.002938 0.999996
vn 0.0 -0.001113 0.999999
vn -0.0 -0.002938 0.999996
vn 0.0 -0.001798 0.999998
vn -0.0 -0.00385 0.999993
vn -0.0 -0.00385 0.999993
vn -0.0 -0.00385 0.999993
vn -0.0 -0.002938 0.999996
vn 0.0 -0.001113 0.999999
vn 0.0 -0.001798 0.999998
vn 0.0 -0.001113 0.999999
vn 0.0 -0.001113 0.999999
vn 0.0 -0.001113 0.999999
vn 0.0 -0.001113 0.999999
vn 0.0 1.0 0.0
vn 0.0 1.0 0.0
vn 0.0 1.0 0.0
vn 0.0 1.0 0.0
vn -0.0 1.0 0.0
vn 0.0 1.0 0.0
vn 1.0 0.0 -0.0
vn 1.0 0.0 -0.0
vn 1.0 0.0 -0.0
vn 1.0 0.0 0.0
vn 1.0 0.0 0.0
vn 1.0 0.0 0.0
vn 0.0 0.001113 -0.999999
vn 0.0 0.001113 -0.999999
vn 0.0 0.001113 -0.999999
vn 0.0 0.001113 -0.999999
vn 0.0 0.001113 -0.999999
vn 0.0 0.001113 -0.999999
vn 0.0 1.0 0.0
vn -0.0 1.0 0.0
vn 0.0 1.0 0.0
vn 0.0 1.0 0.0
vn 0.0 1.0 0.0
vn 0.0 1.0 0.0
vn 1.0 0.0 -0.0
vn 1.0 0.0 0.0
vn 1.0 0.0 -0.0
vn 1.0 0.0 -0.0
vn 1.0 0.0 -0.0
vn 1.0 0.0 -0.0
vn 0.225163 -0.000568 0.974321
vn 0.277306 -0.000154 0.960782
vn -0.0 -0.000583 1.0
vn -0.0 -0.000583 1.0
vn -0.0 -0.000583 1.0
vn 0.225163 -0.000568 0.974321
vn 0.277306 -0.000154 0.960782
vn 0.225163 -0.000568 0.974321
vn 0.328327 0.000056 0.944564
vn 0.328327 0.000056 0.944564
vn 0.328844 0.000663 0.944384
vn 0.277306 -0.000154 0.960782
vn -0.172877 -0.000574 0.984943
vn -0.0 -0.000583 1.0
vn -0.0 -0.000583 1.0
vn -0.0 -0.000583 1.0
vn -0.172877 -0.000574 0.984943
vn -0.172877 -0.000574 0.984943
vn 1.0 0.0 -0.0
vn 1.0 0.0 -0.0
vn 1.0 0.0 -0.0
vn 1.0 0.0 -0.0
vn 1.0 0.0 -0.0
vn 1.0 0.0 -0.0
vn 1.0 0.0 -0.0
vn 1.0 0.0 -0.0
vn 1.0 0.0 -0.0
vn 1.0 0.0 -0.0
vn 1.0 0.0 -0.0
vn 1.0 0.0 -0.0
vn 1.0 0.0 -0.0
vn 1.0 0.0 -0.0
vn 1.0 0.0 -0.0
vn 1.0 0.0 -0.0
vn 1.0 0.0 -0.0
vn 1.0 0.0 0.0
vn 1.0 0.0 -0.0
vn 1.0 0.0 0.0
vn 1.0 0.0 -0.0
vn 1.0 0.0 0.0
vn 1.0 0.0 0.0
vn 1.0 0.0 -0.0
vn 1.0 0.0 0.0
vn 1.0 0.0 0.0
vn 1.0 0.0 0.0
vn 1.0 0.0 0.0
vn 1.0 0.0 0.0
vn 1.0 0.0 0.0
vn 1.0 0.0 -0.0
vn 1.0 0.0 -0.0
vn 1.0 0.0 -0.0
vn 1.0 0.0 -0.0
vn 1.0 0.0 -0.0
vn 1.0 0.0 -0.0
vn 1.0 0.0 -0.0
vn 1.0 0.0 -0.0
vn 1.0 0.0 -0.0
vn 1.0 0.0 -0.0
vn 1.0 0.0 -0.0
vn 1.0 0.0 -0.0
vn 1.0 0.0 -0.0
vn 1.0 0.0 -0.0
vn 1.0 0.0 -0.0
vn 1.0 0.0 -0.0
vn 1.0 0.0 -0.0
vn 1.0 0.0 -0.0
vn 1.0 0.0 -0.0
vn 1.0 0.0 -0.0
vn 1.0 0.0 0.0
vn 1.0 0.0 -0.0
vn 1.0 0.0 0.0
vn 1.0 0.0 0.0
vn 1.0 0.0 0.0
vn 1.0 0.0 0.0
vn 1.0 0.0 0.0
vn 1.0 0.0 0.0
vn 1.0 0.0 0.0
vn 1.0 0.0 0.0
vn 1.0 0.0 0.0
vn 1.0 0.0 -0.0
vn 1.0 0.0 -0.0
vn 1.0 0.0 -0.0
vn 1.0 0.0 -0.0
vn 1.0 0.0 -0.0
vn 1.0 0.0 0.0
vn 1.0 0.0 0.0
vn 1.0 0.0 -0.0
vn 1.0 0.0 0.0
vn 1.0 0.0 -0.0
vn 1.0 0.0 -0.0
vn 1.0 0.0 0.0
vn 1.0 0.0 -0.0
vn 1.0 0.0 -0.0
vn 1.0 0.0 0.0
vn 1.0 0.0 0.0
vn 1.0 0.0 -0.0
vn 1.0 0.0 -0.0
vn 1.0 0.0 -0.0
vn 1.0 0.0 -0.0
vn 1.0 0.0 -0.0
vn 1.0 0.0 -0.0
vn 1.0 0.0 -0.0
vn 1.0 0.0 0.0
vn 1.0 0.0 -0.0
vn 1.0 0.0 -0.0
vn 1.0 0.0 -0.0
vn 1.0 0.0 0.0
vn 1.0 0.0 0.0
vn 1.0 0.0 -0.0
vn 1.0 0.0 -0.0
vn 1.0 0.0 -0.0
vn 0.000243 -0.485919 -0.874004
vn -0.000089 -0.485846 -0.874044
vn 0.000365 -0.485825 -0.874056
vn 0.000365 -0.485825 -0.874056
vn -0.0 -0.485544 -0.874212
vn 0.000243 -0.485919 -0.874004
vn -0.000089 -0.485846 -0.874044
vn 0.000243 -0.485919 -0.874004
vn -0.000498 -0.485716 -0.874116
vn -0.000498 -0.485716 -0.874116
vn -0.000996 -0.485326 -0.874333
vn -0.000089 -0.485846 -0.874044
vn 0.00028 0.000956 1.0
vn -0.0 0.001912 0.999998
vn 0.000186 0.001275 0.999999
vn 0.000186 0.001275 0.999999
vn 0.00056 0.000001 1.0
vn 0.00028 0.000956 1.0
vn -0.0 0.001912 0.999998
vn 0.000186 0.001275 0.999999
vn -0.0 0.001912 0.999998
vn -0.0 0.001912 0.999998
vn -0.000001 0.001913 0.999998
vn -0.0 0.001912 0.999998
vn 0.0 1.0 0.0
vn 0.0 1.0 0.0
vn 0.0 1.0 0.0
vn 0.0 1.0 0.0
vn -0.0 1.0 0.0
vn 0.0 1.0 0.0
vn 0.0 1.0 0.0
vn -0.0 1.0 0.0
vn 0.0 1.0 0.0
vn 0.0 1.0 0.0
vn 0.0 1.0 0.0
vn 0.0 1.0 0.0
vn 0.0 1.0 0.0
vn -0.0 1.0 0.0
vn -0.0 1.0 0.0
vn -0.0 1.0 0.0
vn 0.0 1.0 0.0
vn 0.0 1.0 0.0
vn -0.0 1.0 0.0
vn 0.0 1.0 0.0
vn -0.0 1.0 0.0
vn -0.0 1.0 0.0
vn -0.0 1.0 0.0
vn -0.0 1.0 0.0
vn -0.000781 -0.002088 -0.999997
vn 0.0 -0.0 -1.0
vn -0.001171 -0.001566 -0.999998
vn -0.001171 -0.001566 -0.999998
vn 0.002923 0.0019 -0.999994
vn -0.000781 -0.002088 -0.999997
vn 0.005557 0.004415 -0.999975
vn -0.000781 -0.002088 -0.999997
vn 0.002923 0.0019 -0.999994
vn 0.002923 0.0019 -0.999994
vn 0.011113 0.011962 -0.999867
vn 0.005557 0.004415 -0.999975
vn -0.000365 0.000367 1.0
vn -0.000734 0.0 1.0
vn -0.000365 0.000367 1.0
vn -0.000365 0.000367 1.0
vn 0.000004 0.000734 1.0
vn -0.000365 0.000367 1.0
vn 0.0 1.0 0.0
vn 0.0 1.0 0.0
vn -0.0 1.0 0.0
vn -0.0 1.0 0.0
vn -0.0 1.0 0.0
vn 0.0 1.0 0.0
vn -0.0 1.0 0.0
vn -0.0 1.0 0.0
vn -0.0 1.0 0.0
vn -0.0 1.0 0.0
vn -0.0 1.0 0.0
vn -0.0 1.0 0.0
vn -0.0 1.0 0.0
vn -0.0 1.0 0.0
vn -0.0 1.0 0.0
vn -0.0 1.0 0.0
vn -0.0 1.0 0.0
vn -0.0 1.0 0.0
vn -0.999987 -0.005139 -0.000357
vn -0.999997 -0.002582 0.000112
vn -0.999987 -0.005139 -0.000357
vn -0.999987 -0.005139 -0.000357
vn -0.99997 -0.007697 -0.000826
vn -0.999987 -0.005139 -0.000357
vn -1.0 0.0 -0.0
vn -1.0 0.0 -0.0
vn -1.0 0.0 -0.0
vn -1.0 0.0 -0.0
vn -1.0 0.0 -0.0
vn -1.0 0.0 -0.0
vn -1.0 0.0 -0.0
vn -1.0 0.0 -0.0
vn -1.0 0.0 -0.0
vn -1.0 0.0 -0.0
vn -1.0 0.0 -0.0
vn -1.0 0.0 -0.0
vn 1.0 0.0 0.0
vn 1.0 0.0 0.0
vn 1.0 0.0 0.0
vn 1.0 0.0 0.0
vn 1.0 0.0 0.0
vn 1.0 0.0 0.0
vn 1.0 0.0 0.0
vn 1.0 0.0 0.0
vn 1.0 0.0 0.0
vn -0.001629 -0.00589 -0.999981
vn -0.0 -0.005968 -0.999982
vn -0.0 -0.00589 -0.999983
vn -0.0 -0.00589 -0.999983
vn -0.001549 -0.005812 -0.999982
vn -0.001629 -0.00589 -0.999981
vn -0.0 -0.00589 -0.999983
vn -0.0 -0.005968 -0.999982
vn 0.001629 -0.00589 -0.999981
vn 0.001629 -0.00589 -0.999981
vn 0.001549 -0.005812 -0.999982
vn -0.0 -0.00589 -0.999983
vn -0.000116 0.981379 0.192079
vn -0.000077 0.878897 0.477012
vn 0.0 0.906069 0.42313
vn 0.0 0.906069 0.42313
vn 0.0 0.981323 0.192369
vn -0.000116 0.981379 0.192079
vn -0.000116 0.981379 0.192079
vn 0.0 0.981323 0.192369
vn -0.000343 0.999452 0.033095
vn -0.000343 0.999452 0.033095
vn -0.000442 0.999471 0.032515
vn -0.000116 0.981379 0.192079
vn -0.000077 0.878897 0.477012
vn -0.000116 0.981379 0.192079
vn -0.0 0.981428 0.191833
vn -0.0 0.981428 0.191833
vn -0.000116 0.981379 0.192079
vn -0.000442 0.999471 0.032515
vn -0.0 0.981428 0.191833
vn 0.0 0.887233 0.461321
vn -0.000077 0.878897 0.477012
vn -0.000077 0.878897 0.477012
vn 0.0 0.887233 0.461321
vn 0.0 0.822418 0.568884
vn 0.0 0.822418 0.568884
vn -0.000269 0.822539 0.568708
vn -0.000077 0.878897 0.477012
vn -0.000442 0.999471 0.032515
vn 0.0 0.99948 0.032239
vn -0.0 0.981428 0.191833
vn -0.000138 0.822787 0.568349
vn 0.0 0.906069 0.42313
vn -0.000077 0.878897 0.477012
vn -0.000077 0.878897 0.477012
vn -0.000269 0.822539 0.568708
vn -0.000138 0.822787 0.568349
vn 0.0 0.822418 0.568884
vn 0.0 0.887233 0.461321
vn 0.000077 0.878897 0.477012
vn 0.000077 0.878897 0.477012
vn 0.0 0.887233 0.461321
vn -0.0 0.981428 0.191833
vn 0.000077 0.878897 0.477012
vn 0.000269 0.822539 0.568708
vn 0.0 0.822418 0.568884
vn -0.0 0.981428 0.191833
vn -0.0 0.962726 0.270478
vn 0.000077 0.878897 0.477012
vn 0.0 0.906069 0.42313
vn 0.000077 0.878897 0.477012
vn -0.0 0.962726 0.270478
vn -0.0 0.962726 0.270478
vn -0.0 0.93813 0.346284
vn 0.0 0.906069 0.42313
vn 0.00032 0.999473 0.032446
vn -0.0 0.962726 0.270478
vn -0.0 0.981428 0.191833
vn -0.0 0.981428 0.191833
vn 0.0 0.99948 0.032239
vn 0.00032 0.999473 0.032446
vn 0.000138 0.822787 0.568349
vn 0.000269 0.822539 0.568708
vn 0.000077 0.878897 0.477012
vn 0.000077 0.878897 0.477012
vn 0.0 0.906069 0.42313
vn 0.000138 0.822787 0.568349
vn 0.0 0.0 1.0
vn 0.0 -0.0 1.0
vn 0.0 0.0 1.0
vn 0.0 0.0 1.0
vn 0.0 0.0 1.0
vn 0.0 0.0 1.0
vn 1.0 0.0 0.0
vn 1.0 0.0 0.0
vn 1.0 0.0 0.0
vn 1.0 0.0 0.0
vn 1.0 0.0 0.0
vn 1.0 0.0 0.0
vn 1.0 0.0 0.0
vn 1.0 0.0 -0.0
vn 1.0 0.0 0.0
vn -0.0 1.0 0.0
vn -0.0 1.0 0.0
vn -0.0 1.0 0.0
vn -0.0 1.0 0.0
vn -0.0 1.0 0.0
vn -0.0 1.0 0.0
vn 0.0 1.0 0.0
vn 0.0 1.0 0.0
vn -0.0 1.0 0.0
vn -0.0 1.0 0.0
vn -0.0 1.0 0.0
vn 0.0 1.0 0.0
vn -0.0 1.0 0.0
vn -0.0 1.0 0.0
vn -0.0 1.0 0.0
vn -0.0 1.0 0.0
vn -0.0 1.0 0.0
vn -0.0 1.0 0.0
vn -0.0 1.0 0.0
vn -0.0 1.0 0.0
vn -0.0 1.0 0.0
vn -0.0 0.195771 0.98065
vn 0.0 0.0 1.0
vn 0.0 -0.0 1.0
vn 0.0 -0.0 1.0
vn 0.0 -0.0 1.0
vn -0.0 0.195771 0.98065
vn -0.0 0.195771 0.98065
vn -0.0 0.121547 0.992586
vn 0.0 0.0 1.0
vn 0.012875 0.459723 0.887969
vn -0.0 0.121547 0.992586
vn -0.0 0.195771 0.98065
vn -0.0 0.195771 0.98065
vn -0.0 0.450276 0.892889
vn 0.012875 0.459723 0.887969
vn 0.012875 0.459723 0.887969
vn -0.0 0.450276 0.892889
vn 0.0 0.425085 0.905153
vn 0.0 0.425085 0.905153
vn 0.0 0.425085 0.905154
vn 0.012875 0.459723 0.887969
vn 0.012875 0.459723 0.887969
vn 0.0 0.425085 0.905154
vn 0.038671 0.478272 0.87736
vn 0.038671 0.478272 0.87736
vn 0.077145 0.529021 0.845095
vn 0.012875 0.459723 0.887969
vn 0.0 -0.0 1.0
vn 0.0 0.0 1.0
vn -0.0 0.121547 0.992586
vn 0.0 0.0 1.0
vn 0.0 0.0 1.0
vn 0.0 -0.0 1.0
vn 0.0 -0.0 1.0
vn 0.0 0.0 1.0
vn 0.0 0.0 1.0
vn -0.0 0.121547 0.992586
vn 0.0 -0.0 1.0
vn 0.0 -0.0 1.0
vn 0.001784 0.999998 -0.000485
vn -0.000696 0.999999 -0.001412
vn 0.002676 0.999996 0.000261
vn 0.002676 0.999996 0.000261
vn 0.006745 0.999976 0.001367
vn 0.001784 0.999998 -0.000485
vn 0.001784 0.999998 -0.000485
vn 0.0 0.999998 -0.001977
vn -0.000696 0.999999 -0.001412
vn -0.0 1.0 0.0
vn -0.0 1.0 0.0
vn -0.0 1.0 0.0
vn -0.0 1.0 0.0
vn 0.0 1.0 0.0
vn -0.0 1.0 0.0
vn 0.0 -1.0 0.0
vn 0.0 -1.0 0.0
vn 0.0 -1.0 0.0
vn 0.0 -1.0 0.0
vn 0.0 -1.0 0.0
vn 0.0 -1.0 0.0
vn -0.006891 -0.999387 -0.034334
vn -0.000161 -0.997642 -0.068626
vn -0.006891 -0.999387 -0.034334
vn -0.006891 -0.999387 -0.034334
vn -0.013614 -0.999907 -0.0
vn -0.006891 -0.999387 -0.034334
vn 0.004178 0.001114 -0.999991
vn 0.000461 -0.0024 -0.999997
vn 0.004178 0.001114 -0.999991
vn 0.004178 0.001114 -0.999991
vn 0.007896 0.004629 -0.999958
vn 0.004178 0.001114 -0.999991
vn 0.011655 0.999445 0.031219
vn 0.023296 0.997779 0.062403
vn 0.011655 0.999445 0.031219
vn 0.011655 0.999445 0.031219
vn 0.0 1.0 0.0
vn 0.011655 0.999445 0.031219
vn -1.0 0.0 0.0
vn -1.0 0.0 0.0
vn -1.0 0.0 0.0
vn -1.0 0.0 0.0
vn -1.0 0.0 -0.0
vn -1.0 0.0 0.0
vn 0.000767 0.999999 -0.000712
vn 0.001245 0.999999 -0.000871
vn 0.000767 0.999999 -0.000712
vn 0.000767 0.999999 -0.000712
vn 0.000289 1.0 -0.000552
vn 0.000767 0.999999 -0.000712
vn 0.0 1.0 0.0
vn 0.000001 1.0 0.0
vn 0.0 1.0 0.0
vn 0.0 1.0 0.0
vn -0.000001 1.0 0.0
vn 0.0 1.0 0.0
vn 0.0 1.0 0.0
vn 0.000001 1.0 0.0
vn -0.0 1.0 0.0
vn -0.0 1.0 0.0
vn -0.0 1.0 0.0
vn 0.0 1.0 0.0
vn 0.0 0.0 -1.0
vn 0.0 -0.0 -1.0
vn 0.0 -0.0 -1.0
vn 0.0 -0.0 -1.0
vn 0.0 -0.0 -1.0
vn 0.0 -0.0 -1.0
vn 0.0 -0.0 -1.0
vn 0.0 0.0 -1.0
vn 0.0 -0.0 -1.0
vn 0.0 0.0 -1.0
vn 0.0 0.0 -1.0
vn 0.0 -0.0 -1.0
vn 0.0 -0.0 -1.0
vn 0.0 0.0 -1.0
vn 0.0 0.0 -1.0
vn 0.0 0.0 -1.0
vn 0.0 0.0 -1.0
vn 0.0 0.0 -1.0
vn 0.0 0.0 -1.0
vn 0.0 -0.0 -1.0
vn 0.0 0.0 -1.0
vn 0.0 0.0 -1.0
vn 0.0 0.0 -1.0
vn 0.0 -0.0 -1.0
vn 0.0 -0.0 -1.0
vn 0.0 0.0 -1.0
vn 0.0 0.0 -1.0
vn 0.0 1.0 0.0
vn -0.0 1.0 0.0
vn 0.0 1.0 0.0
vn 0.0 1.0 0.0
vn 0.0 1.0 0.0
vn 0.0 1.0 0.0
vn 1.0 0.0 0.0
vn 1.0 0.0 0.0
vn 1.0 0.0 -0.0
vn 1.0 0.0 -0.0
vn 1.0 0.0 -0.0
vn 1.0 0.0 0.0
vn 1.0 0.0 0.0
vn 1.0 0.0 -0.0
vn 1.0 0.0 0.0
vn 1.0 0.0 0.0
vn 1.0 0.0 0.0
vn 1.0 0.0 0.0
vn -1.0 -0.000333 0.000433
vn -0.999999 -0.000667 0.000867
vn -1.0 -0.000333 0.000433
vn -1.0 -0.000333 0.000433
vn -1.0 0.0 0.0
vn -1.0 -0.000333 0.000433
vn -0.000456 0.918556 -0.39529
vn -0.005938 0.915947 -0.401254
vn -0.001079 0.917939 -0.396719
vn -0.001079 0.917939 -0.396719
vn 0.008637 0.92179 -0.387592
vn -0.000456 0.918556 -0.39529
vn -0.005938 0.915947 -0.401254
vn -0.002327 0.916698 -0.399574
vn -0.001079 0.917939 -0.396719
vn 1.0 0.0 0.0
vn 1.0 0.0 0.0
vn 1.0 0.0 0.0
vn -0.01172 -0.000853 -0.999931
vn -0.000595 -0.004559 -0.999989
vn -0.01172 -0.000853 -0.999931
vn -0.01172 -0.000853 -0.999931
vn -0.022844 0.002853 -0.999735
vn -0.01172 -0.000853 -0.999931
vn 0.001665 0.999995 0.002629
vn 0.000818 1.0 0.000066
vn -0.000193 0.999985 0.005404
vn 0.000818 1.0 0.000066
vn 0.001665 0.999995 0.002629
vn 0.001783 0.999997 -0.001351
vn 0.001783 0.999997 -0.001351
vn -0.000029 0.999997 -0.002497
vn 0.000818 1.0 0.000066
vn -0.000029 0.999997 -0.002497
vn -0.000102 0.999997 -0.002436
vn 0.000818 1.0 0.000066
vn 0.008588 0.03198 -0.999452
vn 0.0 0.063982 -0.997951
vn 0.008588 0.03198 -0.999452
vn 0.008588 0.03198 -0.999452
vn 0.017166 -0.000058 -0.999853
vn 0.008588 0.03198 -0.999452
vn 0.0 1.0 0.0
vn -0.0 1.0 0.0
vn 0.0 1.0 0.0
vn 0.0 1.0 0.0
vn 0.0 1.0 0.0
vn 0.0 1.0 0.0
vn -0.002885 0.002982 -0.999991
vn -0.005546 0.004063 -0.999976
vn -0.002885 0.002982 -0.999991
vn -0.002885 0.002982 -0.999991
vn -0.000225 0.001901 -0.999998
vn -0.002885 0.002982 -0.999991
vn -0.001487 0.999934 0.011394
vn -0.001232 0.999929 0.01185
vn -0.001487 0.999934 0.011394
vn -0.001487 0.999934 0.011394
vn -0.001742 0.999939 0.010937
vn -0.001487 0.999934 0.011394
vn 0.999806 0.006384 -0.018642
vn 0.999935 0.004529 -0.010508
vn 0.999806 0.006384 -0.018642
vn 0.999806 0.006384 -0.018642
vn 0.999608 0.008238 -0.026774
vn 0.999806 0.006384 -0.018642
vn -0.003958 0.837558 -0.546335
vn -0.013535 0.983318 -0.18139
vn 0.28507 0.943591 -0.168437
vn 0.28507 0.943591 -0.168437
vn 0.075807 0.832917 -0.54818
vn -0.003958 0.837558 -0.546335
vn -0.003958 0.837558 -0.546335
vn 0.075807 0.832917 -0.54818
vn 0.093505 0.421673 -0.901914
vn 0.093505 0.421673 -0.901914
vn 0.000245 0.242735 -0.970093
vn -0.003958 0.837558 -0.546335
vn 0.000245 0.242735 -0.970093
vn 0.093505 0.421673 -0.901914
vn 0.055956 0.001046 -0.998433
vn 0.055956 0.001046 -0.998433
vn 0.000431 0.003485 -0.999994
vn 0.000245 0.242735 -0.970093
vn 0.28507 0.943591 -0.168437
vn -0.013535 0.983318 -0.18139
vn -0.002999 0.999996 -0.000033
vn -0.002999 0.999996 -0.000033
vn 0.297047 0.954799 0.011033
vn 0.28507 0.943591 -0.168437
vn 0.28507 0.943591 -0.168437
vn 0.297047 0.954799 0.011033
vn 0.784211 0.620487 0.00312
vn 0.784211 0.620487 0.00312
vn 0.769121 0.63163 -0.097448
vn 0.28507 0.943591 -0.168437
vn 0.297047 0.954799 0.011033
vn -0.002999 0.999996 -0.000033
vn -0.0 0.991774 0.128
vn -0.0 0.991774 0.128
vn 0.352066 0.921548 0.163702
vn 0.297047 0.954799 0.011033
vn 0.784211 0.620487 0.00312
vn 0.297047 0.954799 0.011033
vn 0.352066 0.921548 0.163702
vn 0.352066 0.921548 0.163702
vn -0.0 0.991774 0.128
vn -0.004331 0.93035 0.366646
vn -0.004331 0.93035 0.366646
vn 0.188547 0.854534 0.483964
vn 0.352066 0.921548 0.163702
vn 0.188547 0.854534 0.483964
vn -0.004331 0.93035 0.366646
vn -0.007527 0.536271 0.844013
vn -0.007527 0.536271 0.844013
vn 0.090592 0.247768 0.964575
vn 0.188547 0.854534 0.483964
vn 0.090592 0.247768 0.964575
vn -0.007527 0.536271 0.844013
vn 0.0 -0.0 1.0
vn 0.0 -0.0 1.0
vn 0.106148 -0.000204 0.99435
vn 0.090592 0.247768 0.964575
vn 0.090592 0.247768 0.964575
vn 0.106148 -0.000204 0.99435
vn 0.454247 -0.016233 0.890728
vn 0.454247 -0.016233 0.890728
vn 0.63805 -0.087091 0.765054
vn 0.090592 0.247768 0.964575
vn 0.188547 0.854534 0.483964
vn 0.090592 0.247768 0.964575
vn 0.296439 0.763973 0.573122
vn 0.296439 0.763973 0.573122
vn 0.523172 0.809042 0.267846
vn 0.188547 0.854534 0.483964
vn 0.7434 0.662938 0.088713
vn 0.352066 0.921548 0.163702
vn 0.188547 0.854534 0.483964
vn 0.188547 0.854534 0.483964
vn 0.523172 0.809042 0.267846
vn 0.7434 0.662938 0.088713
vn 0.352066 0.921548 0.163702
vn 0.7434 0.662938 0.088713
vn 0.784211 0.620487 0.00312
vn 0.971489 0.235841 0.024269
vn 0.7434 0.662938 0.088713
vn 0.523172 0.809042 0.267846
vn 0.523172 0.809042 0.267846
vn 0.915686 0.368981 0.159285
vn 0.971489 0.235841 0.024269
vn 0.296439 0.763973 0.573122
vn 0.915686 0.368981 0.159285
vn 0.523172 0.809042 0.267846
vn 0.983354 -0.181678 -0.002842
vn 0.971489 0.235841 0.024269
vn 0.915686 0.368981 0.159285
vn 0.915686 0.368981 0.159285
vn 0.978491 -0.20629 -0.000119
vn 0.983354 -0.181678 -0.002842
vn 0.971489 0.235841 0.024269
vn 0.983354 -0.181678 -0.002842
vn 0.98582 -0.167803 -0.000239
vn 0.98582 -0.167803 -0.000239
vn 0.989953 0.14139 0.001538
vn 0.971489 0.235841 0.024269
vn 0.7434 0.662938 0.088713
vn 0.971489 0.235841 0.024269
vn 0.989953 0.14139 0.001538
vn 0.989953 0.14139 0.001538
vn 0.784211 0.620487 0.00312
vn 0.7434 0.662938 0.088713
vn 0.989953 0.14139 0.001538
vn 0.98582 -0.167803 -0.000239
vn 0.986215 -0.16547 -0.000238
vn 0.986215 -0.16547 -0.000238
vn 0.979711 0.197576 -0.03361
vn 0.989953 0.14139 0.001538
vn 0.784211 0.620487 0.00312
vn 0.989953 0.14139 0.001538
vn 0.979711 0.197576 -0.03361
vn 0.979711 0.197576 -0.03361
vn 0.986215 -0.16547 -0.000238
vn 0.999028 -0.013477 -0.041979
vn 0.999028 -0.013477 -0.041979
vn 0.850984 0.479763 -0.213668
vn 0.979711 0.197576 -0.03361
vn 0.769121 0.63163 -0.097448
vn 0.979711 0.197576 -0.03361
vn 0.850984 0.479763 -0.213668
vn 0.979711 0.197576 -0.03361
vn 0.769121 0.63163 -0.097448
vn 0.784211 0.620487 0.00312
vn 0.850984 0.479763 -0.213668
vn 0.441976 0.768324 -0.462964
vn 0.769121 0.63163 -0.097448
vn 0.850984 0.479763 -0.213668
vn 0.598873 0.320301 -0.734002
vn 0.441976 0.768324 -0.462964
vn 0.28507 0.943591 -0.168437
vn 0.769121 0.63163 -0.097448
vn 0.441976 0.768324 -0.462964
vn 0.441976 0.768324 -0.462964
vn 0.075807 0.832917 -0.54818
vn 0.28507 0.943591 -0.168437
vn 0.093505 0.421673 -0.901914
vn 0.075807 0.832917 -0.54818
vn 0.441976 0.768324 -0.462964
vn 0.441976 0.768324 -0.462964
vn 0.598873 0.320301 -0.734002
vn 0.093505 0.421673 -0.901914
vn 0.093505 0.421673 -0.901914
vn 0.598873 0.320301 -0.734002
vn 0.412979 0.023313 -0.910442
vn 0.826666 0.084988 -0.556237
vn 0.412979 0.023313 -0.910442
vn 0.598873 0.320301 -0.734002
vn 0.598873 0.320301 -0.734002
vn 0.837477 0.116028 -0.534013
vn 0.826666 0.084988 -0.556237
vn 0.412979 0.023313 -0.910442
vn 0.055956 0.001046 -0.998433
vn 0.093505 0.421673 -0.901914
vn 0.000204 -0.000094 -1.0
vn 0.000287 0.000067 -1.0
vn 0.000577 0.001493 -0.999999
vn 0.000577 0.001493 -0.999999
vn 0.000062 -0.000099 -1.0
vn 0.000204 -0.000094 -1.0
vn 0.00095 0.003079 -0.999995
vn 0.000062 -0.000099 -1.0
vn 0.000577 0.001493 -0.999999
vn 0.000577 0.001493 -0.999999
vn 0.001898 0.006103 -0.99998
vn 0.00095 0.003079 -0.999995
vn 0.802569 -0.110519 0.586233
vn 0.736716 -0.199325 0.646157
vn 0.63805 -0.087091 0.765054
vn 0.63805 -0.087091 0.765054
vn 0.454247 -0.016233 0.890728
vn 0.802569 -0.110519 0.586233
vn 0.0 -0.0 1.0
vn 0.0 -0.000001 1.0
vn 0.0 -0.0 1.0
vn 0.0 -0.0 1.0
vn 0.0 0.000001 1.0
vn 0.0 -0.0 1.0
vn 0.999957 -0.009231 -0.0
vn 0.988264 -0.152754 -0.0
vn 0.988264 -0.152754 -0.0
vn 0.988264 -0.152754 -0.0
vn 0.990493 0.137562 0.0
vn 0.999957 -0.009231 -0.0
vn 0.960467 0.278396 0.0
vn 0.999957 -0.009231 -0.0
vn 0.990493 0.137562 0.0
vn 0.990493 0.137562 0.0
vn 0.960467 0.278396 0.0
vn 0.960467 0.278396 0.0
vn 0.0 -0.0 -1.0
vn 0.0 -0.0 -1.0
vn 0.0 -0.0 -1.0
vn 0.0 -0.0 -1.0
vn 0.0 -0.0 -1.0
vn 0.0 -0.0 -1.0
vn 0.0 -0.0 -1.0
vn 0.0 -0.0 -1.0
vn 0.0 -0.0 -1.0
vn 0.0 -0.0 -1.0
vn 0.0 -0.0 -1.0
vn 0.0 -0.0 -1.0
vn 0.0 -1.0 0.0
vn 0.0 -1.0 0.0
vn 0.0 -1.0 0.0
vn 0.0 -1.0 0.0
vn -0.0 -1.0 0.0
vn 0.0 -1.0 0.0
vn 0.133755 0.991014 -0.0
vn 0.133755 0.991014 -0.0
vn 0.133755 0.991014 -0.0
vn 0.133755 0.991014 -0.0
vn 0.133755 0.991014 0.0
vn 0.133755 0.991014 0.0
vn 0.0 0.0 1.0
vn 0.0 -0.0 1.0
vn 0.0 0.0 1.0
vn 0.0 0.0 1.0
vn 0.0 0.0 1.0
vn 0.0 0.0 1.0
vn 0.0 -0.0 1.0
vn 0.0 0.0 1.0
vn 0.0 0.0 1.0
vn 1.0 0.0 -0.0
vn 1.0 0.0 -0.0
vn 1.0 0.0 -0.0
vn 1.0 0.0 -0.0
vn 1.0 0.0 0.0
vn 1.0 0.0 -0.0
vn 0.0 0.0 -1.0
vn 0.0 0.0 -1.0
vn 0.0 0.0 -1.0
vn 0.0 0.0 -1.0
vn 0.0 0.0 -1.0
vn 0.0 0.0 -1.0
vn 0.363345 -0.931655 0.0
vn 0.363345 -0.931655 0.0
vn 0.363345 -0.931655 0.0
vn 0.363345 -0.931655 0.0
vn 0.363345 -0.931655 0.0
vn 0.363345 -0.931655 0.0
vn 0.309588 0.950871 0.0
vn 0.309588 0.950871 0.0
vn 0.309588 0.950871 0.0
vn 0.309588 0.950871 0.0
vn 0.309587 0.950871 -0.0
vn 0.309588 0.950871 0.0
vn 0.0 0.0 1.0
vn 0.0 0.0 1.0
vn 0.0 0.0 1.0
vn 0.0 0.0 1.0
vn 0.0 0.0 1.0
vn 0.0 0.0 1.0
vn 0.263091 -0.964771 -0.0
vn 0.263091 -0.964771 -0.0
vn 0.263091 -0.964771 -0.0
vn 0.263091 -0.964771 -0.0
vn 0.263091 -0.964771 -0.0
vn 0.263091 -0.964771 -0.0
vn 0.999758 -0.021992 -0.0
vn 0.999758 -0.021992 0.0
vn 0.999758 -0.021992 -0.0
vn 0.999758 -0.021992 -0.0
vn 0.999758 -0.021992 -0.0
vn 0.999758 -0.021992 -0.0
vn 0.361173 0.932499 -0.000002
vn 0.361176 0.932498 -0.000005
vn 0.361173 0.932499 -0.000002
vn 0.361173 0.932499 -0.000002
vn 0.36117 0.9325 -0.0
vn 0.361173 0.932499 -0.000002
vn -0.766797 0.641876 -0.004329
vn -0.772347 0.6352 0.0
vn -0.766797 0.641876 -0.004329
vn -0.766797 0.641876 -0.004329
vn -0.761173 0.648491 -0.008659
vn -0.766797 0.641876 -0.004329
vn -0.778976 0.627054 -0.0
vn -0.778976 0.627054 -0.0
vn -0.935265 0.353949 -0.0
vn -0.935265 0.353949 -0.0
vn -0.935265 0.353949 -0.0
vn -0.778976 0.627054 -0.0
vn -0.998951 0.045799 -0.0
vn -0.935265 0.353949 -0.0
vn -0.935265 0.353949 -0.0
vn -0.935265 0.353949 -0.0
vn -0.998951 0.045799 -0.0
vn -0.998951 0.045799 -0.0
vn 0.0 -0.0 1.0
vn 0.0 -0.0 1.0
vn 0.0 -0.0 1.0
vn 0.0 -0.0 1.0
vn 0.0 -0.0 1.0
vn 0.0 -0.0 1.0
vn 0.0 -0.0 1.0
vn 0.0 -0.0 1.0
vn 0.0 -0.0 1.0
vn 0.0 -0.0 1.0
vn 0.0 0.0 1.0
vn 0.0 -0.0 1.0
vn 1.0 0.0 -0.0
vn 1.0 0.0 0.0
vn 1.0 0.0 -0.0
vn 1.0 0.0 -0.0
vn 1.0 0.0 -0.0
vn 1.0 0.0 -0.0
vn 0.313039 0.835074 0.452391
vn 0.554086 0.713752 0.428424
vn 0.503873 0.834478 0.223063
vn 0.503873 0.834478 0.223063
vn 0.335795 0.9079 0.250917
vn 0.313039 0.835074 0.452391
vn 0.549503 0.458239 0.698615
vn 0.554086 0.713752 0.428424
vn 0.313039 0.835074 0.452391
vn 0.313039 0.835074 0.452391
vn 0.331676 0.430597 0.839391
vn 0.549503 0.458239 0.698615
vn 0.498949 0.078017 0.863113
vn 0.549503 0.458239 0.698615
vn 0.331676 0.430597 0.839391
vn 0.331676 0.430597 0.839391
vn 0.348394 0.085362 0.933453
vn 0.498949 0.078017 0.863113
vn 0.498949 0.078017 0.863113
vn 0.348394 0.085362 0.933453
vn 0.350832 -0.105389 0.930489
vn 0.350832 -0.105389 0.930489
vn 0.635845 -0.075566 0.768108
vn 0.498949 0.078017 0.863113
vn 0.503873 0.834478 0.223063
vn 0.554086 0.713752 0.428424
vn 0.919844 0.3577 0.161055
vn 0.919844 0.3577 0.161055
vn 0.675721 0.712899 0.187551
vn 0.503873 0.834478 0.223063
vn 0.928516 0.223984 0.296124
vn 0.919844 0.3577 0.161055
vn 0.554086 0.713752 0.428424
vn 0.554086 0.713752 0.428424
vn 0.549503 0.458239 0.698615
vn 0.928516 0.223984 0.296124
vn 0.919844 0.3577 0.161055
vn 0.928516 0.223984 0.296124
vn 1.0 0.0 0.0
vn 1.0 0.0 0.0
vn 1.0 0.0 0.0
vn 0.919844 0.3577 0.161055
vn 1.0 0.0 -0.0
vn 0.919844 0.3577 0.161055
vn 1.0 0.0 0.0
vn 1.0 0.0 0.0
vn 1.0 0.0 0.0
vn 1.0 0.0 -0.0
vn 1.0 0.0 -0.0
vn 1.0 0.0 0.0
vn 0.928516 0.223984 0.296124
vn 0.928516 0.223984 0.296124
vn 0.884217 0.046135 0.464792
vn 1.0 0.0 -0.0
vn 0.884217 0.046135 0.464792
vn 0.928516 0.223984 0.296124
vn 0.549503 0.458239 0.698615
vn 0.549503 0.458239 0.698615
vn 0.498949 0.078017 0.863113
vn 0.884217 0.046135 0.464792
vn 0.884217 0.046135 0.464792
vn 0.498949 0.078017 0.863113
vn 0.635845 -0.075566 0.768108
vn 1.0 0.0 -0.0
vn 0.884217 0.046135 0.464792
vn 0.971085 -0.014343 0.238302
vn 0.635845 -0.075566 0.768108
vn 0.971085 -0.014343 0.238302
vn 0.884217 0.046135 0.464792
vn 0.971085 -0.014343 0.238302
vn 1.0 0.0 -0.0
vn 1.0 0.0 -0.0
vn 1.0 0.0 0.0
vn 1.0 0.0 0.0
vn 1.0 0.0 0.0
vn 1.0 0.0 0.0
vn 0.919844 0.357699 -0.161054
vn 1.0 0.0 0.0
vn 0.919844 0.357699 -0.161054
vn 1.0 0.0 0.0
vn 1.0 0.0 0.0
vn 1.0 0.0 0.0
vn 0.928516 0.223983 -0.296124
vn 0.919844 0.357699 -0.161054
vn 0.928516 0.223983 -0.296124
vn 1.0 0.0 0.0
vn 1.0 0.0 0.0
vn 1.0 0.0 0.0
vn 0.884218 0.046135 -0.464791
vn 0.928516 0.223983 -0.296124
vn 0.971085 -0.014341 -0.238302
vn 0.884218 0.046135 -0.464791
vn 1.0 0.0 0.0
vn 1.0 0.0 0.0
vn 1.0 0.0 0.000001
vn 0.971085 -0.014341 -0.238302
vn 0.554087 0.713751 -0.428425
vn 0.919844 0.357699 -0.161054
vn 0.928516 0.223983 -0.296124
vn 0.919844 0.357699 -0.161054
vn 0.554087 0.713751 -0.428425
vn 0.503874 0.834478 -0.223063
vn 0.503874 0.834478 -0.223063
vn 0.554087 0.713751 -0.428425
vn 0.313038 0.835074 -0.452392
vn 0.313038 0.835074 -0.452392
vn 0.335796 0.9079 -0.250917
vn 0.503874 0.834478 -0.223063
vn 0.313038 0.835074 -0.452392
vn 0.554087 0.713751 -0.428425
vn 0.549503 0.458238 -0.698616
vn 0.928516 0.223983 -0.296124
vn 0.549503 0.458238 -0.698616
vn 0.554087 0.713751 -0.428425
vn 0.549503 0.458238 -0.698616
vn 0.928516 0.223983 -0.296124
vn 0.884218 0.046135 -0.464791
vn 0.549503 0.458238 -0.698616
vn 0.331676 0.430596 -0.839392
vn 0.313038 0.835074 -0.452392
vn 0.331676 0.430596 -0.839392
vn 0.549503 0.458238 -0.698616
vn 0.498948 0.078016 -0.863113
vn 0.884218 0.046135 -0.464791
vn 0.498948 0.078016 -0.863113
vn 0.549503 0.458238 -0.698616
vn 0.498948 0.078016 -0.863113
vn 0.348394 0.085359 -0.933453
vn 0.331676 0.430596 -0.839392
vn 0.350824 -0.105392 -0.930492
vn 0.348394 0.085359 -0.933453
vn 0.498948 0.078016 -0.863113
vn 0.498948 0.078016 -0.863113
vn 0.635843 -0.075565 -0.768111
vn 0.350824 -0.105392 -0.930492
vn 0.635843 -0.075565 -0.768111
vn 0.498948 0.078016 -0.863113
vn 0.884218 0.046135 -0.464791
vn 0.884218 0.046135 -0.464791
vn 0.971085 -0.014341 -0.238302
vn 0.635843 -0.075565 -0.768111
vn 0.503874 0.834478 -0.223063
vn 0.675722 0.712899 -0.187551
vn 0.919844 0.357699 -0.161054
vn 0.313041 0.835074 0.452391
vn 0.554087 0.713751 0.428425
vn 0.503874 0.834478 0.223063
vn 0.503874 0.834478 0.223063
vn 0.335796 0.9079 0.250917
vn 0.313041 0.835074 0.452391
vn 0.549506 0.458238 0.698614
vn 0.554087 0.713751 0.428425
vn 0.313041 0.835074 0.452391
vn 0.313041 0.835074 0.452391
vn 0.331683 0.430595 0.839389
vn 0.549506 0.458238 0.698614
vn 0.498952 0.078016 0.863111
vn 0.549506 0.458238 0.698614
vn 0.331683 0.430595 0.839389
vn 0.331683 0.430595 0.839389
vn 0.348394 0.085361 0.933454
vn 0.498952 0.078016 0.863111
vn 0.498952 0.078016 0.863111
vn 0.348394 0.085361 0.933454
vn 0.350831 -0.105389 0.93049
vn 0.350831 -0.105389 0.93049
vn 0.635847 -0.075565 0.768107
vn 0.498952 0.078016 0.863111
vn 0.503874 0.834478 0.223063
vn 0.554087 0.713751 0.428425
vn 0.919844 0.357699 0.161054
vn 0.919844 0.357699 0.161054
vn 0.964082 0.256863 0.067576
vn 0.503874 0.834478 0.223063
vn 0.964082 0.256863 0.067576
vn 0.919844 0.357699 0.161054
vn 1.0 0.0 0.0
vn 1.0 0.0 0.0
vn 1.0 0.0 0.0
vn 0.964082 0.256863 0.067576
vn 1.0 0.0 0.0
vn 1.0 0.0 0.0
vn 0.919844 0.357699 0.161054
vn 0.919844 0.357699 0.161054
vn 0.928516 0.223983 0.296124
vn 1.0 0.0 0.0
vn 0.928516 0.223983 0.296124
vn 0.919844 0.357699 0.161054
vn 0.554087 0.713751 0.428425
vn 0.554087 0.713751 0.428425
vn 0.549506 0.458238 0.698614
vn 0.928516 0.223983 0.296124
vn 1.0 0.0 0.0
vn 1.0 0.0 0.0
vn 0.928516 0.223983 0.296124
vn 0.928516 0.223983 0.296124
vn 0.884218 0.046135 0.464791
vn 1.0 0.0 0.0
vn 0.884218 0.046135 0.464791
vn 0.928516 0.223983 0.296124
vn 0.549506 0.458238 0.698614
vn 0.549506 0.458238 0.698614
vn 0.498952 0.078016 0.863111
vn 0.884218 0.046135 0.464791
vn 0.884218 0.046135 0.464791
vn 0.498952 0.078016 0.863111
vn 0.635847 -0.075565 0.768107
vn 1.0 0.0 0.0
vn 0.884218 0.046135 0.464791
vn 0.971085 -0.014341 0.238302
vn 0.635847 -0.075565 0.768107
vn 0.971085 -0.014341 0.238302
vn 0.884218 0.046135 0.464791
vn 0.971085 -0.014341 0.238302
vn 1.0 0.0 0.0
vn 1.0 0.0 0.0
vn 0.31304 0.835074 -0.452391
vn 0.335796 0.9079 -0.250918
vn 0.503873 0.834479 -0.223063
vn 0.503873 0.834479 -0.223063
vn 0.554085 0.713751 -0.428426
vn 0.31304 0.835074 -0.452391
vn 0.31304 0.835074 -0.452391
vn 0.554085 0.713751 -0.428426
vn 0.549508 0.458238 -0.698612
vn 0.549508 0.458238 -0.698612
vn 0.33169 0.430595 -0.839387
vn 0.31304 0.835074 -0.452391
vn 0.33169 0.430595 -0.839387
vn 0.549508 0.458238 -0.698612
vn 0.498951 0.078016 -0.863111
vn 0.498951 0.078016 -0.863111
vn 0.348393 0.085358 -0.933454
vn 0.33169 0.430595 -0.839387
vn 0.350824 -0.105392 -0.930492
vn 0.348393 0.085358 -0.933454
vn 0.498951 0.078016 -0.863111
vn 0.498951 0.078016 -0.863111
vn 0.635843 -0.075565 -0.76811
vn 0.350824 -0.105392 -0.930492
vn 0.919844 0.357699 -0.161055
vn 0.554085 0.713751 -0.428426
vn 0.503873 0.834479 -0.223063
vn 0.503873 0.834479 -0.223063
vn 0.964082 0.256863 -0.067576
vn 0.919844 0.357699 -0.161055
vn 1.0 0.0 0.0
vn 0.919844 0.357699 -0.161055
vn 0.964082 0.256863 -0.067576
vn 0.964082 0.256863 -0.067576
vn 1.0 0.0 0.0
vn 1.0 0.0 0.0
vn 0.919844 0.357699 -0.161055
vn 1.0 0.0 0.0
vn 1.0 0.0 0.0
vn 1.0 0.0 0.0
vn 0.928516 0.223983 -0.296124
vn 0.919844 0.357699 -0.161055
vn 0.928516 0.223983 -0.296124
vn 0.549508 0.458238 -0.698612
vn 0.554085 0.713751 -0.428426
vn 0.554085 0.713751 -0.428426
vn 0.919844 0.357699 -0.161055
vn 0.928516 0.223983 -0.296124
vn 0.928516 0.223983 -0.296124
vn 1.0 0.0 0.0
vn 1.0 0.0 0.0
vn 1.0 0.0 0.0
vn 0.884218 0.046136 -0.464791
vn 0.928516 0.223983 -0.296124
vn 0.884218 0.046136 -0.464791
vn 0.498951 0.078016 -0.863111
vn 0.549508 0.458238 -0.698612
vn 0.549508 0.458238 -0.698612
vn 0.928516 0.223983 -0.296124
vn 0.884218 0.046136 -0.464791
vn 0.635843 -0.075565 -0.76811
vn 0.498951 0.078016 -0.863111
vn 0.884218 0.046136 -0.464791
vn 0.971085 -0.014341 -0.238302
vn 0.884218 0.046136 -0.464791
vn 1.0 0.0 0.0
vn 0.884218 0.046136 -0.464791
vn 0.971085 -0.014341 -0.238302
vn 0.635843 -0.075565 -0.76811
vn 1.0 0.0 0.0
vn 1.0 0.0 0.000001
vn 0.971085 -0.014341 -0.238302
vn -1.0 0.0 -0.0
vn -1.0 0.0 0.0
vn -1.0 0.0 0.0
vn -1.0 0.0 0.0
vn -1.0 0.0 -0.0
vn -1.0 0.0 -0.0
vn -1.0 0.0 -0.0
vn -1.0 0.0 -0.0
vn -1.0 0.0 -0.0
vn -1.0 0.0 0.0
vn -1.0 0.0 0.0
vn -1.0 0.0 0.0
vn -1.0 0.0 0.0
vn -1.0 0.0 0.0
vn -1.0 0.0 0.0
vn -1.0 0.0 -0.0
vn -1.0 0.0 0.0
vn -1.0 0.0 0.0
vn -1.0 0.0 -0.0
vn -1.0 0.0 0.0
vn -1.0 0.0 -0.0
vn -1.0 0.0 0.0
vn -1.0 0.0 -0.0
vn -1.0 0.0 -0.0
vn -1.0 0.0 -0.0
vn -1.0 0.0 -0.0
vn -1.0 0.0 -0.0
vn -1.0 0.0 -0.0
vn -1.0 0.0 -0.0
vn -1.0 0.0 -0.0
vn -1.0 0.0 0.0
vn -1.0 0.0 0.0
vn -1.0 0.0 0.0
vn -1.0 0.0 0.0
vn -1.0 0.0 0.0
vn -1.0 0.0 0.0
vn -1.0 0.0 0.0
vn -1.0 0.0 0.0
vn -1.0 0.0 0.0
vn -1.0 0.0 0.0
vn -1.0 0.0 0.0
vn -1.0 0.0 0.0
vn -1.0 0.0 0.0
vn -1.0 0.0 0.0
vn -1.0 0.0 0.0
vn -1.0 0.0 0.0
vn -1.0 0.0 -0.0
vn -1.0 0.0 0.0
vn -1.0 0.0 -0.0
vn -1.0 0.0 -0.0
vn -1.0 0.0 0.0
vn -1.0 0.0 -0.0
vn -1.0 0.0 -0.0
vn -1.0 0.0 -0.0
vn -1.0 0.0 0.0
vn -1.0 0.0 -0.0
vn -1.0 0.0 -0.0
vn -1.0 0.0 -0.0
vn -1.0 0.0 0.0
vn -1.0 0.0 0.0
vn -1.0 0.0 -0.0
vn -1.0 0.0 -0.0
vn -1.0 0.0 -0.0
vn -1.0 0.0 0.0
vn -1.0 0.0 -0.0
vn -1.0 0.0 -0.0
vn -1.0 0.0 -0.0
vn -1.0 0.0 0.0
vn -1.0 0.0 0.0
vn -1.0 0.0 -0.0
vn -1.0 0.0 0.0
vn -1.0 0.0 0.0
vn -1.0 0.0 0.0
vn -1.0 0.0 0.0
vn -1.0 0.0 0.0
vn -1.0 0.0 0.0
vn -1.0 0.0 -0.0
vn -1.0 0.0 0.0
vn -1.0 0.0 0.0
vn -1.0 0.0 0.0
vn -1.0 0.0 0.0
vn -1.0 0.0 0.0
vn -1.0 0.0 0.0
vn -1.0 0.0 0.0
vn -1.0 0.0 0.0
vn -1.0 0.0 -0.0
vn -1.0 0.0 0.0
vn -1.0 0.0 0.0
vn -1.0 0.0 -0.0
vn -1.0 0.0 0.0
vn -1.0 0.0 0.0
vn -1.0 0.0 -0.0
vn -1.0 0.0 0.0
vn -0.000243 -0.485919 -0.874004
vn -0.0 -0.485544 -0.874212
vn -0.000365 -0.485825 -0.874056
vn -0.000365 -0.485825 -0.874056
vn 0.000089 -0.485846 -0.874044
vn -0.000243 -0.485919 -0.874004
vn 0.000498 -0.485716 -0.874116
vn -0.000243 -0.485919 -0.874004
vn 0.000089 -0.485846 -0.874044
vn 0.000089 -0.485846 -0.874044
vn 0.000996 -0.485326 -0.874333
vn 0.000498 -0.485716 -0.874116
vn -0.00028 0.000956 1.0
vn -0.00056 0.0 1.0
vn -0.000186 0.001274 0.999999
vn -0.000186 0.001274 0.999999
vn 0.0 0.001912 0.999998
vn -0.00028 0.000956 1.0
vn 0.0 0.001912 0.999998
vn -0.000186 0.001274 0.999999
vn 0.0 0.001913 0.999998
vn 0.0 0.001913 0.999998
vn 0.000001 0.001913 0.999998
vn 0.0 0.001912 0.999998
vn 0.0 1.0 0.0
vn -0.0 1.0 0.0
vn 0.0 1.0 0.0
vn 0.0 1.0 0.0
vn 0.0 1.0 0.0
vn 0.0 1.0 0.0
vn 0.0 1.0 0.0
vn -0.0 1.0 0.0
vn 0.0 1.0 0.0
vn 0.0 1.0 0.0
vn 0.0 1.0 0.0
vn 0.0 1.0 0.0
vn -0.0 1.0 0.0
vn -0.0 1.0 0.0
vn 0.0 1.0 0.0
vn 0.0 1.0 0.0
vn 0.0 1.0 0.0
vn -0.0 1.0 0.0
vn -0.0 1.0 0.0
vn 0.0 1.0 0.0
vn -0.0 1.0 0.0
vn -0.0 1.0 0.0
vn -0.0 1.0 0.0
vn -0.0 1.0 0.0
vn -0.328327 0.000056 0.944564
vn -0.32781 -0.000551 0.944743
vn -0.328327 0.000056 0.944564
vn -0.328327 0.000056 0.944564
vn -0.328844 0.000663 0.944384
vn -0.328327 0.000056 0.944564
vn 0.000781 -0.002088 -0.999997
vn -0.002923 0.0019 -0.999994
vn 0.001171 -0.001566 -0.999998
vn 0.001171 -0.001566 -0.999998
vn 0.0 0.0 -1.0
vn 0.000781 -0.002088 -0.999997
vn -0.002923 0.0019 -0.999994
vn 0.000781 -0.002088 -0.999997
vn -0.005557 0.004415 -0.999975
vn -0.005557 0.004415 -0.999975
vn -0.011113 0.011962 -0.999867
vn -0.002923 0.0019 -0.999994
vn 0.000365 0.000367 1.0
vn -0.000004 0.000734 1.0
vn 0.000365 0.000367 1.0
vn 0.000365 0.000367 1.0
vn 0.000734 -0.0 1.0
vn 0.000365 0.000367 1.0
vn 0.0 1.0 0.0
vn 0.0 1.0 0.0
vn 0.0 1.0 0.0
vn 0.0 1.0 0.0
vn 0.0 1.0 0.0
vn 0.0 1.0 0.0
vn 0.0 1.0 0.0
vn 0.0 1.0 0.0
vn 0.0 1.0 0.0
vn 0.0 1.0 0.0
vn 0.0 1.0 0.0
vn 0.0 1.0 0.0
vn 0.0 1.0 0.0
vn 0.0 1.0 0.0
vn 0.0 1.0 0.0
vn 0.0 1.0 0.0
vn 0.0 1.0 0.0
vn 0.0 1.0 0.0
vn 0.999987 -0.005139 -0.000357
vn 0.99997 -0.007697 -0.000826
vn 0.999987 -0.005139 -0.000357
vn 0.999987 -0.005139 -0.000357
vn 0.999997 -0.002582 0.000112
vn 0.999987 -0.005139 -0.000357
vn 1.0 0.0 -0.0
vn 1.0 0.0 -0.0
vn 1.0 0.0 -0.0
vn 1.0 0.0 -0.0
vn 1.0 0.0 -0.0
vn 1.0 0.0 -0.0
vn 1.0 0.0 -0.0
vn 1.0 0.0 0.0
vn 1.0 0.0 -0.0
vn 1.0 0.0 -0.0
vn 1.0 0.0 -0.0
vn 1.0 0.0 -0.0
vn -1.0 0.0 -0.0
vn -1.0 0.0 -0.0
vn -1.0 0.0 -0.0
vn -1.0 0.0 -0.0
vn -1.0 0.0 -0.0
vn -1.0 0.0 -0.0
vn -1.0 0.0 -0.0
vn -1.0 0.0 -0.0
vn -1.0 0.0 -0.0
vn 0.000343 0.999452 0.033095
vn 0.0 0.999437 0.033537
vn 0.000343 0.999452 0.033095
vn 0.000343 0.999452 0.033095
vn 0.000686 0.999467 0.032653
vn 0.000343 0.999452 0.033095
vn 0.0 0.0 1.0
vn 0.0 0.0 1.0
vn 0.0 0.0 1.0
vn 0.0 0.0 1.0
vn 0.0 0.0 1.0
vn 0.0 0.0 1.0
vn -1.0 0.0 -0.0
vn -1.0 0.0 -0.0
vn -1.0 0.0 -0.0
vn -1.0 0.0 -0.0
vn -1.0 0.0 -0.0
vn -1.0 0.0 -0.0
vn -1.0 0.0 -0.0
vn -1.0 0.0 0.0
vn -1.0 0.0 -0.0
vn -0.0 1.0 0.0
vn -0.0 1.0 0.0
vn -0.0 1.0 0.0
vn -0.0 1.0 0.0
vn -0.0 1.0 0.0
vn -0.0 1.0 0.0
vn 0.0 1.0 0.0
vn 0.0 1.0 0.0
vn 0.0 1.0 0.0
vn 0.0 1.0 0.0
vn 0.0 1.0 0.0
vn 0.0 1.0 0.0
vn 0.0 1.0 0.0
vn 0.0 1.0 0.0
vn 0.0 1.0 0.0
vn 0.0 1.0 0.0
vn 0.0 1.0 0.0
vn 0.0 1.0 0.0
vn 0.0 1.0 0.0
vn -0.0 1.0 0.0
vn 0.0 1.0 0.0
vn -0.0 0.195771 0.98065
vn 0.0 -0.0 1.0
vn 0.0 0.0 1.0
vn 0.0 0.0 1.0
vn 0.0 0.0 1.0
vn -0.0 0.195771 0.98065
vn -0.0 0.195771 0.98065
vn 0.0 0.0 1.0
vn -0.0 0.121547 0.992586
vn -0.0 0.195771 0.98065
vn -0.0 0.121547 0.992586
vn -0.012875 0.459723 0.887969
vn -0.012875 0.459723 0.887969
vn -0.0 0.450276 0.892889
vn -0.0 0.195771 0.98065
vn 0.0 0.425085 0.905154
vn -0.0 0.450276 0.892889
vn -0.012875 0.459723 0.887969
vn -0.012875 0.459723 0.887969
vn 0.0 0.425085 0.905153
vn 0.0 0.425085 0.905154
vn -0.038671 0.478272 0.87736
vn 0.0 0.425085 0.905153
vn -0.012875 0.459723 0.887969
vn -0.012875 0.459723 0.887969
vn -0.077145 0.529021 0.845095
vn -0.038671 0.478272 0.87736
vn -0.0 0.121547 0.992586
vn 0.0 0.0 1.0
vn 0.0 0.0 1.0
vn 0.0 0.0 1.0
vn 0.0 0.0 1.0
vn 0.0 -0.0 1.0
vn 0.0 -0.0 1.0
vn 0.0 -0.0 1.0
vn 0.0 0.0 1.0
vn 0.0 0.0 1.0
vn 0.0 0.0 1.0
vn -0.0 0.121547 0.992586
vn -0.001784 0.999998 -0.000485
vn -0.006745 0.999976 0.001367
vn -0.002676 0.999996 0.000261
vn -0.002676 0.999996 0.000261
vn 0.000696 0.999999 -0.001412
vn -0.001784 0.999998 -0.000485
vn -0.001784 0.999998 -0.000485
vn 0.000696 0.999999 -0.001412
vn -0.000001 0.999998 -0.001977
vn -0.0 1.0 0.0
vn -0.0 1.0 0.0
vn -0.0 1.0 0.0
vn -0.0 1.0 0.0
vn -0.0 1.0 0.0
vn -0.0 1.0 0.0
vn 0.0 -1.0 0.0
vn 0.0 -1.0 0.0
vn 0.0 -1.0 0.0
vn 0.0 -1.0 0.0
vn 0.0 -1.0 0.0
vn 0.0 -1.0 0.0
vn 0.006891 -0.999387 -0.034334
vn 0.013614 -0.999907 0.0
vn 0.006891 -0.999387 -0.034334
vn 0.006891 -0.999387 -0.034334
vn 0.000161 -0.997642 -0.068626
vn 0.006891 -0.999387 -0.034334
vn -0.004178 0.001114 -0.999991
vn -0.007896 0.004629 -0.999958
vn -0.004178 0.001114 -0.999991
vn -0.004178 0.001114 -0.999991
vn -0.000461 -0.002401 -0.999997
vn -0.004178 0.001114 -0.999991
vn -0.011655 0.999445 0.031219
vn 0.0 1.0 0.0
vn -0.011655 0.999445 0.031219
vn -0.011655 0.999445 0.031219
vn -0.023296 0.997779 0.062403
vn -0.011655 0.999445 0.031219
vn 1.0 0.0 -0.0
vn 1.0 0.0 0.0
vn 1.0 0.0 -0.0
vn 1.0 0.0 -0.0
vn 1.0 0.0 -0.0
vn 1.0 0.0 -0.0
vn -0.000767 0.999999 -0.000712
vn -0.000289 1.0 -0.000552
vn -0.000767 0.999999 -0.000712
vn -0.000767 0.999999 -0.000712
vn -0.001245 0.999999 -0.000871
vn -0.000767 0.999999 -0.000712
vn 0.0 1.0 0.0
vn -0.000001 1.0 0.0
vn 0.0 1.0 0.0
vn 0.0 1.0 0.0
vn 0.000001 1.0 0.0
vn 0.0 1.0 0.0
vn -0.0 1.0 0.0
vn 0.000001 1.0 0.0
vn 0.0 1.0 0.0
vn 0.0 1.0 0.0
vn -0.0 1.0 0.0
vn -0.0 1.0 0.0
vn 0.0 -0.0 -1.0
vn 0.0 -0.0 -1.0
vn 0.0 -0.0 -1.0
vn 0.0 -0.0 -1.0
vn 0.0 -0.0 -1.0
vn 0.0 -0.0 -1.0
vn 0.0 -0.0 -1.0
vn 0.0 0.0 -1.0
vn 0.0 -0.0 -1.0
vn 0.0 -0.0 -1.0
vn 0.0 -0.0 -1.0
vn 0.0 0.0 -1.0
vn 0.0 0.0 -1.0
vn 0.0 -0.0 -1.0
vn 0.0 -0.0 -1.0
vn 0.0 -0.0 -1.0
vn 0.0 -0.0 -1.0
vn 0.0 0.0 -1.0
vn 0.0 0.0 -1.0
vn 0.0 0.0 -1.0
vn 0.0 -0.0 -1.0
vn 0.0 -0.0 -1.0
vn 0.0 -0.0 -1.0
vn 0.0 -0.0 -1.0
vn 0.0 -0.0 -1.0
vn 0.0 -0.0 -1.0
vn 0.0 -0.0 -1.0
vn 0.0 1.0 0.0
vn 0.0 1.0 0.0
vn 0.0 1.0 0.0
vn 0.0 1.0 0.0
vn -0.0 1.0 0.0
vn 0.0 1.0 0.0
vn -1.0 0.0 -0.0
vn -1.0 0.0 0.0
vn -1.0 0.0 0.0
vn -1.0 0.0 0.0
vn -1.0 0.0 -0.0
vn -1.0 0.0 -0.0
vn -1.0 0.0 -0.0
vn -1.0 0.0 0.0
vn -1.0 0.0 -0.0
vn -1.0 0.0 -0.0
vn -1.0 0.0 -0.0
vn -1.0 0.0 -0.0
vn 1.0 -0.000333 0.000433
vn 1.0 0.0 -0.0
vn 1.0 -0.000333 0.000433
vn 1.0 -0.000333 0.000433
vn 0.999999 -0.000667 0.000867
vn 1.0 -0.000333 0.000433
vn 0.000456 0.918556 -0.39529
vn -0.008637 0.92179 -0.387592
vn 0.00108 0.917939 -0.396719
vn 0.00108 0.917939 -0.396719
vn 0.005938 0.915947 -0.401254
vn 0.000456 0.918556 -0.39529
vn 0.005938 0.915947 -0.401254
vn 0.00108 0.917939 -0.396719
vn 0.002327 0.916698 -0.399574
vn -1.0 0.0 -0.0
vn -1.0 0.0 -0.0
vn -1.0 0.0 -0.0
vn 0.01172 -0.000853 -0.999931
vn 0.022844 0.002853 -0.999735
vn 0.01172 -0.000853 -0.999931
vn 0.01172 -0.000853 -0.999931
vn 0.000595 -0.004559 -0.999989
vn 0.01172 -0.000853 -0.999931
vn -0.001665 0.999995 0.002629
vn 0.000193 0.999985 0.005404
vn -0.000818 1.0 0.000066
vn -0.001783 0.999997 -0.001351
vn -0.001665 0.999995 0.002629
vn -0.000818 1.0 0.000066
vn -0.000818 1.0 0.000066
vn 0.000029 0.999997 -0.002497
vn -0.001783 0.999997 -0.001351
vn 0.000029 0.999997 -0.002497
vn -0.000818 1.0 0.000066
vn 0.000102 0.999997 -0.002436
vn -0.008588 0.03198 -0.999452
vn -0.017166 -0.000058 -0.999853
vn -0.008588 0.03198 -0.999452
vn -0.008588 0.03198 -0.999452
vn 0.0 0.063982 -0.997951
vn -0.008588 0.03198 -0.999452
vn 0.0 1.0 0.0
vn 0.0 1.0 0.0
vn 0.0 1.0 0.0
vn 0.0 1.0 0.0
vn -0.0 1.0 0.0
vn 0.0 1.0 0.0
vn 0.002885 0.002982 -0.999991
vn 0.000225 0.001901 -0.999998
vn 0.002885 0.002982 -0.999991
vn 0.002885 0.002982 -0.999991
vn 0.005546 0.004063 -0.999976
vn 0.002885 0.002982 -0.999991
vn 0.001487 0.999934 0.011394
vn 0.001742 0.999939 0.010937
vn 0.001487 0.999934 0.011394
vn 0.001487 0.999934 0.011394
vn 0.001232 0.999929 0.01185
vn 0.001487 0.999934 0.011394
vn -0.999806 0.006384 -0.018642
vn -0.999608 0.008238 -0.026774
vn -0.999806 0.006384 -0.018642
vn -0.999806 0.006384 -0.018642
vn -0.999935 0.004529 -0.010508
vn -0.999806 0.006384 -0.018642
vn 0.003958 0.837558 -0.546335
vn -0.075801 0.832918 -0.54818
vn -0.285069 0.943591 -0.168437
vn -0.285069 0.943591 -0.168437
vn 0.013535 0.983318 -0.18139
vn 0.003958 0.837558 -0.546335
vn -0.093504 0.421671 -0.901915
vn -0.075801 0.832918 -0.54818
vn 0.003958 0.837558 -0.546335
vn 0.003958 0.837558 -0.546335
vn -0.000244 0.24273 -0.970094
vn -0.093504 0.421671 -0.901915
vn -0.055956 0.00104 -0.998433
vn -0.093504 0.421671 -0.901915
vn -0.000244 0.24273 -0.970094
vn -0.000244 0.24273 -0.970094
vn -0.000429 0.003469 -0.999994
vn -0.055956 0.00104 -0.998433
vn 0.005995 0.999589 -0.028029
vn 0.013535 0.983318 -0.18139
vn -0.285069 0.943591 -0.168437
vn -0.285069 0.943591 -0.168437
vn -0.488873 0.872346 -0.003898
vn 0.005995 0.999589 -0.028029
vn -0.784211 0.620486 0.00312
vn -0.488873 0.872346 -0.003898
vn -0.285069 0.943591 -0.168437
vn -0.285069 0.943591 -0.168437
vn -0.769123 0.631628 -0.097447
vn -0.784211 0.620486 0.00312
vn -0.784211 0.620486 0.00312
vn -0.769123 0.631628 -0.097447
vn -0.979711 0.197576 -0.03361
vn -0.850987 0.479757 -0.213668
vn -0.979711 0.197576 -0.03361
vn -0.769123 0.631628 -0.097447
vn -0.769123 0.631628 -0.097447
vn -0.441977 0.768322 -0.462967
vn -0.850987 0.479757 -0.213668
vn -0.441977 0.768322 -0.462967
vn -0.769123 0.631628 -0.097447
vn -0.285069 0.943591 -0.168437
vn -0.285069 0.943591 -0.168437
vn -0.075801 0.832918 -0.54818
vn -0.441977 0.768322 -0.462967
vn -0.441977 0.768322 -0.462967
vn -0.075801 0.832918 -0.54818
vn -0.093504 0.421671 -0.901915
vn -0.979711 0.197576 -0.03361
vn -0.850987 0.479757 -0.213668
vn -0.999028 -0.013477 -0.041979
vn -0.999028 -0.013477 -0.041979
vn -0.986215 -0.16547 -0.000238
vn -0.979711 0.197576 -0.03361
vn -0.850987 0.479757 -0.213668
vn -0.441977 0.768322 -0.462967
vn -0.598874 0.320296 -0.734003
vn -0.093504 0.421671 -0.901915
vn -0.598874 0.320296 -0.734003
vn -0.441977 0.768322 -0.462967
vn -0.989953 0.14139 0.001538
vn -0.979711 0.197576 -0.03361
vn -0.986215 -0.16547 -0.000238
vn -0.979711 0.197576 -0.03361
vn -0.989953 0.14139 0.001538
vn -0.784211 0.620486 0.00312
vn -0.7434 0.662938 0.088713
vn -0.784211 0.620486 0.00312
vn -0.989953 0.14139 0.001538
vn -0.989953 0.14139 0.001538
vn -0.971489 0.235841 0.024269
vn -0.7434 0.662938 0.088713
vn -0.971489 0.235841 0.024269
vn -0.989953 0.14139 0.001538
vn -0.98582 -0.167803 -0.000239
vn -0.986215 -0.16547 -0.000238
vn -0.98582 -0.167803 -0.000239
vn -0.989953 0.14139 0.001538
vn -0.98582 -0.167803 -0.000239
vn -0.983354 -0.181678 -0.002842
vn -0.971489 0.235841 0.024269
vn -0.915686 0.368982 0.159285
vn -0.971489 0.235841 0.024269
vn -0.983354 -0.181678 -0.002842
vn -0.983354 -0.181678 -0.002842
vn -0.978491 -0.20629 -0.000119
vn -0.915686 0.368982 0.159285
vn -0.971489 0.235841 0.024269
vn -0.915686 0.368982 0.159285
vn -0.523172 0.809042 0.267846
vn -0.523172 0.809042 0.267846
vn -0.7434 0.662938 0.088713
vn -0.971489 0.235841 0.024269
vn -0.7434 0.662938 0.088713
vn -0.523172 0.809042 0.267846
vn -0.224238 0.826874 0.515748
vn -0.224238 0.826874 0.515748
vn -0.523172 0.809042 0.267846
vn -0.296439 0.763973 0.573122
vn -0.296439 0.763973 0.573122
vn -0.523172 0.809042 0.267846
vn -0.915686 0.368982 0.159285
vn -0.296439 0.763973 0.573122
vn -0.090592 0.247768 0.964575
vn -0.224238 0.826874 0.515748
vn -0.224238 0.826874 0.515748
vn -0.090592 0.247768 0.964575
vn 0.007527 0.536271 0.844013
vn 0.0 0.0 1.0
vn 0.007527 0.536271 0.844013
vn -0.090592 0.247768 0.964575
vn -0.090592 0.247768 0.964575
vn -0.106148 -0.000204 0.99435
vn 0.0 0.0 1.0
vn -0.454247 -0.016233 0.890728
vn -0.106148 -0.000204 0.99435
vn -0.090592 0.247768 0.964575
vn -0.090592 0.247768 0.964575
vn -0.63805 -0.087091 0.765054
vn -0.454247 -0.016233 0.890728
vn 0.007527 0.536271 0.844013
vn 0.021405 0.779547 0.625978
vn -0.224238 0.826874 0.515748
vn -0.224238 0.826874 0.515748
vn -0.659898 0.745295 0.095234
vn -0.7434 0.662938 0.088713
vn -0.802569 -0.110519 0.586233
vn -0.454247 -0.016233 0.890728
vn -0.63805 -0.087091 0.765054
vn -0.63805 -0.087091 0.765054
vn -0.736717 -0.199325 0.646157
vn -0.802569 -0.110519 0.586233
vn -0.659898 0.745295 0.095234
vn -0.488873 0.872346 -0.003898
vn -0.784211 0.620486 0.00312
vn -0.784211 0.620486 0.00312
vn -0.7434 0.662938 0.088713
vn -0.659898 0.745295 0.095234
vn -0.826666 0.084988 -0.556237
vn -0.837477 0.116028 -0.534013
vn -0.598874 0.320296 -0.734003
vn -0.598874 0.320296 -0.734003
vn -0.412979 0.023313 -0.910442
vn -0.826666 0.084988 -0.556237
vn -0.412979 0.023313 -0.910442
vn -0.598874 0.320296 -0.734003
vn -0.093504 0.421671 -0.901915
vn -0.093504 0.421671 -0.901915
vn -0.055956 0.00104 -0.998433
vn -0.412979 0.023313 -0.910442
vn -0.004331 0.93035 0.366646
vn -0.0 0.991774 0.128
vn 0.0025 0.977509 0.210879
vn 0.0025 0.977509 0.210879
vn 0.025097 0.961097 0.275069
vn -0.004331 0.93035 0.366646
vn -0.005138 0.9995 0.031206
vn 0.0025 0.977509 0.210879
vn -0.0 0.991774 0.128
vn -0.0 0.991774 0.128
vn -0.002999 0.999996 -0.000033
vn -0.005138 0.9995 0.031206
vn -0.000204 -0.000094 -1.0
vn -0.000062 -0.000099 -1.0
vn -0.000577 0.001493 -0.999999
vn -0.000577 0.001493 -0.999999
vn -0.000287 0.000067 -1.0
vn -0.000204 -0.000094 -1.0
vn -0.000577 0.001493 -0.999999
vn -0.000062 -0.000099 -1.0
vn -0.00095 0.003079 -0.999995
vn -0.00095 0.003079 -0.999995
vn -0.001898 0.006104 -0.99998
vn -0.000577 0.001493 -0.999999
vn 0.0 0.0 1.0
vn 0.0 0.0 1.0
vn 0.0 0.0 1.0
vn 0.0 0.0 1.0
vn 0.0 0.0 1.0
vn 0.0 0.0 1.0
vn -0.999957 -0.009231 0.0
vn -0.990493 0.137562 -0.0
vn -0.988264 -0.152754 0.0
vn -0.988264 -0.152754 0.0
vn -0.988264 -0.152754 0.0
vn -0.999957 -0.009231 0.0
vn -0.990493 0.137562 -0.0
vn -0.999957 -0.009231 0.0
vn -0.960467 0.278396 -0.0
vn -0.960467 0.278396 -0.0
vn -0.960467 0.278396 -0.0
vn -0.990493 0.137562 -0.0
vn 0.0 -0.0 -1.0
vn 0.0 -0.0 -1.0
vn 0.0 -0.0 -1.0
vn 0.0 -0.0 -1.0
vn 0.0 -0.0 -1.0
vn 0.0 -0.0 -1.0
vn 0.0 -0.0 -1.0
vn 0.0 -0.0 -1.0
vn 0.0 -0.0 -1.0
vn 0.0 -0.0 -1.0
vn 0.0 0.0 -1.0
vn 0.0 -0.0 -1.0
vn -0.0 -1.0 0.0
vn -0.0 -1.0 0.0
vn -0.0 -1.0 0.0
vn -0.0 -1.0 0.0
vn 0.0 -1.0 0.0
vn -0.0 -1.0 0.0
vn -0.133755 0.991014 -0.0
vn -0.133755 0.991014 -0.0
vn -0.133755 0.991014 0.0
vn -0.133755 0.991014 0.0
vn -0.133755 0.991014 0.0
vn -0.133755 0.991014 0.0
vn 0.0 0.0 1.0
vn 0.0 0.0 1.0
vn 0.0 -0.0 1.0
vn 0.0 0.0 1.0
vn 0.0 -0.0 1.0
vn 0.0 0.0 1.0
vn 0.0 0.0 1.0
vn 0.0 0.0 1.0
vn 0.0 0.0 1.0
vn -1.0 0.0 -0.0
vn -1.0 0.0 -0.0
vn -1.0 0.0 -0.0
vn -1.0 0.0 -0.0
vn -1.0 0.0 0.0
vn -1.0 0.0 -0.0
vn 0.0 0.0 -1.0
vn 0.0 0.0 -1.0
vn 0.0 0.0 -1.0
vn 0.0 0.0 -1.0
vn 0.0 -0.0 -1.0
vn 0.0 0.0 -1.0
vn -0.363345 -0.931655 -0.0
vn -0.363345 -0.931655 -0.0
vn -0.363345 -0.931655 -0.0
vn -0.363345 -0.931655 -0.0
vn -0.363345 -0.931655 -0.0
vn -0.363345 -0.931655 -0.0
vn -0.309588 0.950871 -0.0
vn -0.309588 0.950871 0.0
vn -0.309588 0.950871 -0.0
vn -0.309588 0.950871 -0.0
vn -0.309587 0.950871 -0.0
vn -0.309588 0.950871 -0.0
vn 0.0 0.0 1.0
vn 0.0 -0.0 1.0
vn 0.0 0.0 1.0
vn 0.0 0.0 1.0
vn 0.0 0.0 1.0
vn 0.0 0.0 1.0
vn -0.263092 -0.964771 0.0
vn -0.263092 -0.964771 0.0
vn -0.263092 -0.964771 0.0
vn -0.263092 -0.964771 0.0
vn -0.263092 -0.964771 0.0
vn -0.263092 -0.964771 0.0
vn -0.999758 -0.021992 0.0
vn -0.999758 -0.021992 0.0
vn -0.999758 -0.021992 0.0
vn -0.999758 -0.021992 0.0
vn -0.999758 -0.021992 -0.0
vn -0.999758 -0.021992 0.0
vn -0.361173 0.932499 -0.000002
vn -0.36117 0.9325 0.0
vn -0.361173 0.932499 -0.000002
vn -0.361173 0.932499 -0.000002
vn -0.361176 0.932498 -0.000005
vn -0.361173 0.932499 -0.000002
vn 0.766797 0.641875 -0.00433
vn 0.761174 0.64849 -0.008659
vn 0.766797 0.641875 -0.00433
vn 0.766797 0.641875 -0.00433
vn 0.772348 0.6352 -0.0
vn 0.766797 0.641875 -0.00433
vn 0.778976 0.627054 0.0
vn 0.935263 0.353953 0.0
vn 0.935263 0.353953 0.0
vn 0.935263 0.353953 0.0
vn 0.778976 0.627054 0.0
vn 0.778976 0.627054 0.0
vn 0.935263 0.353953 0.0
vn 0.935263 0.353953 0.0
vn 0.99895 0.045807 0.0
vn 0.99895 0.045807 0.0
vn 0.99895 0.045807 -0.0
vn 0.935263 0.353953 0.0
vn 0.0 0.0 1.0
vn 0.0 0.0 1.0
vn 0.0 0.0 1.0
vn 0.0 0.0 1.0
vn 0.0 0.0 1.0
vn 0.0 0.0 1.0
vn 0.0 0.0 1.0
vn 0.0 0.0 1.0
vn 0.0 -0.0 1.0
vn 0.0 -0.0 1.0
vn 0.0 0.0 1.0
vn 0.0 0.0 1.0
vn -1.0 0.0 0.0
vn -1.0 0.0 0.0
vn -1.0 0.0 0.0
vn -1.0 0.0 0.0
vn -1.0 0.0 -0.0
vn -1.0 0.0 0.0
vn -0.313039 0.835074 0.452391
vn -0.335795 0.9079 0.250918
vn -0.503873 0.834478 0.223063
vn -0.503873 0.834478 0.223063
vn -0.554086 0.713752 0.428424
vn -0.313039 0.835074 0.452391
vn -0.313039 0.835074 0.452391
vn -0.554086 0.713752 0.428424
vn -0.549503 0.458239 0.698615
vn -0.549503 0.458239 0.698615
vn -0.331676 0.430597 0.839391
vn -0.313039 0.835074 0.452391
vn -0.331676 0.430597 0.839391
vn -0.549503 0.458239 0.698615
vn -0.498949 0.078017 0.863113
vn -0.498949 0.078017 0.863113
vn -0.348394 0.085362 0.933453
vn -0.331676 0.430597 0.839391
vn -0.350832 -0.105389 0.930489
vn -0.348394 0.085362 0.933453
vn -0.498949 0.078017 0.863113
vn -0.498949 0.078017 0.863113
vn -0.635845 -0.075566 0.768108
vn -0.350832 -0.105389 0.930489
vn -0.919844 0.3577 0.161055
vn -0.554086 0.713752 0.428424
vn -0.503873 0.834478 0.223063
vn -0.503873 0.834478 0.223063
vn -0.675721 0.712899 0.187551
vn -0.919844 0.3577 0.161055
vn -0.928516 0.223984 0.296124
vn -0.549503 0.458239 0.698615
vn -0.554086 0.713752 0.428424
vn -0.554086 0.713752 0.428424
vn -0.919844 0.3577 0.161055
vn -0.928516 0.223984 0.296124
vn -1.0 0.0 -0.0
vn -0.928516 0.223984 0.296124
vn -0.919844 0.3577 0.161055
vn -0.919844 0.3577 0.161055
vn -1.0 0.0 -0.0
vn -1.0 0.0 -0.0
vn -1.0 0.0 -0.0
vn -0.919844 0.3577 0.161055
vn -1.0 0.0 -0.0
vn -1.0 0.0 -0.0
vn -1.0 0.0 -0.0
vn -1.0 0.0 -0.0
vn -0.928516 0.223984 0.296124
vn -1.0 0.0 -0.0
vn -1.0 0.0 0.0
vn -1.0 0.0 0.0
vn -0.884217 0.046135 0.464792
vn -0.928516 0.223984 0.296124
vn -0.884217 0.046135 0.464792
vn -0.498949 0.078017 0.863113
vn -0.549503 0.458239 0.698615
vn -0.549503 0.458239 0.698615
vn -0.928516 0.223984 0.296124
vn -0.884217 0.046135 0.464792
vn -0.635845 -0.075566 0.768108
vn -0.498949 0.078017 0.863113
vn -0.884217 0.046135 0.464792
vn -0.971085 -0.014343 0.238302
vn -0.884217 0.046135 0.464792
vn -1.0 0.0 0.0
vn -0.884217 0.046135 0.464792
vn -0.971085 -0.014343 0.238302
vn -0.635845 -0.075566 0.768108
vn -1.0 0.0 0.0
vn -1.0 0.0 0.0
vn -0.971085 -0.014343 0.238302
vn -1.0 0.0 -0.0
vn -1.0 0.0 -0.0
vn -1.0 0.0 0.0
vn -1.0 0.0 0.0
vn -0.919844 0.357699 -0.161054
vn -1.0 0.0 -0.0
vn -1.0 0.0 -0.0
vn -1.0 0.0 -0.0
vn -0.919844 0.357699 -0.161054
vn -0.919844 0.357699 -0.161054
vn -0.928516 0.223983 -0.296124
vn -1.0 0.0 -0.0
vn -1.0 0.0 -0.0
vn -1.0 0.0 -0.0
vn -0.928516 0.223983 -0.296124
vn -0.928516 0.223983 -0.296124
vn -0.884218 0.046135 -0.464791
vn -1.0 0.0 -0.0
vn -1.0 0.0 -0.0
vn -0.884218 0.046135 -0.464791
vn -0.971085 -0.014341 -0.238302
vn -0.971085 -0.014341 -0.238302
vn -1.0 0.0 -0.0
vn -1.0 0.0 -0.0
vn -0.928516 0.223983 -0.296124
vn -0.919844 0.357699 -0.161054
vn -0.554087 0.713751 -0.428425
vn -0.503874 0.834478 -0.223063
vn -0.554087 0.713751 -0.428425
vn -0.919844 0.357699 -0.161054
vn -0.313038 0.835074 -0.452392
vn -0.554087 0.713751 -0.428425
vn -0.503874 0.834478 -0.223063
vn -0.503874 0.834478 -0.223063
vn -0.335796 0.9079 -0.250917
vn -0.313038 0.835074 -0.452392
vn -0.549503 0.458238 -0.698616
vn -0.554087 0.713751 -0.428425
vn -0.313038 0.835074 -0.452392
vn -0.554087 0.713751 -0.428425
vn -0.549503 0.458238 -0.698616
vn -0.928516 0.223983 -0.296124
vn -0.884218 0.046135 -0.464791
vn -0.928516 0.223983 -0.296124
vn -0.549503 0.458238 -0.698616
vn -0.313038 0.835074 -0.452392
vn -0.331676 0.430596 -0.839392
vn -0.549503 0.458238 -0.698616
vn -0.498948 0.078016 -0.863113
vn -0.549503 0.458238 -0.698616
vn -0.331676 0.430596 -0.839392
vn -0.549503 0.458238 -0.698616
vn -0.498948 0.078016 -0.863113
vn -0.884218 0.046135 -0.464791
vn -0.331676 0.430596 -0.839392
vn -0.348394 0.085359 -0.933453
vn -0.498948 0.078016 -0.863113
vn -0.498948 0.078016 -0.863113
vn -0.348394 0.085359 -0.933453
vn -0.350824 -0.105392 -0.930492
vn -0.350824 -0.105392 -0.930492
vn -0.635843 -0.075565 -0.768111
vn -0.498948 0.078016 -0.863113
vn -0.635843 -0.075565 -0.768111
vn -0.971085 -0.014341 -0.238302
vn -0.884218 0.046135 -0.464791
vn -0.884218 0.046135 -0.464791
vn -0.498948 0.078016 -0.863113
vn -0.635843 -0.075565 -0.768111
vn -0.919844 0.357699 -0.161054
vn -0.675721 0.712899 -0.187551
vn -0.503874 0.834478 -0.223063
vn -0.313041 0.835074 0.452391
vn -0.335796 0.9079 0.250917
vn -0.503875 0.834478 0.223062
vn -0.503875 0.834478 0.223062
vn -0.554087 0.713751 0.428424
vn -0.313041 0.835074 0.452391
vn -0.313041 0.835074 0.452391
vn -0.554087 0.713751 0.428424
vn -0.549507 0.458237 0.698613
vn -0.549507 0.458237 0.698613
vn -0.331683 0.430595 0.839389
vn -0.313041 0.835074 0.452391
vn -0.331683 0.430595 0.839389
vn -0.549507 0.458237 0.698613
vn -0.498953 0.078016 0.86311
vn -0.498953 0.078016 0.86311
vn -0.348394 0.085361 0.933454
vn -0.331683 0.430595 0.839389
vn -0.350831 -0.105389 0.93049
vn -0.348394 0.085361 0.933454
vn -0.498953 0.078016 0.86311
vn -0.498953 0.078016 0.86311
vn -0.635849 -0.075565 0.768105
vn -0.350831 -0.105389 0.93049
vn -0.919844 0.357699 0.161053
vn -0.554087 0.713751 0.428424
vn -0.503875 0.834478 0.223062
vn -0.503875 0.834478 0.223062
vn -0.675725 0.712896 0.187548
vn -0.919844 0.357699 0.161053
vn -0.928516 0.223982 0.296126
vn -0.549507 0.458237 0.698613
vn -0.554087 0.713751 0.428424
vn -0.554087 0.713751 0.428424
vn -0.919844 0.357699 0.161053
vn -0.928516 0.223982 0.296126
vn -1.0 0.0 -0.0
vn -0.928516 0.223982 0.296126
vn -0.919844 0.357699 0.161053
vn -0.919844 0.357699 0.161053
vn -1.0 0.000001 -0.000003
vn -1.0 0.0 -0.0
vn -1.0 0.000001 -0.000003
vn -0.919844 0.357699 0.161053
vn -1.0 0.000001 -0.000004
vn -1.0 0.000001 -0.000004
vn -1.0 0.0 -0.0
vn -1.0 0.000001 -0.000003
vn -0.928516 0.223982 0.296126
vn -1.0 0.0 -0.0
vn -1.0 -0.0 0.000008
vn -1.0 -0.0 0.000008
vn -0.884217 0.046135 0.464792
vn -0.928516 0.223982 0.296126
vn -0.884217 0.046135 0.464792
vn -0.498953 0.078016 0.86311
vn -0.549507 0.458237 0.698613
vn -0.549507 0.458237 0.698613
vn -0.928516 0.223982 0.296126
vn -0.884217 0.046135 0.464792
vn -0.635849 -0.075565 0.768105
vn -0.498953 0.078016 0.86311
vn -0.884217 0.046135 0.464792
vn -0.971084 -0.014342 0.238308
vn -0.884217 0.046135 0.464792
vn -1.0 -0.0 0.000008
vn -0.884217 0.046135 0.464792
vn -0.971084 -0.014342 0.238308
vn -0.635849 -0.075565 0.768105
vn -1.0 -0.0 0.000008
vn -1.0 -0.0 0.000011
vn -0.971084 -0.014342 0.238308
vn -1.0 0.000001 0.000002
vn -1.0 0.0 -0.0
vn -1.0 0.000001 0.000004
vn -1.0 0.000001 0.000004
vn -0.919844 0.357699 -0.161053
vn -1.0 0.000001 0.000002
vn -1.0 0.0 -0.0
vn -1.0 0.000001 0.000002
vn -0.919844 0.357699 -0.161053
vn -0.919844 0.357699 -0.161053
vn -0.928516 0.223982 -0.296126
vn -1.0 0.0 -0.0
vn -1.0 -0.0 -0.000008
vn -1.0 0.0 -0.0
vn -0.928516 0.223982 -0.296126
vn -0.928516 0.223982 -0.296126
vn -0.884217 0.046135 -0.464792
vn -1.0 -0.0 -0.000008
vn -1.0 -0.0 -0.000008
vn -0.884217 0.046135 -0.464792
vn -0.971084 -0.014341 -0.238308
vn -0.971084 -0.014341 -0.238308
vn -1.0 -0.0 -0.000011
vn -1.0 -0.0 -0.000008
vn -0.928516 0.223982 -0.296126
vn -0.919844 0.357699 -0.161053
vn -0.554085 0.713751 -0.428426
vn -0.503874 0.834478 -0.223062
vn -0.554085 0.713751 -0.428426
vn -0.919844 0.357699 -0.161053
vn -0.31304 0.835074 -0.452391
vn -0.554085 0.713751 -0.428426
vn -0.503874 0.834478 -0.223062
vn -0.503874 0.834478 -0.223062
vn -0.335796 0.907899 -0.250917
vn -0.31304 0.835074 -0.452391
vn -0.549509 0.458237 -0.698612
vn -0.554085 0.713751 -0.428426
vn -0.31304 0.835074 -0.452391
vn -0.554085 0.713751 -0.428426
vn -0.549509 0.458237 -0.698612
vn -0.928516 0.223982 -0.296126
vn -0.884217 0.046135 -0.464792
vn -0.928516 0.223982 -0.296126
vn -0.549509 0.458237 -0.698612
vn -0.31304 0.835074 -0.452391
vn -0.33169 0.430595 -0.839387
vn -0.549509 0.458237 -0.698612
vn -0.498953 0.078016 -0.86311
vn -0.549509 0.458237 -0.698612
vn -0.33169 0.430595 -0.839387
vn -0.549509 0.458237 -0.698612
vn -0.498953 0.078016 -0.86311
vn -0.884217 0.046135 -0.464792
vn -0.33169 0.430595 -0.839387
vn -0.348393 0.085358 -0.933454
vn -0.498953 0.078016 -0.86311
vn -0.498953 0.078016 -0.86311
vn -0.348393 0.085358 -0.933454
vn -0.350824 -0.105392 -0.930492
vn -0.350824 -0.105392 -0.930492
vn -0.635846 -0.075565 -0.768108
vn -0.498953 0.078016 -0.86311
vn -0.635846 -0.075565 -0.768108
vn -0.971084 -0.014341 -0.238308
vn -0.884217 0.046135 -0.464792
vn -0.884217 0.046135 -0.464792
vn -0.498953 0.078016 -0.86311
vn -0.635846 -0.075565 -0.768108
vn -0.919844 0.357699 -0.161053
vn -0.675725 0.712896 -0.187547
vn -0.503874 0.834478 -0.223062
vn -0.010701 0.649925 -0.759923
vn -0.000219 0.707317 -0.706896
vn -0.04023 0.639955 -0.767359
vn -0.010701 0.649925 -0.759923
vn -0.04023 0.639955 -0.767359
vn -0.020051 0.582542 -0.812553
vn -0.010701 0.649925 -0.759923
vn -0.020051 0.582542 -0.812553
vn 0.022149 0.582539 -0.812501
vn -0.020051 0.582542 -0.812553
vn 0.006033 0.518243 -0.855212
vn 0.022149 0.582539 -0.812501
vn 0.006033 0.518243 -0.855212
vn 0.02313 0.524606 -0.851031
vn 0.022149 0.582539 -0.812501
vn 0.006033 0.518243 -0.855212
vn 0.0 0.479887 -0.877331
vn 0.02313 0.524606 -0.851031
vn 1.0 0.0 -0.0
vn 1.0 0.0 -0.000001
vn 1.0 0.0 -0.000001
vn 1.0 0.0 -0.0
vn 1.0 0.0 -0.000001
vn 1.0 0.0 -0.0
vn 1.0 0.0 -0.000001
vn 1.0 0.0 -0.000001
vn 1.0 0.0 -0.0
vn 1.0 0.0 -0.0
vn 1.0 0.0 -0.0
vn 1.0 0.0 -0.0
vn 1.0 0.0 -0.0
vn 1.0 0.0 -0.0
vn 1.0 0.0 -0.0
vn 1.0 0.0 -0.0
vn 1.0 0.0 -0.000001
vn 1.0 0.0 -0.0
vn 1.0 0.0 -0.0
vn 1.0 0.0 -0.000001
vn 1.0 0.0 -0.0
vn 1.0 0.0 -0.0
vn 1.0 0.0 -0.0
vn 1.0 0.0 0.0
vn 1.0 0.0 -0.0
vn 1.0 0.0 0.0
vn 1.0 0.0 0.0
vn 1.0 0.0 -0.0
vn 1.0 0.0 0.0
vn 1.0 0.0 0.0
vn 1.0 0.0 0.0
vn 1.0 0.0 0.0
vn 1.0 0.0 0.0
vn 1.0 0.0 -0.0
vn 1.0 0.0 0.0
vn 1.0 0.0 0.0
vn 1.0 0.0 0.0
vn 1.0 0.0 0.000001
vn 1.0 0.0 0.0
vn 1.0 0.0 0.0
vn 1.0 0.0 0.000001
vn 1.0 0.0 0.000001
vn 1.0 0.0 0.000001
vn 1.0 0.0 0.0
vn 1.0 0.0 0.0
vn 1.0 0.0 0.0
vn 1.0 0.0 -0.0
vn 1.0 0.0 -0.0
vn 1.0 0.0 -0.0
vn 1.0 0.0 0.0
vn 1.0 0.0 -0.0
vn 1.0 0.0 -0.0
vn 1.0 0.0 -0.0
vn 1.0 0.0 -0.0
vn -0.0 0.987688 0.156434
vn -0.0 0.933441 0.35873
vn -0.0 0.966025 0.258447
vn -0.0 0.966025 0.258447
vn -0.0 0.987688 0.156434
vn -0.0 0.987688 0.156434
vn -0.0 0.83888 0.544317
vn -0.0 0.966025 0.258447
vn -0.0 0.933441 0.35873
vn -0.0 0.933441 0.35873
vn -0.0 0.776903 0.629621
vn -0.0 0.83888 0.544317
vn -0.0 0.629619 0.776904
vn -0.0 0.83888 0.544317
vn -0.0 0.776903 0.629621
vn -0.0 0.776903 0.629621
vn -0.0 0.544313 0.838882
vn -0.0 0.629619 0.776904
vn 0.0 0.358728 0.933442
vn -0.0 0.629619 0.776904
vn -0.0 0.544313 0.838882
vn -0.0 0.544313 0.838882
vn -0.000059 0.258264 0.966074
vn 0.0 0.358728 0.933442
vn -0.000047 0.052531 0.998619
vn 0.0 0.358728 0.933442
vn -0.000059 0.258264 0.966074
vn -0.000059 0.258264 0.966074
vn -0.000035 -0.052911 0.998599
vn -0.000047 0.052531 0.998619
vn 0.000105 -0.258447 0.966026
vn -0.000047 0.052531 0.998619
vn -0.000035 -0.052911 0.998599
vn -0.000035 -0.052911 0.998599
vn 0.000175 -0.358726 0.933443
vn 0.000105 -0.258447 0.966026
vn 0.000304 -0.544313 0.838882
vn 0.000105 -0.258447 0.966026
vn 0.000175 -0.358726 0.933443
vn 0.000175 -0.358726 0.933443
vn 0.000365 -0.62962 0.776903
vn 0.000304 -0.544313 0.838882
vn 0.000473 -0.776904 0.629619
vn 0.000304 -0.544313 0.838882
vn 0.000365 -0.62962 0.776903
vn 0.000365 -0.62962 0.776903
vn 0.000521 -0.838882 0.544313
vn 0.000473 -0.776904 0.629619
vn 0.000597 -0.933443 0.358726
vn 0.000473 -0.776904 0.629619
vn 0.000521 -0.838882 0.544313
vn 0.000521 -0.838882 0.544313
vn 0.000626 -0.966026 0.258445
vn 0.000597 -0.933443 0.358726
vn 0.000647 -0.987688 0.156434
vn 0.000597 -0.933443 0.358726
vn 0.000626 -0.966026 0.258445
vn 0.000626 -0.966026 0.258445
vn 0.000647 -0.987688 0.156434
vn 0.000647 -0.987688 0.156434
vn 0.873192 0.481376 0.076242
vn 0.875457 0.451129 0.173373
vn 0.968447 0.240753 0.06441
vn 0.968447 0.240753 0.06441
vn 0.985916 0.165181 0.026161
vn 0.873192 0.481376 0.076242
vn 0.968447 0.209065 0.135655
vn 0.968447 0.240753 0.06441
vn 0.875457 0.451129 0.173373
vn 0.875457 0.451129 0.173373
vn 0.875456 0.375474 0.304295
vn 0.968447 0.209065 0.135655
vn 0.968447 0.156914 0.19362
vn 0.968447 0.209065 0.135655
vn 0.875456 0.375474 0.304295
vn 0.875456 0.375474 0.304295
vn 0.875457 0.263066 0.405428
vn 0.968447 0.156914 0.19362
vn 0.968447 0.089402 0.232633
vn 0.968447 0.156914 0.19362
vn 0.875457 0.263066 0.405428
vn 0.875457 0.263066 0.405428
vn 0.875455 0.124907 0.46688
vn 0.968447 0.089402 0.232633
vn 0.968447 0.01314 0.248874
vn 0.968447 0.089402 0.232633
vn 0.875455 0.124907 0.46688
vn 0.875455 0.124907 0.46688
vn 0.875456 -0.02548 0.482626
vn 0.968447 0.01314 0.248874
vn 0.968447 -0.064411 0.240754
vn 0.968447 0.01314 0.248874
vn 0.875456 -0.02548 0.482626
vn 0.875456 -0.02548 0.482626
vn 0.875455 -0.173374 0.451132
vn 0.968447 -0.064411 0.240754
vn 0.968447 -0.135654 0.209067
vn 0.968447 -0.064411 0.240754
vn 0.875455 -0.173374 0.451132
vn 0.875455 -0.173374 0.451132
vn 0.875457 -0.304291 0.375476
vn 0.968447 -0.135654 0.209067
vn 0.968447 -0.19362 0.156914
vn 0.968447 -0.135654 0.209067
vn 0.875457 -0.304291 0.375476
vn 0.875457 -0.304291 0.375476
vn 0.875456 -0.40543 0.263065
vn 0.968447 -0.19362 0.156914
vn 0.968447 -0.232633 0.089401
vn 0.968447 -0.19362 0.156914
vn 0.875456 -0.40543 0.263065
vn 0.875456 -0.40543 0.263065
vn 0.875457 -0.466877 0.124905
vn 0.968447 -0.232633 0.089401
vn 0.942403 -0.330362 0.052324
vn 0.968447 -0.232633 0.089401
vn 0.875457 -0.466877 0.124905
vn 0.875457 -0.466877 0.124905
vn 0.873192 -0.481376 0.076242
vn 0.942403 -0.330362 0.052324
vn 0.968447 0.156914 0.19362
vn 0.968447 0.089402 0.232633
vn 1.0 0.0 -0.0
vn 0.968447 0.089402 0.232633
vn 0.968447 0.01314 0.248874
vn 1.0 0.0 0.0
vn 1.0 0.0 0.0
vn 1.0 0.0 -0.0
vn 0.968447 0.089402 0.232633
vn 0.968447 0.01314 0.248874
vn 0.968447 -0.064411 0.240754
vn 1.0 0.0 -0.0
vn 1.0 0.0 -0.0
vn 1.0 0.0 0.0
vn 0.968447 0.01314 0.248874
vn 0.968447 -0.064411 0.240754
vn 0.968447 -0.135654 0.209067
vn 1.0 0.0 0.0
vn 1.0 0.0 0.0
vn 1.0 0.0 -0.0
vn 0.968447 -0.064411 0.240754
vn 0.968447 -0.135654 0.209067
vn 0.968447 -0.19362 0.156914
vn 1.0 0.0 0.0
vn 1.0 0.0 0.0
vn 1.0 0.0 0.0
vn 0.968447 -0.135654 0.209067
vn 0.968447 -0.19362 0.156914
vn 0.968447 -0.232633 0.089401
vn 1.0 0.0 0.0
vn 1.0 0.0 0.0
vn 1.0 0.0 0.0
vn 0.968447 -0.19362 0.156914
vn 0.968447 -0.232633 0.089401
vn 0.942403 -0.330362 0.052324
vn 1.0 0.0 -0.0
vn 1.0 0.0 -0.0
vn 1.0 0.0 0.0
vn 0.968447 -0.232633 0.089401
vn 1.0 0.0 -0.0
vn 1.0 0.0 -0.0
vn 0.968447 0.156914 0.19362
vn 0.968447 0.209065 0.135655
vn 0.968447 0.156914 0.19362
vn 1.0 0.0 -0.0
vn 1.0 0.0 -0.0
vn 1.0 0.0 0.0
vn 0.968447 0.209065 0.135655
vn 0.968447 0.240753 0.06441
vn 0.968447 0.209065 0.135655
vn 1.0 0.0 0.0
vn 1.0 0.0 0.0
vn 1.0 0.0 -0.0
vn 0.968447 0.240753 0.06441
vn 0.985916 0.165181 0.026161
vn 0.968447 0.240753 0.06441
vn 1.0 0.0 -0.0
vn 1.0 0.0 -0.0
vn 1.0 0.0 -0.000001
vn 0.985916 0.165181 0.026161
vn 0.003987 -0.987679 -0.156441
vn 0.004031 -0.933436 -0.358722
vn 0.004032 -0.966018 -0.258445
vn 0.004032 -0.966018 -0.258445
vn 0.003985 -0.987678 -0.156446
vn 0.003987 -0.987679 -0.156441
vn 0.004029 -0.838874 -0.544311
vn 0.004032 -0.966018 -0.258445
vn 0.004031 -0.933436 -0.358722
vn 0.004031 -0.933436 -0.358722
vn 0.004028 -0.776894 -0.629619
vn 0.004029 -0.838874 -0.544311
vn 0.004031 -0.629612 -0.776899
vn 0.004029 -0.838874 -0.544311
vn 0.004028 -0.776894 -0.629619
vn 0.004028 -0.776894 -0.629619
vn 0.004033 -0.544312 -0.838873
vn 0.004031 -0.629612 -0.776899
vn 0.004033 -0.35873 -0.933433
vn 0.004031 -0.629612 -0.776899
vn 0.004033 -0.544312 -0.838873
vn 0.004033 -0.544312 -0.838873
vn 0.004032 -0.25845 -0.966016
vn 0.004033 -0.35873 -0.933433
vn 0.00403 -0.052722 -0.998601
vn 0.004033 -0.35873 -0.933433
vn 0.004032 -0.25845 -0.966016
vn 0.004032 -0.25845 -0.966016
vn 0.00403 0.052726 -0.998601
vn 0.00403 -0.052722 -0.998601
vn 0.004032 0.258449 -0.966016
vn 0.00403 -0.052722 -0.998601
vn 0.00403 0.052726 -0.998601
vn 0.00403 0.052726 -0.998601
vn 0.004033 0.358726 -0.933434
vn 0.004032 0.258449 -0.966016
vn 0.004033 0.544311 -0.838874
vn 0.004032 0.258449 -0.966016
vn 0.004033 0.358726 -0.933434
vn 0.004033 0.358726 -0.933434
vn 0.004032 0.629616 -0.776896
vn 0.004033 0.544311 -0.838874
vn 0.004032 0.776897 -0.629615
vn 0.004033 0.544311 -0.838874
vn 0.004032 0.629616 -0.776896
vn 0.004032 0.629616 -0.776896
vn 0.004032 0.838873 -0.544312
vn 0.004032 0.776897 -0.629615
vn 0.004033 0.933435 -0.358725
vn 0.004032 0.776897 -0.629615
vn 0.004032 0.838873 -0.544312
vn 0.004032 0.838873 -0.544312
vn 0.004034 0.966018 -0.258444
vn 0.004033 0.933435 -0.358725
vn 0.003991 0.987681 -0.156432
vn 0.004033 0.933435 -0.358725
vn 0.004034 0.966018 -0.258444
vn 0.004034 0.966018 -0.258444
vn 0.003992 0.98768 -0.156436
vn 0.003991 0.987681 -0.156432
vn 0.0 0.987688 -0.156435
vn -0.0 0.987688 -0.156435
vn 0.0 0.966026 -0.258446
vn 0.0 0.966026 -0.258446
vn 0.0 0.933442 -0.358729
vn 0.0 0.987688 -0.156435
vn 0.0 0.933442 -0.358729
vn 0.0 0.966026 -0.258446
vn 0.0 0.83888 -0.544316
vn 0.0 0.83888 -0.544316
vn 0.0 0.776902 -0.629621
vn 0.0 0.933442 -0.358729
vn 0.0 0.776902 -0.629621
vn 0.0 0.83888 -0.544316
vn 0.0 0.62962 -0.776904
vn 0.0 0.62962 -0.776904
vn 0.0 0.544313 -0.838882
vn 0.0 0.776902 -0.629621
vn 0.0 0.544313 -0.838882
vn 0.0 0.62962 -0.776904
vn -0.0 0.358726 -0.933443
vn -0.0 0.358726 -0.933443
vn -0.000012 0.258408 -0.966036
vn 0.0 0.544313 -0.838882
vn -0.000012 0.258408 -0.966036
vn -0.0 0.358726 -0.933443
vn 0.000047 0.052683 -0.998611
vn 0.000047 0.052683 -0.998611
vn 0.000106 -0.05276 -0.998607
vn -0.000012 0.258408 -0.966036
vn 0.000106 -0.05276 -0.998607
vn 0.000047 0.052683 -0.998611
vn 0.00024 -0.258444 -0.966026
vn 0.00024 -0.258444 -0.966026
vn 0.000304 -0.358726 -0.933443
vn 0.000106 -0.05276 -0.998607
vn 0.000304 -0.358726 -0.933443
vn 0.00024 -0.258444 -0.966026
vn 0.000421 -0.544313 -0.838882
vn 0.000421 -0.544313 -0.838882
vn 0.000473 -0.629619 -0.776904
vn 0.000304 -0.358726 -0.933443
vn 0.000473 -0.629619 -0.776904
vn 0.000421 -0.544313 -0.838882
vn 0.000562 -0.776903 -0.62962
vn 0.000562 -0.776903 -0.62962
vn 0.000598 -0.838882 -0.544313
vn 0.000473 -0.629619 -0.776904
vn 0.000598 -0.838882 -0.544313
vn 0.000562 -0.776903 -0.62962
vn 0.000648 -0.933443 -0.358724
vn 0.000648 -0.933443 -0.358724
vn 0.000662 -0.966026 -0.258444
vn 0.000598 -0.838882 -0.544313
vn 0.000662 -0.966026 -0.258444
vn 0.000648 -0.933443 -0.358724
vn 0.000669 -0.987688 -0.156435
vn 0.000669 -0.987688 -0.156435
vn 0.000669 -0.987688 -0.156435
vn 0.000662 -0.966026 -0.258444
vn 0.873192 0.481377 -0.076242
vn 0.985916 0.165181 -0.026162
vn 0.968447 0.240753 -0.064411
vn 0.968447 0.240753 -0.064411
vn 0.875456 0.45113 -0.173373
vn 0.873192 0.481377 -0.076242
vn 0.875456 0.45113 -0.173373
vn 0.968447 0.240753 -0.064411
vn 0.968447 0.209066 -0.135654
vn 0.968447 0.209066 -0.135654
vn 0.875457 0.375474 -0.304293
vn 0.875456 0.45113 -0.173373
vn 0.875457 0.375474 -0.304293
vn 0.968447 0.209066 -0.135654
vn 0.968447 0.156913 -0.193619
vn 0.968447 0.156913 -0.193619
vn 0.875457 0.263065 -0.405428
vn 0.875457 0.375474 -0.304293
vn 0.875457 0.263065 -0.405428
vn 0.968447 0.156913 -0.193619
vn 0.968447 0.089401 -0.232632
vn 0.968447 0.089401 -0.232632
vn 0.875457 0.124905 -0.466877
vn 0.875457 0.263065 -0.405428
vn 0.875457 0.124905 -0.466877
vn 0.968447 0.089401 -0.232632
vn 0.968447 0.013139 -0.248873
vn 0.968447 0.013139 -0.248873
vn 0.875457 -0.02548 -0.482625
vn 0.875457 0.124905 -0.466877
vn 0.875457 -0.02548 -0.482625
vn 0.968447 0.013139 -0.248873
vn 0.968447 -0.06441 -0.240753
vn 0.968447 -0.06441 -0.240753
vn 0.875456 -0.173371 -0.451131
vn 0.875457 -0.02548 -0.482625
vn 0.875456 -0.173371 -0.451131
vn 0.968447 -0.06441 -0.240753
vn 0.968447 -0.135653 -0.209066
vn 0.968447 -0.135653 -0.209066
vn 0.875457 -0.304292 -0.375474
vn 0.875456 -0.173371 -0.451131
vn 0.875457 -0.304292 -0.375474
vn 0.968447 -0.135653 -0.209066
vn 0.968447 -0.193619 -0.156913
vn 0.968447 -0.193619 -0.156913
vn 0.875457 -0.405429 -0.263064
vn 0.875457 -0.304292 -0.375474
vn 0.875457 -0.405429 -0.263064
vn 0.968447 -0.193619 -0.156913
vn 0.968447 -0.232633 -0.089402
vn 0.968447 -0.232633 -0.089402
vn 0.875456 -0.466878 -0.124905
vn 0.875457 -0.405429 -0.263064
vn 0.875456 -0.466878 -0.124905
vn 0.968447 -0.232633 -0.089402
vn 0.942403 -0.330362 -0.052324
vn 0.942403 -0.330362 -0.052324
vn 0.873192 -0.481376 -0.076243
vn 0.875456 -0.466878 -0.124905
vn 1.0 0.0 -0.0
vn 0.968447 0.089401 -0.232632
vn 0.968447 0.156913 -0.193619
vn 0.968447 0.156913 -0.193619
vn 1.0 0.0 0.0
vn 1.0 0.0 -0.0
vn 1.0 0.0 0.0
vn 0.968447 0.156913 -0.193619
vn 0.968447 0.209066 -0.135654
vn 0.968447 0.209066 -0.135654
vn 1.0 0.0 0.0
vn 1.0 0.0 0.0
vn 1.0 0.0 0.0
vn 0.968447 0.209066 -0.135654
vn 0.968447 0.240753 -0.064411
vn 0.968447 0.240753 -0.064411
vn 1.0 0.0 -0.0
vn 1.0 0.0 0.0
vn 1.0 0.0 -0.0
vn 0.968447 0.240753 -0.064411
vn 0.985916 0.165181 -0.026162
vn 0.985916 0.165181 -0.026162
vn 1.0 0.0 -0.000001
vn 1.0 0.0 -0.0
vn 1.0 0.0 0.0
vn 0.968447 -0.232633 -0.089402
vn 0.968447 -0.193619 -0.156913
vn 0.968447 -0.193619 -0.156913
vn 1.0 0.0 0.000001
vn 1.0 0.0 0.0
vn 0.968447 -0.232633 -0.089402
vn 1.0 0.0 0.0
vn 1.0 0.0 -0.0
vn 1.0 0.0 -0.0
vn 0.942403 -0.330362 -0.052324
vn 0.968447 -0.232633 -0.089402
vn 0.968447 0.089401 -0.232632
vn 1.0 0.0 -0.0
vn 1.0 0.0 0.0
vn 1.0 0.0 0.0
vn 0.968447 0.013139 -0.248873
vn 0.968447 0.089401 -0.232632
vn 0.968447 0.013139 -0.248873
vn 1.0 0.0 0.0
vn 1.0 0.0 0.0
vn 1.0 0.0 0.0
vn 0.968447 -0.06441 -0.240753
vn 0.968447 0.013139 -0.248873
vn 0.968447 -0.06441 -0.240753
vn 1.0 0.0 0.0
vn 1.0 0.0 0.0
vn 1.0 0.0 0.0
vn 0.968447 -0.135653 -0.209066
vn 0.968447 -0.06441 -0.240753
vn 0.968447 -0.135653 -0.209066
vn 1.0 0.0 0.0
vn 1.0 0.0 0.000001
vn 1.0 0.0 0.000001
vn 0.968447 -0.193619 -0.156913
vn 0.968447 -0.135653 -0.209066
vn 0.003988 -0.987679 0.156442
vn 0.003985 -0.987678 0.156449
vn 0.004033 -0.966018 0.258443
vn 0.004033 -0.966018 0.258443
vn 0.004032 -0.933437 0.35872
vn 0.003988 -0.987679 0.156442
vn 0.004032 -0.933437 0.35872
vn 0.004033 -0.966018 0.258443
vn 0.00403 -0.838876 0.544308
vn 0.00403 -0.838876 0.544308
vn 0.004029 -0.776894 0.629619
vn 0.004032 -0.933437 0.35872
vn 0.004029 -0.776894 0.629619
vn 0.00403 -0.838876 0.544308
vn 0.004031 -0.629613 0.776899
vn 0.004031 -0.629613 0.776899
vn 0.004032 -0.544312 0.838873
vn 0.004029 -0.776894 0.629619
vn 0.004032 -0.544312 0.838873
vn 0.004031 -0.629613 0.776899
vn 0.004033 -0.358725 0.933434
vn 0.004033 -0.358725 0.933434
vn 0.004034 -0.258445 0.966018
vn 0.004032 -0.544312 0.838873
vn 0.004034 -0.258445 0.966018
vn 0.004033 -0.358725 0.933434
vn 0.004035 -0.052722 0.998601
vn 0.004035 -0.052722 0.998601
vn 0.004035 0.052719 0.998601
vn 0.004034 -0.258445 0.966018
vn 0.004035 0.052719 0.998601
vn 0.004035 -0.052722 0.998601
vn 0.004034 0.258445 0.966018
vn 0.004034 0.258445 0.966018
vn 0.004033 0.358727 0.933434
vn 0.004035 0.052719 0.998601
vn 0.004033 0.358727 0.933434
vn 0.004034 0.258445 0.966018
vn 0.004033 0.544312 0.838873
vn 0.004033 0.544312 0.838873
vn 0.004032 0.629615 0.776896
vn 0.004033 0.358727 0.933434
vn 0.004032 0.629615 0.776896
vn 0.004033 0.544312 0.838873
vn 0.004032 0.776898 0.629614
vn 0.004032 0.776898 0.629614
vn 0.004034 0.838875 0.54431
vn 0.004032 0.629615 0.776896
vn 0.004034 0.838875 0.54431
vn 0.004032 0.776898 0.629614
vn 0.004034 0.933435 0.358723
vn 0.004034 0.933435 0.358723
vn 0.004036 0.966018 0.258445
vn 0.004034 0.838875 0.54431
vn 0.004036 0.966018 0.258445
vn 0.004034 0.933435 0.358723
vn 0.003991 0.98768 0.156434
vn 0.003991 0.98768 0.156434
vn 0.003992 0.98768 0.156436
vn 0.004036 0.966018 0.258445
vn -1.0 0.0 0.0
vn -1.0 0.0 0.000001
vn -1.0 0.0 0.000001
vn -1.0 0.0 0.0
vn -1.0 0.0 0.000001
vn -1.0 0.0 0.0
vn -1.0 0.0 0.000001
vn -1.0 0.0 0.0
vn -1.0 0.0 0.0
vn -1.0 0.0 0.000001
vn -1.0 0.0 0.000001
vn -1.0 0.0 0.0
vn -1.0 0.0 0.000001
vn -1.0 0.0 0.000001
vn -1.0 0.0 0.000001
vn -1.0 0.0 0.000001
vn -1.0 0.0 0.000001
vn -1.0 0.0 0.0
vn -1.0 0.0 0.0
vn -1.0 0.0 -0.0
vn -1.0 0.0 0.0
vn -1.0 0.0 0.0
vn -1.0 0.0 0.0
vn -1.0 0.0 -0.0
vn -1.0 0.0 0.0
vn -1.0 0.0 0.000001
vn -1.0 0.0 0.0
vn -1.0 0.0 0.0
vn -1.0 0.0 -0.0
vn -1.0 0.0 -0.0
vn -1.0 0.0 -0.0
vn -1.0 0.0 -0.0
vn -1.0 0.0 0.0
vn -1.0 0.0 -0.0
vn -1.0 0.0 -0.000001
vn -1.0 0.0 -0.0
vn -1.0 0.0 -0.0
vn -1.0 0.0 -0.0
vn -1.0 0.0 -0.000001
vn -1.0 0.0 -0.000001
vn -1.0 0.0 -0.000001
vn -1.0 0.0 -0.0
vn -1.0 0.0 -0.0
vn -1.0 0.0 0.0
vn -1.0 0.0 0.0
vn -1.0 0.0 -0.0
vn -1.0 0.0 -0.0
vn -1.0 0.0 0.0
vn -1.0 0.0 0.0
vn -1.0 0.0 0.0
vn -1.0 0.0 0.0
vn -1.0 0.0 0.0
vn -1.0 0.0 0.0
vn -1.0 0.0 0.0
vn -0.0 0.987688 0.156434
vn -0.0 0.987688 0.156434
vn -0.0 0.966025 0.258447
vn -0.0 0.966025 0.258447
vn -0.0 0.933441 0.35873
vn -0.0 0.987688 0.156434
vn -0.0 0.933441 0.35873
vn -0.0 0.966025 0.258447
vn -0.0 0.83888 0.544317
vn -0.0 0.83888 0.544317
vn -0.0 0.776903 0.629621
vn -0.0 0.933441 0.35873
vn -0.0 0.776903 0.629621
vn -0.0 0.83888 0.544317
vn -0.0 0.629619 0.776904
vn -0.0 0.629619 0.776904
vn -0.0 0.544313 0.838882
vn -0.0 0.776903 0.629621
vn -0.0 0.544313 0.838882
vn -0.0 0.629619 0.776904
vn 0.0 0.358728 0.933442
vn 0.0 0.358728 0.933442
vn 0.000116 0.258079 0.966124
vn -0.0 0.544313 0.838882
vn 0.000116 0.258079 0.966124
vn 0.0 0.358728 0.933442
vn 0.000093 0.05234 0.998629
vn 0.000093 0.05234 0.998629
vn 0.000069 -0.053099 0.998589
vn 0.000116 0.258079 0.966124
vn 0.000069 -0.053099 0.998589
vn 0.000093 0.05234 0.998629
vn -0.000209 -0.258446 0.966026
vn -0.000209 -0.258446 0.966026
vn -0.000346 -0.358726 0.933443
vn 0.000069 -0.053099 0.998589
vn -0.000346 -0.358726 0.933443
vn -0.000209 -0.258446 0.966026
vn -0.000605 -0.544313 0.838882
vn -0.000605 -0.544313 0.838882
vn -0.000727 -0.62962 0.776903
vn -0.000346 -0.358726 0.933443
vn -0.000727 -0.62962 0.776903
vn -0.000605 -0.544313 0.838882
vn -0.000943 -0.776904 0.629619
vn -0.000943 -0.776904 0.629619
vn -0.001037 -0.838882 0.544313
vn -0.000727 -0.62962 0.776903
vn -0.001037 -0.838882 0.544313
vn -0.000943 -0.776904 0.629619
vn -0.001189 -0.933442 0.358726
vn -0.001189 -0.933442 0.358726
vn -0.001246 -0.966025 0.258445
vn -0.001037 -0.838882 0.544313
vn -0.001246 -0.966025 0.258445
vn -0.001189 -0.933442 0.358726
vn -0.001289 -0.987688 0.156434
vn -0.001289 -0.987688 0.156434
vn -0.001289 -0.987688 0.156434
vn -0.001246 -0.966025 0.258445
vn -0.873192 0.481376 0.076242
vn -0.985916 0.165181 0.026162
vn -0.968447 0.240753 0.06441
vn -0.968447 0.240753 0.06441
vn -0.875457 0.451129 0.173373
vn -0.873192 0.481376 0.076242
vn -0.875457 0.451129 0.173373
vn -0.968447 0.240753 0.06441
vn -0.968447 0.209065 0.135655
vn -0.968447 0.209065 0.135655
vn -0.875456 0.375474 0.304295
vn -0.875457 0.451129 0.173373
vn -0.875456 0.375474 0.304295
vn -0.968447 0.209065 0.135655
vn -0.968447 0.156914 0.193619
vn -0.968447 0.156914 0.193619
vn -0.875457 0.263066 0.405428
vn -0.875456 0.375474 0.304295
vn -0.875457 0.263066 0.405428
vn -0.968447 0.156914 0.193619
vn -0.968447 0.089402 0.232633
vn -0.968447 0.089402 0.232633
vn -0.875455 0.124907 0.46688
vn -0.875457 0.263066 0.405428
vn -0.875455 0.124907 0.46688
vn -0.968447 0.089402 0.232633
vn -0.968447 0.01314 0.248874
vn -0.968447 0.01314 0.248874
vn -0.875456 -0.02548 0.482626
vn -0.875455 0.124907 0.46688
vn -0.875456 -0.02548 0.482626
vn -0.968447 0.01314 0.248874
vn -0.968446 -0.064412 0.240754
vn -0.968446 -0.064412 0.240754
vn -0.875455 -0.173374 0.451132
vn -0.875456 -0.02548 0.482626
vn -0.875455 -0.173374 0.451132
vn -0.968446 -0.064412 0.240754
vn -0.968447 -0.135654 0.209066
vn -0.968447 -0.135654 0.209066
vn -0.875457 -0.304291 0.375476
vn -0.875455 -0.173374 0.451132
vn -0.875457 -0.304291 0.375476
vn -0.968447 -0.135654 0.209066
vn -0.968447 -0.19362 0.156914
vn -0.968447 -0.19362 0.156914
vn -0.875456 -0.40543 0.263065
vn -0.875457 -0.304291 0.375476
vn -0.875456 -0.40543 0.263065
vn -0.968447 -0.19362 0.156914
vn -0.968447 -0.232633 0.089401
vn -0.968447 -0.232633 0.089401
vn -0.875457 -0.466877 0.124905
vn -0.875456 -0.40543 0.263065
vn -0.875457 -0.466877 0.124905
vn -0.968447 -0.232633 0.089401
vn -0.942403 -0.330362 0.052324
vn -0.942403 -0.330362 0.052324
vn -0.873192 -0.481376 0.076242
vn -0.875457 -0.466877 0.124905
vn -1.0 0.0 0.0
vn -0.968447 0.089402 0.232633
vn -0.968447 0.156914 0.193619
vn -0.968447 0.156914 0.193619
vn -1.0 0.0 -0.0
vn -1.0 0.0 0.0
vn -1.0 0.0 -0.0
vn -0.968447 0.156914 0.193619
vn -0.968447 0.209065 0.135655
vn -0.968447 0.209065 0.135655
vn -1.0 0.0 -0.0
vn -1.0 0.0 -0.0
vn -1.0 0.0 -0.0
vn -0.968447 0.209065 0.135655
vn -0.968447 0.240753 0.06441
vn -0.968447 0.240753 0.06441
vn -1.0 0.0 0.0
vn -1.0 0.0 -0.0
vn -1.0 0.0 0.0
vn -0.968447 0.240753 0.06441
vn -0.985916 0.165181 0.026162
vn -0.985916 0.165181 0.026162
vn -1.0 0.0 0.000001
vn -1.0 0.0 0.0
vn -1.0 0.0 -0.0
vn -0.968447 -0.232633 0.089401
vn -0.968447 -0.19362 0.156914
vn -0.968447 -0.19362 0.156914
vn -1.0 0.0 -0.000001
vn -1.0 0.0 -0.0
vn -0.968447 -0.232633 0.089401
vn -1.0 0.0 -0.0
vn -1.0 0.0 0.0
vn -1.0 0.0 0.0
vn -0.942403 -0.330362 0.052324
vn -0.968447 -0.232633 0.089401
vn -0.968447 0.089402 0.232633
vn -1.0 0.0 0.0
vn -1.0 0.0 -0.0
vn -1.0 0.0 -0.0
vn -0.968447 0.01314 0.248874
vn -0.968447 0.089402 0.232633
vn -0.968447 0.01314 0.248874
vn -1.0 0.0 -0.0
vn -1.0 0.0 -0.0
vn -1.0 0.0 -0.0
vn -0.968446 -0.064412 0.240754
vn -0.968447 0.01314 0.248874
vn -0.968446 -0.064412 0.240754
vn -1.0 0.0 -0.0
vn -1.0 0.0 -0.0
vn -1.0 0.0 -0.0
vn -0.968447 -0.135654 0.209066
vn -0.968446 -0.064412 0.240754
vn -0.968447 -0.135654 0.209066
vn -1.0 0.0 -0.0
vn -1.0 0.0 -0.000001
vn -1.0 0.0 -0.000001
vn -0.968447 -0.19362 0.156914
vn -0.968447 -0.135654 0.209066
vn -0.003987 -0.987679 -0.156441
vn -0.003985 -0.987678 -0.156446
vn -0.004032 -0.966018 -0.258444
vn -0.004032 -0.966018 -0.258444
vn -0.004031 -0.933436 -0.358722
vn -0.003987 -0.987679 -0.156441
vn -0.004031 -0.933436 -0.358722
vn -0.004032 -0.966018 -0.258444
vn -0.004029 -0.838874 -0.544311
vn -0.004029 -0.838874 -0.544311
vn -0.004028 -0.776894 -0.629619
vn -0.004031 -0.933436 -0.358722
vn -0.004028 -0.776894 -0.629619
vn -0.004029 -0.838874 -0.544311
vn -0.004031 -0.629612 -0.776899
vn -0.004031 -0.629612 -0.776899
vn -0.004033 -0.544311 -0.838874
vn -0.004028 -0.776894 -0.629619
vn -0.004033 -0.544311 -0.838874
vn -0.004031 -0.629612 -0.776899
vn -0.004033 -0.35873 -0.933433
vn -0.004033 -0.35873 -0.933433
vn -0.004032 -0.25845 -0.966016
vn -0.004033 -0.544311 -0.838874
vn -0.004032 -0.25845 -0.966016
vn -0.004033 -0.35873 -0.933433
vn -0.00403 -0.052722 -0.998601
vn -0.00403 -0.052722 -0.998601
vn -0.00403 0.052726 -0.998601
vn -0.004032 -0.25845 -0.966016
vn -0.00403 0.052726 -0.998601
vn -0.00403 -0.052722 -0.998601
vn -0.004032 0.258449 -0.966016
vn -0.004032 0.258449 -0.966016
vn -0.004033 0.358726 -0.933434
vn -0.00403 0.052726 -0.998601
vn -0.004033 0.358726 -0.933434
vn -0.004032 0.258449 -0.966016
vn -0.004033 0.544312 -0.838873
vn -0.004033 0.544312 -0.838873
vn -0.004032 0.629616 -0.776896
vn -0.004033 0.358726 -0.933434
vn -0.004032 0.629616 -0.776896
vn -0.004033 0.544312 -0.838873
vn -0.004032 0.776897 -0.629615
vn -0.004032 0.776897 -0.629615
vn -0.004032 0.838874 -0.544312
vn -0.004032 0.629616 -0.776896
vn -0.004032 0.838874 -0.544312
vn -0.004032 0.776897 -0.629615
vn -0.004033 0.933435 -0.358725
vn -0.004033 0.933435 -0.358725
vn -0.004034 0.966018 -0.258444
vn -0.004032 0.838874 -0.544312
vn -0.004034 0.966018 -0.258444
vn -0.004033 0.933435 -0.358725
vn -0.003991 0.987681 -0.156432
vn -0.003991 0.987681 -0.156432
vn -0.003992 0.98768 -0.156436
vn -0.004034 0.966018 -0.258444
vn -0.0 0.987688 -0.156435
vn -0.0 0.933442 -0.358729
vn -0.0 0.966026 -0.258446
vn -0.0 0.966026 -0.258446
vn -0.0 0.987688 -0.156435
vn -0.0 0.987688 -0.156435
vn -0.0 0.83888 -0.544316
vn -0.0 0.966026 -0.258446
vn -0.0 0.933442 -0.358729
vn -0.0 0.933442 -0.358729
vn 0.0 0.776902 -0.629621
vn -0.0 0.83888 -0.544316
vn 0.0 0.62962 -0.776904
vn -0.0 0.83888 -0.544316
vn 0.0 0.776902 -0.629621
vn 0.0 0.776902 -0.629621
vn 0.0 0.544313 -0.838882
vn 0.0 0.62962 -0.776904
vn -0.0 0.358726 -0.933443
vn 0.0 0.62962 -0.776904
vn 0.0 0.544313 -0.838882
vn 0.0 0.544313 -0.838882
vn 0.000023 0.258371 -0.966046
vn -0.0 0.358726 -0.933443
vn -0.000094 0.052645 -0.998613
vn -0.0 0.358726 -0.933443
vn 0.000023 0.258371 -0.966046
vn 0.000023 0.258371 -0.966046
vn -0.00021 -0.052796 -0.998605
vn -0.000094 0.052645 -0.998613
vn -0.000479 -0.258444 -0.966026
vn -0.000094 0.052645 -0.998613
vn -0.00021 -0.052796 -0.998605
vn -0.00021 -0.052796 -0.998605
vn -0.000607 -0.358726 -0.933443
vn -0.000479 -0.258444 -0.966026
vn -0.000839 -0.544313 -0.838882
vn -0.000479 -0.258444 -0.966026
vn -0.000607 -0.358726 -0.933443
vn -0.000607 -0.358726 -0.933443
vn -0.000943 -0.62962 -0.776903
vn -0.000839 -0.544313 -0.838882
vn -0.001119 -0.776904 -0.629618
vn -0.000839 -0.544313 -0.838882
vn -0.000943 -0.62962 -0.776903
vn -0.000943 -0.62962 -0.776903
vn -0.001189 -0.838882 -0.544312
vn -0.001119 -0.776904 -0.629618
vn -0.001289 -0.933442 -0.358725
vn -0.001119 -0.776904 -0.629618
vn -0.001189 -0.838882 -0.544312
vn -0.001189 -0.838882 -0.544312
vn -0.001319 -0.966025 -0.258445
vn -0.001289 -0.933442 -0.358725
vn -0.001333 -0.987687 -0.156435
vn -0.001289 -0.933442 -0.358725
vn -0.001319 -0.966025 -0.258445
vn -0.001319 -0.966025 -0.258445
vn -0.001333 -0.987687 -0.156435
vn -0.001333 -0.987687 -0.156435
vn -0.873192 0.481376 -0.076242
vn -0.875456 0.45113 -0.173373
vn -0.968447 0.240753 -0.06441
vn -0.968447 0.240753 -0.06441
vn -0.985916 0.165181 -0.026161
vn -0.873192 0.481376 -0.076242
vn -0.968447 0.209066 -0.135654
vn -0.968447 0.240753 -0.06441
vn -0.875456 0.45113 -0.173373
vn -0.875456 0.45113 -0.173373
vn -0.875457 0.375474 -0.304293
vn -0.968447 0.209066 -0.135654
vn -0.968447 0.156913 -0.193619
vn -0.968447 0.209066 -0.135654
vn -0.875457 0.375474 -0.304293
vn -0.875457 0.375474 -0.304293
vn -0.875457 0.263065 -0.405428
vn -0.968447 0.156913 -0.193619
vn -0.968447 0.089401 -0.232632
vn -0.968447 0.156913 -0.193619
vn -0.875457 0.263065 -0.405428
vn -0.875457 0.263065 -0.405428
vn -0.875457 0.124905 -0.466877
vn -0.968447 0.089401 -0.232632
vn -0.968447 0.013139 -0.248873
vn -0.968447 0.089401 -0.232632
vn -0.875457 0.124905 -0.466877
vn -0.875457 0.124905 -0.466877
vn -0.875457 -0.02548 -0.482624
vn -0.968447 0.013139 -0.248873
vn -0.968447 -0.06441 -0.240753
vn -0.968447 0.013139 -0.248873
vn -0.875457 -0.02548 -0.482624
vn -0.875457 -0.02548 -0.482624
vn -0.875456 -0.173371 -0.45113
vn -0.968447 -0.06441 -0.240753
vn -0.968447 -0.135653 -0.209066
vn -0.968447 -0.06441 -0.240753
vn -0.875456 -0.173371 -0.45113
vn -0.875456 -0.173371 -0.45113
vn -0.875457 -0.304292 -0.375474
vn -0.968447 -0.135653 -0.209066
vn -0.968447 -0.193619 -0.156913
vn -0.968447 -0.135653 -0.209066
vn -0.875457 -0.304292 -0.375474
vn -0.875457 -0.304292 -0.375474
vn -0.875457 -0.405429 -0.263064
vn -0.968447 -0.193619 -0.156913
vn -0.968447 -0.232633 -0.089401
vn -0.968447 -0.193619 -0.156913
vn -0.875457 -0.405429 -0.263064
vn -0.875457 -0.405429 -0.263064
vn -0.875456 -0.466878 -0.124905
vn -0.968447 -0.232633 -0.089401
vn -0.942403 -0.330362 -0.052324
vn -0.968447 -0.232633 -0.089401
vn -0.875456 -0.466878 -0.124905
vn -0.875456 -0.466878 -0.124905
vn -0.873192 -0.481376 -0.076243
vn -0.942403 -0.330362 -0.052324
vn -0.968447 0.156913 -0.193619
vn -0.968447 0.089401 -0.232632
vn -1.0 0.0 0.0
vn -0.968447 0.089401 -0.232632
vn -0.968447 0.013139 -0.248873
vn -1.0 0.0 -0.0
vn -1.0 0.0 -0.0
vn -1.0 0.0 0.0
vn -0.968447 0.089401 -0.232632
vn -0.968447 0.013139 -0.248873
vn -0.968447 -0.06441 -0.240753
vn -1.0 0.0 0.0
vn -1.0 0.0 0.0
vn -1.0 0.0 -0.0
vn -0.968447 0.013139 -0.248873
vn -0.968447 -0.06441 -0.240753
vn -0.968447 -0.135653 -0.209066
vn -1.0 0.0 -0.0
vn -1.0 0.0 -0.0
vn -1.0 0.0 0.0
vn -0.968447 -0.06441 -0.240753
vn -0.968447 -0.135653 -0.209066
vn -0.968447 -0.193619 -0.156913
vn -1.0 0.0 -0.0
vn -1.0 0.0 -0.0
vn -1.0 0.0 -0.0
vn -0.968447 -0.135653 -0.209066
vn -0.968447 -0.193619 -0.156913
vn -0.968447 -0.232633 -0.089401
vn -1.0 0.0 -0.0
vn -1.0 0.0 -0.0
vn -1.0 0.0 -0.0
vn -0.968447 -0.193619 -0.156913
vn -0.968447 -0.232633 -0.089401
vn -0.942403 -0.330362 -0.052324
vn -1.0 0.0 0.0
vn -1.0 0.0 0.0
vn -1.0 0.0 -0.0
vn -0.968447 -0.232633 -0.089401
vn -1.0 0.0 0.0
vn -1.0 0.0 0.0
vn -0.968447 0.156913 -0.193619
vn -0.968447 0.209066 -0.135654
vn -0.968447 0.156913 -0.193619
vn -1.0 0.0 0.0
vn -1.0 0.0 0.0
vn -1.0 0.0 -0.0
vn -0.968447 0.209066 -0.135654
vn -0.968447 0.240753 -0.06441
vn -0.968447 0.209066 -0.135654
vn -1.0 0.0 -0.0
vn -1.0 0.0 -0.0
vn -1.0 0.0 0.0
vn -0.968447 0.240753 -0.06441
vn -0.985916 0.165181 -0.026161
vn -0.968447 0.240753 -0.06441
vn -1.0 0.0 0.0
vn -1.0 0.0 0.0
vn -1.0 0.0 0.000001
vn -0.985916 0.165181 -0.026161
vn -0.003988 -0.987679 0.156442
vn -0.004033 -0.933437 0.35872
vn -0.004033 -0.966018 0.258443
vn -0.004033 -0.966018 0.258443
vn -0.003985 -0.987678 0.156449
vn -0.003988 -0.987679 0.156442
vn -0.00403 -0.838875 0.544308
vn -0.004033 -0.966018 0.258443
vn -0.004033 -0.933437 0.35872
vn -0.004033 -0.933437 0.35872
vn -0.004029 -0.776894 0.629619
vn -0.00403 -0.838875 0.544308
vn -0.004031 -0.629612 0.776899
vn -0.00403 -0.838875 0.544308
vn -0.004029 -0.776894 0.629619
vn -0.004029 -0.776894 0.629619
vn -0.004032 -0.544312 0.838873
vn -0.004031 -0.629612 0.776899
vn -0.004033 -0.358725 0.933435
vn -0.004031 -0.629612 0.776899
vn -0.004032 -0.544312 0.838873
vn -0.004032 -0.544312 0.838873
vn -0.004034 -0.258444 0.966018
vn -0.004033 -0.358725 0.933435
vn -0.004035 -0.052722 0.998601
vn -0.004033 -0.358725 0.933435
vn -0.004034 -0.258444 0.966018
vn -0.004034 -0.258444 0.966018
vn -0.004035 0.05272 0.998601
vn -0.004035 -0.052722 0.998601
vn -0.004034 0.258444 0.966018
vn -0.004035 -0.052722 0.998601
vn -0.004035 0.05272 0.998601
vn -0.004035 0.05272 0.998601
vn -0.004033 0.358728 0.933434
vn -0.004034 0.258444 0.966018
vn -0.004032 0.544312 0.838873
vn -0.004034 0.258444 0.966018
vn -0.004033 0.358728 0.933434
vn -0.004033 0.358728 0.933434
vn -0.004032 0.629615 0.776896
vn -0.004032 0.544312 0.838873
vn -0.004032 0.776898 0.629614
vn -0.004032 0.544312 0.838873
vn -0.004032 0.629615 0.776896
vn -0.004032 0.629615 0.776896
vn -0.004034 0.838875 0.544309
vn -0.004032 0.776898 0.629614
vn -0.004034 0.933435 0.358723
vn -0.004032 0.776898 0.629614
vn -0.004034 0.838875 0.544309
vn -0.004034 0.838875 0.544309
vn -0.004036 0.966018 0.258445
vn -0.004034 0.933435 0.358723
vn -0.003991 0.98768 0.156434
vn -0.004034 0.933435 0.358723
vn -0.004036 0.966018 0.258445
vn -0.004036 0.966018 0.258445
vn -0.003992 0.98768 0.156436
vn -0.003991 0.98768 0.156434
vn 1.0 0.0 -0.0
vn 1.0 0.0 -0.000001
vn 1.0 0.0 -0.000001
vn 1.0 0.0 -0.0
vn 1.0 0.0 -0.000001
vn 1.0 0.0 -0.0
vn 1.0 0.0 -0.000001
vn 1.0 0.0 -0.000001
vn 1.0 0.0 -0.0
vn 1.0 0.0 -0.0
vn 1.0 0.0 -0.0
vn 1.0 0.0 -0.0
vn 1.0 0.0 -0.0
vn 1.0 0.0 -0.0
vn 1.0 0.0 -0.0
vn 1.0 0.0 -0.0
vn 1.0 0.0 -0.000001
vn 1.0 0.0 -0.0
vn 1.0 0.0 -0.0
vn 1.0 0.0 -0.000001
vn 1.0 0.0 -0.0
vn 1.0 0.0 -0.0
vn 1.0 0.0 -0.0
vn 1.0 0.0 0.0
vn 1.0 0.0 -0.0
vn 1.0 0.0 0.0
vn 1.0 0.0 0.0
vn 1.0 0.0 -0.0
vn 1.0 0.0 0.0
vn 1.0 0.0 0.0
vn 1.0 0.0 0.0
vn 1.0 0.0 0.0
vn 1.0 0.0 0.0
vn 1.0 0.0 -0.0
vn 1.0 0.0 0.0
vn 1.0 0.0 0.0
vn 1.0 0.0 0.0
vn 1.0 0.0 0.000001
vn 1.0 0.0 0.0
vn 1.0 0.0 0.0
vn 1.0 0.0 0.000001
vn 1.0 0.0 0.000001
vn 1.0 0.0 0.000001
vn 1.0 0.0 0.0
vn 1.0 0.0 0.0
vn 1.0 0.0 0.0
vn 1.0 0.0 -0.0
vn 1.0 0.0 -0.0
vn 1.0 0.0 -0.0
vn 1.0 0.0 0.0
vn 1.0 0.0 -0.0
vn 1.0 0.0 -0.0
vn 1.0 0.0 -0.0
vn 1.0 0.0 -0.0
vn 0.00008 0.987688 0.156435
vn 0.000184 0.933441 0.35873
vn 0.000133 0.966025 0.258447
vn 0.000133 0.966025 0.258447
vn 0.000081 0.987688 0.156434
vn 0.00008 0.987688 0.156435
vn 0.000279 0.83888 0.544317
vn 0.000133 0.966025 0.258447
vn 0.000184 0.933441 0.35873
vn 0.000184 0.933441 0.35873
vn 0.000323 0.776902 0.629621
vn 0.000279 0.83888 0.544317
vn 0.000398 0.629621 0.776902
vn 0.000279 0.83888 0.544317
vn 0.000323 0.776902 0.629621
vn 0.000323 0.776902 0.629621
vn 0.00043 0.544317 0.83888
vn 0.000398 0.629621 0.776902
vn 0.000478 0.35873 0.933441
vn 0.000398 0.629621 0.776902
vn 0.00043 0.544317 0.83888
vn 0.00043 0.544317 0.83888
vn 0.000437 0.258261 0.966075
vn 0.000478 0.35873 0.933441
vn 0.000465 0.052529 0.998619
vn 0.000478 0.35873 0.933441
vn 0.000437 0.258261 0.966075
vn 0.000437 0.258261 0.966075
vn 0.000476 -0.052911 0.998599
vn 0.000465 0.052529 0.998619
vn 0.000599 -0.258447 0.966025
vn 0.000465 0.052529 0.998619
vn 0.000476 -0.052911 0.998599
vn 0.000476 -0.052911 0.998599
vn 0.000651 -0.358728 0.933442
vn 0.000599 -0.258447 0.966025
vn 0.000733 -0.544315 0.838881
vn 0.000599 -0.258447 0.966025
vn 0.000651 -0.358728 0.933442
vn 0.000651 -0.358728 0.933442
vn 0.000763 -0.62962 0.776903
vn 0.000733 -0.544315 0.838881
vn 0.000796 -0.776904 0.629619
vn 0.000733 -0.544315 0.838881
vn 0.000763 -0.62962 0.776903
vn 0.000763 -0.62962 0.776903
vn 0.000799 -0.838882 0.544313
vn 0.000796 -0.776904 0.629619
vn 0.000781 -0.933443 0.358726
vn 0.000796 -0.776904 0.629619
vn 0.000799 -0.838882 0.544313
vn 0.000799 -0.838882 0.544313
vn 0.000758 -0.966026 0.258445
vn 0.000781 -0.933443 0.358726
vn 0.000728 -0.987688 0.156435
vn 0.000781 -0.933443 0.358726
vn 0.000758 -0.966026 0.258445
vn 0.000758 -0.966026 0.258445
vn 0.000728 -0.987688 0.156435
vn 0.000728 -0.987688 0.156435
vn 0.873192 0.481376 0.076242
vn 0.875457 0.451129 0.173373
vn 0.968447 0.240753 0.06441
vn 0.968447 0.240753 0.06441
vn 0.985916 0.165181 0.026161
vn 0.873192 0.481376 0.076242
vn 0.968447 0.209065 0.135654
vn 0.968447 0.240753 0.06441
vn 0.875457 0.451129 0.173373
vn 0.875457 0.451129 0.173373
vn 0.875457 0.375474 0.304293
vn 0.968447 0.209065 0.135654
vn 0.968447 0.156914 0.193619
vn 0.968447 0.209065 0.135654
vn 0.875457 0.375474 0.304293
vn 0.875457 0.375474 0.304293
vn 0.875457 0.263067 0.405427
vn 0.968447 0.156914 0.193619
vn 0.968447 0.089403 0.232632
vn 0.968447 0.156914 0.193619
vn 0.875457 0.263067 0.405427
vn 0.875457 0.263067 0.405427
vn 0.875457 0.124906 0.466877
vn 0.968447 0.089403 0.232632
vn 0.968447 0.013139 0.248873
vn 0.968447 0.089403 0.232632
vn 0.875457 0.124906 0.466877
vn 0.875457 0.124906 0.466877
vn 0.875457 -0.02548 0.482625
vn 0.968447 0.013139 0.248873
vn 0.968447 -0.06441 0.240753
vn 0.968447 0.013139 0.248873
vn 0.875457 -0.02548 0.482625
vn 0.875457 -0.02548 0.482625
vn 0.875456 -0.173373 0.45113
vn 0.968447 -0.06441 0.240753
vn 0.968447 -0.135655 0.209066
vn 0.968447 -0.06441 0.240753
vn 0.875456 -0.173373 0.45113
vn 0.875456 -0.173373 0.45113
vn 0.875457 -0.304293 0.375474
vn 0.968447 -0.135655 0.209066
vn 0.968447 -0.193619 0.156913
vn 0.968447 -0.135655 0.209066
vn 0.875457 -0.304293 0.375474
vn 0.875457 -0.304293 0.375474
vn 0.875457 -0.405428 0.263064
vn 0.968447 -0.193619 0.156913
vn 0.968447 -0.232632 0.089401
vn 0.968447 -0.193619 0.156913
vn 0.875457 -0.405428 0.263064
vn 0.875457 -0.405428 0.263064
vn 0.875457 -0.466877 0.124905
vn 0.968447 -0.232632 0.089401
vn 0.942403 -0.330362 0.052324
vn 0.968447 -0.232632 0.089401
vn 0.875457 -0.466877 0.124905
vn 0.875457 -0.466877 0.124905
vn 0.873192 -0.481376 0.076242
vn 0.942403 -0.330362 0.052324
vn 0.968447 0.156914 0.193619
vn 0.968447 0.089403 0.232632
vn 1.0 0.0 -0.0
vn 0.968447 0.089403 0.232632
vn 0.968447 0.013139 0.248873
vn 1.0 0.0 0.0
vn 1.0 0.0 0.0
vn 1.0 0.0 -0.0
vn 0.968447 0.089403 0.232632
vn 0.968447 0.013139 0.248873
vn 0.968447 -0.06441 0.240753
vn 1.0 0.0 -0.0
vn 1.0 0.0 -0.0
vn 1.0 0.0 0.0
vn 0.968447 0.013139 0.248873
vn 0.968447 -0.06441 0.240753
vn 0.968447 -0.135655 0.209066
vn 1.0 0.0 0.0
vn 1.0 0.0 0.0
vn 1.0 0.0 -0.0
vn 0.968447 -0.06441 0.240753
vn 0.968447 -0.135655 0.209066
vn 0.968447 -0.193619 0.156913
vn 1.0 0.0 0.0
vn 1.0 0.0 0.0
vn 1.0 0.0 0.0
vn 0.968447 -0.135655 0.209066
vn 0.968447 -0.193619 0.156913
vn 0.968447 -0.232632 0.089401
vn 1.0 0.0 0.0
vn 1.0 0.0 0.0
vn 1.0 0.0 0.0
vn 0.968447 -0.193619 0.156913
vn 0.968447 -0.232632 0.089401
vn 0.942403 -0.330362 0.052324
vn 1.0 0.0 -0.0
vn 1.0 0.0 -0.0
vn 1.0 0.0 0.0
vn 0.968447 -0.232632 0.089401
vn 1.0 0.0 -0.0
vn 1.0 0.0 -0.0
vn 0.968447 0.156914 0.193619
vn 0.968447 0.209065 0.135654
vn 0.968447 0.156914 0.193619
vn 1.0 0.0 -0.0
vn 1.0 0.0 -0.0
vn 1.0 0.0 0.0
vn 0.968447 0.209065 0.135654
vn 0.968447 0.240753 0.06441
vn 0.968447 0.209065 0.135654
vn 1.0 0.0 0.0
vn 1.0 0.0 0.0
vn 1.0 0.0 -0.0
vn 0.968447 0.240753 0.06441
vn 0.985916 0.165181 0.026161
vn 0.968447 0.240753 0.06441
vn 1.0 0.0 -0.0
vn 1.0 0.0 -0.0
vn 1.0 0.0 -0.000001
vn 0.985916 0.165181 0.026161
vn 0.003987 -0.987679 -0.156441
vn 0.004031 -0.933436 -0.358722
vn 0.004032 -0.966018 -0.258445
vn 0.004032 -0.966018 -0.258445
vn 0.003985 -0.987678 -0.156446
vn 0.003987 -0.987679 -0.156441
vn 0.004029 -0.838876 -0.544308
vn 0.004032 -0.966018 -0.258445
vn 0.004031 -0.933436 -0.358722
vn 0.004031 -0.933436 -0.358722
vn 0.004027 -0.776896 -0.629616
vn 0.004029 -0.838876 -0.544308
vn 0.004027 -0.629616 -0.776896
vn 0.004029 -0.838876 -0.544308
vn 0.004027 -0.776896 -0.629616
vn 0.004027 -0.776896 -0.629616
vn 0.004027 -0.544312 -0.838873
vn 0.004027 -0.629616 -0.776896
vn 0.004026 -0.358725 -0.933435
vn 0.004027 -0.629616 -0.776896
vn 0.004027 -0.544312 -0.838873
vn 0.004027 -0.544312 -0.838873
vn 0.004027 -0.258444 -0.966018
vn 0.004026 -0.358725 -0.933435
vn 0.004028 -0.052722 -0.998601
vn 0.004026 -0.358725 -0.933435
vn 0.004027 -0.258444 -0.966018
vn 0.004027 -0.258444 -0.966018
vn 0.004028 0.05272 -0.998601
vn 0.004028 -0.052722 -0.998601
vn 0.004027 0.258444 -0.966018
vn 0.004028 -0.052722 -0.998601
vn 0.004028 0.05272 -0.998601
vn 0.004028 0.05272 -0.998601
vn 0.004026 0.358727 -0.933434
vn 0.004027 0.258444 -0.966018
vn 0.004027 0.544315 -0.838871
vn 0.004027 0.258444 -0.966018
vn 0.004026 0.358727 -0.933434
vn 0.004026 0.358727 -0.933434
vn 0.004029 0.629619 -0.776894
vn 0.004027 0.544315 -0.838871
vn 0.004031 0.776899 -0.629612
vn 0.004027 0.544315 -0.838871
vn 0.004029 0.629619 -0.776894
vn 0.004029 0.629619 -0.776894
vn 0.004032 0.838873 -0.544312
vn 0.004031 0.776899 -0.629612
vn 0.004033 0.933435 -0.358725
vn 0.004031 0.776899 -0.629612
vn 0.004032 0.838873 -0.544312
vn 0.004032 0.838873 -0.544312
vn 0.004034 0.966018 -0.258444
vn 0.004033 0.933435 -0.358725
vn 0.003991 0.987681 -0.156432
vn 0.004033 0.933435 -0.358725
vn 0.004034 0.966018 -0.258444
vn 0.004034 0.966018 -0.258444
vn 0.003992 0.98768 -0.156436
vn 0.003991 0.987681 -0.156432
vn -0.00008 0.987688 -0.156435
vn -0.000081 0.987688 -0.156435
vn -0.000133 0.966025 -0.258447
vn -0.000133 0.966025 -0.258447
vn -0.000183 0.933442 -0.358729
vn -0.00008 0.987688 -0.156435
vn -0.000183 0.933442 -0.358729
vn -0.000133 0.966025 -0.258447
vn -0.000278 0.83888 -0.544316
vn -0.000278 0.83888 -0.544316
vn -0.000322 0.776902 -0.629622
vn -0.000183 0.933442 -0.358729
vn -0.000322 0.776902 -0.629622
vn -0.000278 0.83888 -0.544316
vn -0.000398 0.629619 -0.776904
vn -0.000398 0.629619 -0.776904
vn -0.00043 0.544316 -0.83888
vn -0.000322 0.776902 -0.629622
vn -0.00043 0.544316 -0.83888
vn -0.000398 0.629619 -0.776904
vn -0.000478 0.358732 -0.93344
vn -0.000478 0.358732 -0.93344
vn -0.000507 0.258412 -0.966035
vn -0.00043 0.544316 -0.83888
vn -0.000507 0.258412 -0.966035
vn -0.000478 0.358732 -0.93344
vn -0.000466 0.052683 -0.998611
vn -0.000466 0.052683 -0.998611
vn -0.000407 -0.052762 -0.998607
vn -0.000507 0.258412 -0.966035
vn -0.000407 -0.052762 -0.998607
vn -0.000466 0.052683 -0.998611
vn -0.000255 -0.258449 -0.966025
vn -0.000255 -0.258449 -0.966025
vn -0.000173 -0.358728 -0.933442
vn -0.000407 -0.052762 -0.998607
vn -0.000173 -0.358728 -0.933442
vn -0.000255 -0.258449 -0.966025
vn -0.000007 -0.544315 -0.838881
vn -0.000007 -0.544315 -0.838881
vn 0.000077 -0.62962 -0.776903
vn -0.000173 -0.358728 -0.933442
vn 0.000077 -0.62962 -0.776903
vn -0.000007 -0.544315 -0.838881
vn 0.00024 -0.776904 -0.629619
vn 0.00024 -0.776904 -0.629619
vn 0.000319 -0.838882 -0.544313
vn 0.000077 -0.62962 -0.776903
vn 0.000319 -0.838882 -0.544313
vn 0.00024 -0.776904 -0.629619
vn 0.000464 -0.933443 -0.358726
vn 0.000464 -0.933443 -0.358726
vn 0.00053 -0.966026 -0.258445
vn 0.000319 -0.838882 -0.544313
vn 0.00053 -0.966026 -0.258445
vn 0.000464 -0.933443 -0.358726
vn 0.000589 -0.987688 -0.156435
vn 0.000589 -0.987688 -0.156435
vn 0.000589 -0.987688 -0.156434
vn 0.00053 -0.966026 -0.258445
vn 0.873192 0.481377 -0.076242
vn 0.985916 0.165181 -0.026162
vn 0.968447 0.240753 -0.064411
vn 0.968447 0.240753 -0.064411
vn 0.875456 0.45113 -0.173374
vn 0.873192 0.481377 -0.076242
vn 0.875456 0.45113 -0.173374
vn 0.968447 0.240753 -0.064411
vn 0.968447 0.209066 -0.135655
vn 0.968447 0.209066 -0.135655
vn 0.875456 0.375475 -0.304295
vn 0.875456 0.45113 -0.173374
vn 0.875456 0.375475 -0.304295
vn 0.968447 0.209066 -0.135655
vn 0.968447 0.156914 -0.19362
vn 0.968447 0.156914 -0.19362
vn 0.875456 0.263067 -0.405429
vn 0.875456 0.375475 -0.304295
vn 0.875456 0.263067 -0.405429
vn 0.968447 0.156914 -0.19362
vn 0.968447 0.089402 -0.232633
vn 0.968447 0.089402 -0.232633
vn 0.875457 0.124907 -0.466876
vn 0.875456 0.263067 -0.405429
vn 0.875457 0.124907 -0.466876
vn 0.968447 0.089402 -0.232633
vn 0.968447 0.01314 -0.248872
vn 0.968447 0.01314 -0.248872
vn 0.875458 -0.02548 -0.482622
vn 0.875457 0.124907 -0.466876
vn 0.875458 -0.02548 -0.482622
vn 0.968447 0.01314 -0.248872
vn 0.968447 -0.06441 -0.240752
vn 0.968447 -0.06441 -0.240752
vn 0.875456 -0.173374 -0.451131
vn 0.875458 -0.02548 -0.482622
vn 0.875456 -0.173374 -0.451131
vn 0.968447 -0.06441 -0.240752
vn 0.968447 -0.135655 -0.209066
vn 0.968447 -0.135655 -0.209066
vn 0.875456 -0.304295 -0.375476
vn 0.875456 -0.173374 -0.451131
vn 0.875456 -0.304295 -0.375476
vn 0.968447 -0.135655 -0.209066
vn 0.968447 -0.19362 -0.156914
vn 0.968447 -0.19362 -0.156914
vn 0.875456 -0.40543 -0.263065
vn 0.875456 -0.304295 -0.375476
vn 0.875456 -0.40543 -0.263065
vn 0.968447 -0.19362 -0.156914
vn 0.968447 -0.232633 -0.089402
vn 0.968447 -0.232633 -0.089402
vn 0.875457 -0.466877 -0.124906
vn 0.875456 -0.40543 -0.263065
vn 0.875457 -0.466877 -0.124906
vn 0.968447 -0.232633 -0.089402
vn 0.942403 -0.330362 -0.052324
vn 0.942403 -0.330362 -0.052324
vn 0.873192 -0.481376 -0.076243
vn 0.875457 -0.466877 -0.124906
vn 1.0 0.0 -0.0
vn 0.968447 0.089402 -0.232633
vn 0.968447 0.156914 -0.19362
vn 0.968447 0.156914 -0.19362
vn 1.0 0.0 0.0
vn 1.0 0.0 -0.0
vn 1.0 0.0 0.0
vn 0.968447 0.156914 -0.19362
vn 0.968447 0.209066 -0.135655
vn 0.968447 0.209066 -0.135655
vn 1.0 0.0 0.0
vn 1.0 0.0 0.0
vn 1.0 0.0 0.0
vn 0.968447 0.209066 -0.135655
vn 0.968447 0.240753 -0.064411
vn 0.968447 0.240753 -0.064411
vn 1.0 0.0 -0.0
vn 1.0 0.0 0.0
vn 1.0 0.0 -0.0
vn 0.968447 0.240753 -0.064411
vn 0.985916 0.165181 -0.026162
vn 0.985916 0.165181 -0.026162
vn 1.0 0.0 -0.000001
vn 1.0 0.0 -0.0
vn 1.0 0.0 0.0
vn 0.968447 -0.232633 -0.089402
vn 0.968447 -0.19362 -0.156914
vn 0.968447 -0.19362 -0.156914
vn 1.0 0.0 0.000001
vn 1.0 0.0 0.0
vn 0.968447 -0.232633 -0.089402
vn 1.0 0.0 0.0
vn 1.0 0.0 -0.0
vn 1.0 0.0 -0.0
vn 0.942403 -0.330362 -0.052324
vn 0.968447 -0.232633 -0.089402
vn 0.968447 0.089402 -0.232633
vn 1.0 0.0 -0.0
vn 1.0 0.0 0.0
vn 1.0 0.0 0.0
vn 0.968447 0.01314 -0.248872
vn 0.968447 0.089402 -0.232633
vn 0.968447 0.01314 -0.248872
vn 1.0 0.0 0.0
vn 1.0 0.0 0.0
vn 1.0 0.0 0.0
vn 0.968447 -0.06441 -0.240752
vn 0.968447 0.01314 -0.248872
vn 0.968447 -0.06441 -0.240752
vn 1.0 0.0 0.0
vn 1.0 0.0 0.0
vn 1.0 0.0 0.0
vn 0.968447 -0.135655 -0.209066
vn 0.968447 -0.06441 -0.240752
vn 0.968447 -0.135655 -0.209066
vn 1.0 0.0 0.0
vn 1.0 0.0 0.000001
vn 1.0 0.0 0.000001
vn 0.968447 -0.19362 -0.156914
vn 0.968447 -0.135655 -0.209066
vn 0.003987 -0.987679 0.156441
vn 0.003985 -0.987678 0.156446
vn 0.004032 -0.966018 0.258445
vn 0.004032 -0.966018 0.258445
vn 0.004031 -0.933436 0.358722
vn 0.003987 -0.987679 0.156441
vn 0.004031 -0.933436 0.358722
vn 0.004032 -0.966018 0.258445
vn 0.004029 -0.838874 0.544311
vn 0.004029 -0.838874 0.544311
vn 0.004029 -0.776894 0.629619
vn 0.004031 -0.933436 0.358722
vn 0.004029 -0.776894 0.629619
vn 0.004029 -0.838874 0.544311
vn 0.004031 -0.629612 0.776899
vn 0.004031 -0.629612 0.776899
vn 0.00403 -0.544307 0.838876
vn 0.004029 -0.776894 0.629619
vn 0.00403 -0.544307 0.838876
vn 0.004031 -0.629612 0.776899
vn 0.004028 -0.35872 0.933437
vn 0.004028 -0.35872 0.933437
vn 0.004027 -0.258438 0.966019
vn 0.00403 -0.544307 0.838876
vn 0.004027 -0.258438 0.966019
vn 0.004028 -0.35872 0.933437
vn 0.004028 -0.052722 0.998601
vn 0.004028 -0.052722 0.998601
vn 0.004028 0.052719 0.998601
vn 0.004027 -0.258438 0.966019
vn 0.004028 0.052719 0.998601
vn 0.004028 -0.052722 0.998601
vn 0.004027 0.258443 0.966018
vn 0.004027 0.258443 0.966018
vn 0.004028 0.358722 0.933436
vn 0.004028 0.052719 0.998601
vn 0.004028 0.358722 0.933436
vn 0.004027 0.258443 0.966018
vn 0.00403 0.544307 0.838876
vn 0.00403 0.544307 0.838876
vn 0.004032 0.629612 0.776899
vn 0.004028 0.358722 0.933436
vn 0.004032 0.629612 0.776899
vn 0.00403 0.544307 0.838876
vn 0.004032 0.776897 0.629615
vn 0.004032 0.776897 0.629615
vn 0.004033 0.838874 0.544311
vn 0.004032 0.629612 0.776899
vn 0.004033 0.838874 0.544311
vn 0.004032 0.776897 0.629615
vn 0.004033 0.933435 0.358725
vn 0.004033 0.933435 0.358725
vn 0.004034 0.966018 0.258444
vn 0.004033 0.838874 0.544311
vn 0.004034 0.966018 0.258444
vn 0.004033 0.933435 0.358725
vn 0.003991 0.987681 0.156432
vn 0.003991 0.987681 0.156432
vn 0.003992 0.98768 0.156436
vn 0.004034 0.966018 0.258444
vn -1.0 0.0 0.0
vn -1.0 0.0 0.000001
vn -1.0 0.0 0.000001
vn -1.0 0.0 0.0
vn -1.0 0.0 0.000001
vn -1.0 0.0 0.0
vn -1.0 0.0 0.000001
vn -1.0 0.0 0.0
vn -1.0 0.0 0.0
vn -1.0 0.0 0.000001
vn -1.0 0.0 0.000001
vn -1.0 0.0 0.0
vn -1.0 0.0 0.000001
vn -1.0 0.0 0.000001
vn -1.0 0.0 0.000001
vn -1.0 0.0 0.000001
vn -1.0 0.0 0.000001
vn -1.0 0.0 0.0
vn -1.0 0.0 0.0
vn -1.0 0.0 -0.0
vn -1.0 0.0 0.0
vn -1.0 0.0 0.0
vn -1.0 0.0 0.0
vn -1.0 0.0 -0.0
vn -1.0 0.0 0.0
vn -1.0 0.0 0.000001
vn -1.0 0.0 0.0
vn -1.0 0.0 0.0
vn -1.0 0.0 -0.0
vn -1.0 0.0 -0.0
vn -1.0 0.0 -0.0
vn -1.0 0.0 -0.0
vn -1.0 0.0 0.0
vn -1.0 0.0 -0.0
vn -1.0 0.0 -0.000001
vn -1.0 0.0 -0.0
vn -1.0 0.0 -0.0
vn -1.0 0.0 -0.0
vn -1.0 0.0 -0.000001
vn -1.0 0.0 -0.000001
vn -1.0 0.0 -0.000001
vn -1.0 0.0 -0.0
vn -1.0 0.0 -0.0
vn -1.0 0.0 0.0
vn -1.0 0.0 0.0
vn -1.0 0.0 -0.0
vn -1.0 0.0 -0.0
vn -1.0 0.0 0.0
vn -1.0 0.0 0.0
vn -1.0 0.0 0.0
vn -1.0 0.0 0.0
vn -1.0 0.0 0.0
vn -1.0 0.0 0.0
vn -1.0 0.0 0.0
vn -0.00008 0.987688 0.156435
vn -0.00008 0.987688 0.156434
vn -0.000132 0.966025 0.258447
vn -0.000132 0.966025 0.258447
vn -0.000183 0.933441 0.35873
vn -0.00008 0.987688 0.156435
vn -0.000183 0.933441 0.35873
vn -0.000132 0.966025 0.258447
vn -0.000277 0.83888 0.544317
vn -0.000277 0.83888 0.544317
vn -0.000321 0.776902 0.629621
vn -0.000183 0.933441 0.35873
vn -0.000321 0.776902 0.629621
vn -0.000277 0.83888 0.544317
vn -0.000396 0.629621 0.776902
vn -0.000396 0.629621 0.776902
vn -0.000427 0.544317 0.83888
vn -0.000321 0.776902 0.629621
vn -0.000427 0.544317 0.83888
vn -0.000396 0.629621 0.776902
vn -0.000475 0.35873 0.933441
vn -0.000475 0.35873 0.933441
vn -0.000434 0.258261 0.966075
vn -0.000427 0.544317 0.83888
vn -0.000434 0.258261 0.966075
vn -0.000475 0.35873 0.933441
vn -0.000462 0.052529 0.998619
vn -0.000462 0.052529 0.998619
vn -0.000473 -0.05291 0.998599
vn -0.000434 0.258261 0.966075
vn -0.000473 -0.05291 0.998599
vn -0.000462 0.052529 0.998619
vn -0.000595 -0.258446 0.966026
vn -0.000595 -0.258446 0.966026
vn -0.000648 -0.358728 0.933442
vn -0.000473 -0.05291 0.998599
vn -0.000648 -0.358728 0.933442
vn -0.000595 -0.258446 0.966026
vn -0.000729 -0.544315 0.838881
vn -0.000729 -0.544315 0.838881
vn -0.000759 -0.62962 0.776903
vn -0.000648 -0.358728 0.933442
vn -0.000759 -0.62962 0.776903
vn -0.000729 -0.544315 0.838881
vn -0.000792 -0.776904 0.629619
vn -0.000792 -0.776904 0.629619
vn -0.000795 -0.838882 0.544313
vn -0.000759 -0.62962 0.776903
vn -0.000795 -0.838882 0.544313
vn -0.000792 -0.776904 0.629619
vn -0.000776 -0.933443 0.358726
vn -0.000776 -0.933443 0.358726
vn -0.000754 -0.966026 0.258445
vn -0.000795 -0.838882 0.544313
vn -0.000754 -0.966026 0.258445
vn -0.000776 -0.933443 0.358726
vn -0.000724 -0.987688 0.156435
vn -0.000724 -0.987688 0.156435
vn -0.000724 -0.987688 0.156435
vn -0.000754 -0.966026 0.258445
vn -0.873192 0.481376 0.076242
vn -0.985916 0.165181 0.026162
vn -0.968447 0.240753 0.06441
vn -0.968447 0.240753 0.06441
vn -0.875457 0.451129 0.173373
vn -0.873192 0.481376 0.076242
vn -0.875457 0.451129 0.173373
vn -0.968447 0.240753 0.06441
vn -0.968447 0.209065 0.135654
vn -0.968447 0.209065 0.135654
vn -0.875457 0.375474 0.304293
vn -0.875457 0.451129 0.173373
vn -0.875457 0.375474 0.304293
vn -0.968447 0.209065 0.135654
vn -0.968447 0.156914 0.193619
vn -0.968447 0.156914 0.193619
vn -0.875457 0.263067 0.405427
vn -0.875457 0.375474 0.304293
vn -0.875457 0.263067 0.405427
vn -0.968447 0.156914 0.193619
vn -0.968447 0.089403 0.232632
vn -0.968447 0.089403 0.232632
vn -0.875457 0.124906 0.466877
vn -0.875457 0.263067 0.405427
vn -0.875457 0.124906 0.466877
vn -0.968447 0.089403 0.232632
vn -0.968447 0.013139 0.248873
vn -0.968447 0.013139 0.248873
vn -0.875457 -0.02548 0.482625
vn -0.875457 0.124906 0.466877
vn -0.875457 -0.02548 0.482625
vn -0.968447 0.013139 0.248873
vn -0.968447 -0.06441 0.240753
vn -0.968447 -0.06441 0.240753
vn -0.875456 -0.173373 0.45113
vn -0.875457 -0.02548 0.482625
vn -0.875456 -0.173373 0.45113
vn -0.968447 -0.06441 0.240753
vn -0.968447 -0.135655 0.209065
vn -0.968447 -0.135655 0.209065
vn -0.875457 -0.304293 0.375474
vn -0.875456 -0.173373 0.45113
vn -0.875457 -0.304293 0.375474
vn -0.968447 -0.135655 0.209065
vn -0.968447 -0.193619 0.156913
vn -0.968447 -0.193619 0.156913
vn -0.875457 -0.405428 0.263065
vn -0.875457 -0.304293 0.375474
vn -0.875457 -0.405428 0.263065
vn -0.968447 -0.193619 0.156913
vn -0.968447 -0.232632 0.089402
vn -0.968447 -0.232632 0.089402
vn -0.875457 -0.466877 0.124905
vn -0.875457 -0.405428 0.263065
vn -0.875457 -0.466877 0.124905
vn -0.968447 -0.232632 0.089402
vn -0.942403 -0.330362 0.052324
vn -0.942403 -0.330362 0.052324
vn -0.873192 -0.481376 0.076242
vn -0.875457 -0.466877 0.124905
vn -1.0 0.0 0.0
vn -0.968447 0.089403 0.232632
vn -0.968447 0.156914 0.193619
vn -0.968447 0.156914 0.193619
vn -1.0 0.0 -0.0
vn -1.0 0.0 0.0
vn -1.0 0.0 -0.0
vn -0.968447 0.156914 0.193619
vn -0.968447 0.209065 0.135654
vn -0.968447 0.209065 0.135654
vn -1.0 0.0 -0.0
vn -1.0 0.0 -0.0
vn -1.0 0.0 -0.0
vn -0.968447 0.209065 0.135654
vn -0.968447 0.240753 0.06441
vn -0.968447 0.240753 0.06441
vn -1.0 0.0 0.0
vn -1.0 0.0 -0.0
vn -1.0 0.0 0.0
vn -0.968447 0.240753 0.06441
vn -0.985916 0.165181 0.026162
vn -0.985916 0.165181 0.026162
vn -1.0 0.0 0.000001
vn -1.0 0.0 0.0
vn -1.0 0.0 -0.0
vn -0.968447 -0.232632 0.089402
vn -0.968447 -0.193619 0.156913
vn -0.968447 -0.193619 0.156913
vn -1.0 0.0 -0.000001
vn -1.0 0.0 -0.0
vn -0.968447 -0.232632 0.089402
vn -1.0 0.0 -0.0
vn -1.0 0.0 0.0
vn -1.0 0.0 0.0
vn -0.942403 -0.330362 0.052324
vn -0.968447 -0.232632 0.089402
vn -0.968447 0.089403 0.232632
vn -1.0 0.0 0.0
vn -1.0 0.0 -0.0
vn -1.0 0.0 -0.0
vn -0.968447 0.013139 0.248873
vn -0.968447 0.089403 0.232632
vn -0.968447 0.013139 0.248873
vn -1.0 0.0 -0.0
vn -1.0 0.0 -0.0
vn -1.0 0.0 -0.0
vn -0.968447 -0.06441 0.240753
vn -0.968447 0.013139 0.248873
vn -0.968447 -0.06441 0.240753
vn -1.0 0.0 -0.0
vn -1.0 0.0 -0.0
vn -1.0 0.0 -0.0
vn -0.968447 -0.135655 0.209065
vn -0.968447 -0.06441 0.240753
vn -0.968447 -0.135655 0.209065
vn -1.0 0.0 -0.0
vn -1.0 0.0 -0.000001
vn -1.0 0.0 -0.000001
vn -0.968447 -0.193619 0.156913
vn -0.968447 -0.135655 0.209065
vn -0.003987 -0.987679 -0.156441
vn -0.003985 -0.987678 -0.156446
vn -0.004032 -0.966018 -0.258445
vn -0.004032 -0.966018 -0.258445
vn -0.004031 -0.933436 -0.358722
vn -0.003987 -0.987679 -0.156441
vn -0.004031 -0.933436 -0.358722
vn -0.004032 -0.966018 -0.258445
vn -0.004029 -0.838876 -0.544308
vn -0.004029 -0.838876 -0.544308
vn -0.004027 -0.776896 -0.629616
vn -0.004031 -0.933436 -0.358722
vn -0.004027 -0.776896 -0.629616
vn -0.004029 -0.838876 -0.544308
vn -0.004027 -0.629616 -0.776896
vn -0.004027 -0.629616 -0.776896
vn -0.004027 -0.544312 -0.838873
vn -0.004027 -0.776896 -0.629616
vn -0.004027 -0.544312 -0.838873
vn -0.004027 -0.629616 -0.776896
vn -0.004026 -0.358725 -0.933434
vn -0.004026 -0.358725 -0.933434
vn -0.004027 -0.258444 -0.966018
vn -0.004027 -0.544312 -0.838873
vn -0.004027 -0.258444 -0.966018
vn -0.004026 -0.358725 -0.933434
vn -0.004028 -0.052722 -0.998601
vn -0.004028 -0.052722 -0.998601
vn -0.004028 0.05272 -0.998601
vn -0.004027 -0.258444 -0.966018
vn -0.004028 0.05272 -0.998601
vn -0.004028 -0.052722 -0.998601
vn -0.004027 0.258444 -0.966018
vn -0.004027 0.258444 -0.966018
vn -0.004026 0.358727 -0.933434
vn -0.004028 0.05272 -0.998601
vn -0.004026 0.358727 -0.933434
vn -0.004027 0.258444 -0.966018
vn -0.004027 0.544315 -0.838871
vn -0.004027 0.544315 -0.838871
vn -0.004029 0.629619 -0.776894
vn -0.004026 0.358727 -0.933434
vn -0.004029 0.629619 -0.776894
vn -0.004027 0.544315 -0.838871
vn -0.004031 0.776899 -0.629612
vn -0.004031 0.776899 -0.629612
vn -0.004032 0.838873 -0.544312
vn -0.004029 0.629619 -0.776894
vn -0.004032 0.838873 -0.544312
vn -0.004031 0.776899 -0.629612
vn -0.004033 0.933435 -0.358725
vn -0.004033 0.933435 -0.358725
vn -0.004034 0.966018 -0.258444
vn -0.004032 0.838873 -0.544312
vn -0.004034 0.966018 -0.258444
vn -0.004033 0.933435 -0.358725
vn -0.003991 0.987681 -0.156432
vn -0.003991 0.987681 -0.156432
vn -0.003992 0.98768 -0.156436
vn -0.004034 0.966018 -0.258444
vn 0.00008 0.987688 -0.156435
vn 0.000182 0.933442 -0.358729
vn 0.000132 0.966025 -0.258447
vn 0.000132 0.966025 -0.258447
vn 0.00008 0.987688 -0.156435
vn 0.00008 0.987688 -0.156435
vn 0.000276 0.83888 -0.544316
vn 0.000132 0.966025 -0.258447
vn 0.000182 0.933442 -0.358729
vn 0.000182 0.933442 -0.358729
vn 0.00032 0.776902 -0.629622
vn 0.000276 0.83888 -0.544316
vn 0.000395 0.62962 -0.776904
vn 0.000276 0.83888 -0.544316
vn 0.00032 0.776902 -0.629622
vn 0.00032 0.776902 -0.629622
vn 0.000427 0.544315 -0.838881
vn 0.000395 0.62962 -0.776904
vn 0.000475 0.358732 -0.93344
vn 0.000395 0.62962 -0.776904
vn 0.000427 0.544315 -0.838881
vn 0.000427 0.544315 -0.838881
vn 0.000504 0.258412 -0.966035
vn 0.000475 0.358732 -0.93344
vn 0.000463 0.052683 -0.998611
vn 0.000475 0.358732 -0.93344
vn 0.000504 0.258412 -0.966035
vn 0.000504 0.258412 -0.966035
vn 0.000405 -0.052762 -0.998607
vn 0.000463 0.052683 -0.998611
vn 0.000253 -0.258449 -0.966025
vn 0.000463 0.052683 -0.998611
vn 0.000405 -0.052762 -0.998607
vn 0.000405 -0.052762 -0.998607
vn 0.000172 -0.358728 -0.933442
vn 0.000253 -0.258449 -0.966025
vn 0.000007 -0.544315 -0.838881
vn 0.000253 -0.258449 -0.966025
vn 0.000172 -0.358728 -0.933442
vn 0.000172 -0.358728 -0.933442
vn -0.000076 -0.62962 -0.776903
vn 0.000007 -0.544315 -0.838881
vn -0.000239 -0.776904 -0.629619
vn 0.000007 -0.544315 -0.838881
vn -0.000076 -0.62962 -0.776903
vn -0.000076 -0.62962 -0.776903
vn -0.000317 -0.838882 -0.544313
vn -0.000239 -0.776904 -0.629619
vn -0.000461 -0.933443 -0.358726
vn -0.000239 -0.776904 -0.629619
vn -0.000317 -0.838882 -0.544313
vn -0.000317 -0.838882 -0.544313
vn -0.000527 -0.966026 -0.258445
vn -0.000461 -0.933443 -0.358726
vn -0.000586 -0.987688 -0.156435
vn -0.000461 -0.933443 -0.358726
vn -0.000527 -0.966026 -0.258445
vn -0.000527 -0.966026 -0.258445
vn -0.000586 -0.987688 -0.156434
vn -0.000586 -0.987688 -0.156435
vn -0.873192 0.481376 -0.076242
vn -0.875456 0.45113 -0.173374
vn -0.968447 0.240753 -0.06441
vn -0.968447 0.240753 -0.06441
vn -0.985916 0.165181 -0.026161
vn -0.873192 0.481376 -0.076242
vn -0.968447 0.209066 -0.135655
vn -0.968447 0.240753 -0.06441
vn -0.875456 0.45113 -0.173374
vn -0.875456 0.45113 -0.173374
vn -0.875456 0.375475 -0.304295
vn -0.968447 0.209066 -0.135655
vn -0.968447 0.156914 -0.193621
vn -0.968447 0.209066 -0.135655
vn -0.875456 0.375475 -0.304295
vn -0.875456 0.375475 -0.304295
vn -0.875456 0.263067 -0.40543
vn -0.968447 0.156914 -0.193621
vn -0.968447 0.089402 -0.232633
vn -0.968447 0.156914 -0.193621
vn -0.875456 0.263067 -0.40543
vn -0.875456 0.263067 -0.40543
vn -0.875457 0.124907 -0.466876
vn -0.968447 0.089402 -0.232633
vn -0.968447 0.01314 -0.248872
vn -0.968447 0.089402 -0.232633
vn -0.875457 0.124907 -0.466876
vn -0.875457 0.124907 -0.466876
vn -0.875458 -0.02548 -0.482622
vn -0.968447 0.01314 -0.248872
vn -0.968447 -0.06441 -0.240752
vn -0.968447 0.01314 -0.248872
vn -0.875458 -0.02548 -0.482622
vn -0.875458 -0.02548 -0.482622
vn -0.875456 -0.173374 -0.451131
vn -0.968447 -0.06441 -0.240752
vn -0.968447 -0.135655 -0.209067
vn -0.968447 -0.06441 -0.240752
vn -0.875456 -0.173374 -0.451131
vn -0.875456 -0.173374 -0.451131
vn -0.875456 -0.304294 -0.375476
vn -0.968447 -0.135655 -0.209067
vn -0.968447 -0.19362 -0.156914
vn -0.968447 -0.135655 -0.209067
vn -0.875456 -0.304294 -0.375476
vn -0.875456 -0.304294 -0.375476
vn -0.875456 -0.40543 -0.263065
vn -0.968447 -0.19362 -0.156914
vn -0.968447 -0.232633 -0.089401
vn -0.968447 -0.19362 -0.156914
vn -0.875456 -0.40543 -0.263065
vn -0.875456 -0.40543 -0.263065
vn -0.875457 -0.466877 -0.124905
vn -0.968447 -0.232633 -0.089401
vn -0.942403 -0.330362 -0.052324
vn -0.968447 -0.232633 -0.089401
vn -0.875457 -0.466877 -0.124905
vn -0.875457 -0.466877 -0.124905
vn -0.873192 -0.481376 -0.076243
vn -0.942403 -0.330362 -0.052324
vn -0.968447 0.156914 -0.193621
vn -0.968447 0.089402 -0.232633
vn -1.0 0.0 0.0
vn -0.968447 0.089402 -0.232633
vn -0.968447 0.01314 -0.248872
vn -1.0 0.0 -0.0
vn -1.0 0.0 -0.0
vn -1.0 0.0 0.0
vn -0.968447 0.089402 -0.232633
vn -0.968447 0.01314 -0.248872
vn -0.968447 -0.06441 -0.240752
vn -1.0 0.0 0.0
vn -1.0 0.0 0.0
vn -1.0 0.0 -0.0
vn -0.968447 0.01314 -0.248872
vn -0.968447 -0.06441 -0.240752
vn -0.968447 -0.135655 -0.209067
vn -1.0 0.0 -0.0
vn -1.0 0.0 -0.0
vn -1.0 0.0 0.0
vn -0.968447 -0.06441 -0.240752
vn -0.968447 -0.135655 -0.209067
vn -0.968447 -0.19362 -0.156914
vn -1.0 0.0 -0.0
vn -1.0 0.0 -0.0
vn -1.0 0.0 -0.0
vn -0.968447 -0.135655 -0.209067
vn -0.968447 -0.19362 -0.156914
vn -0.968447 -0.232633 -0.089401
vn -1.0 0.0 -0.0
vn -1.0 0.0 -0.0
vn -1.0 0.0 -0.0
vn -0.968447 -0.19362 -0.156914
vn -0.968447 -0.232633 -0.089401
vn -0.942403 -0.330362 -0.052324
vn -1.0 0.0 0.0
vn -1.0 0.0 0.0
vn -1.0 0.0 -0.0
vn -0.968447 -0.232633 -0.089401
vn -1.0 0.0 0.0
vn -1.0 0.0 0.0
vn -0.968447 0.156914 -0.193621
vn -0.968447 0.209066 -0.135655
vn -0.968447 0.156914 -0.193621
vn -1.0 0.0 0.0
vn -1.0 0.0 0.0
vn -1.0 0.0 -0.0
vn -0.968447 0.209066 -0.135655
vn -0.968447 0.240753 -0.06441
vn -0.968447 0.209066 -0.135655
vn -1.0 0.0 -0.0
vn -1.0 0.0 -0.0
vn -1.0 0.0 0.0
vn -0.968447 0.240753 -0.06441
vn -0.985916 0.165181 -0.026161
vn -0.968447 0.240753 -0.06441
vn -1.0 0.0 0.0
vn -1.0 0.0 0.0
vn -1.0 0.0 0.000001
vn -0.985916 0.165181 -0.026161
vn -0.003987 -0.987679 0.156441
vn -0.004031 -0.933436 0.358722
vn -0.004032 -0.966018 0.258445
vn -0.004032 -0.966018 0.258445
vn -0.003985 -0.987678 0.156446
vn -0.003987 -0.987679 0.156441
vn -0.004029 -0.838874 0.544311
vn -0.004032 -0.966018 0.258445
vn -0.004031 -0.933436 0.358722
vn -0.004031 -0.933436 0.358722
vn -0.004029 -0.776894 0.629619
vn -0.004029 -0.838874 0.544311
vn -0.004031 -0.629612 0.776899
vn -0.004029 -0.838874 0.544311
vn -0.004029 -0.776894 0.629619
vn -0.004029 -0.776894 0.629619
vn -0.00403 -0.544307 0.838876
vn -0.004031 -0.629612 0.776899
vn -0.004028 -0.35872 0.933437
vn -0.004031 -0.629612 0.776899
vn -0.00403 -0.544307 0.838876
vn -0.00403 -0.544307 0.838876
vn -0.004027 -0.258438 0.966019
vn -0.004028 -0.35872 0.933437
vn -0.004028 -0.052721 0.998601
vn -0.004028 -0.35872 0.933437
vn -0.004027 -0.258438 0.966019
vn -0.004027 -0.258438 0.966019
vn -0.004028 0.052719 0.998601
vn -0.004028 -0.052721 0.998601
vn -0.004027 0.258443 0.966018
vn -0.004028 -0.052721 0.998601
vn -0.004028 0.052719 0.998601
vn -0.004028 0.052719 0.998601
vn -0.004028 0.358722 0.933436
vn -0.004027 0.258443 0.966018
vn -0.00403 0.544308 0.838876
vn -0.004027 0.258443 0.966018
vn -0.004028 0.358722 0.933436
vn -0.004028 0.358722 0.933436
vn -0.004032 0.629612 0.7769
vn -0.00403 0.544308 0.838876
vn -0.004032 0.776896 0.629615
vn -0.00403 0.544308 0.838876
vn -0.004032 0.629612 0.7769
vn -0.004032 0.629612 0.7769
vn -0.004033 0.838873 0.544312
vn -0.004032 0.776896 0.629615
vn -0.004033 0.933435 0.358725
vn -0.004032 0.776896 0.629615
vn -0.004033 0.838873 0.544312
vn -0.004033 0.838873 0.544312
vn -0.004034 0.966018 0.258444
vn -0.004033 0.933435 0.358725
vn -0.003991 0.987681 0.156432
vn -0.004033 0.933435 0.358725
vn -0.004034 0.966018 0.258444
vn -0.004034 0.966018 0.258444
vn -0.003992 0.98768 0.156436
vn -0.003991 0.987681 0.156432
vn 0.000687 -0.999999 -0.001103
vn 0.000687 -0.999999 -0.001103
vn 0.000688 -0.999999 -0.001103
vn 0.000687 -0.999999 -0.001103
vn 0.000685 -0.999999 -0.001103
vn 0.000687 -0.999999 -0.001103
vn 0.000817 -1.0 -0.00037
vn 0.000817 -1.0 -0.00037
vn 0.000817 -1.0 -0.00037
vn -0.000002 -1.0 0.0
vn -0.000002 -1.0 0.0
vn -0.000002 -1.0 0.0
vn -0.643379 -0.723134 0.251277
vn -0.643379 -0.723134 0.251277
vn -0.643379 -0.723134 0.251277
vn -0.000071 -1.0 -0.000248
vn -0.000071 -1.0 -0.000248
vn -0.000071 -1.0 -0.000623
vn -0.000071 -1.0 -0.000248
vn -0.000071 -1.0 0.000128
vn -0.000071 -1.0 -0.000248
vn -0.000685 -0.999999 -0.001103
vn -0.000687 -0.999999 -0.001103
vn -0.000687 -0.999999 -0.001103
vn -0.000688 -0.999999 -0.001103
vn -0.000687 -0.999999 -0.001103
vn -0.000687 -0.999999 -0.001103
vn 0.000001 -1.0 0.0
vn 0.000001 -1.0 0.0
vn 0.000001 -1.0 0.0
vn 0.999989 0.004442 0.001188
vn 0.999989 0.004591 0.000727
vn 0.999989 0.004591 0.000727
vn 0.999989 0.004591 0.000727
vn 0.999989 0.004292 0.001649
vn 0.999989 0.004442 0.001188
vn 0.999989 0.003857 0.002503
vn 0.999989 0.004442 0.001188
vn 0.999989 0.004292 0.001649
vn 0.999989 0.004292 0.001649
vn 0.999989 0.003572 0.002895
vn 0.999989 0.003857 0.002503
vn 0.999989 0.002895 0.003572
vn 0.999989 0.003857 0.002503
vn 0.999989 0.003572 0.002895
vn 0.999989 0.003572 0.002895
vn 0.999989 0.002503 0.003857
vn 0.999989 0.002895 0.003572
vn 0.999989 0.001414 0.004367
vn 0.999989 0.002895 0.003572
vn 0.999989 0.002503 0.003857
vn 0.999989 0.002503 0.003857
vn 0.999989 0.001416 0.004367
vn 0.999989 0.001414 0.004367
vn 0.999989 0.001414 0.004367
vn 0.999989 0.001416 0.004367
vn 0.999989 0.000718 0.004592
vn 0.999989 0.000718 0.004592
vn 0.999989 0.000714 0.004591
vn 0.999989 0.001414 0.004367
vn 0.999989 0.004591 -0.000727
vn 0.999989 0.004591 -0.000727
vn 0.999989 0.004442 -0.001188
vn 0.999989 0.004442 -0.001188
vn 0.999989 0.004292 -0.001649
vn 0.999989 0.004591 -0.000727
vn 0.999989 0.004292 -0.001649
vn 0.999989 0.004442 -0.001188
vn 0.999989 0.003857 -0.002503
vn 0.999989 0.003857 -0.002503
vn 0.999989 0.003572 -0.002895
vn 0.999989 0.004292 -0.001649
vn 0.999989 0.003572 -0.002895
vn 0.999989 0.003857 -0.002503
vn 0.999989 0.002895 -0.003572
vn 0.999989 0.002895 -0.003572
vn 0.999989 0.002503 -0.003857
vn 0.999989 0.003572 -0.002895
vn 0.999989 0.002503 -0.003857
vn 0.999989 0.002895 -0.003572
vn 0.999989 0.001649 -0.004292
vn 0.999989 0.001649 -0.004292
vn 0.999989 0.001187 -0.004442
vn 0.999989 0.002503 -0.003857
vn 0.999989 0.001187 -0.004442
vn 0.999989 0.001649 -0.004292
vn 0.999989 0.000725 -0.004592
vn 0.999989 0.000725 -0.004592
vn 0.999989 0.000726 -0.004591
vn 0.999989 0.001187 -0.004442
vn 1.0 0.0 0.0
vn 1.0 0.0 -0.0
vn 1.0 0.0 -0.0
vn 1.0 0.0 -0.0
vn 1.0 0.0 -0.0
vn 1.0 0.0 -0.0
vn 1.0 0.0 -0.0
vn 1.0 0.0 0.0
vn 1.0 0.0 -0.0
vn 1.0 0.0 -0.0
vn 1.0 0.0 0.0
vn 1.0 0.0 -0.0
vn 1.0 0.0 -0.0
vn 1.0 0.0 -0.0
vn 1.0 0.0 -0.0
vn 1.0 0.0 -0.0
vn 1.0 0.0 -0.0
vn 1.0 0.0 -0.0
vn 1.0 0.0 -0.0
vn 1.0 0.0 -0.0
vn 1.0 0.0 -0.0
vn 1.0 0.0 -0.0
vn 1.0 0.0 0.0
vn 1.0 0.0 -0.0
vn 1.0 0.0 -0.0
vn 1.0 0.0 -0.0
vn 1.0 0.0 -0.0
vn 1.0 0.0 -0.0
vn 1.0 0.0 -0.0
vn 1.0 0.0 -0.0
vn 0.999977 -0.006512 -0.001742
vn 0.999977 -0.006732 -0.001066
vn 0.999977 -0.006732 -0.001066
vn 0.999977 -0.006732 -0.001066
vn 0.999977 -0.006292 -0.002418
vn 0.999977 -0.006512 -0.001742
vn 0.999977 -0.005654 -0.003668
vn 0.999977 -0.006512 -0.001742
vn 0.999977 -0.006292 -0.002418
vn 0.999977 -0.006292 -0.002418
vn 0.999977 -0.005235 -0.004243
vn 0.999977 -0.005654 -0.003668
vn 0.999977 -0.004242 -0.005233
vn 0.999977 -0.005654 -0.003668
vn 0.999977 -0.005235 -0.004243
vn 0.999977 -0.005235 -0.004243
vn 0.999977 -0.003666 -0.00565
vn 0.999977 -0.004242 -0.005233
vn 0.99998 -0.002938 -0.005555
vn 0.999977 -0.004242 -0.005233
vn 0.999977 -0.003666 -0.00565
vn 0.999977 -0.003666 -0.00565
vn 0.999975 -0.003973 -0.005782
vn 0.99998 -0.002938 -0.005555
vn 0.99998 -0.002938 -0.005555
vn 0.999975 -0.003973 -0.005782
vn 0.999983 -0.002785 -0.005044
vn 0.999983 -0.002785 -0.005044
vn 0.999989 -0.000715 -0.004591
vn 0.99998 -0.002938 -0.005555
vn 0.999977 -0.006731 0.001066
vn 0.999977 -0.006731 0.001066
vn 0.999977 -0.006511 0.001742
vn 0.999977 -0.006511 0.001742
vn 0.999977 -0.006291 0.002417
vn 0.999977 -0.006731 0.001066
vn 0.999977 -0.006291 0.002417
vn 0.999977 -0.006511 0.001742
vn 0.999977 -0.005652 0.003667
vn 0.999977 -0.005652 0.003667
vn 0.999977 -0.005234 0.004241
vn 0.999977 -0.006291 0.002417
vn 0.999977 -0.005234 0.004241
vn 0.999977 -0.005652 0.003667
vn 0.999977 -0.00424 0.005231
vn 0.999977 -0.00424 0.005231
vn 0.999977 -0.003665 0.005648
vn 0.999977 -0.005234 0.004241
vn 0.999977 -0.003665 0.005648
vn 0.999977 -0.00424 0.005231
vn 0.999977 -0.002413 0.006282
vn 0.999977 -0.002413 0.006282
vn 0.999979 -0.002954 0.005791
vn 0.999977 -0.003665 0.005648
vn 0.999979 -0.002954 0.005791
vn 0.999977 -0.002413 0.006282
vn 0.99998 -0.002886 0.005655
vn 0.99998 -0.002886 0.005655
vn 0.999978 -0.004711 0.004591
vn 0.999979 -0.002954 0.005791
vn 1.0 0.0 -0.0
vn 1.0 0.0 0.0
vn 1.0 0.0 -0.0
vn 1.0 0.0 0.0
vn 1.0 0.0 0.0
vn 1.0 0.0 -0.0
vn 1.0 0.0 0.0
vn 1.0 0.0 -0.0
vn 1.0 0.0 -0.0
vn 1.0 0.0 -0.0
vn 1.0 0.0 -0.0
vn 1.0 0.0 -0.0
vn 1.0 0.0 -0.0
vn 1.0 0.0 -0.0
vn 1.0 0.0 -0.0
vn 1.0 0.0 -0.0
vn 1.0 0.0 -0.0
vn 1.0 0.0 -0.0
vn 1.0 0.0 -0.0
vn 1.0 0.0 -0.0
vn 1.0 0.0 -0.0
vn 1.0 0.0 -0.0
vn 1.0 0.0 -0.0
vn 1.0 0.0 -0.0
vn 1.0 0.0 -0.0
vn 1.0 0.0 -0.0
vn 1.0 0.0 -0.0
vn 1.0 0.0 -0.0
vn 1.0 0.0 -0.0
vn 1.0 0.0 -0.0
vn -0.999939 -0.010664 -0.002853
vn -0.999939 -0.010304 -0.00396
vn -0.999938 -0.011024 -0.001746
vn -0.999938 -0.011024 -0.001746
vn -0.999938 -0.011024 -0.001746
vn -0.999939 -0.010664 -0.002853
vn -0.999939 -0.010304 -0.00396
vn -0.999939 -0.010664 -0.002853
vn -0.999939 -0.00926 -0.006008
vn -0.999939 -0.00926 -0.006008
vn -0.999939 -0.008576 -0.00695
vn -0.999939 -0.010304 -0.00396
vn -0.999939 -0.008576 -0.00695
vn -0.999939 -0.00926 -0.006008
vn -0.999939 -0.00695 -0.008576
vn -0.999939 -0.00695 -0.008576
vn -0.999939 -0.006009 -0.00926
vn -0.999939 -0.008576 -0.00695
vn -0.999939 -0.006009 -0.00926
vn -0.999939 -0.00695 -0.008576
vn -0.999939 -0.003397 -0.010484
vn -0.999939 -0.003397 -0.010484
vn -0.999939 -0.003403 -0.010485
vn -0.999939 -0.006009 -0.00926
vn -0.999938 -0.001727 -0.011023
vn -0.999939 -0.003403 -0.010485
vn -0.999939 -0.003397 -0.010484
vn -0.999939 -0.003397 -0.010484
vn -0.999938 -0.001715 -0.01102
vn -0.999938 -0.001727 -0.011023
vn -0.999938 -0.011024 0.001746
vn -0.999939 -0.010304 0.00396
vn -0.999939 -0.010664 0.002853
vn -0.999939 -0.010664 0.002853
vn -0.999938 -0.011024 0.001746
vn -0.999938 -0.011024 0.001746
vn -0.999939 -0.00926 0.006009
vn -0.999939 -0.010664 0.002853
vn -0.999939 -0.010304 0.00396
vn -0.999939 -0.010304 0.00396
vn -0.999939 -0.008576 0.00695
vn -0.999939 -0.00926 0.006009
vn -0.999939 -0.00695 0.008576
vn -0.999939 -0.00926 0.006009
vn -0.999939 -0.008576 0.00695
vn -0.999939 -0.008576 0.00695
vn -0.999939 -0.006009 0.00926
vn -0.999939 -0.00695 0.008576
vn -0.999939 -0.003958 0.010305
vn -0.999939 -0.00695 0.008576
vn -0.999939 -0.006009 0.00926
vn -0.999939 -0.006009 0.00926
vn -0.999939 -0.002851 0.010664
vn -0.999939 -0.003958 0.010305
vn -0.999938 -0.001742 0.011024
vn -0.999939 -0.003958 0.010305
vn -0.999939 -0.002851 0.010664
vn -0.999939 -0.002851 0.010664
vn -0.999938 -0.001745 0.011023
vn -0.999938 -0.001742 0.011024
vn -1.0 0.0 -0.0
vn -1.0 0.0 -0.0
vn -1.0 0.0 -0.0
vn -1.0 0.0 -0.0
vn -1.0 0.0 -0.0
vn -1.0 0.0 -0.0
vn -1.0 0.0 -0.0
vn -1.0 0.0 -0.0
vn -1.0 0.0 0.0
vn -1.0 0.0 -0.0
vn -1.0 0.0 -0.0
vn -1.0 0.0 0.0
vn -1.0 0.0 -0.0
vn -1.0 0.0 -0.0
vn -1.0 0.0 -0.0
vn -1.0 0.0 -0.0
vn -1.0 0.0 0.0
vn -1.0 0.0 -0.0
vn -1.0 0.0 0.0
vn -1.0 0.0 -0.0
vn -1.0 0.0 -0.0
vn -1.0 0.0 -0.0
vn -1.0 0.0 -0.0
vn -1.0 0.0 -0.0
vn -1.0 0.0 0.0
vn -1.0 0.0 -0.0
vn -1.0 0.0 -0.0
vn -1.0 0.0 -0.0
vn -1.0 0.0 0.0
vn -1.0 0.0 0.0
vn -0.999926 0.011737 0.00314
vn -0.999926 0.01134 0.004358
vn -0.999925 0.012133 0.001922
vn -0.999925 0.012133 0.001922
vn -0.999925 0.012133 0.001922
vn -0.999926 0.011737 0.00314
vn -0.999926 0.01134 0.004358
vn -0.999926 0.011737 0.00314
vn -0.999926 0.010189 0.00661
vn -0.999926 0.010189 0.00661
vn -0.999926 0.009434 0.007645
vn -0.999926 0.01134 0.004358
vn -0.999926 0.009434 0.007645
vn -0.999926 0.010189 0.00661
vn -0.999926 0.007642 0.009429
vn -0.999926 0.007642 0.009429
vn -0.999926 0.006605 0.010178
vn -0.999926 0.009434 0.007645
vn -0.999926 0.006605 0.010178
vn -0.999926 0.007642 0.009429
vn -0.99993 0.004168 0.011093
vn -0.99993 0.004168 0.011093
vn -0.999926 0.004693 0.011209
vn -0.999926 0.006605 0.010178
vn -0.999933 0.002768 0.011258
vn -0.999926 0.004693 0.011209
vn -0.99993 0.004168 0.011093
vn -0.99993 0.004168 0.011093
vn -0.999938 0.001716 0.011027
vn -0.999933 0.002768 0.011258
vn -0.999925 0.012132 -0.001921
vn -0.999926 0.011337 -0.004356
vn -0.999926 0.011734 -0.003139
vn -0.999926 0.011734 -0.003139
vn -0.999925 0.012132 -0.001921
vn -0.999925 0.012132 -0.001921
vn -0.999926 0.010184 -0.006608
vn -0.999926 0.011734 -0.003139
vn -0.999926 0.011337 -0.004356
vn -0.999926 0.011337 -0.004356
vn -0.999926 0.00943 -0.007641
vn -0.999926 0.010184 -0.006608
vn -0.999926 0.007638 -0.009423
vn -0.999926 0.010184 -0.006608
vn -0.999926 0.00943 -0.007641
vn -0.999926 0.00943 -0.007641
vn -0.999927 0.006601 -0.010172
vn -0.999926 0.007638 -0.009423
vn -0.999927 0.004346 -0.011311
vn -0.999926 0.007638 -0.009423
vn -0.999927 0.006601 -0.010172
vn -0.999927 0.006601 -0.010172
vn -0.999929 0.003739 -0.011347
vn -0.999927 0.004346 -0.011311
vn -0.999929 0.002827 -0.01156
vn -0.999927 0.004346 -0.011311
vn -0.999929 0.003739 -0.011347
vn -0.999929 0.003739 -0.011347
vn -0.999932 0.003746 -0.011027
vn -0.999929 0.002827 -0.01156
vn -1.0 0.0 0.0
vn -1.0 0.0 0.0
vn -1.0 0.0 0.0
vn -1.0 0.0 0.0
vn -1.0 0.0 0.0
vn -1.0 0.0 0.0
vn -1.0 0.0 0.0
vn -1.0 0.0 0.0
vn -1.0 0.0 -0.0
vn -1.0 0.0 0.0
vn -1.0 0.0 0.0
vn -1.0 0.0 -0.0
vn -1.0 0.0 0.0
vn -1.0 0.0 0.0
vn -1.0 0.0 0.0
vn -1.0 0.0 0.0
vn -1.0 0.0 -0.0
vn -1.0 0.0 0.0
vn -1.0 0.0 -0.0
vn -1.0 0.0 0.0
vn -1.0 0.0 0.0
vn -1.0 0.0 0.0
vn -1.0 0.0 0.0
vn -1.0 0.0 0.0
vn -1.0 0.0 -0.0
vn -1.0 0.0 0.0
vn -1.0 0.0 0.0
vn -1.0 0.0 0.0
vn -1.0 0.0 -0.0
vn -1.0 0.0 -0.0
vn -0.999939 -0.010666 -0.002854
vn -0.999939 -0.010307 -0.003961
vn -0.999938 -0.011025 -0.001746
vn -0.999938 -0.011025 -0.001746
vn -0.999938 -0.011025 -0.001746
vn -0.999939 -0.010666 -0.002854
vn -0.999939 -0.010307 -0.003961
vn -0.999939 -0.010666 -0.002854
vn -0.999939 -0.009265 -0.006012
vn -0.999939 -0.009265 -0.006012
vn -0.999939 -0.008581 -0.006954
vn -0.999939 -0.010307 -0.003961
vn -0.999939 -0.008581 -0.006954
vn -0.999939 -0.009265 -0.006012
vn -0.999939 -0.006955 -0.008582
vn -0.999939 -0.006955 -0.008582
vn -0.999939 -0.006013 -0.009268
vn -0.999939 -0.008581 -0.006954
vn -0.999939 -0.006013 -0.009268
vn -0.999939 -0.006955 -0.008582
vn -0.999939 -0.0034 -0.010493
vn -0.999939 -0.0034 -0.010493
vn -0.999939 -0.003406 -0.010494
vn -0.999939 -0.006013 -0.009268
vn -0.999938 -0.001729 -0.011033
vn -0.999939 -0.003406 -0.010494
vn -0.999939 -0.0034 -0.010493
vn -0.999939 -0.0034 -0.010493
vn -0.999938 -0.001717 -0.01103
vn -0.999938 -0.001729 -0.011033
vn -0.999938 -0.011022 0.001746
vn -0.999939 -0.010301 0.003958
vn -0.999939 -0.010661 0.002852
vn -0.999939 -0.010661 0.002852
vn -0.999938 -0.011022 0.001746
vn -0.999938 -0.011022 0.001746
vn -0.999939 -0.009256 0.006005
vn -0.999939 -0.010661 0.002852
vn -0.999939 -0.010301 0.003958
vn -0.999939 -0.010301 0.003958
vn -0.999939 -0.008571 0.006946
vn -0.999939 -0.009256 0.006005
vn -0.999939 -0.006945 0.00857
vn -0.999939 -0.009256 0.006005
vn -0.999939 -0.008571 0.006946
vn -0.999939 -0.008571 0.006946
vn -0.999939 -0.006004 0.009253
vn -0.999939 -0.006945 0.00857
vn -0.999939 -0.003955 0.010296
vn -0.999939 -0.006945 0.00857
vn -0.999939 -0.006004 0.009253
vn -0.999939 -0.006004 0.009253
vn -0.999939 -0.002848 0.010655
vn -0.999939 -0.003955 0.010296
vn -0.999938 -0.001741 0.011014
vn -0.999939 -0.003955 0.010296
vn -0.999939 -0.002848 0.010655
vn -0.999939 -0.002848 0.010655
vn -0.999938 -0.001743 0.011013
vn -0.999938 -0.001741 0.011014
vn -1.0 0.0 -0.0
vn -1.0 0.0 -0.0
vn -1.0 0.0 -0.0
vn -1.0 0.0 -0.0
vn -1.0 0.0 -0.0
vn -1.0 0.0 -0.0
vn -1.0 0.0 -0.0
vn -1.0 0.0 -0.0
vn -1.0 0.0 0.0
vn -1.0 0.0 -0.0
vn -1.0 0.0 -0.0
vn -1.0 0.0 0.0
vn -1.0 0.0 -0.0
vn -1.0 0.0 -0.0
vn -1.0 0.0 -0.0
vn -1.0 0.0 -0.0
vn -1.0 0.0 0.0
vn -1.0 0.0 -0.0
vn -1.0 0.0 0.0
vn -1.0 0.0 -0.0
vn -1.0 0.0 -0.0
vn -1.0 0.0 -0.0
vn -1.0 0.0 -0.0
vn -1.0 0.0 -0.0
vn -1.0 0.0 0.0
vn -1.0 0.0 -0.0
vn -1.0 0.0 -0.0
vn -1.0 0.0 -0.0
vn -1.0 0.0 0.0
vn -1.0 0.0 0.0
vn -0.999926 0.011734 0.003139
vn -0.999926 0.011336 0.004356
vn -0.999925 0.012132 0.001921
vn -0.999925 0.012132 0.001921
vn -0.999925 0.012132 0.001921
vn -0.999926 0.011734 0.003139
vn -0.999926 0.011336 0.004356
vn -0.999926 0.011734 0.003139
vn -0.999926 0.010184 0.006607
vn -0.999926 0.010184 0.006607
vn -0.999926 0.009429 0.00764
vn -0.999926 0.011336 0.004356
vn -0.999926 0.009429 0.00764
vn -0.999926 0.010184 0.006607
vn -0.999926 0.007637 0.009422
vn -0.999926 0.007637 0.009422
vn -0.999927 0.0066 0.01017
vn -0.999926 0.009429 0.00764
vn -0.999927 0.0066 0.01017
vn -0.999926 0.007637 0.009422
vn -0.99993 0.004165 0.011083
vn -0.99993 0.004165 0.011083
vn -0.999926 0.00469 0.011199
vn -0.999927 0.0066 0.01017
vn -0.999933 0.002766 0.011248
vn -0.999926 0.00469 0.011199
vn -0.99993 0.004165 0.011083
vn -0.99993 0.004165 0.011083
vn -0.999938 0.001715 0.011017
vn -0.999933 0.002766 0.011248
vn -0.999925 0.012134 -0.001922
vn -0.999926 0.011341 -0.004358
vn -0.999926 0.011737 -0.00314
vn -0.999926 0.011737 -0.00314
vn -0.999925 0.012134 -0.001922
vn -0.999925 0.012134 -0.001922
vn -0.999926 0.010189 -0.006611
vn -0.999926 0.011737 -0.00314
vn -0.999926 0.011341 -0.004358
vn -0.999926 0.011341 -0.004358
vn -0.999926 0.009435 -0.007646
vn -0.999926 0.010189 -0.006611
vn -0.999926 0.007643 -0.00943
vn -0.999926 0.010189 -0.006611
vn -0.999926 0.009435 -0.007646
vn -0.999926 0.009435 -0.007646
vn -0.999926 0.006606 -0.01018
vn -0.999926 0.007643 -0.00943
vn -0.999926 0.004349 -0.011321
vn -0.999926 0.007643 -0.00943
vn -0.999926 0.006606 -0.01018
vn -0.999926 0.006606 -0.01018
vn -0.999929 0.003742 -0.011357
vn -0.999926 0.004349 -0.011321
vn -0.999929 0.002829 -0.011571
vn -0.999926 0.004349 -0.011321
vn -0.999929 0.003742 -0.011357
vn -0.999929 0.003742 -0.011357
vn -0.999932 0.003747 -0.011037
vn -0.999929 0.002829 -0.011571
vn -1.0 0.0 0.0
vn -1.0 0.0 0.0
vn -1.0 0.0 0.0
vn -1.0 0.0 0.0
vn -1.0 0.0 0.0
vn -1.0 0.0 0.0
vn -1.0 0.0 0.0
vn -1.0 0.0 0.0
vn -1.0 0.0 -0.0
vn -1.0 0.0 0.0
vn -1.0 0.0 0.0
vn -1.0 0.0 -0.0
vn -1.0 0.0 0.0
vn -1.0 0.0 0.0
vn -1.0 0.0 0.0
vn -1.0 0.0 0.0
vn -1.0 0.0 -0.0
vn -1.0 0.0 0.0
vn -1.0 0.0 -0.0
vn -1.0 0.0 0.0
vn -1.0 0.0 0.0
vn -1.0 0.0 0.0
vn -1.0 0.0 0.0
vn -1.0 0.0 0.0
vn -1.0 0.0 -0.0
vn -1.0 0.0 0.0
vn -1.0 0.0 0.0
vn -1.0 0.0 0.0
vn -1.0 0.0 -0.0
vn -1.0 0.0 -0.0
vn 0.99995 0.00965 0.002582
vn 0.999949 0.009975 0.001579
vn 0.999949 0.009975 0.00158
vn 0.999949 0.009975 0.00158
vn 0.99995 0.009325 0.003584
vn 0.99995 0.00965 0.002582
vn 0.99995 0.008382 0.005439
vn 0.99995 0.00965 0.002582
vn 0.99995 0.009325 0.003584
vn 0.99995 0.009325 0.003584
vn 0.99995 0.007763 0.006292
vn 0.99995 0.008382 0.005439
vn 0.99995 0.006293 0.007765
vn 0.99995 0.008382 0.005439
vn 0.99995 0.007763 0.006292
vn 0.99995 0.007763 0.006292
vn 0.99995 0.00544 0.008384
vn 0.99995 0.006293 0.007765
vn 0.99995 0.003076 0.009493
vn 0.99995 0.006293 0.007765
vn 0.99995 0.00544 0.008384
vn 0.99995 0.00544 0.008384
vn 0.99995 0.003082 0.009494
vn 0.99995 0.003076 0.009493
vn 0.99995 0.003076 0.009493
vn 0.99995 0.003082 0.009494
vn 0.999949 0.001564 0.009982
vn 0.999949 0.001564 0.009982
vn 0.999949 0.001553 0.009979
vn 0.99995 0.003076 0.009493
vn 0.999949 0.009972 -0.001579
vn 0.999949 0.009972 -0.00158
vn 0.99995 0.009646 -0.00258
vn 0.99995 0.009646 -0.00258
vn 0.99995 0.009319 -0.003581
vn 0.999949 0.009972 -0.001579
vn 0.99995 0.009319 -0.003581
vn 0.99995 0.009646 -0.00258
vn 0.99995 0.008374 -0.005433
vn 0.99995 0.008374 -0.005433
vn 0.99995 0.007755 -0.006284
vn 0.99995 0.009319 -0.003581
vn 0.99995 0.007755 -0.006284
vn 0.99995 0.008374 -0.005433
vn 0.99995 0.006284 -0.007753
vn 0.99995 0.006284 -0.007753
vn 0.99995 0.005432 -0.008372
vn 0.99995 0.007755 -0.006284
vn 0.99995 0.005432 -0.008372
vn 0.99995 0.006284 -0.007753
vn 0.99995 0.003578 -0.009315
vn 0.99995 0.003578 -0.009315
vn 0.99995 0.002577 -0.00964
vn 0.99995 0.005432 -0.008372
vn 0.99995 0.002577 -0.00964
vn 0.99995 0.003578 -0.009315
vn 0.999949 0.001575 -0.009965
vn 0.999949 0.001575 -0.009965
vn 0.999949 0.001577 -0.009963
vn 0.99995 0.002577 -0.00964
vn 1.0 0.0 -0.0
vn 1.0 0.0 -0.0
vn 1.0 0.0 -0.0
vn 1.0 0.0 -0.0
vn 1.0 0.0 -0.0
vn 1.0 0.0 -0.0
vn 1.0 0.0 -0.0
vn 1.0 0.0 0.0
vn 1.0 0.0 -0.0
vn 1.0 0.0 -0.0
vn 1.0 0.0 0.0
vn 1.0 0.0 0.0
vn 1.0 0.0 0.0
vn 1.0 0.0 0.0
vn 1.0 0.0 -0.0
vn 1.0 0.0 -0.0
vn 1.0 0.0 0.0
vn 1.0 0.0 -0.0
vn 1.0 0.0 -0.0
vn 1.0 0.0 -0.0
vn 1.0 0.0 -0.0
vn 1.0 0.0 -0.0
vn 1.0 0.0 -0.0
vn 1.0 0.0 -0.0
vn 1.0 0.0 -0.0
vn 1.0 0.0 -0.0
vn 1.0 0.0 -0.0
vn 1.0 0.0 -0.0
vn 1.0 0.0 -0.0
vn 1.0 0.0 -0.0
vn 0.999938 -0.010715 -0.002866
vn 0.999937 -0.011078 -0.001754
vn 0.999937 -0.011078 -0.001754
vn 0.999937 -0.011078 -0.001754
vn 0.999938 -0.010352 -0.003978
vn 0.999938 -0.010715 -0.002866
vn 0.999939 -0.009299 -0.006033
vn 0.999938 -0.010715 -0.002866
vn 0.999938 -0.010352 -0.003978
vn 0.999938 -0.010352 -0.003978
vn 0.999939 -0.00861 -0.006977
vn 0.999939 -0.009299 -0.006033
vn 0.999939 -0.006974 -0.008604
vn 0.999939 -0.009299 -0.006033
vn 0.999939 -0.00861 -0.006977
vn 0.999939 -0.00861 -0.006977
vn 0.999939 -0.006027 -0.009287
vn 0.999939 -0.006974 -0.008604
vn 0.999942 -0.003841 -0.010084
vn 0.999939 -0.006974 -0.008604
vn 0.999939 -0.006027 -0.009287
vn 0.999939 -0.006027 -0.009287
vn 0.999938 -0.004366 -0.0102
vn 0.999942 -0.003841 -0.010084
vn 0.999942 -0.003841 -0.010084
vn 0.999938 -0.004366 -0.0102
vn 0.999945 -0.002601 -0.010198
vn 0.999945 -0.002601 -0.010198
vn 0.999949 -0.001551 -0.009967
vn 0.999942 -0.003841 -0.010084
vn 0.999937 -0.01108 0.001755
vn 0.999937 -0.01108 0.001755
vn 0.999938 -0.010718 0.002867
vn 0.999938 -0.010718 0.002867
vn 0.999938 -0.010356 0.00398
vn 0.999937 -0.01108 0.001755
vn 0.999938 -0.010356 0.00398
vn 0.999938 -0.010718 0.002867
vn 0.999938 -0.009304 0.006037
vn 0.999938 -0.009304 0.006037
vn 0.999938 -0.008616 0.006982
vn 0.999938 -0.010356 0.00398
vn 0.999938 -0.008616 0.006982
vn 0.999938 -0.009304 0.006037
vn 0.999939 -0.006979 0.008611
vn 0.999939 -0.006979 0.008611
vn 0.999939 -0.006032 0.009296
vn 0.999938 -0.008616 0.006982
vn 0.999939 -0.006032 0.009296
vn 0.999939 -0.006979 0.008611
vn 0.999939 -0.003972 0.010338
vn 0.999939 -0.003972 0.010338
vn 0.999941 -0.00347 0.01034
vn 0.999939 -0.006032 0.009296
vn 0.999941 -0.00347 0.01034
vn 0.999939 -0.003972 0.010338
vn 0.999941 -0.002663 0.01052
vn 0.999941 -0.002663 0.01052
vn 0.999944 -0.003581 0.009985
vn 0.999941 -0.00347 0.01034
vn 1.0 0.0 0.0
vn 1.0 0.0 0.0
vn 1.0 0.0 -0.0
vn 1.0 0.0 0.0
vn 1.0 0.0 0.0
vn 1.0 0.0 -0.0
vn 1.0 0.0 0.0
vn 1.0 0.0 -0.0
vn 1.0 0.0 -0.0
vn 1.0 0.0 -0.0
vn 1.0 0.0 -0.0
vn 1.0 0.0 -0.0
vn 1.0 0.0 -0.0
vn 1.0 0.0 -0.0
vn 1.0 0.0 -0.0
vn 1.0 0.0 -0.0
vn 1.0 0.0 -0.0
vn 1.0 0.0 -0.0
vn 1.0 0.0 -0.0
vn 1.0 0.0 0.0
vn 1.0 0.0 -0.0
vn 1.0 0.0 -0.0
vn 1.0 0.0 0.0
vn 1.0 0.0 -0.0
vn 1.0 0.0 -0.0
vn 1.0 0.0 -0.0
vn 1.0 0.0 -0.0
vn 1.0 0.0 -0.0
vn 1.0 0.0 0.0
vn 1.0 0.0 -0.0
vn 0.041501 -0.999138 -0.000436
vn 0.041662 -0.999132 -0.000406
vn 0.041534 -0.999137 -0.000466
vn 0.041534 -0.999137 -0.000466
vn 0.041401 -0.999142 -0.000526
vn 0.041501 -0.999138 -0.000436
vn 0.041693 -0.99913 -0.000436
vn 0.041534 -0.999137 -0.000466
vn 0.041662 -0.999132 -0.000406
vn 0.041662 -0.999132 -0.000406
vn 0.041785 -0.999127 -0.000348
vn 0.041693 -0.99913 -0.000436
vn -0.664742 -0.747073 -0.00041
vn -0.664802 -0.74702 -0.000415
vn -0.664755 -0.747061 -0.000404
vn -0.664755 -0.747061 -0.000404
vn -0.664705 -0.747106 -0.000393
vn -0.664742 -0.747073 -0.00041
vn -0.664813 -0.74701 -0.000409
vn -0.664755 -0.747061 -0.000404
vn -0.664802 -0.74702 -0.000415
vn -0.664802 -0.74702 -0.000415
vn -0.664846 -0.74698 -0.000425
vn -0.664813 -0.74701 -0.000409
vn 0.038384 -0.926298 0.374832
vn 0.038384 -0.926298 0.374832
vn 0.038384 -0.926298 0.374832
vn 0.000118 -0.944597 0.328232
vn 0.000118 -0.944597 0.328232
vn 0.000118 -0.944597 0.328232
vn 0.000515 -0.926066 -0.377362
vn 0.000515 -0.926066 -0.377362
vn 0.000515 -0.926066 -0.377362
vn 0.019992 -0.943605 -0.330471
vn 0.019992 -0.943605 -0.330471
vn 0.039437 -0.943059 -0.33028
vn 0.019992 -0.943605 -0.330471
vn 0.019992 -0.943605 -0.330471
vn 0.000539 -0.943793 -0.330537
vn -0.000685 -1.0 -0.000578
vn -0.000685 -1.0 -0.000578
vn -0.000685 -1.0 -0.000578
vn -0.643199 -0.722661 -0.253092
vn -0.643199 -0.722661 -0.253092
vn -0.643199 -0.722661 -0.253092
vn 0.000001 -1.0 0.0
vn 0.000001 -1.0 0.0
vn 0.000001 -1.0 0.0
vn 0.664843 -0.746983 -0.000432
vn 0.664821 -0.747002 -0.000416
vn 0.664843 -0.746983 -0.000412
vn 0.664799 -0.747022 -0.000404
vn 0.664843 -0.746983 -0.000412
vn 0.664821 -0.747002 -0.000416
vn 0.664821 -0.747002 -0.000416
vn 0.664753 -0.747063 -0.000415
vn 0.664799 -0.747022 -0.000404
vn 0.664741 -0.747074 -0.00041
vn 0.664799 -0.747022 -0.000404
vn 0.664753 -0.747063 -0.000415
vn 0.664753 -0.747063 -0.000415
vn 0.664705 -0.747106 -0.000427
vn 0.664741 -0.747074 -0.00041
vn 0.000071 -1.0 -0.000623
vn 0.000071 -1.0 -0.000248
vn 0.000084 -1.0 -0.00029
vn 0.000071 -1.0 -0.000248
vn 0.000071 -1.0 0.000128
vn 0.000084 -1.0 -0.00029
vn 0.00011 -1.0 -0.000375
vn 0.00011 -1.0 -0.000375
vn 0.000084 -1.0 -0.00029
vn 0.643379 -0.723134 0.251279
vn 0.643379 -0.723134 0.251279
vn 0.643379 -0.723134 0.251279
vn -0.000001 -1.0 0.0
vn -0.000001 -1.0 0.0
vn -0.000001 -1.0 0.0
vn -0.000817 -1.0 -0.000371
vn -0.000817 -1.0 -0.000371
vn -0.000817 -1.0 -0.000371
vn -0.03874 -0.925362 -0.3771
vn -0.03874 -0.925362 -0.3771
vn -0.03874 -0.925362 -0.3771
vn -0.000543 -0.943793 -0.330537
vn -0.000543 -0.943793 -0.330537
vn -0.000543 -0.943793 -0.330537
vn -0.041768 -0.999127 -0.000463
vn -0.041703 -0.99913 -0.000463
vn -0.041746 -0.999128 -0.000484
vn -0.041746 -0.999128 -0.000484
vn -0.041833 -0.999124 -0.000525
vn -0.041768 -0.999127 -0.000463
vn -0.041703 -0.99913 -0.000525
vn -0.041746 -0.999128 -0.000484
vn -0.041703 -0.99913 -0.000463
vn -0.041562 -0.999136 -0.0004
vn -0.041562 -0.999136 -0.0004
vn -0.041562 -0.999136 -0.0004
vn -0.000119 -0.92699 0.375087
vn -0.000119 -0.92699 0.375087
vn -0.000119 -0.92699 0.375087
vn -0.039264 -0.943869 0.327979
vn -0.039264 -0.943869 0.327979
vn -0.039264 -0.943869 0.327979
vn 0.00019 -1.0 0.000128
vn 0.00019 -1.0 0.000128
vn 0.00019 -1.0 0.000128
vn -0.000111 -1.0 0.000128
vn -0.000111 -1.0 0.000128
vn -0.000111 -1.0 0.000128
vn -0.00019 -1.0 -0.000375
vn -0.00019 -1.0 -0.000375
vn -0.00019 -1.0 -0.000375
vn 0.866024 -0.0 -0.500003
vn 0.327326 -0.0 -0.944911
vn 0.654652 -0.0 -0.75593
vn 0.654652 -0.0 -0.75593
vn 0.866024 0.0 -0.500003
vn 0.866024 -0.0 -0.500003
vn -0.327326 -0.0 -0.944911
vn 0.654652 -0.0 -0.75593
vn 0.327326 -0.0 -0.944911
vn 0.327326 -0.0 -0.944911
vn -0.654652 0.0 -0.75593
vn -0.327326 -0.0 -0.944911
vn -0.98198 0.0 -0.188985
vn -0.327326 -0.0 -0.944911
vn -0.654652 0.0 -0.75593
vn -0.654652 0.0 -0.75593
vn -0.981981 0.0 0.18898
vn -0.98198 0.0 -0.188985
vn -0.654655 0.0 0.755928
vn -0.98198 0.0 -0.188985
vn -0.981981 0.0 0.18898
vn -0.981981 0.0 0.18898
vn -0.327327 0.0 0.944911
vn -0.654655 0.0 0.755928
vn 0.327327 -0.0 0.944911
vn -0.654655 0.0 0.755928
vn -0.327327 0.0 0.944911
vn -0.327327 0.0 0.944911
vn 0.654654 0.0 0.755928
vn 0.327327 -0.0 0.944911
vn 0.866026 0.0 0.499999
vn 0.327327 -0.0 0.944911
vn 0.654654 0.0 0.755928
vn 0.654654 0.0 0.755928
vn 0.866026 0.0 0.499999
vn 0.866026 0.0 0.499999
vn -0.0 1.0 0.0
vn -0.0 1.0 0.0
vn 0.0 1.0 0.0
vn -0.0 1.0 0.0
vn 0.0 1.0 0.0
vn 0.0 1.0 0.0
vn 0.0 1.0 0.0
vn 0.0 1.0 0.0
vn 0.0 1.0 0.0
vn -0.0 1.0 0.0
vn -0.0 1.0 0.0
vn 0.0 1.0 0.0
vn 0.866026 -0.0 -0.499999
vn 0.327327 -0.0 -0.944911
vn 0.654654 0.0 -0.755928
vn 0.654654 0.0 -0.755928
vn 0.866026 -0.0 -0.499999
vn 0.866026 -0.0 -0.499999
vn -0.327327 -0.0 -0.944911
vn 0.654654 0.0 -0.755928
vn 0.327327 -0.0 -0.944911
vn 0.327327 -0.0 -0.944911
vn -0.654655 -0.0 -0.755928
vn -0.327327 -0.0 -0.944911
vn -0.981981 0.0 -0.18898
vn -0.327327 -0.0 -0.944911
vn -0.654655 -0.0 -0.755928
vn -0.654655 -0.0 -0.755928
vn -0.98198 0.0 0.188985
vn -0.981981 0.0 -0.18898
vn -0.654652 0.0 0.75593
vn -0.981981 0.0 -0.18898
vn -0.98198 0.0 0.188985
vn -0.98198 0.0 0.188985
vn -0.327326 0.0 0.944911
vn -0.654652 0.0 0.75593
vn 0.327326 0.0 0.944911
vn -0.654652 0.0 0.75593
vn -0.327326 0.0 0.944911
vn -0.327326 0.0 0.944911
vn 0.654652 -0.0 0.75593
vn 0.327326 0.0 0.944911
vn 0.866024 0.0 0.500003
vn 0.327326 0.0 0.944911
vn 0.654652 -0.0 0.75593
vn 0.654652 -0.0 0.75593
vn 0.866024 -0.0 0.500003
vn 0.866024 0.0 0.500003
vn -0.0 1.0 0.0
vn -0.0 1.0 0.0
vn 0.0 1.0 0.0
vn -0.0 1.0 0.0
vn 0.0 1.0 0.0
vn 0.0 1.0 0.0
vn 0.0 1.0 0.0
vn 0.0 1.0 0.0
vn 0.0 1.0 0.0
vn -0.0 1.0 0.0
vn -0.0 1.0 0.0
vn 0.0 1.0 0.0
vn 0.866026 -0.0 -0.499999
vn 0.327327 -0.0 -0.944911
vn 0.654655 -0.0 -0.755928
vn 0.654655 -0.0 -0.755928
vn 0.866026 -0.0 -0.499999
vn 0.866026 -0.0 -0.499999
vn -0.327329 0.0 -0.94491
vn 0.654655 -0.0 -0.755928
vn 0.327327 -0.0 -0.944911
vn 0.327327 -0.0 -0.944911
vn -0.654659 0.0 -0.755925
vn -0.327329 0.0 -0.94491
vn -0.981982 0.0 -0.188977
vn -0.327329 0.0 -0.94491
vn -0.654659 0.0 -0.755925
vn -0.654659 0.0 -0.755925
vn -0.981981 -0.0 0.188982
vn -0.981982 0.0 -0.188977
vn -0.654656 -0.0 0.755927
vn -0.981982 0.0 -0.188977
vn -0.981981 -0.0 0.188982
vn -0.981981 -0.0 0.188982
vn -0.327328 -0.0 0.944911
vn -0.654656 -0.0 0.755927
vn 0.327326 0.0 0.944911
vn -0.654656 -0.0 0.755927
vn -0.327328 -0.0 0.944911
vn -0.327328 -0.0 0.944911
vn 0.654652 -0.0 0.75593
vn 0.327326 0.0 0.944911
vn 0.866024 -0.0 0.500003
vn 0.327326 0.0 0.944911
vn 0.654652 -0.0 0.75593
vn 0.654652 -0.0 0.75593
vn 0.866024 -0.0 0.500003
vn 0.866024 -0.0 0.500003
vn -0.0 1.0 0.0
vn -0.0 1.0 0.0
vn 0.0 1.0 0.0
vn -0.0 1.0 0.0
vn 0.0 1.0 0.0
vn 0.0 1.0 0.0
vn 0.0 1.0 0.0
vn 0.0 1.0 0.0
vn 0.0 1.0 0.0
vn -0.0 1.0 0.0
vn -0.0 1.0 0.0
vn 0.0 1.0 0.0
vn 0.866024 0.0 -0.500003
vn 0.327326 0.0 -0.944911
vn 0.654652 0.0 -0.75593
vn 0.654652 0.0 -0.75593
vn 0.866024 -0.0 -0.500003
vn 0.866024 0.0 -0.500003
vn -0.327328 0.0 -0.944911
vn 0.654652 0.0 -0.75593
vn 0.327326 0.0 -0.944911
vn 0.327326 0.0 -0.944911
vn -0.654656 0.0 -0.755927
vn -0.327328 0.0 -0.944911
vn -0.981981 0.0 -0.188982
vn -0.327328 0.0 -0.944911
vn -0.654656 0.0 -0.755927
vn -0.654656 0.0 -0.755927
vn -0.981982 0.0 0.188977
vn -0.981981 0.0 -0.188982
vn -0.654659 -0.0 0.755925
vn -0.981981 0.0 -0.188982
vn -0.981982 0.0 0.188977
vn -0.981982 0.0 0.188977
vn -0.327329 -0.0 0.94491
vn -0.654659 -0.0 0.755925
vn 0.327327 -0.0 0.944911
vn -0.654659 -0.0 0.755925
vn -0.327329 -0.0 0.94491
vn -0.327329 -0.0 0.94491
vn 0.654655 -0.0 0.755928
vn 0.327327 -0.0 0.944911
vn 0.866026 -0.0 0.499999
vn 0.327327 -0.0 0.944911
vn 0.654655 -0.0 0.755928
vn 0.654655 -0.0 0.755928
vn 0.866026 -0.0 0.499999
vn 0.866026 -0.0 0.499999
vn -0.0 1.0 0.0
vn -0.0 1.0 0.0
vn 0.0 1.0 0.0
vn -0.0 1.0 0.0
vn 0.0 1.0 0.0
vn 0.0 1.0 0.0
vn 0.0 1.0 0.0
vn 0.0 1.0 0.0
vn 0.0 1.0 0.0
vn -0.0 1.0 0.0
vn -0.0 1.0 0.0
vn 0.0 1.0 0.0
vn 0.866024 -0.0 -0.500003
vn 0.327326 -0.0 -0.944911
vn 0.654652 -0.0 -0.75593
vn 0.654652 -0.0 -0.75593
vn 0.866024 0.0 -0.500003
vn 0.866024 -0.0 -0.500003
vn -0.327326 0.0 -0.944911
vn 0.654652 -0.0 -0.75593
vn 0.327326 -0.0 -0.944911
vn 0.327326 -0.0 -0.944911
vn -0.654652 0.0 -0.75593
vn -0.327326 0.0 -0.944911
vn -0.98198 0.0 -0.188984
vn -0.327326 0.0 -0.944911
vn -0.654652 0.0 -0.75593
vn -0.654652 0.0 -0.75593
vn -0.98198 -0.0 0.188984
vn -0.98198 0.0 -0.188984
vn -0.654652 -0.0 0.75593
vn -0.98198 0.0 -0.188984
vn -0.98198 -0.0 0.188984
vn -0.98198 -0.0 0.188984
vn -0.327326 -0.0 0.944911
vn -0.654652 -0.0 0.75593
vn 0.327326 -0.0 0.944911
vn -0.654652 -0.0 0.75593
vn -0.327326 -0.0 0.944911
vn -0.327326 -0.0 0.944911
vn 0.654652 0.0 0.75593
vn 0.327326 -0.0 0.944911
vn 0.866024 0.0 0.500003
vn 0.327326 -0.0 0.944911
vn 0.654652 0.0 0.75593
vn 0.654652 0.0 0.75593
vn 0.866024 0.0 0.500003
vn 0.866024 0.0 0.500003
vn 0.0 1.0 0.0
vn 0.0 1.0 0.0
vn 0.0 1.0 0.0
vn 0.0 1.0 0.0
vn 0.0 1.0 0.0
vn 0.0 1.0 0.0
vn 0.0 1.0 0.0
vn -0.0 1.0 0.0
vn 0.0 1.0 0.0
vn 0.0 1.0 0.0
vn 0.0 1.0 0.0
vn 0.0 1.0 0.0
vn 0.866024 0.0 -0.500003
vn 0.327326 0.0 -0.944911
vn 0.654652 0.0 -0.755931
vn 0.654652 0.0 -0.755931
vn 0.866024 -0.0 -0.500003
vn 0.866024 0.0 -0.500003
vn -0.327328 0.0 -0.944911
vn 0.654652 0.0 -0.755931
vn 0.327326 0.0 -0.944911
vn 0.327326 0.0 -0.944911
vn -0.654656 -0.0 -0.755927
vn -0.327328 0.0 -0.944911
vn -0.981981 -0.0 -0.18898
vn -0.327328 0.0 -0.944911
vn -0.654656 -0.0 -0.755927
vn -0.654656 -0.0 -0.755927
vn -0.981981 -0.0 0.18898
vn -0.981981 -0.0 -0.18898
vn -0.654656 -0.0 0.755927
vn -0.981981 -0.0 -0.18898
vn -0.981981 -0.0 0.18898
vn -0.981981 -0.0 0.18898
vn -0.327328 0.0 0.944911
vn -0.654656 -0.0 0.755927
vn 0.327326 -0.0 0.944912
vn -0.654656 -0.0 0.755927
vn -0.327328 0.0 0.944911
vn -0.327328 0.0 0.944911
vn 0.654652 -0.0 0.755931
vn 0.327326 -0.0 0.944912
vn 0.866024 -0.0 0.500003
vn 0.327326 -0.0 0.944912
vn 0.654652 -0.0 0.755931
vn 0.654652 -0.0 0.755931
vn 0.866024 -0.0 0.500003
vn 0.866024 -0.0 0.500003
vn 0.0 1.0 0.0
vn 0.0 1.0 0.0
vn -0.0 1.0 0.0
vn 0.0 1.0 0.0
vn -0.0 1.0 0.0
vn -0.0 1.0 0.0
vn -0.0 1.0 0.0
vn -0.0 1.0 0.0
vn -0.0 1.0 0.0
vn 0.0 1.0 0.0
vn 0.0 1.0 0.0
vn -0.0 1.0 0.0
vn 0.866024 0.0 -0.500003
vn 0.327326 0.0 -0.944911
vn 0.654652 0.0 -0.755931
vn 0.654652 0.0 -0.755931
vn 0.866024 -0.0 -0.500003
vn 0.866024 0.0 -0.500003
vn -0.327328 0.0 -0.944911
vn 0.654652 0.0 -0.755931
vn 0.327326 0.0 -0.944911
vn 0.327326 0.0 -0.944911
vn -0.654656 -0.0 -0.755927
vn -0.327328 0.0 -0.944911
vn -0.981981 -0.0 -0.18898
vn -0.327328 0.0 -0.944911
vn -0.654656 -0.0 -0.755927
vn -0.654656 -0.0 -0.755927
vn -0.981981 -0.0 0.18898
vn -0.981981 -0.0 -0.18898
vn -0.654656 -0.0 0.755927
vn -0.981981 -0.0 -0.18898
vn -0.981981 -0.0 0.18898
vn -0.981981 -0.0 0.18898
vn -0.327328 0.0 0.944911
vn -0.654656 -0.0 0.755927
vn 0.327326 -0.0 0.944912
vn -0.654656 -0.0 0.755927
vn -0.327328 0.0 0.944911
vn -0.327328 0.0 0.944911
vn 0.654652 -0.0 0.755931
vn 0.327326 -0.0 0.944912
vn 0.866024 -0.0 0.500003
vn 0.327326 -0.0 0.944912
vn 0.654652 -0.0 0.755931
vn 0.654652 -0.0 0.755931
vn 0.866024 -0.0 0.500003
vn 0.866024 -0.0 0.500003
vn 0.0 1.0 0.0
vn 0.0 1.0 0.0
vn -0.0 1.0 0.0
vn 0.0 1.0 0.0
vn -0.0 1.0 0.0
vn -0.0 1.0 0.0
vn -0.0 1.0 0.0
vn -0.0 1.0 0.0
vn -0.0 1.0 0.0
vn 0.0 1.0 0.0
vn 0.0 1.0 0.0
vn -0.0 1.0 0.0
vn 0.866024 0.0 -0.500003
vn 0.327326 0.0 -0.944911
vn 0.654652 0.0 -0.755931
vn 0.654652 0.0 -0.755931
vn 0.866024 -0.0 -0.500003
vn 0.866024 0.0 -0.500003
vn -0.327328 0.0 -0.944911
vn 0.654652 0.0 -0.755931
vn 0.327326 0.0 -0.944911
vn 0.327326 0.0 -0.944911
vn -0.654656 0.0 -0.755927
vn -0.327328 0.0 -0.944911
vn -0.981981 0.0 -0.18898
vn -0.327328 0.0 -0.944911
vn -0.654656 0.0 -0.755927
vn -0.654656 0.0 -0.755927
vn -0.981981 -0.0 0.18898
vn -0.981981 0.0 -0.18898
vn -0.654656 0.0 0.755927
vn -0.981981 0.0 -0.18898
vn -0.981981 -0.0 0.18898
vn -0.981981 -0.0 0.18898
vn -0.327328 -0.0 0.944911
vn -0.654656 0.0 0.755927
vn 0.327326 0.0 0.944912
vn -0.654656 0.0 0.755927
vn -0.327328 -0.0 0.944911
vn -0.327328 -0.0 0.944911
vn 0.654652 -0.0 0.755931
vn 0.327326 0.0 0.944912
vn 0.866024 0.0 0.500003
vn 0.327326 0.0 0.944912
vn 0.654652 -0.0 0.755931
vn 0.654652 -0.0 0.755931
vn 0.866024 -0.0 0.500003
vn 0.866024 0.0 0.500003
vn 0.0 1.0 0.0
vn 0.0 1.0 0.0
vn -0.0 1.0 0.0
vn 0.0 1.0 0.0
vn -0.0 1.0 0.0
vn -0.0 1.0 0.0
vn -0.0 1.0 0.0
vn -0.0 1.0 0.0
vn -0.0 1.0 0.0
vn 0.0 1.0 0.0
vn 0.0 1.0 0.0
vn -0.0 1.0 0.0
vn 0.866024 -0.0 -0.500003
vn 0.327326 -0.0 -0.944911
vn 0.654652 -0.0 -0.75593
vn 0.654652 -0.0 -0.75593
vn 0.866024 0.0 -0.500003
vn 0.866024 -0.0 -0.500003
vn -0.327328 -0.0 -0.944911
vn 0.654652 -0.0 -0.75593
vn 0.327326 -0.0 -0.944911
vn 0.327326 -0.0 -0.944911
vn -0.654656 0.0 -0.755927
vn -0.327328 -0.0 -0.944911
vn -0.981981 0.0 -0.18898
vn -0.327328 -0.0 -0.944911
vn -0.654656 0.0 -0.755927
vn -0.654656 0.0 -0.755927
vn -0.981981 -0.0 0.18898
vn -0.981981 0.0 -0.18898
vn -0.654656 0.0 0.755927
vn -0.981981 0.0 -0.18898
vn -0.981981 -0.0 0.18898
vn -0.981981 -0.0 0.18898
vn -0.327328 -0.0 0.944911
vn -0.654656 0.0 0.755927
vn 0.327326 0.0 0.944912
vn -0.654656 0.0 0.755927
vn -0.327328 -0.0 0.944911
vn -0.327328 -0.0 0.944911
vn 0.654652 -0.0 0.755931
vn 0.327326 0.0 0.944912
vn 0.866024 0.0 0.500003
vn 0.327326 0.0 0.944912
vn 0.654652 -0.0 0.755931
vn 0.654652 -0.0 0.755931
vn 0.866024 0.0 0.500003
vn 0.866024 0.0 0.500003
vn -0.0 1.0 0.0
vn -0.0 1.0 0.0
vn -0.0 1.0 0.0
vn -0.0 1.0 0.0
vn -0.0 1.0 0.0
vn -0.0 1.0 0.0
vn -0.0 1.0 0.0
vn -0.0 1.0 0.0
vn -0.0 1.0 0.0
vn -0.0 1.0 0.0
vn -0.0 1.0 0.0
vn -0.0 1.0 0.0
vn 0.866026 0.0 -0.499999
vn 0.327327 0.0 -0.944911
vn 0.654654 0.0 -0.755928
vn 0.654654 0.0 -0.755928
vn 0.866026 0.0 -0.499999
vn 0.866026 0.0 -0.499999
vn -0.327329 -0.0 -0.94491
vn 0.654654 0.0 -0.755928
vn 0.327327 0.0 -0.944911
vn 0.327327 0.0 -0.944911
vn -0.654659 -0.0 -0.755925
vn -0.327329 -0.0 -0.94491
vn -0.981982 -0.0 -0.188977
vn -0.327329 -0.0 -0.94491
vn -0.654659 -0.0 -0.755925
vn -0.654659 -0.0 -0.755925
vn -0.981981 -0.0 0.188982
vn -0.981982 -0.0 -0.188977
vn -0.654656 -0.0 0.755927
vn -0.981982 -0.0 -0.188977
vn -0.981981 -0.0 0.188982
vn -0.981981 -0.0 0.188982
vn -0.327328 -0.0 0.944911
vn -0.654656 -0.0 0.755927
vn 0.327326 0.0 0.944912
vn -0.654656 -0.0 0.755927
vn -0.327328 -0.0 0.944911
vn -0.327328 -0.0 0.944911
vn 0.654652 0.0 0.755931
vn 0.327326 0.0 0.944912
vn 0.866024 0.0 0.500003
vn 0.327326 0.0 0.944912
vn 0.654652 0.0 0.755931
vn 0.654652 0.0 0.755931
vn 0.866024 0.0 0.500003
vn 0.866024 0.0 0.500003
vn 0.0 1.0 0.0
vn -0.0 1.0 0.0
vn -0.0 1.0 0.0
vn 0.0 1.0 0.0
vn -0.0 1.0 0.0
vn 0.0 1.0 0.0
vn -0.0 1.0 0.0
vn -0.0 1.0 0.0
vn 0.0 1.0 0.0
vn 0.000001 1.0 0.0
vn 0.0 1.0 0.0
vn 0.0 1.0 0.0
vn 0.866024 -0.0 -0.500003
vn 0.327326 -0.0 -0.944911
vn 0.654652 -0.0 -0.75593
vn 0.654652 -0.0 -0.75593
vn 0.866024 0.0 -0.500003
vn 0.866024 -0.0 -0.500003
vn -0.327328 0.0 -0.944911
vn 0.654652 -0.0 -0.75593
vn 0.327326 -0.0 -0.944911
vn 0.327326 -0.0 -0.944911
vn -0.654656 0.0 -0.755927
vn -0.327328 0.0 -0.944911
vn -0.981981 0.0 -0.18898
vn -0.327328 0.0 -0.944911
vn -0.654656 0.0 -0.755927
vn -0.654656 0.0 -0.755927
vn -0.981981 -0.0 0.18898
vn -0.981981 0.0 -0.18898
vn -0.654656 0.0 0.755927
vn -0.981981 0.0 -0.18898
vn -0.981981 -0.0 0.18898
vn -0.981981 -0.0 0.18898
vn -0.327328 -0.0 0.944911
vn -0.654656 0.0 0.755927
vn 0.327326 0.0 0.944911
vn -0.654656 0.0 0.755927
vn -0.327328 -0.0 0.944911
vn -0.327328 -0.0 0.944911
vn 0.654652 -0.0 0.75593
vn 0.327326 0.0 0.944911
vn 0.866024 0.0 0.500003
vn 0.327326 0.0 0.944911
vn 0.654652 -0.0 0.75593
vn 0.654652 -0.0 0.75593
vn 0.866024 0.0 0.500003
vn 0.866024 0.0 0.500003
vn 0.0 1.0 0.0
vn 0.0 1.0 0.0
vn -0.0 1.0 0.0
vn 0.0 1.0 0.0
vn -0.0 1.0 0.0
vn -0.0 1.0 0.0
vn -0.0 1.0 0.0
vn -0.0 1.0 0.0
vn -0.0 1.0 0.0
vn 0.0 1.0 0.0
vn 0.0 1.0 0.0
vn -0.0 1.0 0.0
vn 0.866024 -0.0 -0.500003
vn 0.327326 0.0 -0.944911
vn 0.654652 -0.0 -0.75593
vn 0.654652 -0.0 -0.75593
vn 0.866024 -0.0 -0.500003
vn 0.866024 -0.0 -0.500003
vn -0.327328 0.0 -0.944911
vn 0.654652 -0.0 -0.75593
vn 0.327326 0.0 -0.944911
vn 0.327326 0.0 -0.944911
vn -0.654656 0.0 -0.755927
vn -0.327328 0.0 -0.944911
vn -0.981981 0.0 -0.18898
vn -0.327328 0.0 -0.944911
vn -0.654656 0.0 -0.755927
vn -0.654656 0.0 -0.755927
vn -0.981981 -0.0 0.18898
vn -0.981981 0.0 -0.18898
vn -0.654656 0.0 0.755927
vn -0.981981 0.0 -0.18898
vn -0.981981 -0.0 0.18898
vn -0.981981 -0.0 0.18898
vn -0.327328 -0.0 0.944911
vn -0.654656 0.0 0.755927
vn 0.327326 0.0 0.944911
vn -0.654656 0.0 0.755927
vn -0.327328 -0.0 0.944911
vn -0.327328 -0.0 0.944911
vn 0.654652 -0.0 0.75593
vn 0.327326 0.0 0.944911
vn 0.866024 0.0 0.500003
vn 0.327326 0.0 0.944911
vn 0.654652 -0.0 0.75593
vn 0.654652 -0.0 0.75593
vn 0.866024 -0.0 0.500003
vn 0.866024 0.0 0.500003
vn 0.0 1.0 0.0
vn 0.0 1.0 0.0
vn -0.0 1.0 0.0
vn 0.0 1.0 0.0
vn -0.0 1.0 0.0
vn -0.0 1.0 0.0
vn -0.0 1.0 0.0
vn -0.0 1.0 0.0
vn -0.0 1.0 0.0
vn 0.0 1.0 0.0
vn 0.0 1.0 0.0
vn -0.0 1.0 0.0
vn 0.866024 -0.0 -0.500003
vn 0.327326 0.0 -0.944911
vn 0.654652 -0.0 -0.75593
vn 0.654652 -0.0 -0.75593
vn 0.866024 -0.0 -0.500003
vn 0.866024 -0.0 -0.500003
vn -0.327328 -0.0 -0.944911
vn 0.654652 -0.0 -0.75593
vn 0.327326 0.0 -0.944911
vn 0.327326 0.0 -0.944911
vn -0.654656 -0.0 -0.755927
vn -0.327328 -0.0 -0.944911
vn -0.981981 -0.0 -0.18898
vn -0.327328 -0.0 -0.944911
vn -0.654656 -0.0 -0.755927
vn -0.654656 -0.0 -0.755927
vn -0.981981 0.0 0.18898
vn -0.981981 -0.0 -0.18898
vn -0.654656 -0.0 0.755927
vn -0.981981 -0.0 -0.18898
vn -0.981981 0.0 0.18898
vn -0.981981 0.0 0.18898
vn -0.327328 0.0 0.944911
vn -0.654656 -0.0 0.755927
vn 0.327326 -0.0 0.944911
vn -0.654656 -0.0 0.755927
vn -0.327328 0.0 0.944911
vn -0.327328 0.0 0.944911
vn 0.654652 0.0 0.75593
vn 0.327326 -0.0 0.944911
vn 0.866024 -0.0 0.500003
vn 0.327326 -0.0 0.944911
vn 0.654652 0.0 0.75593
vn 0.654652 0.0 0.75593
vn 0.866024 -0.0 0.500003
vn 0.866024 -0.0 0.500003
vn 0.0 1.0 0.0
vn 0.0 1.0 0.0
vn -0.0 1.0 0.0
vn 0.0 1.0 0.0
vn -0.0 1.0 0.0
vn -0.0 1.0 0.0
vn -0.0 1.0 0.0
vn -0.0 1.0 0.0
vn -0.0 1.0 0.0
vn 0.0 1.0 0.0
vn 0.0 1.0 0.0
vn -0.0 1.0 0.0
vn 0.866024 -0.0 -0.500003
vn 0.327326 -0.0 -0.944911
vn 0.654652 0.0 -0.75593
vn 0.654652 0.0 -0.75593
vn 0.866024 0.0 -0.500003
vn 0.866024 -0.0 -0.500003
vn -0.327328 -0.0 -0.944911
vn 0.654652 0.0 -0.75593
vn 0.327326 -0.0 -0.944911
vn 0.327326 -0.0 -0.944911
vn -0.654656 -0.0 -0.755927
vn -0.327328 -0.0 -0.944911
vn -0.981981 -0.0 -0.18898
vn -0.327328 -0.0 -0.944911
vn -0.654656 -0.0 -0.755927
vn -0.654656 -0.0 -0.755927
vn -0.981981 -0.0 0.18898
vn -0.981981 -0.0 -0.18898
vn -0.654656 -0.0 0.755927
vn -0.981981 -0.0 -0.18898
vn -0.981981 -0.0 0.18898
vn -0.981981 -0.0 0.18898
vn -0.327328 -0.0 0.944911
vn -0.654656 -0.0 0.755927
vn 0.327326 0.0 0.944911
vn -0.654656 -0.0 0.755927
vn -0.327328 -0.0 0.944911
vn -0.327328 -0.0 0.944911
vn 0.654652 -0.0 0.75593
vn 0.327326 0.0 0.944911
vn 0.866024 0.0 0.500003
vn 0.327326 0.0 0.944911
vn 0.654652 -0.0 0.75593
vn 0.654652 -0.0 0.75593
vn 0.866024 0.0 0.500003
vn 0.866024 0.0 0.500003
vn 0.0 1.0 0.0
vn 0.0 1.0 0.0
vn -0.0 1.0 0.0
vn 0.0 1.0 0.0
vn -0.0 1.0 0.0
vn -0.0 1.0 0.0
vn -0.0 1.0 0.0
vn -0.0 1.0 0.0
vn -0.0 1.0 0.0
vn 0.0 1.0 0.0
vn 0.0 1.0 0.0
vn -0.0 1.0 0.0
vn 0.866024 0.0 -0.500003
vn 0.327326 0.0 -0.944911
vn 0.654652 -0.0 -0.75593
vn 0.654652 -0.0 -0.75593
vn 0.866024 0.0 -0.500003
vn 0.866024 0.0 -0.500003
vn -0.327328 0.0 -0.944911
vn 0.654652 -0.0 -0.75593
vn 0.327326 0.0 -0.944911
vn 0.327326 0.0 -0.944911
vn -0.654656 0.0 -0.755927
vn -0.327328 0.0 -0.944911
vn -0.981981 -0.0 -0.18898
vn -0.327328 0.0 -0.944911
vn -0.654656 0.0 -0.755927
vn -0.654656 0.0 -0.755927
vn -0.981981 -0.0 0.18898
vn -0.981981 -0.0 -0.18898
vn -0.654656 -0.0 0.755927
vn -0.981981 -0.0 -0.18898
vn -0.981981 -0.0 0.18898
vn -0.981981 -0.0 0.18898
vn -0.327328 0.0 0.944911
vn -0.654656 -0.0 0.755927
vn 0.327326 -0.0 0.944911
vn -0.654656 -0.0 0.755927
vn -0.327328 0.0 0.944911
vn -0.327328 0.0 0.944911
vn 0.654652 0.0 0.75593
vn 0.327326 -0.0 0.944911
vn 0.866024 0.0 0.500003
vn 0.327326 -0.0 0.944911
vn 0.654652 0.0 0.75593
vn 0.654652 0.0 0.75593
vn 0.866024 0.0 0.500003
vn 0.866024 0.0 0.500003
vn 0.0 1.0 0.0
vn 0.0 1.0 0.0
vn -0.0 1.0 0.0
vn 0.0 1.0 0.0
vn -0.0 1.0 0.0
vn -0.0 1.0 0.0
vn -0.0 1.0 0.0
vn -0.0 1.0 0.0
vn -0.0 1.0 0.0
vn 0.0 1.0 0.0
vn 0.0 1.0 0.0
vn -0.0 1.0 0.0
vn 0.866024 0.0 -0.500003
vn 0.327326 0.0 -0.944911
vn 0.654652 0.0 -0.75593
vn 0.654652 0.0 -0.75593
vn 0.866024 0.0 -0.500003
vn 0.866024 0.0 -0.500003
vn -0.327328 0.0 -0.944911
vn 0.654652 0.0 -0.75593
vn 0.327326 0.0 -0.944911
vn 0.327326 0.0 -0.944911
vn -0.654656 0.0 -0.755927
vn -0.327328 0.0 -0.944911
vn -0.981981 0.0 -0.18898
vn -0.327328 0.0 -0.944911
vn -0.654656 0.0 -0.755927
vn -0.654656 0.0 -0.755927
vn -0.981981 -0.0 0.18898
vn -0.981981 0.0 -0.18898
vn -0.654656 -0.0 0.755927
vn -0.981981 0.0 -0.18898
vn -0.981981 -0.0 0.18898
vn -0.981981 -0.0 0.18898
vn -0.327328 -0.0 0.944911
vn -0.654656 -0.0 0.755927
vn 0.327326 0.0 0.944911
vn -0.654656 -0.0 0.755927
vn -0.327328 -0.0 0.944911
vn -0.327328 -0.0 0.944911
vn 0.654652 0.0 0.75593
vn 0.327326 0.0 0.944911
vn 0.866024 0.0 0.500003
vn 0.327326 0.0 0.944911
vn 0.654652 0.0 0.75593
vn 0.654652 0.0 0.75593
vn 0.866024 0.0 0.500003
vn 0.866024 0.0 0.500003
vn -0.0 1.0 0.0
vn -0.0 1.0 0.0
vn -0.0 1.0 0.0
vn -0.0 1.0 0.0
vn -0.0 1.0 0.0
vn -0.0 1.0 0.0
vn -0.0 1.0 0.0
vn -0.0 1.0 0.0
vn -0.0 1.0 0.0
vn -0.0 1.0 0.0
vn -0.0 1.0 0.0
vn -0.0 1.0 0.0
vn 0.866026 0.0 -0.499999
vn 0.327327 0.0 -0.944911
vn 0.654654 -0.0 -0.755928
vn 0.654654 -0.0 -0.755928
vn 0.866026 -0.0 -0.499999
vn 0.866026 0.0 -0.499999
vn -0.327329 -0.0 -0.94491
vn 0.654654 -0.0 -0.755928
vn 0.327327 0.0 -0.944911
vn 0.327327 0.0 -0.944911
vn -0.654659 0.0 -0.755925
vn -0.327329 -0.0 -0.94491
vn -0.981982 -0.0 -0.188977
vn -0.327329 -0.0 -0.94491
vn -0.654659 0.0 -0.755925
vn -0.654659 0.0 -0.755925
vn -0.981981 -0.0 0.188982
vn -0.981982 -0.0 -0.188977
vn -0.654656 -0.0 0.755927
vn -0.981982 -0.0 -0.188977
vn -0.981981 -0.0 0.188982
vn -0.981981 -0.0 0.188982
vn -0.327328 -0.0 0.944911
vn -0.654656 -0.0 0.755927
vn 0.327326 0.0 0.944911
vn -0.654656 -0.0 0.755927
vn -0.327328 -0.0 0.944911
vn -0.327328 -0.0 0.944911
vn 0.654652 -0.0 0.75593
vn 0.327326 0.0 0.944911
vn 0.866024 0.0 0.500003
vn 0.327326 0.0 0.944911
vn 0.654652 -0.0 0.75593
vn 0.654652 -0.0 0.75593
vn 0.866024 -0.0 0.500003
vn 0.866024 0.0 0.500003
vn 0.0 1.0 0.0
vn -0.0 1.0 0.0
vn -0.0 1.0 0.0
vn 0.0 1.0 0.0
vn -0.0 1.0 0.0
vn 0.0 1.0 0.0
vn -0.0 1.0 0.0
vn -0.0 1.0 0.0
vn 0.0 1.0 0.0
vn 0.000001 1.0 0.0
vn 0.0 1.0 0.0
vn 0.0 1.0 0.0
vn 0.866024 -0.0 -0.500003
vn 0.327326 -0.0 -0.944911
vn 0.654652 0.0 -0.75593
vn 0.654652 0.0 -0.75593
vn 0.866024 0.0 -0.500003
vn 0.866024 -0.0 -0.500003
vn -0.327326 -0.0 -0.944911
vn 0.654652 0.0 -0.75593
vn 0.327326 -0.0 -0.944911
vn 0.327326 -0.0 -0.944911
vn -0.654652 -0.0 -0.75593
vn -0.327326 -0.0 -0.944911
vn -0.98198 0.0 -0.188984
vn -0.327326 -0.0 -0.944911
vn -0.654652 -0.0 -0.75593
vn -0.654652 -0.0 -0.75593
vn -0.98198 0.0 0.188984
vn -0.98198 0.0 -0.188984
vn -0.654652 0.0 0.75593
vn -0.98198 0.0 -0.188984
vn -0.98198 0.0 0.188984
vn -0.98198 0.0 0.188984
vn -0.327326 0.0 0.944911
vn -0.654652 0.0 0.75593
vn 0.327326 0.0 0.944911
vn -0.654652 0.0 0.75593
vn -0.327326 0.0 0.944911
vn -0.327326 0.0 0.944911
vn 0.654652 -0.0 0.75593
vn 0.327326 0.0 0.944911
vn 0.866024 0.0 0.500003
vn 0.327326 0.0 0.944911
vn 0.654652 -0.0 0.75593
vn 0.654652 -0.0 0.75593
vn 0.866024 0.0 0.500003
vn 0.866024 0.0 0.500003
vn 0.0 1.0 0.0
vn 0.0 1.0 0.0
vn 0.0 1.0 0.0
vn 0.0 1.0 0.0
vn 0.0 1.0 0.0
vn 0.0 1.0 0.0
vn 0.0 1.0 0.0
vn -0.0 1.0 0.0
vn 0.0 1.0 0.0
vn 0.0 1.0 0.0
vn 0.0 1.0 0.0
vn 0.0 1.0 0.0
vn 0.866024 -0.0 -0.500003
vn 0.327326 0.0 -0.944911
vn 0.654652 -0.0 -0.75593
vn 0.654652 -0.0 -0.75593
vn 0.866024 -0.0 -0.500003
vn 0.866024 -0.0 -0.500003
vn -0.327326 0.0 -0.944911
vn 0.654652 -0.0 -0.75593
vn 0.327326 0.0 -0.944911
vn 0.327326 0.0 -0.944911
vn -0.654652 0.0 -0.75593
vn -0.327326 0.0 -0.944911
vn -0.98198 0.0 -0.188984
vn -0.327326 0.0 -0.944911
vn -0.654652 0.0 -0.75593
vn -0.654652 0.0 -0.75593
vn -0.98198 0.0 0.188984
vn -0.98198 0.0 -0.188984
vn -0.654652 0.0 0.75593
vn -0.98198 0.0 -0.188984
vn -0.98198 0.0 0.188984
vn -0.98198 0.0 0.188984
vn -0.327326 0.0 0.944911
vn -0.654652 0.0 0.75593
vn 0.327326 0.0 0.944911
vn -0.654652 0.0 0.75593
vn -0.327326 0.0 0.944911
vn -0.327326 0.0 0.944911
vn 0.654652 -0.0 0.75593
vn 0.327326 0.0 0.944911
vn 0.866024 -0.0 0.500003
vn 0.327326 0.0 0.944911
vn 0.654652 -0.0 0.75593
vn 0.654652 -0.0 0.75593
vn 0.866024 -0.0 0.500003
vn 0.866024 -0.0 0.500003
vn 0.0 1.0 0.0
vn 0.0 1.0 0.0
vn 0.0 1.0 0.0
vn 0.0 1.0 0.0
vn 0.0 1.0 0.0
vn 0.0 1.0 0.0
vn 0.0 1.0 0.0
vn -0.0 1.0 0.0
vn 0.0 1.0 0.0
vn 0.0 1.0 0.0
vn 0.0 1.0 0.0
vn 0.0 1.0 0.0
vn 0.866024 -0.0 -0.500003
vn 0.327326 -0.0 -0.944911
vn 0.654652 0.0 -0.75593
vn 0.654652 0.0 -0.75593
vn 0.866024 -0.0 -0.500003
vn 0.866024 -0.0 -0.500003
vn -0.327326 0.0 -0.944911
vn 0.654652 0.0 -0.75593
vn 0.327326 -0.0 -0.944911
vn 0.327326 -0.0 -0.944911
vn -0.654652 -0.0 -0.75593
vn -0.327326 0.0 -0.944911
vn -0.98198 0.0 -0.188984
vn -0.327326 0.0 -0.944911
vn -0.654652 -0.0 -0.75593
vn -0.654652 -0.0 -0.75593
vn -0.98198 -0.0 0.188984
vn -0.98198 0.0 -0.188984
vn -0.654652 -0.0 0.75593
vn -0.98198 0.0 -0.188984
vn -0.98198 -0.0 0.188984
vn -0.98198 -0.0 0.188984
vn -0.327326 -0.0 0.944911
vn -0.654652 -0.0 0.75593
vn 0.327326 0.0 0.944911
vn -0.654652 -0.0 0.75593
vn -0.327326 -0.0 0.944911
vn -0.327326 -0.0 0.944911
vn 0.654652 0.0 0.75593
vn 0.327326 0.0 0.944911
vn 0.866024 0.0 0.500003
vn 0.327326 0.0 0.944911
vn 0.654652 0.0 0.75593
vn 0.654652 0.0 0.75593
vn 0.866024 -0.0 0.500003
vn 0.866024 0.0 0.500003
vn 0.0 1.0 0.0
vn 0.0 1.0 0.0
vn 0.0 1.0 0.0
vn 0.0 1.0 0.0
vn 0.0 1.0 0.0
vn 0.0 1.0 0.0
vn 0.0 1.0 0.0
vn -0.0 1.0 0.0
vn 0.0 1.0 0.0
vn 0.0 1.0 0.0
vn 0.0 1.0 0.0
vn 0.0 1.0 0.0
vn 0.866024 0.0 -0.500003
vn 0.327326 0.0 -0.944911
vn 0.654652 0.0 -0.75593
vn 0.654652 0.0 -0.75593
vn 0.866024 0.0 -0.500003
vn 0.866024 0.0 -0.500003
vn -0.327326 0.0 -0.944911
vn 0.654652 0.0 -0.75593
vn 0.327326 0.0 -0.944911
vn 0.327326 0.0 -0.944911
vn -0.654652 0.0 -0.75593
vn -0.327326 0.0 -0.944911
vn -0.98198 0.0 -0.188983
vn -0.327326 0.0 -0.944911
vn -0.654652 0.0 -0.75593
vn -0.654652 0.0 -0.75593
vn -0.98198 0.0 0.188984
vn -0.98198 0.0 -0.188983
vn -0.654652 -0.0 0.75593
vn -0.98198 0.0 -0.188983
vn -0.98198 0.0 0.188984
vn -0.98198 0.0 0.188984
vn -0.327326 -0.0 0.944911
vn -0.654652 -0.0 0.75593
vn 0.327326 -0.0 0.944911
vn -0.654652 -0.0 0.75593
vn -0.327326 -0.0 0.944911
vn -0.327326 -0.0 0.944911
vn 0.654652 0.0 0.75593
vn 0.327326 -0.0 0.944911
vn 0.866024 0.0 0.500003
vn 0.327326 -0.0 0.944911
vn 0.654652 0.0 0.75593
vn 0.654652 0.0 0.75593
vn 0.866024 0.0 0.500003
vn 0.866024 0.0 0.500003
vn -0.0 1.0 0.0
vn 0.0 1.0 0.0
vn -0.0 1.0 0.0
vn -0.0 1.0 0.0
vn -0.0 1.0 0.0
vn -0.0 1.0 0.0
vn -0.0 1.0 0.0
vn -0.0 1.0 0.0
vn -0.0 1.0 0.0
vn -0.000001 1.0 0.0
vn -0.0 1.0 0.0
vn -0.0 1.0 0.0
vn 0.866024 -0.0 -0.500003
vn 0.327326 0.0 -0.944911
vn 0.654652 -0.0 -0.75593
vn 0.654652 -0.0 -0.75593
vn 0.866024 -0.0 -0.500003
vn 0.866024 -0.0 -0.500003
vn -0.327326 -0.0 -0.944911
vn 0.654652 -0.0 -0.75593
vn 0.327326 0.0 -0.944911
vn 0.327326 0.0 -0.944911
vn -0.654652 0.0 -0.75593
vn -0.327326 -0.0 -0.944911
vn -0.98198 0.0 -0.188983
vn -0.327326 -0.0 -0.944911
vn -0.654652 0.0 -0.75593
vn -0.654652 0.0 -0.75593
vn -0.98198 0.0 0.188984
vn -0.98198 0.0 -0.188983
vn -0.654652 0.0 0.75593
vn -0.98198 0.0 -0.188983
vn -0.98198 0.0 0.188984
vn -0.98198 0.0 0.188984
vn -0.327326 0.0 0.944911
vn -0.654652 0.0 0.75593
vn 0.327326 0.0 0.944911
vn -0.654652 0.0 0.75593
vn -0.327326 0.0 0.944911
vn -0.327326 0.0 0.944911
vn 0.654652 0.0 0.75593
vn 0.327326 0.0 0.944911
vn 0.866024 0.0 0.500003
vn 0.327326 0.0 0.944911
vn 0.654652 0.0 0.75593
vn 0.654652 0.0 0.75593
vn 0.866024 -0.0 0.500003
vn 0.866024 0.0 0.500003
vn -0.0 1.0 0.0
vn 0.0 1.0 0.0
vn -0.0 1.0 0.0
vn -0.0 1.0 0.0
vn -0.0 1.0 0.0
vn -0.0 1.0 0.0
vn -0.0 1.0 0.0
vn -0.0 1.0 0.0
vn -0.0 1.0 0.0
vn -0.000001 1.0 0.0
vn -0.0 1.0 0.0
vn -0.0 1.0 0.0
vn 0.866024 0.0 -0.500003
vn 0.327326 0.0 -0.944911
vn 0.654652 0.0 -0.75593
vn 0.654652 0.0 -0.75593
vn 0.866024 0.0 -0.500003
vn 0.866024 0.0 -0.500003
vn -0.327326 0.0 -0.944911
vn 0.654652 0.0 -0.75593
vn 0.327326 0.0 -0.944911
vn 0.327326 0.0 -0.944911
vn -0.654652 0.0 -0.75593
vn -0.327326 0.0 -0.944911
vn -0.98198 0.0 -0.188985
vn -0.327326 0.0 -0.944911
vn -0.654652 0.0 -0.75593
vn -0.654652 0.0 -0.75593
vn -0.981981 0.0 0.18898
vn -0.98198 0.0 -0.188985
vn -0.654655 0.0 0.755928
vn -0.98198 0.0 -0.188985
vn -0.981981 0.0 0.18898
vn -0.981981 0.0 0.18898
vn -0.327327 -0.0 0.944911
vn -0.654655 0.0 0.755928
vn 0.327327 -0.0 0.944911
vn -0.654655 0.0 0.755928
vn -0.327327 -0.0 0.944911
vn -0.327327 -0.0 0.944911
vn 0.654654 -0.0 0.755928
vn 0.327327 -0.0 0.944911
vn 0.866026 -0.0 0.499999
vn 0.327327 -0.0 0.944911
vn 0.654654 -0.0 0.755928
vn 0.654654 -0.0 0.755928
vn 0.866026 0.0 0.499999
vn 0.866026 -0.0 0.499999
vn -0.0 1.0 0.0
vn -0.0 1.0 0.0
vn -0.0 1.0 0.0
vn -0.0 1.0 0.0
vn -0.0 1.0 0.0
vn -0.0 1.0 0.0
vn -0.0 1.0 0.0
vn 0.0 1.0 0.0
vn -0.0 1.0 0.0
vn -0.0 1.0 0.0
vn -0.0 1.0 0.0
vn -0.0 1.0 0.0
vn 0.866024 0.0 -0.500003
vn 0.327326 0.0 -0.944911
vn 0.654652 0.0 -0.75593
vn 0.654652 0.0 -0.75593
vn 0.866024 0.0 -0.500003
vn 0.866024 0.0 -0.500003
vn -0.327326 -0.0 -0.944911
vn 0.654652 0.0 -0.75593
vn 0.327326 0.0 -0.944911
vn 0.327326 0.0 -0.944911
vn -0.654652 0.0 -0.75593
vn -0.327326 -0.0 -0.944911
vn -0.98198 0.0 -0.188985
vn -0.327326 -0.0 -0.944911
vn -0.654652 0.0 -0.75593
vn -0.654652 0.0 -0.75593
vn -0.981981 0.0 0.18898
vn -0.98198 0.0 -0.188985
vn -0.654654 -0.0 0.755928
vn -0.98198 0.0 -0.188985
vn -0.981981 0.0 0.18898
vn -0.981981 0.0 0.18898
vn -0.327327 -0.0 0.944911
vn -0.654654 -0.0 0.755928
vn 0.327327 0.0 0.944911
vn -0.654654 -0.0 0.755928
vn -0.327327 -0.0 0.944911
vn -0.327327 -0.0 0.944911
vn 0.654655 0.0 0.755928
vn 0.327327 0.0 0.944911
vn 0.866026 0.0 0.499999
vn 0.327327 0.0 0.944911
vn 0.654655 0.0 0.755928
vn 0.654655 0.0 0.755928
vn 0.866026 0.0 0.499999
vn 0.866026 0.0 0.499999
vn -0.0 1.0 0.0
vn -0.0 1.0 0.0
vn -0.0 1.0 0.0
vn -0.0 1.0 0.0
vn -0.0 1.0 0.0
vn -0.0 1.0 0.0
vn -0.0 1.0 0.0
vn 0.0 1.0 0.0
vn -0.0 1.0 0.0
vn -0.0 1.0 0.0
vn -0.0 1.0 0.0
vn -0.0 1.0 0.0
vn 0.866024 -0.0 -0.500003
vn 0.327326 -0.0 -0.944911
vn 0.654652 -0.0 -0.75593
vn 0.654652 -0.0 -0.75593
vn 0.866024 0.0 -0.500003
vn 0.866024 -0.0 -0.500003
vn -0.327326 -0.0 -0.944911
vn 0.654652 -0.0 -0.75593
vn 0.327326 -0.0 -0.944911
vn 0.327326 -0.0 -0.944911
vn -0.654652 -0.0 -0.75593
vn -0.327326 -0.0 -0.944911
vn -0.98198 -0.0 -0.188985
vn -0.327326 -0.0 -0.944911
vn -0.654652 -0.0 -0.75593
vn -0.654652 -0.0 -0.75593
vn -0.981981 0.0 0.18898
vn -0.98198 -0.0 -0.188985
vn -0.654655 0.0 0.755928
vn -0.98198 -0.0 -0.188985
vn -0.981981 0.0 0.18898
vn -0.981981 0.0 0.18898
vn -0.327327 0.0 0.944911
vn -0.654655 0.0 0.755928
vn 0.327327 0.0 0.944911
vn -0.654655 0.0 0.755928
vn -0.327327 0.0 0.944911
vn -0.327327 0.0 0.944911
vn 0.654655 -0.0 0.755928
vn 0.327327 0.0 0.944911
vn 0.866026 0.0 0.499999
vn 0.327327 0.0 0.944911
vn 0.654655 -0.0 0.755928
vn 0.654655 -0.0 0.755928
vn 0.866026 0.0 0.499999
vn 0.866026 0.0 0.499999
vn -0.0 1.0 0.0
vn -0.0 1.0 0.0
vn -0.0 1.0 0.0
vn -0.0 1.0 0.0
vn -0.0 1.0 0.0
vn -0.0 1.0 0.0
vn -0.0 1.0 0.0
vn 0.0 1.0 0.0
vn -0.0 1.0 0.0
vn -0.0 1.0 0.0
vn -0.0 1.0 0.0
vn -0.0 1.0 0.0
vn 0.866024 -0.0 -0.500003
vn 0.327326 0.0 -0.944912
vn 0.654652 -0.0 -0.755931
vn 0.654652 -0.0 -0.755931
vn 0.866024 -0.0 -0.500003
vn 0.866024 -0.0 -0.500003
vn -0.327326 -0.0 -0.944911
vn 0.654652 -0.0 -0.755931
vn 0.327326 0.0 -0.944912
vn 0.327326 0.0 -0.944912
vn -0.654652 0.0 -0.75593
vn -0.327326 -0.0 -0.944911
vn -0.98198 -0.0 -0.188985
vn -0.327326 -0.0 -0.944911
vn -0.654652 0.0 -0.75593
vn -0.654652 0.0 -0.75593
vn -0.981981 0.0 0.18898
vn -0.98198 -0.0 -0.188985
vn -0.654654 0.0 0.755928
vn -0.98198 -0.0 -0.188985
vn -0.981981 0.0 0.18898
vn -0.981981 0.0 0.18898
vn -0.327327 0.0 0.944911
vn -0.654654 0.0 0.755928
vn 0.327327 0.0 0.944911
vn -0.654654 0.0 0.755928
vn -0.327327 0.0 0.944911
vn -0.327327 0.0 0.944911
vn 0.654654 -0.0 0.755928
vn 0.327327 0.0 0.944911
vn 0.866026 0.0 0.499999
vn 0.327327 0.0 0.944911
vn 0.654654 -0.0 0.755928
vn 0.654654 -0.0 0.755928
vn 0.866026 -0.0 0.499999
vn 0.866026 0.0 0.499999
vn -0.0 1.0 0.0
vn -0.0 1.0 0.0
vn -0.0 1.0 0.0
vn -0.0 1.0 0.0
vn -0.0 1.0 0.0
vn -0.0 1.0 0.0
vn -0.0 1.0 0.0
vn 0.0 1.0 0.0
vn -0.0 1.0 0.0
vn -0.0 1.0 0.0
vn -0.0 1.0 0.0
vn -0.0 1.0 0.0
vn 0.866024 0.500003 -0.0
vn 0.327326 0.944911 -0.0
vn 0.654652 0.755931 -0.0
vn 0.654652 0.755931 -0.0
vn 0.866024 0.500003 -0.0
vn 0.866024 0.500003 -0.0
vn -0.327326 0.944911 0.0
vn 0.654652 0.755931 -0.0
vn 0.327326 0.944911 -0.0
vn 0.327326 0.944911 -0.0
vn -0.654652 0.75593 0.0
vn -0.327326 0.944911 0.0
vn -0.98198 0.188985 0.0
vn -0.327326 0.944911 0.0
vn -0.654652 0.75593 0.0
vn -0.654652 0.75593 0.0
vn -0.981981 -0.18898 -0.0
vn -0.98198 0.188985 0.0
vn -0.654654 -0.755928 -0.0
vn -0.98198 0.188985 0.0
vn -0.981981 -0.18898 -0.0
vn -0.981981 -0.18898 -0.0
vn -0.327327 -0.944911 -0.0
vn -0.654654 -0.755928 -0.0
vn 0.327327 -0.944911 -0.0
vn -0.654654 -0.755928 -0.0
vn -0.327327 -0.944911 -0.0
vn -0.327327 -0.944911 -0.0
vn 0.654654 -0.755928 0.0
vn 0.327327 -0.944911 -0.0
vn 0.866026 -0.499999 0.0
vn 0.327327 -0.944911 -0.0
vn 0.654654 -0.755928 0.0
vn 0.654654 -0.755928 0.0
vn 0.866026 -0.499999 0.0
vn 0.866026 -0.499999 0.0
vn 0.0 0.0 1.0
vn 0.0 0.0 1.0
vn 0.0 0.0 1.0
vn 0.0 0.0 1.0
vn 0.0 0.0 1.0
vn 0.0 0.0 1.0
vn 0.0 0.0 1.0
vn 0.0 0.0 1.0
vn 0.0 0.0 1.0
vn 0.0 0.0 1.0
vn 0.0 0.0 1.0
vn 0.0 0.0 1.0
vn 0.866024 0.500003 -0.0
vn 0.327326 0.944911 -0.0
vn 0.654652 0.75593 -0.0
vn 0.654652 0.75593 -0.0
vn 0.866024 0.500003 -0.0
vn 0.866024 0.500003 -0.0
vn -0.327326 0.944911 0.0
vn 0.654652 0.75593 -0.0
vn 0.327326 0.944911 -0.0
vn 0.327326 0.944911 -0.0
vn -0.654652 0.755931 0.0
vn -0.327326 0.944911 0.0
vn -0.98198 0.188985 0.0
vn -0.327326 0.944911 0.0
vn -0.654652 0.755931 0.0
vn -0.654652 0.755931 0.0
vn -0.981981 -0.18898 -0.0
vn -0.98198 0.188985 0.0
vn -0.654654 -0.755928 -0.0
vn -0.98198 0.188985 0.0
vn -0.981981 -0.18898 -0.0
vn -0.981981 -0.18898 -0.0
vn -0.327327 -0.944911 -0.0
vn -0.654654 -0.755928 -0.0
vn 0.327327 -0.944911 -0.0
vn -0.654654 -0.755928 -0.0
vn -0.327327 -0.944911 -0.0
vn -0.327327 -0.944911 -0.0
vn 0.654654 -0.755928 0.0
vn 0.327327 -0.944911 -0.0
vn 0.866026 -0.499999 0.0
vn 0.327327 -0.944911 -0.0
vn 0.654654 -0.755928 0.0
vn 0.654654 -0.755928 0.0
vn 0.866026 -0.499999 0.0
vn 0.866026 -0.499999 0.0
vn 0.0 -0.0 1.0
vn 0.0 -0.000001 1.0
vn 0.0 -0.0 1.0
vn 0.0 -0.0 1.0
vn 0.0 -0.0 1.0
vn 0.0 -0.0 1.0
vn 0.0 -0.0 1.0
vn 0.0 -0.0 1.0
vn 0.0 -0.0 1.0
vn 0.0 -0.0 1.0
vn 0.0 -0.0 1.0
vn 0.0 -0.0 1.0
vn -0.866024 0.500003 0.0
vn -0.327326 0.944911 0.0
vn -0.654652 0.75593 0.0
vn -0.654652 0.75593 0.0
vn -0.866024 0.500003 -0.0
vn -0.866024 0.500003 0.0
vn 0.327326 0.944911 -0.0
vn -0.654652 0.75593 0.0
vn -0.327326 0.944911 0.0
vn -0.327326 0.944911 0.0
vn 0.654652 0.75593 -0.0
vn 0.327326 0.944911 -0.0
vn 0.98198 0.188985 -0.0
vn 0.327326 0.944911 -0.0
vn 0.654652 0.75593 -0.0
vn 0.654652 0.75593 -0.0
vn 0.981981 -0.18898 0.0
vn 0.98198 0.188985 -0.0
vn 0.654654 -0.755928 0.0
vn 0.98198 0.188985 -0.0
vn 0.981981 -0.18898 0.0
vn 0.981981 -0.18898 0.0
vn 0.327327 -0.944911 -0.0
vn 0.654654 -0.755928 0.0
vn -0.327327 -0.944911 -0.0
vn 0.654654 -0.755928 0.0
vn 0.327327 -0.944911 -0.0
vn 0.327327 -0.944911 -0.0
vn -0.654654 -0.755928 -0.0
vn -0.327327 -0.944911 -0.0
vn -0.866026 -0.499999 -0.0
vn -0.327327 -0.944911 -0.0
vn -0.654654 -0.755928 -0.0
vn -0.654654 -0.755928 -0.0
vn -0.866026 -0.499999 0.0
vn -0.866026 -0.499999 -0.0
vn 0.0 -0.0 -1.0
vn 0.0 -0.0 -1.0
vn 0.0 -0.0 -1.0
vn 0.0 -0.0 -1.0
vn 0.0 -0.0 -1.0
vn 0.0 -0.0 -1.0
vn 0.0 -0.0 -1.0
vn 0.0 0.0 -1.0
vn 0.0 -0.0 -1.0
vn 0.0 -0.0 -1.0
vn 0.0 -0.0 -1.0
vn 0.0 -0.0 -1.0
vn -0.866024 0.500003 0.0
vn -0.327326 0.944911 0.0
vn -0.654652 0.75593 0.0
vn -0.654652 0.75593 0.0
vn -0.866024 0.500003 0.0
vn -0.866024 0.500003 0.0
vn 0.327326 0.944911 -0.0
vn -0.654652 0.75593 0.0
vn -0.327326 0.944911 0.0
vn -0.327326 0.944911 0.0
vn 0.654652 0.75593 -0.0
vn 0.327326 0.944911 -0.0
vn 0.98198 0.188985 0.0
vn 0.327326 0.944911 -0.0
vn 0.654652 0.75593 -0.0
vn 0.654652 0.75593 -0.0
vn 0.981981 -0.18898 -0.0
vn 0.98198 0.188985 0.0
vn 0.654654 -0.755928 0.0
vn 0.98198 0.188985 0.0
vn 0.981981 -0.18898 -0.0
vn 0.981981 -0.18898 -0.0
vn 0.327327 -0.944911 -0.0
vn 0.654654 -0.755928 0.0
vn -0.327327 -0.944911 -0.0
vn 0.654654 -0.755928 0.0
vn 0.327327 -0.944911 -0.0
vn 0.327327 -0.944911 -0.0
vn -0.654654 -0.755928 -0.0
vn -0.327327 -0.944911 -0.0
vn -0.866026 -0.499999 -0.0
vn -0.327327 -0.944911 -0.0
vn -0.654654 -0.755928 -0.0
vn -0.654654 -0.755928 -0.0
vn -0.866026 -0.499999 -0.0
vn -0.866026 -0.499999 -0.0
vn 0.0 -0.0 -1.0
vn 0.0 -0.0 -1.0
vn 0.0 -0.0 -1.0
vn 0.0 -0.0 -1.0
vn 0.0 -0.0 -1.0
vn 0.0 -0.0 -1.0
vn 0.0 -0.0 -1.0
vn 0.0 0.0 -1.0
vn 0.0 -0.0 -1.0
vn 0.0 -0.0 -1.0
vn 0.0 -0.0 -1.0
vn 0.0 -0.0 -1.0

# default, 278 grouped triangles

usemtl Transparent
o default
g default

f 1/1/1 3/2/2 2/3/3
f 2/4/4 4/5/5 1/6/6
f 5/7/7 7/8/8 6/9/9
f 6/10/10 8/11/11 5/12/12
f 9/13/13 11/14/14 10/15/15
f 10/16/16 12/17/17 9/18/18
f 13/19/19 15/20/20 14/21/21
f 14/22/22 16/23/23 13/24/24
f 17/25/25 19/26/26 18/27/27
f 18/28/28 20/29/29 17/30/30
f 21/31/31 23/32/32 22/33/33
f 22/34/34 24/35/35 21/36/36
f 25/37/37 27/38/38 26/39/39
f 26/40/40 28/41/41 25/42/42
f 29/43/43 31/44/44 30/45/45
f 30/46/46 32/47/47 29/48/48
f 33/49/49 35/50/50 34/51/51
f 34/52/52 36/53/53 33/54/54
f 37/55/55 39/56/56 38/57/57
f 38/58/58 40/59/59 37/60/60
f 41/61/61 43/62/62 42/63/63
f 42/64/64 44/65/65 41/66/66
f 45/67/67 47/68/68 46/69/69
f 46/70/70 48/71/71 45/72/72
f 49/73/73 51/74/74 50/75/75
f 50/76/76 52/77/77 49/78/78
f 53/79/79 55/80/80 54/81/81
f 54/82/82 56/83/83 53/84/84
f 57/85/85 59/86/86 58/87/87
f 58/88/88 60/89/89 57/90/90
f 61/91/91 63/92/92 62/93/93
f 62/94/94 64/95/95 61/96/96
f 65/97/97 67/98/98 66/99/99
f 66/100/100 68/101/101 65/102/102
f 69/103/103 71/104/104 70/105/105
f 70/106/106 71/107/107 72/108/108
f 73/109/109 74/110/110 69/111/111
f 69/112/112 74/113/113 75/114/114
f 75/115/115 76/116/116 69/117/117
f 77/118/118 78/119/119 73/120/120
f 72/121/121 80/122/122 79/123/123
f 79/124/124 81/125/125 72/126/126
f 80/127/127 83/128/128 82/129/129
f 82/130/130 83/131/131 84/132/132
f 85/133/133 86/134/134 84/135/135
f 84/136/136 87/137/137 85/138/138
f 88/139/139 90/140/140 89/141/141
f 89/142/142 91/143/143 88/144/144
f 90/145/145 88/146/146 92/147/147
f 92/148/148 93/149/149 90/150/150
f 93/151/151 92/152/152 94/153/153
f 94/154/154 95/155/155 93/156/156
f 95/157/157 94/158/158 96/159/159
f 96/160/160 97/161/161 95/162/162
f 98/163/163 97/164/164 96/165/165
f 96/166/166 99/167/167 98/168/168
f 100/169/169 98/170/170 99/171/171
f 99/172/172 101/173/173 100/174/174
f 102/175/175 100/176/176 101/177/177
f 101/178/178 103/179/179 102/180/180
f 104/181/181 106/182/182 105/183/183
f 105/184/184 107/185/185 104/186/186
f 105/187/187 106/188/188 108/189/189
f 108/190/190 109/191/191 105/192/192
f 110/193/193 109/194/194 108/195/195
f 111/196/196 113/197/197 112/198/198
f 112/199/199 114/200/200 111/201/201
f 115/202/202 111/203/203 114/204/204
f 114/205/205 116/206/206 115/207/207
f 117/208/208 112/209/209 113/210/210
f 115/211/211 116/212/212 118/213/213
f 118/214/214 119/215/215 115/216/216
f 120/217/217 122/218/218 121/219/219
f 120/220/220 121/221/221 123/222/222
f 123/223/223 124/224/224 120/225/225
f 125/226/226 123/227/227 121/228/228
f 121/229/229 126/230/230 125/231/231
f 126/232/232 127/233/233 125/234/234
f 125/235/235 127/236/236 128/237/237
f 128/238/238 129/239/239 125/240/240
f 130/241/241 129/242/242 128/243/243
f 129/244/244 130/245/245 131/246/246
f 131/247/247 132/248/248 129/249/249
f 132/250/250 131/251/251 133/252/252
f 133/253/253 131/254/254 134/255/255
f 133/256/256 135/257/257 132/258/258
f 136/259/259 138/260/260 137/261/261
f 137/262/262 139/263/263 136/264/264
f 136/265/265 139/266/266 140/267/267
f 140/268/268 141/269/269 136/270/270
f 137/271/271 138/272/272 142/273/273
f 142/274/274 143/275/275 137/276/276
f 143/277/277 142/278/278 144/279/279
f 144/280/280 145/281/281 143/282/282
f 146/283/283 145/284/284 144/285/285
f 144/286/286 147/287/287 146/288/288
f 141/289/289 149/290/290 148/291/291
f 150/292/292 149/293/293 141/294/294
f 141/295/295 151/296/296 150/297/297
f 152/298/298 153/299/299 147/300/300
f 147/301/301 153/302/302 154/303/303
f 154/304/304 155/305/305 147/306/306
f 156/307/307 158/308/308 157/309/309
f 159/310/310 161/311/311 160/312/312
f 160/313/313 162/314/314 159/315/315
f 160/316/316 161/317/317 163/318/318
f 164/319/319 159/320/320 162/321/321
f 162/322/322 165/323/323 164/324/324
f 164/325/325 165/326/326 166/327/327
f 166/328/328 167/329/329 164/330/330
f 166/331/331 168/332/332 167/333/333
f 169/334/334 171/335/335 170/336/336
f 170/337/337 172/338/338 169/339/339
f 173/340/340 170/341/341 171/342/342
f 171/343/343 174/344/344 173/345/345
f 169/346/346 172/347/347 175/348/348
f 175/349/349 176/350/350 169/351/351
f 176/352/352 175/353/353 177/354/354
f 177/355/355 178/356/356 176/357/357
f 178/358/358 177/359/359 179/360/360
f 179/361/361 180/362/362 178/363/363
f 181/364/364 183/365/365 182/366/366
f 182/367/367 184/368/368 181/369/369
f 185/370/370 184/371/371 182/372/372
f 186/373/373 183/374/374 181/375/375
f 181/376/376 187/377/377 186/378/378
f 186/379/379 187/380/380 188/381/381
f 188/382/382 189/383/383 186/384/384
f 182/385/385 191/386/386 190/387/387
f 185/388/388 191/389/389 192/390/390
f 192/391/391 193/392/392 185/393/393
f 187/394/394 195/395/395 194/396/396
f 196/397/397 197/398/398 193/399/399
f 198/400/400 197/401/401 196/402/402
f 199/403/403 200/404/404 198/405/405
f 198/406/406 201/407/407 199/408/408
f 202/409/409 200/410/410 199/411/411
f 199/412/412 203/413/413 202/414/414
f 204/415/415 205/416/416 200/417/417
f 206/418/418 208/419/419 207/420/420
f 207/421/421 209/422/422 206/423/423
f 210/424/424 206/425/425 209/426/426
f 209/427/427 211/428/428 210/429/429
f 212/430/430 210/431/431 211/432/432
f 211/433/433 213/434/434 212/435/435
f 212/436/436 213/437/437 214/438/438
f 214/439/439 215/440/440 212/441/441
f 215/442/442 214/443/443 216/444/444
f 216/445/445 217/446/446 215/447/447
f 217/448/448 216/449/449 218/450/450
f 218/451/451 219/452/452 217/453/453
f 219/454/454 218/455/455 220/456/456
f 220/457/457 221/458/458 219/459/459
f 222/460/460 223/461/461 207/462/462
f 220/463/463 225/464/464 224/465/465
f 226/466/466 228/467/467 227/468/468
f 227/469/469 229/470/470 226/471/471
f 228/472/472 226/473/473 230/474/474
f 230/475/475 231/476/476 228/477/477
f 229/478/478 227/479/479 232/480/480
f 233/481/481 231/482/482 230/483/483
f 230/484/484 234/485/485 233/486/486
f 235/487/487 237/488/488 236/489/489
f 238/490/490 237/491/491 235/492/492
f 235/493/493 239/494/494 238/495/495
f 240/496/496 242/497/497 241/498/498
f 241/499/499 243/500/500 240/501/501
f 244/502/502 246/503/503 245/504/504
f 247/505/505 246/506/506 244/507/507
f 244/508/508 248/509/509 247/510/510
f 246/511/511 247/512/512 249/513/513
f 249/514/514 250/515/515 246/516/516
f 250/517/517 249/518/518 251/519/519
f 251/520/520 249/521/521 252/522/522
f 252/523/523 253/524/524 251/525/525
f 254/526/526 253/527/527 252/528/528
f 255/529/529 254/530/530 252/531/531
f 252/532/532 256/533/533 255/534/534
f 257/535/535 255/536/536 256/537/537
f 257/538/538 258/539/539 255/540/540
f 256/541/541 259/542/542 257/543/543
f 260/544/544 262/545/545 261/546/546
f 261/547/547 263/548/548 260/549/549
f 264/550/550 262/551/551 260/552/552
f 260/553/553 265/554/554 264/555/555
f 263/556/556 261/557/557 266/558/558
f 266/559/559 267/560/560 263/561/561
f 268/562/562 267/563/563 266/564/564
f 266/565/565 269/566/566 268/567/567
f 268/568/568 269/569/569 270/570/570
f 270/571/571 271/572/572 268/573/573
f 272/574/574 273/575/575 265/576/576
f 265/577/577 273/578/578 274/579/579
f 274/580/580 275/581/581 265/582/582
f 271/583/583 277/584/584 276/585/585
f 278/586/586 277/587/587 271/588/588
f 271/589/589 279/590/590 278/591/591
f 280/592/592 282/593/593 281/594/594
f 283/595/595 285/596/596 284/597/597
f 284/598/598 286/599/599 283/600/600
f 284/601/601 287/602/602 286/603/603
f 288/604/604 285/605/605 283/606/606
f 283/607/607 289/608/608 288/609/609
f 290/610/610 288/611/611 289/612/612
f 289/613/613 291/614/614 290/615/615
f 290/616/616 291/617/617 292/618/618
f 293/619/619 295/620/620 294/621/621
f 294/622/622 296/623/623 293/624/624
f 296/625/625 294/626/626 297/627/627
f 297/628/628 298/629/629 296/630/630
f 299/631/631 295/632/632 293/633/633
f 293/634/634 300/635/635 299/636/636
f 301/637/637 299/638/638 300/639/639
f 300/640/640 302/641/641 301/642/642
f 303/643/643 301/644/644 302/645/645
f 302/646/646 304/647/647 303/648/648
f 305/649/649 307/650/650 306/651/651
f 306/652/652 308/653/653 305/654/654
f 309/655/655 306/656/656 307/657/657
f 307/658/658 310/659/659 309/660/660
f 308/661/661 306/662/662 311/663/663
f 311/664/664 312/665/665 308/666/666
f 313/667/667 315/668/668 314/669/669
f 314/670/670 316/671/671 313/672/672
f 317/673/673 319/674/674 318/675/675
f 320/676/676 322/677/677 321/678/678
f 323/679/679 325/680/680 324/681/681
f 324/682/682 326/683/683 323/684/684
f 327/685/685 329/686/686 328/687/687
f 328/688/688 330/689/689 327/690/690
f 331/691/691 333/692/692 332/693/693
f 332/694/694 334/695/695 331/696/696
f 335/697/697 337/698/698 336/699/699
f 336/700/700 339/701/701 338/702/702
f 340/703/703 342/704/704 341/705/705
f 341/706/706 343/707/707 340/708/708
f 344/709/709 343/710/710 341/711/711
f 341/712/712 345/713/713 344/714/714
f 344/715/715 345/716/716 346/717/717
f 347/718/718 349/719/719 348/720/720
f 348/721/721 350/722/722 347/723/723
f 349/724/724 347/725/725 351/726/726
f 351/727/727 352/728/728 349/729/729
f 350/730/730 348/731/731 353/732/732
f 354/733/733 352/734/734 351/735/735
f 355/736/736 357/737/737 356/738/738
f 356/739/739 358/740/740 355/741/741
f 359/742/742 361/743/743 360/744/744
f 362/745/745 364/746/746 363/747/747
f 365/748/748 367/749/749 366/750/750
f 368/751/751 369/752/752 365/753/753
f 370/754/754 372/755/755 371/756/756
f 371/757/757 373/758/758 370/759/759
f 374/760/760 370/761/761 373/762/762
f 373/763/763 375/764/764 374/765/765
f 376/766/766 371/767/767 372/768/768
f 374/769/769 375/770/770 377/771/771
f 378/772/772 380/773/773 379/774/774
f 379/775/775 380/776/776 381/777/777
f 381/778/778 382/779/779 379/780/780
f 383/781/781 385/782/782 384/783/783
f 386/784/784 388/785/785 387/786/786
f 389/787/787 391/788/788 390/789/789
f 390/790/790 392/791/791 389/792/792
f 392/793/793 390/794/794 393/795/795
f 393/796/796 394/797/797 392/798/798
f 395/799/799 390/800/800 391/801/801
f 391/802/802 396/803/803 395/804/804
f 397/805/805 399/806/806 398/807/807
f 398/808/808 400/809/809 397/810/810
f 401/811/811 403/812/812 402/813/813
f 404/814/814 406/815/815 405/816/816
f 407/817/817 409/818/818 408/819/819
f 408/820/820 410/821/821 407/822/822
f 411/823/823 413/824/824 412/825/825
f 412/826/826 414/827/827 411/828/828
f 415/829/829 417/830/830 416/831/831
f 416/832/832 418/833/833 415/834/834
# default2, 1742 grouped triangles

usemtl tex_60047_policeCar
o default2
g default2

f 3446/835/835 3448/836/836 3447/837/837
f 3447/838/838 3449/839/839 3446/840/840
f 3448/841/841 3446/842/842 3450/843/843
f 3450/844/844 3451/845/845 3448/846/846
f 3452/847/847 3449/848/848 3447/849/849
f 3447/850/850 3453/851/851 3452/852/852
f 3454/853/853 3456/854/854 3455/855/855
f 3455/856/856 3457/857/857 3454/858/858
f 3456/859/859 3454/860/860 3458/861/861
f 3457/862/862 3455/863/863 3459/864/864
f 3459/865/865 3455/866/866 3460/867/867
f 3460/868/868 3455/869/869 3461/870/870
f 3456/871/871 3461/872/872 3455/873/873
f 3461/874/874 3462/875/875 3460/876/876
f 3463/877/877 3462/878/878 3461/879/879
f 3461/880/880 3464/881/881 3463/882/882
f 3460/883/883 3465/884/884 3459/885/885
f 3465/886/886 3460/887/887 3466/888/888
f 3466/889/889 3467/890/890 3465/891/891
f 3468/892/892 3467/893/893 3466/894/894
f 3457/895/895 3459/896/896 3468/897/897
f 3466/898/898 3469/899/899 3468/900/900
f 3469/901/901 3466/902/902 3470/903/903
f 3469/904/904 3470/905/905 3471/906/906
f 3471/907/907 3470/908/908 3472/909/909
f 3472/910/910 3473/911/911 3471/912/912
f 3471/913/913 3474/914/914 3469/915/915
f 3468/916/916 3469/917/917 3474/918/918
f 3473/919/919 3472/920/920 3475/921/921
f 3472/922/922 3476/923/923 3475/924/924
f 3472/925/925 3477/926/926 3476/927/927
f 3478/928/928 3473/929/929 3475/930/930
f 3476/931/931 3477/932/932 3479/933/933
f 3479/934/934 3480/935/935 3476/936/936
f 3478/937/937 3475/938/938 3481/939/939
f 3481/940/940 3482/941/941 3478/942/942
f 3468/943/943 3474/944/944 3457/945/945
f 3483/946/946 3485/947/947 3484/948/948
f 3484/949/949 3486/950/950 3483/951/951
f 3485/952/952 3483/953/953 3487/954/954
f 3487/955/955 3488/956/956 3485/957/957
f 3489/958/958 3491/959/959 3490/960/960
f 3490/961/961 3492/962/962 3489/963/963
f 3493/964/964 3490/965/965 3491/966/966
f 3491/967/967 3494/968/968 3493/969/969
f 3495/970/970 3497/971/971 3496/972/972
f 3496/973/973 3498/974/974 3495/975/975
f 3495/976/976 3498/977/977 3499/978/978
f 3499/979/979 3500/980/980 3495/981/981
f 3499/982/982 3498/983/983 3501/984/984
f 3501/985/985 3502/986/986 3499/987/987
f 3503/988/988 3502/989/989 3501/990/990
f 3501/991/991 3504/992/992 3503/993/993
f 3505/994/994 3507/995/995 3506/996/996
f 3506/997/997 3508/998/998 3505/999/999
f 3509/1000/1000 3505/1001/1001 3508/1002/1002
f 3508/1003/1003 3510/1004/1004 3509/1005/1005
f 3511/1006/1006 3513/1007/1007 3512/1008/1008
f 3512/1009/1009 3514/1010/1010 3511/1011/1011
f 3515/1012/1012 3517/1013/1013 3516/1014/1014
f 3516/1015/1015 3518/1016/1016 3515/1017/1017
f 3518/1018/1018 3516/1019/1019 3519/1020/1020
f 3520/1021/1021 3519/1022/1022 3516/1023/1023
f 3516/1024/1024 3521/1025/1025 3520/1026/1026
f 3521/1027/1027 3522/1028/1028 3520/1029/1029
f 3523/1030/1030 3525/1031/1031 3524/1032/1032
f 3524/1033/1033 3526/1034/1034 3523/1035/1035
f 3527/1036/1036 3529/1037/1037 3528/1038/1038
f 3528/1039/1039 3529/1040/1040 3530/1041/1041
f 3530/1042/1042 3531/1043/1043 3528/1044/1044
f 3530/1045/1045 3529/1046/1046 3532/1047/1047
f 3533/1048/1048 3535/1049/1049 3534/1050/1050
f 3535/1051/1051 3533/1052/1052 3536/1053/1053
f 3536/1054/1054 3537/1055/1055 3535/1056/1056
f 3538/1057/1057 3540/1058/1058 3539/1059/1059
f 3539/1060/1060 3541/1061/1061 3538/1062/1062
f 3539/1063/1063 3540/1064/1064 3542/1065/1065
f 3542/1066/1066 3543/1067/1067 3539/1068/1068
f 3544/1069/1069 3546/1070/1070 3545/1071/1071
f 3545/1072/1072 3547/1073/1073 3544/1074/1074
f 3544/1075/1075 3547/1076/1076 3548/1077/1077
f 3548/1078/1078 3549/1079/1079 3544/1080/1080
f 3546/1081/1081 3544/1082/1082 3550/1083/1083
f 3550/1084/1084 3544/1085/1085 3549/1086/1086
f 3550/1087/1087 3551/1088/1088 3546/1089/1089
f 3546/1090/1090 3551/1091/1091 3552/1092/1092
f 3552/1093/1093 3553/1094/1094 3546/1095/1095
f 3549/1096/1096 3554/1097/1097 3550/1098/1098
f 3555/1099/1099 3545/1100/1100 3546/1101/1101
f 3546/1102/1102 3553/1103/1103 3555/1104/1104
f 3552/1105/1105 3551/1106/1106 3556/1107/1107
f 3556/1108/1108 3551/1109/1109 3550/1110/1110
f 3556/1111/1111 3557/1112/1112 3552/1113/1113
f 3550/1114/1114 3558/1115/1115 3556/1116/1116
f 3559/1117/1117 3556/1118/1118 3558/1119/1119
f 3558/1120/1120 3560/1121/1121 3559/1122/1122
f 3561/1123/1123 3558/1124/1124 3550/1125/1125
f 3550/1126/1126 3554/1127/1127 3561/1128/1128
f 3562/1129/1129 3557/1130/1130 3556/1131/1131
f 3556/1132/1132 3559/1133/1133 3562/1134/1134
f 3563/1135/1135 3565/1136/1136 3564/1137/1137
f 3564/1138/1138 3566/1139/1139 3563/1140/1140
f 3567/1141/1141 3569/1142/1142 3568/1143/1143
f 3567/1144/1144 3568/1145/1145 3570/1146/1146
f 3570/1147/1147 3571/1148/1148 3567/1149/1149
f 3572/1150/1150 3574/1151/1151 3573/1152/1152
f 3573/1153/1153 3575/1154/1154 3572/1155/1155
f 3576/1156/1156 3578/1157/1157 3577/1158/1158
f 3577/1159/1159 3579/1160/1160 3576/1161/1161
f 3577/1162/1162 3580/1163/1163 3579/1164/1164
f 3581/1165/1165 3580/1166/1166 3577/1167/1167
f 3577/1168/1168 3582/1169/1169 3581/1170/1170
f 3583/1171/1171 3585/1172/1172 3584/1173/1173
f 3584/1174/1174 3586/1175/1175 3583/1176/1176
f 3583/1177/1177 3587/1178/1178 3585/1179/1179
f 3588/1180/1180 3587/1181/1181 3583/1182/1182
f 3583/1183/1183 3589/1184/1184 3588/1185/1185
f 3588/1186/1186 3589/1187/1187 3590/1188/1188
f 3590/1189/1189 3591/1190/1190 3588/1191/1191
f 3588/1192/1192 3591/1193/1193 3592/1194/1194
f 3592/1195/1195 3593/1196/1196 3588/1197/1197
f 3594/1198/1198 3585/1199/1199 3587/1200/1200
f 3595/1201/1201 3585/1202/1202 3594/1203/1203
f 3594/1204/1204 3596/1205/1205 3595/1206/1206
f 3587/1207/1207 3597/1208/1208 3594/1209/1209
f 3598/1210/1210 3600/1211/1211 3599/1212/1212
f 3599/1213/1213 3601/1214/1214 3598/1215/1215
f 3598/1216/1216 3602/1217/1217 3600/1218/1218
f 3603/1219/1219 3605/1220/1220 3604/1221/1221
f 3604/1222/1222 3606/1223/1223 3603/1224/1224
f 3607/1225/1225 3609/1226/1226 3608/1227/1227
f 3608/1228/1228 3610/1229/1229 3607/1230/1230
f 3611/1231/1231 3613/1232/1232 3612/1233/1233
f 3612/1234/1234 3614/1235/1235 3611/1236/1236
f 3615/1237/1237 3617/1238/1238 3616/1239/1239
f 3616/1240/1240 3618/1241/1241 3615/1242/1242
f 3619/1243/1243 3621/1244/1244 3620/1245/1245
f 3620/1246/1246 3622/1247/1247 3619/1248/1248
f 3623/1249/1249 3625/1250/1250 3624/1251/1251
f 3624/1252/1252 3626/1253/1253 3623/1254/1254
f 3627/1255/1255 3629/1256/1256 3628/1257/1257
f 3628/1258/1258 3630/1259/1259 3627/1260/1260
f 3631/1261/1261 3633/1262/1262 3632/1263/1263
f 3632/1264/1264 3634/1265/1265 3631/1266/1266
f 3632/1267/1267 3633/1268/1268 3635/1269/1269
f 3635/1270/1270 3636/1271/1271 3632/1272/1272
f 3637/1273/1273 3639/1274/1274 3638/1275/1275
f 3638/1276/1276 3639/1277/1277 3640/1278/1278
f 3640/1279/1279 3641/1280/1280 3638/1281/1281
f 3642/1282/1282 3637/1283/1283 3638/1284/1284
f 3638/1285/1285 3643/1286/1286 3642/1287/1287
f 3642/1288/1288 3643/1289/1289 3644/1290/1290
f 3644/1291/1291 3645/1292/1292 3642/1293/1293
f 3644/1294/1294 3643/1295/1295 3646/1296/1296
f 3646/1297/1297 3647/1298/1298 3644/1299/1299
f 3648/1300/1300 3650/1301/1301 3649/1302/1302
f 3649/1303/1303 3651/1304/1304 3648/1305/1305
f 3652/1306/1306 3654/1307/1307 3653/1308/1308
f 3653/1309/1309 3655/1310/1310 3652/1311/1311
f 3656/1312/1312 3653/1313/1313 3654/1314/1314
f 3654/1315/1315 3657/1316/1316 3656/1317/1317
f 3658/1318/1318 3660/1319/1319 3659/1320/1320
f 3659/1321/1321 3661/1322/1322 3658/1323/1323
f 3662/1324/1324 3664/1325/1325 3663/1326/1326
f 3663/1327/1327 3665/1328/1328 3662/1329/1329
f 3664/1330/1330 3666/1331/1331 3663/1332/1332
f 3667/1333/1333 3669/1334/1334 3668/1335/1335
f 3670/1336/1336 3672/1337/1337 3671/1338/1338
f 3671/1339/1339 3673/1340/1340 3670/1341/1341
f 3674/1342/1342 3676/1343/1343 3675/1344/1344
f 3676/1345/1345 3674/1346/1346 3677/1347/1347
f 3677/1348/1348 3678/1349/1349 3676/1350/1350
f 3678/1351/1351 3679/1352/1352 3676/1353/1353
f 3680/1354/1354 3682/1355/1355 3681/1356/1356
f 3681/1357/1357 3683/1358/1358 3680/1359/1359
f 3684/1360/1360 3686/1361/1361 3685/1362/1362
f 3685/1363/1363 3687/1364/1364 3684/1365/1365
f 3688/1366/1366 3690/1367/1367 3689/1368/1368
f 3689/1369/1369 3691/1370/1370 3688/1371/1371
f 3692/1372/1372 3694/1373/1373 3693/1374/1374
f 3693/1375/1375 3695/1376/1376 3692/1377/1377
f 3696/1378/1378 3698/1379/1379 3697/1380/1380
f 3697/1381/1381 3699/1382/1382 3696/1383/1383
f 3700/1384/1384 3702/1385/1385 3701/1386/1386
f 3701/1387/1387 3703/1388/1388 3700/1389/1389
f 3700/1390/1390 3703/1391/1391 3704/1392/1392
f 3704/1393/1393 3705/1394/1394 3700/1395/1395
f 3705/1396/1396 3704/1397/1397 3706/1398/1398
f 3706/1399/1399 3707/1400/1400 3705/1401/1401
f 3701/1402/1402 3702/1403/1403 3708/1404/1404
f 3708/1405/1405 3709/1406/1406 3701/1407/1407
f 3701/1408/1408 3709/1409/1409 3710/1410/1410
f 3710/1411/1411 3711/1412/1412 3701/1413/1413
f 3709/1414/1414 3708/1415/1415 3712/1416/1416
f 3712/1417/1417 3713/1418/1418 3709/1419/1419
f 3710/1420/1420 3709/1421/1421 3713/1422/1422
f 3713/1423/1423 3712/1424/1424 3714/1425/1425
f 3714/1426/1426 3715/1427/1427 3713/1428/1428
f 3715/1429/1429 3714/1430/1430 3716/1431/1431
f 3716/1432/1432 3717/1433/1433 3715/1434/1434
f 3717/1435/1435 3716/1436/1436 3718/1437/1437
f 3718/1438/1438 3719/1439/1439 3717/1440/1440
f 3717/1441/1441 3719/1442/1442 3720/1443/1443
f 3720/1444/1444 3721/1445/1445 3717/1446/1446
f 3715/1447/1447 3717/1448/1448 3722/1449/1449
f 3722/1450/1450 3723/1451/1451 3715/1452/1452
f 3724/1453/1453 3713/1454/1454 3715/1455/1455
f 3715/1456/1456 3723/1457/1457 3724/1458/1458
f 3713/1459/1459 3724/1460/1460 3710/1461/1461
f 3725/1462/1462 3724/1463/1463 3723/1464/1464
f 3723/1465/1465 3726/1466/1466 3725/1467/1467
f 3722/1468/1468 3726/1469/1469 3723/1470/1470
f 3727/1471/1471 3725/1472/1472 3726/1473/1473
f 3726/1474/1474 3728/1475/1475 3727/1476/1476
f 3725/1477/1477 3727/1478/1478 3729/1479/1479
f 3729/1480/1480 3730/1481/1481 3725/1482/1482
f 3724/1483/1483 3725/1484/1484 3730/1485/1485
f 3730/1486/1486 3710/1487/1487 3724/1488/1488
f 3730/1489/1489 3729/1490/1490 3731/1491/1491
f 3731/1492/1492 3732/1493/1493 3730/1494/1494
f 3710/1495/1495 3730/1496/1496 3732/1497/1497
f 3732/1498/1498 3731/1499/1499 3733/1500/1500
f 3733/1501/1501 3734/1502/1502 3732/1503/1503
f 3711/1504/1504 3732/1505/1505 3734/1506/1506
f 3732/1507/1507 3711/1508/1508 3710/1509/1509
f 3734/1510/1510 3735/1511/1511 3711/1512/1512
f 3734/1513/1513 3736/1514/1514 3735/1515/1515
f 3701/1516/1516 3711/1517/1517 3735/1518/1518
f 3735/1519/1519 3703/1520/1520 3701/1521/1521
f 3704/1522/1522 3703/1523/1523 3735/1524/1524
f 3735/1525/1525 3736/1526/1526 3704/1527/1527
f 3704/1528/1528 3736/1529/1529 3737/1530/1530
f 3738/1531/1531 3737/1532/1532 3736/1533/1533
f 3736/1534/1534 3739/1535/1535 3738/1536/1536
f 3737/1537/1537 3706/1538/1538 3704/1539/1539
f 3740/1540/1540 3742/1541/1541 3741/1542/1542
f 3741/1543/1543 3743/1544/1544 3740/1545/1545
f 3744/1546/1546 3743/1547/1547 3741/1548/1548
f 3741/1549/1549 3745/1550/1550 3744/1551/1551
f 3746/1552/1552 3747/1553/1553 3721/1554/1554
f 3721/1555/1555 3720/1556/1556 3746/1557/1557
f 3748/1558/1558 3750/1559/1559 3749/1560/1560
f 3749/1561/1561 3751/1562/1562 3748/1563/1563
f 3752/1564/1564 3754/1565/1565 3753/1566/1566
f 3753/1567/1567 3755/1568/1568 3752/1569/1569
f 3756/1570/1570 3752/1571/1571 3755/1572/1572
f 3755/1573/1573 3757/1574/1574 3756/1575/1575
f 3758/1576/1576 3760/1577/1577 3759/1578/1578
f 3759/1579/1579 3761/1580/1580 3758/1581/1581
f 3762/1582/1582 3758/1583/1583 3761/1584/1584
f 3761/1585/1585 3763/1586/1586 3762/1587/1587
f 3764/1588/1588 3766/1589/1589 3765/1590/1590
f 3765/1591/1591 3767/1592/1592 3764/1593/1593
f 3768/1594/1594 3770/1595/1595 3769/1596/1596
f 3769/1597/1597 3772/1598/1598 3771/1599/1599
f 3773/1600/1600 3775/1601/1601 3774/1602/1602
f 3776/1603/1603 3773/1604/1604 3774/1605/1605
f 3777/1606/1606 3776/1607/1607 3774/1608/1608
f 3778/1609/1609 3780/1610/1610 3779/1611/1611
f 3779/1612/1612 3781/1613/1613 3778/1614/1614
f 3782/1615/1615 3784/1616/1616 3783/1617/1617
f 3783/1618/1618 3785/1619/1619 3782/1620/1620
f 3786/1621/1621 3788/1622/1622 3787/1623/1623
f 3787/1624/1624 3789/1625/1625 3786/1626/1626
f 3790/1627/1627 3792/1628/1628 3791/1629/1629
f 3791/1630/1630 3793/1631/1631 3790/1632/1632
f 3794/1633/1633 3796/1634/1634 3795/1635/1635
f 3795/1636/1636 3797/1637/1637 3794/1638/1638
f 3798/1639/1639 3800/1640/1640 3799/1641/1641
f 3799/1642/1642 3801/1643/1643 3798/1644/1644
f 3802/1645/1645 3804/1646/1646 3803/1647/1647
f 3803/1648/1648 3805/1649/1649 3802/1650/1650
f 3806/1651/1651 3808/1652/1652 3807/1653/1653
f 3807/1654/1654 3809/1655/1655 3806/1656/1656
f 3810/1657/1657 3812/1658/1658 3811/1659/1659
f 3811/1660/1660 3813/1661/1661 3810/1662/1662
f 3814/1663/1663 3816/1664/1664 3815/1665/1665
f 3815/1666/1666 3817/1667/1667 3814/1668/1668
f 3818/1669/1669 3817/1670/1670 3815/1671/1671
f 3815/1672/1672 3819/1673/1673 3818/1674/1674
f 3820/1675/1675 3822/1676/1676 3821/1677/1677
f 3821/1678/1678 3823/1679/1679 3820/1680/1680
f 3824/1681/1681 3820/1682/1682 3823/1683/1683
f 3823/1684/1684 3825/1685/1685 3824/1686/1686
f 3826/1687/1687 3828/1688/1688 3827/1689/1689
f 3827/1690/1690 3829/1691/1691 3826/1692/1692
f 3830/1693/1693 3832/1694/1694 3831/1695/1695
f 3831/1696/1696 3833/1697/1697 3830/1698/1698
f 3834/1699/1699 3832/1700/1700 3830/1701/1701
f 3830/1702/1702 3835/1703/1703 3834/1704/1704
f 3836/1705/1705 3834/1706/1706 3835/1707/1707
f 3835/1708/1708 3837/1709/1709 3836/1710/1710
f 3836/1711/1711 3837/1712/1712 3838/1713/1713
f 3838/1714/1714 3839/1715/1715 3836/1716/1716
f 3831/1717/1717 3832/1718/1718 3840/1719/1719
f 3840/1720/1720 3841/1721/1721 3831/1722/1722
f 3842/1723/1723 3840/1724/1724 3832/1725/1725
f 3832/1726/1726 3834/1727/1727 3842/1728/1728
f 3840/1729/1729 3842/1730/1730 3843/1731/1731
f 3843/1732/1732 3844/1733/1733 3840/1734/1734
f 3845/1735/1735 3840/1736/1736 3844/1737/1737
f 3844/1738/1738 3846/1739/1739 3845/1740/1740
f 3847/1741/1741 3843/1742/1742 3842/1743/1743
f 3842/1744/1744 3848/1745/1745 3847/1746/1746
f 3848/1747/1747 3842/1748/1748 3834/1749/1749
f 3834/1750/1750 3836/1751/1751 3848/1752/1752
f 3848/1753/1753 3836/1754/1754 3839/1755/1755
f 3847/1756/1756 3848/1757/1757 3849/1758/1758
f 3839/1759/1759 3849/1760/1760 3848/1761/1761
f 3849/1762/1762 3850/1763/1763 3847/1764/1764
f 3851/1765/1765 3846/1766/1766 3852/1767/1767
f 3852/1768/1768 3853/1769/1769 3851/1770/1770
f 3853/1771/1771 3852/1772/1772 3854/1773/1773
f 3854/1774/1774 3855/1775/1775 3853/1776/1776
f 3855/1777/1777 3854/1778/1778 3856/1779/1779
f 3856/1780/1780 3857/1781/1781 3855/1782/1782
f 3858/1783/1783 3857/1784/1784 3856/1785/1785
f 3856/1786/1786 3859/1787/1787 3858/1788/1788
f 3860/1789/1789 3853/1790/1790 3855/1791/1791
f 3853/1792/1792 3860/1793/1793 3861/1794/1794
f 3861/1795/1795 3860/1796/1796 3862/1797/1797
f 3862/1798/1798 3863/1799/1799 3861/1800/1800
f 3862/1801/1801 3860/1802/1802 3864/1803/1803
f 3855/1804/1804 3864/1805/1805 3860/1806/1806
f 3864/1807/1807 3855/1808/1808 3857/1809/1809
f 3864/1810/1810 3865/1811/1811 3862/1812/1812
f 3865/1813/1813 3864/1814/1814 3866/1815/1815
f 3857/1816/1816 3866/1817/1817 3864/1818/1818
f 3866/1819/1819 3867/1820/1820 3865/1821/1821
f 3868/1822/1822 3867/1823/1823 3866/1824/1824
f 3866/1825/1825 3869/1826/1826 3868/1827/1827
f 3869/1828/1828 3866/1829/1829 3857/1830/1830
f 3857/1831/1831 3858/1832/1832 3869/1833/1833
f 3861/1834/1834 3870/1835/1835 3853/1836/1836
f 3871/1837/1837 3873/1838/1838 3872/1839/1839
f 3872/1840/1840 3874/1841/1841 3871/1842/1842
f 3875/1843/1843 3873/1844/1844 3871/1845/1845
f 3871/1846/1846 3876/1847/1847 3875/1848/1848
f 3877/1849/1849 3875/1850/1850 3876/1851/1851
f 3876/1852/1852 3878/1853/1853 3877/1854/1854
f 3877/1855/1855 3878/1856/1856 3879/1857/1857
f 3879/1858/1858 3880/1859/1859 3877/1860/1860
f 3872/1861/1861 3873/1862/1862 3881/1863/1863
f 3881/1864/1864 3882/1865/1865 3872/1866/1866
f 3882/1867/1867 3881/1868/1868 3883/1869/1869
f 3883/1870/1870 3884/1871/1871 3882/1872/1872
f 3885/1873/1873 3883/1874/1874 3881/1875/1875
f 3881/1876/1876 3886/1877/1877 3885/1878/1878
f 3886/1879/1879 3881/1880/1880 3873/1881/1881
f 3873/1882/1882 3875/1883/1883 3886/1884/1884
f 3887/1885/1885 3885/1886/1886 3886/1887/1887
f 3886/1888/1888 3888/1889/1889 3887/1890/1890
f 3888/1891/1891 3886/1892/1892 3875/1893/1893
f 3875/1894/1894 3877/1895/1895 3888/1896/1896
f 3888/1897/1897 3877/1898/1898 3880/1899/1899
f 3887/1900/1900 3888/1901/1901 3889/1902/1902
f 3880/1903/1903 3889/1904/1904 3888/1905/1905
f 3889/1906/1906 3890/1907/1907 3887/1908/1908
f 3891/1909/1909 3893/1910/1910 3892/1911/1911
f 3892/1912/1912 3894/1913/1913 3891/1914/1914
f 3891/1915/1915 3894/1916/1916 3895/1917/1917
f 3895/1918/1918 3896/1919/1919 3891/1920/1920
f 3896/1921/1921 3895/1922/1922 3897/1923/1923
f 3897/1924/1924 3898/1925/1925 3896/1926/1926
f 3899/1927/1927 3898/1928/1928 3897/1929/1929
f 3897/1930/1930 3900/1931/1931 3899/1932/1932
f 3901/1933/1933 3894/1934/1934 3892/1935/1935
f 3892/1936/1936 3902/1937/1937 3901/1938/1938
f 3903/1939/1939 3901/1940/1940 3902/1941/1941
f 3902/1942/1942 3904/1943/1943 3903/1944/1944
f 3901/1945/1945 3903/1946/1946 3905/1947/1947
f 3905/1948/1948 3906/1949/1949 3901/1950/1950
f 3906/1951/1951 3895/1952/1952 3894/1953/1953
f 3894/1954/1954 3901/1955/1955 3906/1956/1956
f 3906/1957/1957 3905/1958/1958 3907/1959/1959
f 3907/1960/1960 3908/1961/1961 3906/1962/1962
f 3908/1963/1963 3897/1964/1964 3895/1965/1965
f 3895/1966/1966 3906/1967/1967 3908/1968/1968
f 3900/1969/1969 3897/1970/1970 3908/1971/1971
f 3909/1972/1972 3908/1973/1973 3907/1974/1974
f 3908/1975/1975 3909/1976/1976 3900/1977/1977
f 3907/1978/1978 3910/1979/1979 3909/1980/1980
f 3911/1981/1981 3913/1982/1982 3912/1983/1983
f 3912/1984/1984 3914/1985/1985 3911/1986/1986
f 3914/1987/1987 3915/1988/1988 3911/1989/1989
f 3913/1990/1990 3916/1991/1991 3912/1992/1992
f 3917/1993/1993 3912/1994/1994 3916/1995/1995
f 3918/1996/1996 3912/1997/1997 3917/1998/1998
f 3914/1999/1999 3912/2000/2000 3918/2001/2001
f 3917/2002/2002 3919/2003/2003 3918/2004/2004
f 3918/2005/2005 3919/2006/2006 3920/2007/2007
f 3920/2008/2008 3921/2009/2009 3918/2010/2010
f 3916/2011/2011 3922/2012/2012 3917/2013/2013
f 3923/2014/2014 3917/2015/2015 3922/2016/2016
f 3922/2017/2017 3924/2018/2018 3923/2019/2019
f 3923/2020/2020 3924/2021/2021 3925/2022/2022
f 3925/2023/2023 3916/2024/2024 3913/2025/2025
f 3925/2026/2026 3926/2027/2027 3923/2028/2028
f 3926/2029/2029 3927/2030/2030 3923/2031/2031
f 3928/2032/2032 3927/2033/2033 3926/2034/2034
f 3929/2035/2035 3927/2036/2036 3928/2037/2037
f 3928/2038/2038 3930/2039/2039 3929/2040/2040
f 3926/2041/2041 3931/2042/2042 3928/2043/2043
f 3925/2044/2044 3931/2045/2045 3926/2046/2046
f 3932/2047/2047 3929/2048/2048 3930/2049/2049
f 3932/2050/2050 3933/2051/2051 3929/2052/2052
f 3929/2053/2053 3933/2054/2054 3934/2055/2055
f 3935/2056/2056 3932/2057/2057 3930/2058/2058
f 3936/2059/2059 3934/2060/2060 3933/2061/2061
f 3933/2062/2062 3937/2063/2063 3936/2064/2064
f 3938/2065/2065 3932/2066/2066 3935/2067/2067
f 3935/2068/2068 3939/2069/2069 3938/2070/2070
f 3913/2071/2071 3931/2072/2072 3925/2073/2073
f 3940/2074/2074 3942/2075/2075 3941/2076/2076
f 3941/2077/2077 3943/2078/2078 3940/2079/2079
f 3944/2080/2080 3940/2081/2081 3943/2082/2082
f 3943/2083/2083 3945/2084/2084 3944/2085/2085
f 3946/2086/2086 3948/2087/2087 3947/2088/2088
f 3947/2089/2089 3949/2090/2090 3946/2091/2091
f 3949/2092/2092 3947/2093/2093 3950/2094/2094
f 3950/2095/2095 3951/2096/2096 3949/2097/2097
f 3952/2098/2098 3954/2099/2099 3953/2100/2100
f 3953/2101/2101 3955/2102/2102 3952/2103/2103
f 3956/2104/2104 3954/2105/2105 3952/2106/2106
f 3952/2107/2107 3957/2108/2108 3956/2109/2109
f 3958/2110/2110 3954/2111/2111 3956/2112/2112
f 3956/2113/2113 3959/2114/2114 3958/2115/2115
f 3958/2116/2116 3959/2117/2117 3960/2118/2118
f 3960/2119/2119 3961/2120/2120 3958/2121/2121
f 3962/2122/2122 3964/2123/2123 3963/2124/2124
f 3963/2125/2125 3965/2126/2126 3962/2127/2127
f 3966/2128/2128 3968/2129/2129 3967/2130/2130
f 3967/2131/2131 3969/2132/2132 3966/2133/2133
f 3968/2134/2134 3966/2135/2135 3970/2136/2136
f 3970/2137/2137 3971/2138/2138 3968/2139/2139
f 3972/2140/2140 3974/2141/2141 3973/2142/2142
f 3973/2143/2143 3975/2144/2144 3972/2145/2145
f 3976/2146/2146 3978/2147/2147 3977/2148/2148
f 3977/2149/2149 3979/2150/2150 3976/2151/2151
f 3978/2152/2152 3980/2153/2153 3977/2154/2154
f 3977/2155/2155 3980/2156/2156 3981/2157/2157
f 3981/2158/2158 3982/2159/2159 3977/2160/2160
f 3982/2161/2161 3981/2162/2162 3983/2163/2163
f 3984/2164/2164 3986/2165/2165 3985/2166/2166
f 3985/2167/2167 3987/2168/2168 3984/2169/2169
f 3988/2170/2170 3990/2171/2171 3989/2172/2172
f 3991/2173/2173 3989/2174/2174 3990/2175/2175
f 3990/2176/2176 3992/2177/2177 3991/2178/2178
f 3991/2179/2179 3993/2180/2180 3989/2181/2181
f 3994/2182/2182 3996/2183/2183 3995/2184/2184
f 3997/2185/2185 3994/2186/2186 3995/2187/2187
f 3995/2188/2188 3998/2189/2189 3997/2190/2190
f 3999/2191/2191 4001/2192/2192 4000/2193/2193
f 4000/2194/2194 4002/2195/2195 3999/2196/2196
f 4003/2197/2197 4005/2198/2198 4004/2199/2199
f 4004/2200/2200 4006/2201/2201 4003/2202/2202
f 4007/2203/2203 4009/2204/2204 4008/2205/2205
f 4010/2206/2206 4009/2207/2207 4007/2208/2208
f 4007/2209/2209 4011/2210/2210 4010/2211/2211
f 4012/2212/2212 4014/2213/2213 4013/2214/2214
f 4013/2215/2215 4015/2216/2216 4012/2217/2217
f 4016/2218/2218 4018/2219/2219 4017/2220/2220
f 4017/2221/2221 4019/2222/2222 4016/2223/2223
f 4017/2224/2224 4018/2225/2225 4020/2226/2226
f 4017/2227/2227 4020/2228/2228 4021/2229/2229
f 4021/2230/2230 4022/2231/2231 4017/2232/2232
f 4023/2233/2233 4025/2234/2234 4024/2235/2235
f 4024/2236/2236 4026/2237/2237 4023/2238/2238
f 4023/2239/2239 4026/2240/2240 4027/2241/2241
f 4023/2242/2242 4027/2243/2243 4028/2244/2244
f 4028/2245/2245 4029/2246/2246 4023/2247/2247
f 4030/2248/2248 4029/2249/2249 4028/2250/2250
f 4028/2251/2251 4031/2252/2252 4030/2253/2253
f 4032/2254/2254 4031/2255/2255 4028/2256/2256
f 4028/2257/2257 4033/2258/2258 4032/2259/2259
f 4027/2260/2260 4026/2261/2261 4034/2262/2262
f 4034/2263/2263 4026/2264/2264 4035/2265/2265
f 4035/2266/2266 4036/2267/2267 4034/2268/2268
f 4034/2269/2269 4037/2270/2270 4027/2271/2271
f 4038/2272/2272 4040/2273/2273 4039/2274/2274
f 4039/2275/2275 4041/2276/2276 4038/2277/2277
f 4038/2278/2278 4041/2279/2279 4042/2280/2280
f 4043/2281/2281 4045/2282/2282 4044/2283/2283
f 4044/2284/2284 4046/2285/2285 4043/2286/2286
f 4047/2287/2287 4049/2288/2288 4048/2289/2289
f 4048/2290/2290 4050/2291/2291 4047/2292/2292
f 4051/2293/2293 4053/2294/2294 4052/2295/2295
f 4052/2296/2296 4054/2297/2297 4051/2298/2298
f 4055/2299/2299 4057/2300/2300 4056/2301/2301
f 4056/2302/2302 4058/2303/2303 4055/2304/2304
f 4059/2305/2305 4061/2306/2306 4060/2307/2307
f 4060/2308/2308 4062/2309/2309 4059/2310/2310
f 4063/2311/2311 4065/2312/2312 4064/2313/2313
f 4064/2314/2314 4066/2315/2315 4063/2316/2316
f 4067/2317/2317 4069/2318/2318 4068/2319/2319
f 4068/2320/2320 4070/2321/2321 4067/2322/2322
f 4071/2323/2323 4073/2324/2324 4072/2325/2325
f 4072/2326/2326 4074/2327/2327 4071/2328/2328
f 4075/2329/2329 4074/2330/2330 4072/2331/2331
f 4072/2332/2332 4076/2333/2333 4075/2334/2334
f 4077/2335/2335 4079/2336/2336 4078/2337/2337
f 4080/2338/2338 4078/2339/2339 4079/2340/2340
f 4079/2341/2341 4081/2342/2342 4080/2343/2343
f 4079/2344/2344 4077/2345/2345 4082/2346/2346
f 4082/2347/2347 4083/2348/2348 4079/2349/2349
f 4084/2350/2350 4083/2351/2351 4082/2352/2352
f 4082/2353/2353 4085/2354/2354 4084/2355/2355
f 4086/2356/2356 4083/2357/2357 4084/2358/2358
f 4084/2359/2359 4087/2360/2360 4086/2361/2361
f 4088/2362/2362 4090/2363/2363 4089/2364/2364
f 4089/2365/2365 4091/2366/2366 4088/2367/2367
f 4092/2368/2368 4094/2369/2369 4093/2370/2370
f 4093/2371/2371 4095/2372/2372 4092/2373/2373
f 4095/2374/2374 4093/2375/2375 4096/2376/2376
f 4096/2377/2377 4097/2378/2378 4095/2379/2379
f 4098/2380/2380 4100/2381/2381 4099/2382/2382
f 4099/2383/2383 4101/2384/2384 4098/2385/2385
f 4102/2386/2386 4104/2387/2387 4103/2388/2388
f 4103/2389/2389 4105/2390/2390 4102/2391/2391
f 4105/2392/2392 4103/2393/2393 4106/2394/2394
f 4107/2395/2395 4109/2396/2396 4108/2397/2397
f 4110/2398/2398 4112/2399/2399 4111/2400/2400
f 4111/2401/2401 4113/2402/2402 4110/2403/2403
f 4114/2404/2404 4116/2405/2405 4115/2406/2406
f 4117/2407/2407 4114/2408/2408 4115/2409/2409
f 4115/2410/2410 4118/2411/2411 4117/2412/2412
f 4118/2413/2413 4115/2414/2414 4119/2415/2415
f 4120/2416/2416 4122/2417/2417 4121/2418/2418
f 4121/2419/2419 4123/2420/2420 4120/2421/2421
f 4124/2422/2422 4126/2423/2423 4125/2424/2424
f 4125/2425/2425 4127/2426/2426 4124/2427/2427
f 4128/2428/2428 4130/2429/2429 4129/2430/2430
f 4129/2431/2431 4131/2432/2432 4128/2433/2433
f 4132/2434/2434 4134/2435/2435 4133/2436/2436
f 4133/2437/2437 4135/2438/2438 4132/2439/2439
f 4136/2440/2440 4138/2441/2441 4137/2442/2442
f 4137/2443/2443 4139/2444/2444 4136/2445/2445
f 4140/2446/2446 4142/2447/2447 4141/2448/2448
f 4141/2449/2449 4143/2450/2450 4140/2451/2451
f 4144/2452/2452 4142/2453/2453 4140/2454/2454
f 4140/2455/2455 4145/2456/2456 4144/2457/2457
f 4146/2458/2458 4144/2459/2459 4145/2460/2460
f 4145/2461/2461 4147/2462/2462 4146/2463/2463
f 4148/2464/2464 4143/2465/2465 4141/2466/2466
f 4141/2467/2467 4149/2468/2468 4148/2469/2469
f 4150/2470/2470 4149/2471/2471 4141/2472/2472
f 4141/2473/2473 4151/2474/2474 4150/2475/2475
f 4150/2476/2476 4151/2477/2477 4152/2478/2478
f 4153/2479/2479 4152/2480/2480 4151/2481/2481
f 4151/2482/2482 4154/2483/2483 4153/2484/2484
f 4154/2485/2485 4151/2486/2486 4141/2487/2487
f 4141/2488/2488 4142/2489/2489 4154/2490/2490
f 4154/2491/2491 4142/2492/2492 4144/2493/2493
f 4152/2494/2494 4153/2495/2495 4155/2496/2496
f 4155/2497/2497 4156/2498/2498 4152/2499/2499
f 4153/2500/2500 4154/2501/2501 4157/2502/2502
f 4144/2503/2503 4157/2504/2504 4154/2505/2505
f 4158/2506/2506 4152/2507/2507 4156/2508/2508
f 4152/2509/2509 4158/2510/2510 4150/2511/2511
f 4159/2512/2512 4150/2513/2513 4158/2514/2514
f 4158/2515/2515 4160/2516/2516 4159/2517/2517
f 4160/2518/2518 4158/2519/2519 4161/2520/2520
f 4156/2521/2521 4161/2522/2522 4158/2523/2523
f 4161/2524/2524 4162/2525/2525 4160/2526/2526
f 4163/2527/2527 4160/2528/2528 4162/2529/2529
f 4162/2530/2530 4164/2531/2531 4163/2532/2532
f 4160/2533/2533 4163/2534/2534 4165/2535/2535
f 4165/2536/2536 4159/2537/2537 4160/2538/2538
f 4159/2539/2539 4165/2540/2540 4166/2541/2541
f 4166/2542/2542 4165/2543/2543 4167/2544/2544
f 4167/2545/2545 4165/2546/2546 4163/2547/2547
f 4167/2548/2548 4168/2549/2549 4166/2550/2550
f 4166/2551/2551 4168/2552/2552 4169/2553/2553
f 4170/2554/2554 4169/2555/2555 4168/2556/2556
f 4168/2557/2557 4171/2558/2558 4170/2559/2559
f 4172/2560/2560 4171/2561/2561 4168/2562/2562
f 4168/2563/2563 4173/2564/2564 4172/2565/2565
f 4169/2566/2566 4174/2567/2567 4166/2568/2568
f 4166/2569/2569 4175/2570/2570 4159/2571/2571
f 4176/2572/2572 4172/2573/2573 4173/2574/2574
f 4173/2575/2575 4177/2576/2576 4176/2577/2577
f 4175/2578/2578 4149/2579/2579 4150/2580/2580
f 4150/2581/2581 4159/2582/2582 4175/2583/2583
f 4178/2584/2584 4179/2585/2585 4157/2586/2586
f 4157/2587/2587 4180/2588/2588 4178/2589/2589
f 4180/2590/2590 4157/2591/2591 4144/2592/2592
f 4144/2593/2593 4146/2594/2594 4180/2595/2595
f 3714/2596/2596 3712/2597/2597 4181/2598/2598
f 4181/2599/2599 4182/2600/2600 3714/2601/2601
f 4183/2602/2602 4181/2603/2603 3712/2604/2604
f 3712/2605/2605 3708/2606/2606 4183/2607/2607
f 4184/2608/2608 4186/2609/2609 4185/2610/2610
f 4185/2611/2611 4187/2612/2612 4184/2613/2613
f 4185/2614/2614 4186/2615/2615 4188/2616/2616
f 4188/2617/2617 4189/2618/2618 4185/2619/2619
f 4190/2620/2620 4192/2621/2621 4191/2622/2622
f 4191/2623/2623 4193/2624/2624 4190/2625/2625
f 4194/2626/2626 4196/2627/2627 4195/2628/2628
f 4195/2629/2629 4197/2630/2630 4194/2631/2631
f 4196/2632/2632 4194/2633/2633 4198/2634/2634
f 4198/2635/2635 4199/2636/2636 4196/2637/2637
f 4200/2638/2638 4202/2639/2639 4201/2640/2640
f 4201/2641/2641 4203/2642/2642 4200/2643/2643
f 4202/2644/2644 4200/2645/2645 4204/2646/2646
f 4204/2647/2647 4205/2648/2648 4202/2649/2649
f 4206/2650/2650 4208/2651/2651 4207/2652/2652
f 4207/2653/2653 4209/2654/2654 4206/2655/2655
f 4210/2656/2656 4212/2657/2657 4211/2658/2658
f 4211/2659/2659 4214/2660/2660 4213/2661/2661
f 4215/2662/2662 4217/2663/2663 4216/2664/2664
f 4215/2665/2665 4216/2666/2666 4218/2667/2667
f 4219/2668/2668 4215/2669/2669 4218/2670/2670
f 4220/2671/2671 4222/2672/2672 4221/2673/2673
f 4221/2674/2674 4223/2675/2675 4220/2676/2676
f 4224/2677/2677 4226/2678/2678 4225/2679/2679
f 4225/2680/2680 4227/2681/2681 4224/2682/2682
f 4228/2683/2683 4230/2684/2684 4229/2685/2685
f 4229/2686/2686 4231/2687/2687 4228/2688/2688
f 4232/2689/2689 4234/2690/2690 4233/2691/2691
f 4233/2692/2692 4235/2693/2693 4232/2694/2694
f 4236/2695/2695 4238/2696/2696 4237/2697/2697
f 4237/2698/2698 4239/2699/2699 4236/2700/2700
f 4240/2701/2701 4242/2702/2702 4241/2703/2703
f 4241/2704/2704 4243/2705/2705 4240/2706/2706
f 4244/2707/2707 4246/2708/2708 4245/2709/2709
f 4245/2710/2710 4247/2711/2711 4244/2712/2712
f 4248/2713/2713 4250/2714/2714 4249/2715/2715
f 4249/2716/2716 4251/2717/2717 4248/2718/2718
f 4252/2719/2719 4254/2720/2720 4253/2721/2721
f 4253/2722/2722 4255/2723/2723 4252/2724/2724
f 4256/2725/2725 4258/2726/2726 4257/2727/2727
f 4257/2728/2728 4259/2729/2729 4256/2730/2730
f 4257/2731/2731 4258/2732/2732 4260/2733/2733
f 4260/2734/2734 4261/2735/2735 4257/2736/2736
f 4262/2737/2737 4264/2738/2738 4263/2739/2739
f 4263/2740/2740 4265/2741/2741 4262/2742/2742
f 4264/2743/2743 4262/2744/2744 4266/2745/2745
f 4266/2746/2746 4267/2747/2747 4264/2748/2748
f 4268/2749/2749 4270/2750/2750 4269/2751/2751
f 4269/2752/2752 4271/2753/2753 4268/2754/2754
f 4272/2755/2755 4274/2756/2756 4273/2757/2757
f 4273/2758/2758 4275/2759/2759 4272/2760/2760
f 4272/2761/2761 4275/2762/2762 4276/2763/2763
f 4276/2764/2764 4277/2765/2765 4272/2766/2766
f 4277/2767/2767 4276/2768/2768 4278/2769/2769
f 4278/2770/2770 4279/2771/2771 4277/2772/2772
f 4280/2773/2773 4279/2774/2774 4278/2775/2775
f 4278/2776/2776 4281/2777/2777 4280/2778/2778
f 4282/2779/2779 4275/2780/2780 4273/2781/2781
f 4273/2782/2782 4283/2783/2783 4282/2784/2784
f 4284/2785/2785 4276/2786/2786 4275/2787/2787
f 4275/2788/2788 4282/2789/2789 4284/2790/2790
f 4285/2791/2791 4284/2792/2792 4282/2793/2793
f 4282/2794/2794 4286/2795/2795 4285/2796/2796
f 4286/2797/2797 4282/2798/2798 4287/2799/2799
f 4287/2800/2800 4288/2801/2801 4286/2802/2802
f 4284/2803/2803 4285/2804/2804 4289/2805/2805
f 4289/2806/2806 4290/2807/2807 4284/2808/2808
f 4290/2809/2809 4278/2810/2810 4276/2811/2811
f 4276/2812/2812 4284/2813/2813 4290/2814/2814
f 4281/2815/2815 4278/2816/2816 4290/2817/2817
f 4291/2818/2818 4290/2819/2819 4289/2820/2820
f 4290/2821/2821 4291/2822/2822 4281/2823/2823
f 4289/2824/2824 4292/2825/2825 4291/2826/2826
f 4293/2827/2827 4288/2828/2828 4294/2829/2829
f 4294/2830/2830 4295/2831/2831 4293/2832/2832
f 4296/2833/2833 4293/2834/2834 4295/2835/2835
f 4295/2836/2836 4297/2837/2837 4296/2838/2838
f 4298/2839/2839 4296/2840/2840 4297/2841/2841
f 4297/2842/2842 4299/2843/2843 4298/2844/2844
f 4298/2845/2845 4299/2846/2846 4300/2847/2847
f 4300/2848/2848 4301/2849/2849 4298/2850/2850
f 4297/2851/2851 4295/2852/2852 4302/2853/2853
f 4303/2854/2854 4302/2855/2855 4295/2856/2856
f 4304/2857/2857 4302/2858/2858 4303/2859/2859
f 4303/2860/2860 4305/2861/2861 4304/2862/2862
f 4306/2863/2863 4302/2864/2864 4304/2865/2865
f 4302/2866/2866 4306/2867/2867 4297/2868/2868
f 4299/2869/2869 4297/2870/2870 4306/2871/2871
f 4304/2872/2872 4307/2873/2873 4306/2874/2874
f 4308/2875/2875 4306/2876/2876 4307/2877/2877
f 4306/2878/2878 4308/2879/2879 4299/2880/2880
f 4307/2881/2881 4309/2882/2882 4308/2883/2883
f 4308/2884/2884 4309/2885/2885 4310/2886/2886
f 4310/2887/2887 4311/2888/2888 4308/2889/2889
f 4311/2890/2890 4300/2891/2891 4299/2892/2892
f 4299/2893/2893 4308/2894/2894 4311/2895/2895
f 4295/2896/2896 4312/2897/2897 4303/2898/2898
f 4313/2899/2899 4315/2900/2900 4314/2901/2901
f 4314/2902/2902 4316/2903/2903 4313/2904/2904
f 4313/2905/2905 4316/2906/2906 4317/2907/2907
f 4317/2908/2908 4318/2909/2909 4313/2910/2910
f 4318/2911/2911 4317/2912/2912 4319/2913/2913
f 4319/2914/2914 4320/2915/2915 4318/2916/2916
f 4321/2917/2917 4320/2918/2918 4319/2919/2919
f 4319/2920/2920 4322/2921/2921 4321/2922/2922
f 4323/2923/2923 4316/2924/2924 4314/2925/2925
f 4314/2926/2926 4324/2927/2927 4323/2928/2928
f 4325/2929/2929 4317/2930/2930 4316/2931/2931
f 4316/2932/2932 4323/2933/2933 4325/2934/2934
f 4326/2935/2935 4325/2936/2936 4323/2937/2937
f 4323/2938/2938 4327/2939/2939 4326/2940/2940
f 4327/2941/2941 4323/2942/2942 4328/2943/2943
f 4328/2944/2944 4329/2945/2945 4327/2946/2946
f 4325/2947/2947 4326/2948/2948 4330/2949/2949
f 4330/2950/2950 4331/2951/2951 4325/2952/2952
f 4331/2953/2953 4319/2954/2954 4317/2955/2955
f 4317/2956/2956 4325/2957/2957 4331/2958/2958
f 4322/2959/2959 4319/2960/2960 4331/2961/2961
f 4332/2962/2962 4331/2963/2963 4330/2964/2964
f 4331/2965/2965 4332/2966/2966 4322/2967/2967
f 4330/2968/2968 4333/2969/2969 4332/2970/2970
f 4334/2971/2971 4329/2972/2972 4335/2973/2973
f 4335/2974/2974 4336/2975/2975 4334/2976/2976
f 4337/2977/2977 4334/2978/2978 4336/2979/2979
f 4336/2980/2980 4338/2981/2981 4337/2982/2982
f 4339/2983/2983 4337/2984/2984 4338/2985/2985
f 4338/2986/2986 4340/2987/2987 4339/2988/2988
f 4339/2989/2989 4340/2990/2990 4341/2991/2991
f 4341/2992/2992 4342/2993/2993 4339/2994/2994
f 4338/2995/2995 4336/2996/2996 4343/2997/2997
f 4344/2998/2998 4343/2999/2999 4336/3000/3000
f 4345/3001/3001 4343/3002/3002 4344/3003/3003
f 4344/3004/3004 4346/3005/3005 4345/3006/3006
f 4347/3007/3007 4343/3008/3008 4345/3009/3009
f 4343/3010/3010 4347/3011/3011 4338/3012/3012
f 4340/3013/3013 4338/3014/3014 4347/3015/3015
f 4345/3016/3016 4348/3017/3017 4347/3018/3018
f 4349/3019/3019 4347/3020/3020 4348/3021/3021
f 4347/3022/3022 4349/3023/3023 4340/3024/3024
f 4348/3025/3025 4350/3026/3026 4349/3027/3027
f 4349/3028/3028 4350/3029/3029 4351/3030/3030
f 4351/3031/3031 4352/3032/3032 4349/3033/3033
f 4352/3034/3034 4341/3035/3035 4340/3036/3036
f 4340/3037/3037 4349/3038/3038 4352/3039/3039
f 4336/3040/3040 4353/3041/3041 4344/3042/3042
f 4354/3043/3043 4356/3044/3044 4355/3045/3045
f 4354/3046/3046 4355/3047/3047 4357/3048/3048
f 4354/3049/3049 4357/3050/3050 4358/3051/3051
f 4357/3052/3052 4359/3053/3053 4358/3054/3054
f 4359/3055/3055 4360/3056/3056 4358/3057/3057
f 4359/3058/3058 4361/3059/3059 4360/3060/3060
f 4362/3061/3061 4364/3062/3062 4363/3063/3063
f 4362/3064/3064 4363/3065/3065 4365/3066/3066
f 4363/3067/3067 4366/3068/3068 4365/3069/3069
f 4362/3070/3070 4365/3071/3071 4367/3072/3072
f 4365/3073/3073 4368/3074/3074 4367/3075/3075
f 4365/3076/3076 4369/3077/3077 4368/3078/3078
f 4368/3079/3079 4370/3080/3080 4367/3081/3081
f 4362/3082/3082 4367/3083/3083 4371/3084/3084
f 4367/3085/3085 4372/3086/3086 4371/3087/3087
f 4367/3088/3088 4373/3089/3089 4372/3090/3090
f 4372/3091/3091 4374/3092/3092 4371/3093/3093
f 4362/3094/3094 4371/3095/3095 4375/3096/3096
f 4371/3097/3097 4376/3098/3098 4375/3099/3099
f 4371/3100/3100 4377/3101/3101 4376/3102/3102
f 4376/3103/3103 4378/3104/3104 4375/3105/3105
f 4375/3106/3106 4380/3107/3107 4379/3108/3108
f 4362/3109/3109 4375/3110/3110 4379/3111/3111
f 4381/3112/3112 4362/3113/3113 4379/3114/3114
f 4382/3115/3115 4384/3116/3116 4383/3117/3117
f 4383/3118/3118 4385/3119/3119 4382/3120/3120
f 4386/3121/3121 4383/3122/3122 4384/3123/3123
f 4384/3124/3124 4387/3125/3125 4386/3126/3126
f 4388/3127/3127 4386/3128/3128 4387/3129/3129
f 4387/3130/3130 4389/3131/3131 4388/3132/3132
f 4390/3133/3133 4388/3134/3134 4389/3135/3135
f 4389/3136/3136 4391/3137/3137 4390/3138/3138
f 4392/3139/3139 4390/3140/3140 4391/3141/3141
f 4391/3142/3142 4393/3143/3143 4392/3144/3144
f 4394/3145/3145 4392/3146/3146 4393/3147/3147
f 4393/3148/3148 4395/3149/3149 4394/3150/3150
f 4396/3151/3151 4394/3152/3152 4395/3153/3153
f 4395/3154/3154 4397/3155/3155 4396/3156/3156
f 4398/3157/3157 4396/3158/3158 4397/3159/3159
f 4397/3160/3160 4399/3161/3161 4398/3162/3162
f 4400/3163/3163 4398/3164/3164 4399/3165/3165
f 4399/3166/3166 4401/3167/3167 4400/3168/3168
f 4402/3169/3169 4400/3170/3170 4401/3171/3171
f 4401/3172/3172 4403/3173/3173 4402/3174/3174
f 4404/3175/3175 4406/3176/3176 4405/3177/3177
f 4405/3178/3178 4407/3179/3179 4404/3180/3180
f 4408/3181/3181 4405/3182/3182 4406/3183/3183
f 4406/3184/3184 4409/3185/3185 4408/3186/3186
f 4410/3187/3187 4408/3188/3188 4409/3189/3189
f 4409/3190/3190 4411/3191/3191 4410/3192/3192
f 4412/3193/3193 4410/3194/3194 4411/3195/3195
f 4411/3196/3196 4413/3197/3197 4412/3198/3198
f 4414/3199/3199 4412/3200/3200 4413/3201/3201
f 4413/3202/3202 4415/3203/3203 4414/3204/3204
f 4416/3205/3205 4414/3206/3206 4415/3207/3207
f 4415/3208/3208 4417/3209/3209 4416/3210/3210
f 4418/3211/3211 4416/3212/3212 4417/3213/3213
f 4417/3214/3214 4419/3215/3215 4418/3216/3216
f 4420/3217/3217 4418/3218/3218 4419/3219/3219
f 4419/3220/3220 4421/3221/3221 4420/3222/3222
f 4422/3223/3223 4420/3224/3224 4421/3225/3225
f 4421/3226/3226 4423/3227/3227 4422/3228/3228
f 4424/3229/3229 4422/3230/3230 4423/3231/3231
f 4423/3232/3232 4425/3233/3233 4424/3234/3234
f 4410/3235/3235 4412/3236/3236 4426/3237/3237
f 4412/3238/3238 4414/3239/3239 4427/3240/3240
f 4427/3241/3241 4426/3242/3242 4412/3243/3243
f 4414/3244/3244 4416/3245/3245 4428/3246/3246
f 4428/3247/3247 4427/3248/3248 4414/3249/3249
f 4416/3250/3250 4418/3251/3251 4429/3252/3252
f 4429/3253/3253 4428/3254/3254 4416/3255/3255
f 4418/3256/3256 4420/3257/3257 4430/3258/3258
f 4430/3259/3259 4429/3260/3260 4418/3261/3261
f 4420/3262/3262 4422/3263/3263 4431/3264/3264
f 4431/3265/3265 4430/3266/3266 4420/3267/3267
f 4422/3268/3268 4424/3269/3269 4432/3270/3270
f 4432/3271/3271 4431/3272/3272 4422/3273/3273
f 4426/3274/3274 4433/3275/3275 4410/3276/3276
f 4408/3277/3277 4410/3278/3278 4433/3279/3279
f 4433/3280/3280 4434/3281/3281 4408/3282/3282
f 4405/3283/3283 4408/3284/3284 4434/3285/3285
f 4434/3286/3286 4435/3287/3287 4405/3288/3288
f 4407/3289/3289 4405/3290/3290 4435/3291/3291
f 4435/3292/3292 4436/3293/3293 4407/3294/3294
f 4437/3295/3295 4439/3296/3296 4438/3297/3297
f 4438/3298/3298 4440/3299/3299 4437/3300/3300
f 4441/3301/3301 4438/3302/3302 4439/3303/3303
f 4439/3304/3304 4442/3305/3305 4441/3306/3306
f 4443/3307/3307 4441/3308/3308 4442/3309/3309
f 4442/3310/3310 4444/3311/3311 4443/3312/3312
f 4445/3313/3313 4443/3314/3314 4444/3315/3315
f 4444/3316/3316 4446/3317/3317 4445/3318/3318
f 4447/3319/3319 4445/3320/3320 4446/3321/3321
f 4446/3322/3322 4448/3323/3323 4447/3324/3324
f 4449/3325/3325 4447/3326/3326 4448/3327/3327
f 4448/3328/3328 4450/3329/3329 4449/3330/3330
f 4451/3331/3331 4449/3332/3332 4450/3333/3333
f 4450/3334/3334 4452/3335/3335 4451/3336/3336
f 4453/3337/3337 4451/3338/3338 4452/3339/3339
f 4452/3340/3340 4454/3341/3341 4453/3342/3342
f 4455/3343/3343 4453/3344/3344 4454/3345/3345
f 4454/3346/3346 4456/3347/3347 4455/3348/3348
f 4457/3349/3349 4455/3350/3350 4456/3351/3351
f 4456/3352/3352 4458/3353/3353 4457/3354/3354
f 4459/3355/3355 4461/3356/3356 4460/3357/3357
f 4460/3358/3358 4462/3359/3359 4459/3360/3360
f 4462/3361/3361 4460/3362/3362 4463/3363/3363
f 4463/3364/3364 4464/3365/3365 4462/3366/3366
f 4464/3367/3367 4463/3368/3368 4465/3369/3369
f 4465/3370/3370 4466/3371/3371 4464/3372/3372
f 4466/3373/3373 4465/3374/3374 4467/3375/3375
f 4467/3376/3376 4468/3377/3377 4466/3378/3378
f 4468/3379/3379 4467/3380/3380 4469/3381/3381
f 4469/3382/3382 4470/3383/3383 4468/3384/3384
f 4470/3385/3385 4469/3386/3386 4471/3387/3387
f 4471/3388/3388 4472/3389/3389 4470/3390/3390
f 4472/3391/3391 4471/3392/3392 4473/3393/3393
f 4473/3394/3394 4474/3395/3395 4472/3396/3396
f 4474/3397/3397 4473/3398/3398 4475/3399/3399
f 4475/3400/3400 4476/3401/3401 4474/3402/3402
f 4476/3403/3403 4475/3404/3404 4477/3405/3405
f 4477/3406/3406 4478/3407/3407 4476/3408/3408
f 4478/3409/3409 4477/3410/3410 4479/3411/3411
f 4479/3412/3412 4480/3413/3413 4478/3414/3414
f 4481/3415/3415 4483/3416/3416 4482/3417/3417
f 4482/3418/3418 4484/3419/3419 4481/3420/3420
f 4484/3421/3421 4482/3422/3422 4485/3423/3423
f 4485/3424/3424 4486/3425/3425 4484/3426/3426
f 4486/3427/3427 4485/3428/3428 4487/3429/3429
f 4487/3430/3430 4488/3431/3431 4486/3432/3432
f 4488/3433/3433 4487/3434/3434 4489/3435/3435
f 4489/3436/3436 4490/3437/3437 4488/3438/3438
f 4490/3439/3439 4489/3440/3440 4491/3441/3441
f 4491/3442/3442 4492/3443/3443 4490/3444/3444
f 4492/3445/3445 4491/3446/3446 4493/3447/3447
f 4493/3448/3448 4494/3449/3449 4492/3450/3450
f 4494/3451/3451 4493/3452/3452 4495/3453/3453
f 4495/3454/3454 4496/3455/3455 4494/3456/3456
f 4496/3457/3457 4495/3458/3458 4497/3459/3459
f 4497/3460/3460 4498/3461/3461 4496/3462/3462
f 4498/3463/3463 4497/3464/3464 4499/3465/3465
f 4499/3466/3466 4500/3467/3467 4498/3468/3468
f 4500/3469/3469 4499/3470/3470 4501/3471/3471
f 4501/3472/3472 4502/3473/3473 4500/3474/3474
f 4503/3475/3475 4489/3476/3476 4487/3477/3477
f 4487/3478/3478 4504/3479/3479 4503/3480/3480
f 4504/3481/3481 4487/3482/3482 4485/3483/3483
f 4485/3484/3484 4505/3485/3485 4504/3486/3486
f 4505/3487/3487 4485/3488/3488 4482/3489/3489
f 4482/3490/3490 4506/3491/3491 4505/3492/3492
f 4506/3493/3493 4482/3494/3494 4483/3495/3495
f 4483/3496/3496 4507/3497/3497 4506/3498/3498
f 4508/3499/3499 4499/3500/3500 4497/3501/3501
f 4497/3502/3502 4509/3503/3503 4508/3504/3504
f 4499/3505/3505 4508/3506/3506 4510/3507/3507
f 4510/3508/3508 4501/3509/3509 4499/3510/3510
f 4489/3511/3511 4503/3512/3512 4511/3513/3513
f 4511/3514/3514 4491/3515/3515 4489/3516/3516
f 4491/3517/3517 4511/3518/3518 4512/3519/3519
f 4512/3520/3520 4493/3521/3521 4491/3522/3522
f 4493/3523/3523 4512/3524/3524 4513/3525/3525
f 4513/3526/3526 4495/3527/3527 4493/3528/3528
f 4495/3529/3529 4513/3530/3530 4509/3531/3531
f 4509/3532/3532 4497/3533/3533 4495/3534/3534
f 4514/3535/3535 4516/3536/3536 4515/3537/3537
f 4515/3538/3538 4517/3539/3539 4514/3540/3540
f 4517/3541/3541 4515/3542/3542 4518/3543/3543
f 4518/3544/3544 4519/3545/3545 4517/3546/3546
f 4519/3547/3547 4518/3548/3548 4520/3549/3549
f 4520/3550/3550 4521/3551/3551 4519/3552/3552
f 4521/3553/3553 4520/3554/3554 4522/3555/3555
f 4522/3556/3556 4523/3557/3557 4521/3558/3558
f 4523/3559/3559 4522/3560/3560 4524/3561/3561
f 4524/3562/3562 4525/3563/3563 4523/3564/3564
f 4525/3565/3565 4524/3566/3566 4526/3567/3567
f 4526/3568/3568 4527/3569/3569 4525/3570/3570
f 4527/3571/3571 4526/3572/3572 4528/3573/3573
f 4528/3574/3574 4529/3575/3575 4527/3576/3576
f 4529/3577/3577 4528/3578/3578 4530/3579/3579
f 4530/3580/3580 4531/3581/3581 4529/3582/3582
f 4531/3583/3583 4530/3584/3584 4532/3585/3585
f 4532/3586/3586 4533/3587/3587 4531/3588/3588
f 4533/3589/3589 4532/3590/3590 4534/3591/3591
f 4534/3592/3592 4535/3593/3593 4533/3594/3594
f 4536/3595/3595 4538/3596/3596 4537/3597/3597
f 4536/3598/3598 4537/3599/3599 4539/3600/3600
f 4537/3601/3601 4540/3602/3602 4539/3603/3603
f 4537/3604/3604 4541/3605/3605 4540/3606/3606
f 4537/3607/3607 4542/3608/3608 4541/3609/3609
f 4541/3610/3610 4543/3611/3611 4540/3612/3612
f 4540/3613/3613 4544/3614/3614 4539/3615/3615
f 4540/3616/3616 4545/3617/3617 4544/3618/3618
f 4540/3619/3619 4546/3620/3620 4545/3621/3621
f 4545/3622/3622 4547/3623/3623 4544/3624/3624
f 4544/3625/3625 4548/3626/3626 4539/3627/3627
f 4544/3628/3628 4549/3629/3629 4548/3630/3630
f 4544/3631/3631 4550/3632/3632 4549/3633/3633
f 4549/3634/3634 4551/3635/3635 4548/3636/3636
f 4548/3637/3637 4552/3638/3638 4539/3639/3639
f 4548/3640/3640 4553/3641/3641 4552/3642/3642
f 4552/3643/3643 4554/3644/3644 4539/3645/3645
f 4555/3646/3646 4536/3647/3647 4539/3648/3648
f 4556/3649/3649 4558/3650/3650 4557/3651/3651
f 4557/3652/3652 4559/3653/3653 4556/3654/3654
f 4559/3655/3655 4557/3656/3656 4560/3657/3657
f 4560/3658/3658 4561/3659/3659 4559/3660/3660
f 4561/3661/3661 4560/3662/3662 4562/3663/3663
f 4562/3664/3664 4563/3665/3665 4561/3666/3666
f 4563/3667/3667 4562/3668/3668 4564/3669/3669
f 4564/3670/3670 4565/3671/3671 4563/3672/3672
f 4565/3673/3673 4564/3674/3674 4566/3675/3675
f 4566/3676/3676 4567/3677/3677 4565/3678/3678
f 4567/3679/3679 4566/3680/3680 4568/3681/3681
f 4568/3682/3682 4569/3683/3683 4567/3684/3684
f 4569/3685/3685 4568/3686/3686 4570/3687/3687
f 4570/3688/3688 4571/3689/3689 4569/3690/3690
f 4571/3691/3691 4570/3692/3692 4572/3693/3693
f 4572/3694/3694 4573/3695/3695 4571/3696/3696
f 4573/3697/3697 4572/3698/3698 4574/3699/3699
f 4574/3700/3700 4575/3701/3701 4573/3702/3702
f 4575/3703/3703 4574/3704/3704 4576/3705/3705
f 4576/3706/3706 4577/3707/3707 4575/3708/3708
f 4578/3709/3709 4580/3710/3710 4579/3711/3711
f 4579/3712/3712 4581/3713/3713 4578/3714/3714
f 4581/3715/3715 4579/3716/3716 4582/3717/3717
f 4582/3718/3718 4583/3719/3719 4581/3720/3720
f 4583/3721/3721 4582/3722/3722 4584/3723/3723
f 4584/3724/3724 4585/3725/3725 4583/3726/3726
f 4585/3727/3727 4584/3728/3728 4586/3729/3729
f 4586/3730/3730 4587/3731/3731 4585/3732/3732
f 4587/3733/3733 4586/3734/3734 4588/3735/3735
f 4588/3736/3736 4589/3737/3737 4587/3738/3738
f 4589/3739/3739 4588/3740/3740 4590/3741/3741
f 4590/3742/3742 4591/3743/3743 4589/3744/3744
f 4591/3745/3745 4590/3746/3746 4592/3747/3747
f 4592/3748/3748 4593/3749/3749 4591/3750/3750
f 4593/3751/3751 4592/3752/3752 4594/3753/3753
f 4594/3754/3754 4595/3755/3755 4593/3756/3756
f 4595/3757/3757 4594/3758/3758 4596/3759/3759
f 4596/3760/3760 4597/3761/3761 4595/3762/3762
f 4597/3763/3763 4596/3764/3764 4598/3765/3765
f 4598/3766/3766 4599/3767/3767 4597/3768/3768
f 4600/3769/3769 4586/3770/3770 4584/3771/3771
f 4584/3772/3772 4601/3773/3773 4600/3774/3774
f 4601/3775/3775 4584/3776/3776 4582/3777/3777
f 4582/3778/3778 4602/3779/3779 4601/3780/3780
f 4602/3781/3781 4582/3782/3782 4579/3783/3783
f 4579/3784/3784 4603/3785/3785 4602/3786/3786
f 4603/3787/3787 4579/3788/3788 4580/3789/3789
f 4580/3790/3790 4604/3791/3791 4603/3792/3792
f 4605/3793/3793 4596/3794/3794 4594/3795/3795
f 4594/3796/3796 4606/3797/3797 4605/3798/3798
f 4596/3799/3799 4605/3800/3800 4607/3801/3801
f 4607/3802/3802 4598/3803/3803 4596/3804/3804
f 4586/3805/3805 4600/3806/3806 4608/3807/3807
f 4608/3808/3808 4588/3809/3809 4586/3810/3810
f 4588/3811/3811 4608/3812/3812 4609/3813/3813
f 4609/3814/3814 4590/3815/3815 4588/3816/3816
f 4590/3817/3817 4609/3818/3818 4610/3819/3819
f 4610/3820/3820 4592/3821/3821 4590/3822/3822
f 4592/3823/3823 4610/3824/3824 4606/3825/3825
f 4606/3826/3826 4594/3827/3827 4592/3828/3828
f 4611/3829/3829 4613/3830/3830 4612/3831/3831
f 4612/3832/3832 4614/3833/3833 4611/3834/3834
f 4614/3835/3835 4612/3836/3836 4615/3837/3837
f 4615/3838/3838 4616/3839/3839 4614/3840/3840
f 4616/3841/3841 4615/3842/3842 4617/3843/3843
f 4617/3844/3844 4618/3845/3845 4616/3846/3846
f 4618/3847/3847 4617/3848/3848 4619/3849/3849
f 4619/3850/3850 4620/3851/3851 4618/3852/3852
f 4620/3853/3853 4619/3854/3854 4621/3855/3855
f 4621/3856/3856 4622/3857/3857 4620/3858/3858
f 4622/3859/3859 4621/3860/3860 4623/3861/3861
f 4623/3862/3862 4624/3863/3863 4622/3864/3864
f 4624/3865/3865 4623/3866/3866 4625/3867/3867
f 4625/3868/3868 4626/3869/3869 4624/3870/3870
f 4626/3871/3871 4625/3872/3872 4627/3873/3873
f 4627/3874/3874 4628/3875/3875 4626/3876/3876
f 4628/3877/3877 4627/3878/3878 4629/3879/3879
f 4629/3880/3880 4630/3881/3881 4628/3882/3882
f 4630/3883/3883 4629/3884/3884 4631/3885/3885
f 4631/3886/3886 4632/3887/3887 4630/3888/3888
f 4633/3889/3889 4635/3890/3890 4634/3891/3891
f 4634/3892/3892 4636/3893/3893 4633/3894/3894
f 4637/3895/3895 4634/3896/3896 4635/3897/3897
f 4635/3898/3898 4638/3899/3899 4637/3900/3900
f 4639/3901/3901 4637/3902/3902 4638/3903/3903
f 4638/3904/3904 4640/3905/3905 4639/3906/3906
f 4641/3907/3907 4639/3908/3908 4640/3909/3909
f 4640/3910/3910 4642/3911/3911 4641/3912/3912
f 4643/3913/3913 4641/3914/3914 4642/3915/3915
f 4642/3916/3916 4644/3917/3917 4643/3918/3918
f 4645/3919/3919 4643/3920/3920 4644/3921/3921
f 4644/3922/3922 4646/3923/3923 4645/3924/3924
f 4647/3925/3925 4645/3926/3926 4646/3927/3927
f 4646/3928/3928 4648/3929/3929 4647/3930/3930
f 4649/3931/3931 4647/3932/3932 4648/3933/3933
f 4648/3934/3934 4650/3935/3935 4649/3936/3936
f 4651/3937/3937 4649/3938/3938 4650/3939/3939
f 4650/3940/3940 4652/3941/3941 4651/3942/3942
f 4653/3943/3943 4651/3944/3944 4652/3945/3945
f 4652/3946/3946 4654/3947/3947 4653/3948/3948
f 4655/3949/3949 4657/3950/3950 4656/3951/3951
f 4656/3952/3952 4658/3953/3953 4655/3954/3954
f 4659/3955/3955 4656/3956/3956 4657/3957/3957
f 4657/3958/3958 4660/3959/3959 4659/3960/3960
f 4661/3961/3961 4659/3962/3962 4660/3963/3963
f 4660/3964/3964 4662/3965/3965 4661/3966/3966
f 4663/3967/3967 4661/3968/3968 4662/3969/3969
f 4662/3970/3970 4664/3971/3971 4663/3972/3972
f 4665/3973/3973 4663/3974/3974 4664/3975/3975
f 4664/3976/3976 4666/3977/3977 4665/3978/3978
f 4667/3979/3979 4665/3980/3980 4666/3981/3981
f 4666/3982/3982 4668/3983/3983 4667/3984/3984
f 4669/3985/3985 4667/3986/3986 4668/3987/3987
f 4668/3988/3988 4670/3989/3989 4669/3990/3990
f 4671/3991/3991 4669/3992/3992 4670/3993/3993
f 4670/3994/3994 4672/3995/3995 4671/3996/3996
f 4673/3997/3997 4671/3998/3998 4672/3999/3999
f 4672/4000/4000 4674/4001/4001 4673/4002/4002
f 4675/4003/4003 4673/4004/4004 4674/4005/4005
f 4674/4006/4006 4676/4007/4007 4675/4008/4008
f 4661/4009/4009 4663/4010/4010 4677/4011/4011
f 4663/4012/4012 4665/4013/4013 4678/4014/4014
f 4678/4015/4015 4677/4016/4016 4663/4017/4017
f 4665/4018/4018 4667/4019/4019 4679/4020/4020
f 4679/4021/4021 4678/4022/4022 4665/4023/4023
f 4667/4024/4024 4669/4025/4025 4680/4026/4026
f 4680/4027/4027 4679/4028/4028 4667/4029/4029
f 4669/4030/4030 4671/4031/4031 4681/4032/4032
f 4681/4033/4033 4680/4034/4034 4669/4035/4035
f 4671/4036/4036 4673/4037/4037 4682/4038/4038
f 4682/4039/4039 4681/4040/4040 4671/4041/4041
f 4673/4042/4042 4675/4043/4043 4683/4044/4044
f 4683/4045/4045 4682/4046/4046 4673/4047/4047
f 4677/4048/4048 4684/4049/4049 4661/4050/4050
f 4659/4051/4051 4661/4052/4052 4684/4053/4053
f 4684/4054/4054 4685/4055/4055 4659/4056/4056
f 4656/4057/4057 4659/4058/4058 4685/4059/4059
f 4685/4060/4060 4686/4061/4061 4656/4062/4062
f 4658/4063/4063 4656/4064/4064 4686/4065/4065
f 4686/4066/4066 4687/4067/4067 4658/4068/4068
f 4688/4069/4069 4690/4070/4070 4689/4071/4071
f 4689/4072/4072 4691/4073/4073 4688/4074/4074
f 4692/4075/4075 4689/4076/4076 4690/4077/4077
f 4690/4078/4078 4693/4079/4079 4692/4080/4080
f 4694/4081/4081 4692/4082/4082 4693/4083/4083
f 4693/4084/4084 4695/4085/4085 4694/4086/4086
f 4696/4087/4087 4694/4088/4088 4695/4089/4089
f 4695/4090/4090 4697/4091/4091 4696/4092/4092
f 4698/4093/4093 4696/4094/4094 4697/4095/4095
f 4697/4096/4096 4699/4097/4097 4698/4098/4098
f 4700/4099/4099 4698/4100/4100 4699/4101/4101
f 4699/4102/4102 4701/4103/4103 4700/4104/4104
f 4702/4105/4105 4700/4106/4106 4701/4107/4107
f 4701/4108/4108 4703/4109/4109 4702/4110/4110
f 4704/4111/4111 4702/4112/4112 4703/4113/4113
f 4703/4114/4114 4705/4115/4115 4704/4116/4116
f 4706/4117/4117 4704/4118/4118 4705/4119/4119
f 4705/4120/4120 4707/4121/4121 4706/4122/4122
f 4708/4123/4123 4706/4124/4124 4707/4125/4125
f 4707/4126/4126 4709/4127/4127 4708/4128/4128
f 4710/4129/4129 4712/4130/4130 4711/4131/4131
f 4710/4132/4132 4711/4133/4133 4713/4134/4134
f 4711/4135/4135 4714/4136/4136 4713/4137/4137
f 4710/4138/4138 4713/4139/4139 4715/4140/4140
f 4713/4141/4141 4716/4142/4142 4715/4143/4143
f 4713/4144/4144 4717/4145/4145 4716/4146/4146
f 4716/4147/4147 4718/4148/4148 4715/4149/4149
f 4710/4150/4150 4715/4151/4151 4719/4152/4152
f 4715/4153/4153 4720/4154/4154 4719/4155/4155
f 4715/4156/4156 4721/4157/4157 4720/4158/4158
f 4720/4159/4159 4722/4160/4160 4719/4161/4161
f 4710/4162/4162 4719/4163/4163 4723/4164/4164
f 4719/4165/4165 4724/4166/4166 4723/4167/4167
f 4719/4168/4168 4725/4169/4169 4724/4170/4170
f 4724/4171/4171 4726/4172/4172 4723/4173/4173
f 4723/4174/4174 4728/4175/4175 4727/4176/4176
f 4710/4177/4177 4723/4178/4178 4727/4179/4179
f 4729/4180/4180 4710/4181/4181 4727/4182/4182
f 4730/4183/4183 4732/4184/4184 4731/4185/4185
f 4731/4186/4186 4733/4187/4187 4730/4188/4188
f 4734/4189/4189 4731/4190/4190 4732/4191/4191
f 4732/4192/4192 4735/4193/4193 4734/4194/4194
f 4736/4195/4195 4734/4196/4196 4735/4197/4197
f 4735/4198/4198 4737/4199/4199 4736/4200/4200
f 4738/4201/4201 4736/4202/4202 4737/4203/4203
f 4737/4204/4204 4739/4205/4205 4738/4206/4206
f 4740/4207/4207 4738/4208/4208 4739/4209/4209
f 4739/4210/4210 4741/4211/4211 4740/4212/4212
f 4742/4213/4213 4740/4214/4214 4741/4215/4215
f 4741/4216/4216 4743/4217/4217 4742/4218/4218
f 4744/4219/4219 4742/4220/4220 4743/4221/4221
f 4743/4222/4222 4745/4223/4223 4744/4224/4224
f 4746/4225/4225 4744/4226/4226 4745/4227/4227
f 4745/4228/4228 4747/4229/4229 4746/4230/4230
f 4748/4231/4231 4746/4232/4232 4747/4233/4233
f 4747/4234/4234 4749/4235/4235 4748/4236/4236
f 4750/4237/4237 4748/4238/4238 4749/4239/4239
f 4749/4240/4240 4751/4241/4241 4750/4242/4242
f 4752/4243/4243 4754/4244/4244 4753/4245/4245
f 4753/4246/4246 4755/4247/4247 4752/4248/4248
f 4756/4249/4249 4753/4250/4250 4754/4251/4251
f 4754/4252/4252 4757/4253/4253 4756/4254/4254
f 4758/4255/4255 4756/4256/4256 4757/4257/4257
f 4757/4258/4258 4759/4259/4259 4758/4260/4260
f 4760/4261/4261 4758/4262/4262 4759/4263/4263
f 4759/4264/4264 4761/4265/4265 4760/4266/4266
f 4762/4267/4267 4760/4268/4268 4761/4269/4269
f 4761/4270/4270 4763/4271/4271 4762/4272/4272
f 4764/4273/4273 4762/4274/4274 4763/4275/4275
f 4763/4276/4276 4765/4277/4277 4764/4278/4278
f 4766/4279/4279 4764/4280/4280 4765/4281/4281
f 4765/4282/4282 4767/4283/4283 4766/4284/4284
f 4768/4285/4285 4766/4286/4286 4767/4287/4287
f 4767/4288/4288 4769/4289/4289 4768/4290/4290
f 4770/4291/4291 4768/4292/4292 4769/4293/4293
f 4769/4294/4294 4771/4295/4295 4770/4296/4296
f 4772/4297/4297 4770/4298/4298 4771/4299/4299
f 4771/4300/4300 4773/4301/4301 4772/4302/4302
f 4758/4303/4303 4760/4304/4304 4774/4305/4305
f 4760/4306/4306 4762/4307/4307 4775/4308/4308
f 4775/4309/4309 4774/4310/4310 4760/4311/4311
f 4762/4312/4312 4764/4313/4313 4776/4314/4314
f 4776/4315/4315 4775/4316/4316 4762/4317/4317
f 4764/4318/4318 4766/4319/4319 4777/4320/4320
f 4777/4321/4321 4776/4322/4322 4764/4323/4323
f 4766/4324/4324 4768/4325/4325 4778/4326/4326
f 4778/4327/4327 4777/4328/4328 4766/4329/4329
f 4768/4330/4330 4770/4331/4331 4779/4332/4332
f 4779/4333/4333 4778/4334/4334 4768/4335/4335
f 4770/4336/4336 4772/4337/4337 4780/4338/4338
f 4780/4339/4339 4779/4340/4340 4770/4341/4341
f 4774/4342/4342 4781/4343/4343 4758/4344/4344
f 4756/4345/4345 4758/4346/4346 4781/4347/4347
f 4781/4348/4348 4782/4349/4349 4756/4350/4350
f 4753/4351/4351 4756/4352/4352 4782/4353/4353
f 4782/4354/4354 4783/4355/4355 4753/4356/4356
f 4755/4357/4357 4753/4358/4358 4783/4359/4359
f 4783/4360/4360 4784/4361/4361 4755/4362/4362
f 4785/4363/4363 4787/4364/4364 4786/4365/4365
f 4786/4366/4366 4788/4367/4367 4785/4368/4368
f 4789/4369/4369 4786/4370/4370 4787/4371/4371
f 4787/4372/4372 4790/4373/4373 4789/4374/4374
f 4791/4375/4375 4789/4376/4376 4790/4377/4377
f 4790/4378/4378 4792/4379/4379 4791/4380/4380
f 4793/4381/4381 4791/4382/4382 4792/4383/4383
f 4792/4384/4384 4794/4385/4385 4793/4386/4386
f 4795/4387/4387 4793/4388/4388 4794/4389/4389
f 4794/4390/4390 4796/4391/4391 4795/4392/4392
f 4797/4393/4393 4795/4394/4394 4796/4395/4395
f 4796/4396/4396 4798/4397/4397 4797/4398/4398
f 4799/4399/4399 4797/4400/4400 4798/4401/4401
f 4798/4402/4402 4800/4403/4403 4799/4404/4404
f 4801/4405/4405 4799/4406/4406 4800/4407/4407
f 4800/4408/4408 4802/4409/4409 4801/4410/4410
f 4803/4411/4411 4801/4412/4412 4802/4413/4413
f 4802/4414/4414 4804/4415/4415 4803/4416/4416
f 4805/4417/4417 4803/4418/4418 4804/4419/4419
f 4804/4420/4420 4806/4421/4421 4805/4422/4422
f 4807/4423/4423 4809/4424/4424 4808/4425/4425
f 4808/4426/4426 4810/4427/4427 4807/4428/4428
f 4810/4429/4429 4808/4430/4430 4811/4431/4431
f 4811/4432/4432 4812/4433/4433 4810/4434/4434
f 4812/4435/4435 4811/4436/4436 4813/4437/4437
f 4813/4438/4438 4814/4439/4439 4812/4440/4440
f 4814/4441/4441 4813/4442/4442 4815/4443/4443
f 4815/4444/4444 4816/4445/4445 4814/4446/4446
f 4816/4447/4447 4815/4448/4448 4817/4449/4449
f 4817/4450/4450 4818/4451/4451 4816/4452/4452
f 4818/4453/4453 4817/4454/4454 4819/4455/4455
f 4819/4456/4456 4820/4457/4457 4818/4458/4458
f 4820/4459/4459 4819/4460/4460 4821/4461/4461
f 4821/4462/4462 4822/4463/4463 4820/4464/4464
f 4822/4465/4465 4821/4466/4466 4823/4467/4467
f 4823/4468/4468 4824/4469/4469 4822/4470/4470
f 4824/4471/4471 4823/4472/4472 4825/4473/4473
f 4825/4474/4474 4826/4475/4475 4824/4476/4476
f 4826/4477/4477 4825/4478/4478 4827/4479/4479
f 4827/4480/4480 4828/4481/4481 4826/4482/4482
f 4829/4483/4483 4831/4484/4484 4830/4485/4485
f 4830/4486/4486 4832/4487/4487 4829/4488/4488
f 4832/4489/4489 4830/4490/4490 4833/4491/4491
f 4833/4492/4492 4834/4493/4493 4832/4494/4494
f 4834/4495/4495 4833/4496/4496 4835/4497/4497
f 4835/4498/4498 4836/4499/4499 4834/4500/4500
f 4836/4501/4501 4835/4502/4502 4837/4503/4503
f 4837/4504/4504 4838/4505/4505 4836/4506/4506
f 4838/4507/4507 4837/4508/4508 4839/4509/4509
f 4839/4510/4510 4840/4511/4511 4838/4512/4512
f 4840/4513/4513 4839/4514/4514 4841/4515/4515
f 4841/4516/4516 4842/4517/4517 4840/4518/4518
f 4842/4519/4519 4841/4520/4520 4843/4521/4521
f 4843/4522/4522 4844/4523/4523 4842/4524/4524
f 4844/4525/4525 4843/4526/4526 4845/4527/4527
f 4845/4528/4528 4846/4529/4529 4844/4530/4530
f 4846/4531/4531 4845/4532/4532 4847/4533/4533
f 4847/4534/4534 4848/4535/4535 4846/4536/4536
f 4848/4537/4537 4847/4538/4538 4849/4539/4539
f 4849/4540/4540 4850/4541/4541 4848/4542/4542
f 4851/4543/4543 4837/4544/4544 4835/4545/4545
f 4835/4546/4546 4852/4547/4547 4851/4548/4548
f 4852/4549/4549 4835/4550/4550 4833/4551/4551
f 4833/4552/4552 4853/4553/4553 4852/4554/4554
f 4853/4555/4555 4833/4556/4556 4830/4557/4557
f 4830/4558/4558 4854/4559/4559 4853/4560/4560
f 4854/4561/4561 4830/4562/4562 4831/4563/4563
f 4831/4564/4564 4855/4565/4565 4854/4566/4566
f 4856/4567/4567 4847/4568/4568 4845/4569/4569
f 4845/4570/4570 4857/4571/4571 4856/4572/4572
f 4847/4573/4573 4856/4574/4574 4858/4575/4575
f 4858/4576/4576 4849/4577/4577 4847/4578/4578
f 4837/4579/4579 4851/4580/4580 4859/4581/4581
f 4859/4582/4582 4839/4583/4583 4837/4584/4584
f 4839/4585/4585 4859/4586/4586 4860/4587/4587
f 4860/4588/4588 4841/4589/4589 4839/4590/4590
f 4841/4591/4591 4860/4592/4592 4861/4593/4593
f 4861/4594/4594 4843/4595/4595 4841/4596/4596
f 4843/4597/4597 4861/4598/4598 4857/4599/4599
f 4857/4600/4600 4845/4601/4601 4843/4602/4602
f 4862/4603/4603 4864/4604/4604 4863/4605/4605
f 4863/4606/4606 4865/4607/4607 4862/4608/4608
f 4865/4609/4609 4863/4610/4610 4866/4611/4611
f 4866/4612/4612 4867/4613/4613 4865/4614/4614
f 4867/4615/4615 4866/4616/4616 4868/4617/4617
f 4868/4618/4618 4869/4619/4619 4867/4620/4620
f 4869/4621/4621 4868/4622/4622 4870/4623/4623
f 4870/4624/4624 4871/4625/4625 4869/4626/4626
f 4871/4627/4627 4870/4628/4628 4872/4629/4629
f 4872/4630/4630 4873/4631/4631 4871/4632/4632
f 4873/4633/4633 4872/4634/4634 4874/4635/4635
f 4874/4636/4636 4875/4637/4637 4873/4638/4638
f 4875/4639/4639 4874/4640/4640 4876/4641/4641
f 4876/4642/4642 4877/4643/4643 4875/4644/4644
f 4877/4645/4645 4876/4646/4646 4878/4647/4647
f 4878/4648/4648 4879/4649/4649 4877/4650/4650
f 4879/4651/4651 4878/4652/4652 4880/4653/4653
f 4880/4654/4654 4881/4655/4655 4879/4656/4656
f 4881/4657/4657 4880/4658/4658 4882/4659/4659
f 4882/4660/4660 4883/4661/4661 4881/4662/4662
f 4884/4663/4663 4886/4664/4664 4885/4665/4665
f 4884/4666/4666 4885/4667/4667 4887/4668/4668
f 4885/4669/4669 4888/4670/4670 4887/4671/4671
f 4885/4672/4672 4889/4673/4673 4888/4674/4674
f 4885/4675/4675 4890/4676/4676 4889/4677/4677
f 4889/4678/4678 4891/4679/4679 4888/4680/4680
f 4888/4681/4681 4892/4682/4682 4887/4683/4683
f 4888/4684/4684 4893/4685/4685 4892/4686/4686
f 4888/4687/4687 4894/4688/4688 4893/4689/4689
f 4893/4690/4690 4895/4691/4691 4892/4692/4692
f 4892/4693/4693 4896/4694/4694 4887/4695/4695
f 4892/4696/4696 4897/4697/4697 4896/4698/4698
f 4892/4699/4699 4898/4700/4700 4897/4701/4701
f 4897/4702/4702 4899/4703/4703 4896/4704/4704
f 4896/4705/4705 4900/4706/4706 4887/4707/4707
f 4896/4708/4708 4901/4709/4709 4900/4710/4710
f 4900/4711/4711 4902/4712/4712 4887/4713/4713
f 4903/4714/4714 4884/4715/4715 4887/4716/4716
f 4904/4717/4717 4906/4718/4718 4905/4719/4719
f 4905/4720/4720 4907/4721/4721 4904/4722/4722
f 4907/4723/4723 4905/4724/4724 4908/4725/4725
f 4908/4726/4726 4909/4727/4727 4907/4728/4728
f 4909/4729/4729 4908/4730/4730 4910/4731/4731
f 4910/4732/4732 4911/4733/4733 4909/4734/4734
f 4911/4735/4735 4910/4736/4736 4912/4737/4737
f 4912/4738/4738 4913/4739/4739 4911/4740/4740
f 4913/4741/4741 4912/4742/4742 4914/4743/4743
f 4914/4744/4744 4915/4745/4745 4913/4746/4746
f 4915/4747/4747 4914/4748/4748 4916/4749/4749
f 4916/4750/4750 4917/4751/4751 4915/4752/4752
f 4917/4753/4753 4916/4754/4754 4918/4755/4755
f 4918/4756/4756 4919/4757/4757 4917/4758/4758
f 4919/4759/4759 4918/4760/4760 4920/4761/4761
f 4920/4762/4762 4921/4763/4763 4919/4764/4764
f 4921/4765/4765 4920/4766/4766 4922/4767/4767
f 4922/4768/4768 4923/4769/4769 4921/4770/4770
f 4923/4771/4771 4922/4772/4772 4924/4773/4773
f 4924/4774/4774 4925/4775/4775 4923/4776/4776
f 4926/4777/4777 4928/4778/4778 4927/4779/4779
f 4927/4780/4780 4929/4781/4781 4926/4782/4782
f 4929/4783/4783 4927/4784/4784 4930/4785/4785
f 4930/4786/4786 4931/4787/4787 4929/4788/4788
f 4931/4789/4789 4930/4790/4790 4932/4791/4791
f 4932/4792/4792 4933/4793/4793 4931/4794/4794
f 4933/4795/4795 4932/4796/4796 4934/4797/4797
f 4934/4798/4798 4935/4799/4799 4933/4800/4800
f 4935/4801/4801 4934/4802/4802 4936/4803/4803
f 4936/4804/4804 4937/4805/4805 4935/4806/4806
f 4937/4807/4807 4936/4808/4808 4938/4809/4809
f 4938/4810/4810 4939/4811/4811 4937/4812/4812
f 4939/4813/4813 4938/4814/4814 4940/4815/4815
f 4940/4816/4816 4941/4817/4817 4939/4818/4818
f 4941/4819/4819 4940/4820/4820 4942/4821/4821
f 4942/4822/4822 4943/4823/4823 4941/4824/4824
f 4943/4825/4825 4942/4826/4826 4944/4827/4827
f 4944/4828/4828 4945/4829/4829 4943/4830/4830
f 4945/4831/4831 4944/4832/4832 4946/4833/4833
f 4946/4834/4834 4947/4835/4835 4945/4836/4836
f 4948/4837/4837 4934/4838/4838 4932/4839/4839
f 4932/4840/4840 4949/4841/4841 4948/4842/4842
f 4949/4843/4843 4932/4844/4844 4930/4845/4845
f 4930/4846/4846 4950/4847/4847 4949/4848/4848
f 4950/4849/4849 4930/4850/4850 4927/4851/4851
f 4927/4852/4852 4951/4853/4853 4950/4854/4854
f 4951/4855/4855 4927/4856/4856 4928/4857/4857
f 4928/4858/4858 4952/4859/4859 4951/4860/4860
f 4953/4861/4861 4944/4862/4862 4942/4863/4863
f 4942/4864/4864 4954/4865/4865 4953/4866/4866
f 4944/4867/4867 4953/4868/4868 4955/4869/4869
f 4955/4870/4870 4946/4871/4871 4944/4872/4872
f 4934/4873/4873 4948/4874/4874 4956/4875/4875
f 4956/4876/4876 4936/4877/4877 4934/4878/4878
f 4936/4879/4879 4956/4880/4880 4957/4881/4881
f 4957/4882/4882 4938/4883/4883 4936/4884/4884
f 4938/4885/4885 4957/4886/4886 4958/4887/4887
f 4958/4888/4888 4940/4889/4889 4938/4890/4890
f 4940/4891/4891 4958/4892/4892 4954/4893/4893
f 4954/4894/4894 4942/4895/4895 4940/4896/4896
f 4959/4897/4897 4961/4898/4898 4960/4899/4899
f 4960/4900/4900 4962/4901/4901 4959/4902/4902
f 4962/4903/4903 4960/4904/4904 4963/4905/4905
f 4963/4906/4906 4964/4907/4907 4962/4908/4908
f 4964/4909/4909 4963/4910/4910 4965/4911/4911
f 4965/4912/4912 4966/4913/4913 4964/4914/4914
f 4966/4915/4915 4965/4916/4916 4967/4917/4917
f 4967/4918/4918 4968/4919/4919 4966/4920/4920
f 4968/4921/4921 4967/4922/4922 4969/4923/4923
f 4969/4924/4924 4970/4925/4925 4968/4926/4926
f 4970/4927/4927 4969/4928/4928 4971/4929/4929
f 4971/4930/4930 4972/4931/4931 4970/4932/4932
f 4972/4933/4933 4971/4934/4934 4973/4935/4935
f 4973/4936/4936 4974/4937/4937 4972/4938/4938
f 4974/4939/4939 4973/4940/4940 4975/4941/4941
f 4975/4942/4942 4976/4943/4943 4974/4944/4944
f 4976/4945/4945 4975/4946/4946 4977/4947/4947
f 4977/4948/4948 4978/4949/4949 4976/4950/4950
f 4978/4951/4951 4977/4952/4952 4979/4953/4953
f 4979/4954/4954 4980/4955/4955 4978/4956/4956
f 4981/4957/4957 4983/4958/4958 4982/4959/4959
f 4982/4960/4960 4984/4961/4961 4981/4962/4962
f 4985/4963/4963 4982/4964/4964 4983/4965/4965
f 4983/4966/4966 4986/4967/4967 4985/4968/4968
f 4987/4969/4969 4985/4970/4970 4986/4971/4971
f 4986/4972/4972 4988/4973/4973 4987/4974/4974
f 4989/4975/4975 4987/4976/4976 4988/4977/4977
f 4988/4978/4978 4990/4979/4979 4989/4980/4980
f 4991/4981/4981 4989/4982/4982 4990/4983/4983
f 4990/4984/4984 4992/4985/4985 4991/4986/4986
f 4993/4987/4987 4991/4988/4988 4992/4989/4989
f 4992/4990/4990 4994/4991/4991 4993/4992/4992
f 4995/4993/4993 4993/4994/4994 4994/4995/4995
f 4994/4996/4996 4996/4997/4997 4995/4998/4998
f 4997/4999/4999 4995/5000/5000 4996/5001/5001
f 4996/5002/5002 4998/5003/5003 4997/5004/5004
f 4999/5005/5005 4997/5006/5006 4998/5007/5007
f 4998/5008/5008 5000/5009/5009 4999/5010/5010
f 5001/5011/5011 4999/5012/5012 5000/5013/5013
f 5000/5014/5014 5002/5015/5015 5001/5016/5016
f 5003/5017/5017 5005/5018/5018 5004/5019/5019
f 5004/5020/5020 5006/5021/5021 5003/5022/5022
f 5007/5023/5023 5004/5024/5024 5005/5025/5025
f 5005/5026/5026 5008/5027/5027 5007/5028/5028
f 5009/5029/5029 5007/5030/5030 5008/5031/5031
f 5008/5032/5032 5010/5033/5033 5009/5034/5034
f 5011/5035/5035 5009/5036/5036 5010/5037/5037
f 5010/5038/5038 5012/5039/5039 5011/5040/5040
f 5013/5041/5041 5011/5042/5042 5012/5043/5043
f 5012/5044/5044 5014/5045/5045 5013/5046/5046
f 5015/5047/5047 5013/5048/5048 5014/5049/5049
f 5014/5050/5050 5016/5051/5051 5015/5052/5052
f 5017/5053/5053 5015/5054/5054 5016/5055/5055
f 5016/5056/5056 5018/5057/5057 5017/5058/5058
f 5019/5059/5059 5017/5060/5060 5018/5061/5061
f 5018/5062/5062 5020/5063/5063 5019/5064/5064
f 5021/5065/5065 5019/5066/5066 5020/5067/5067
f 5020/5068/5068 5022/5069/5069 5021/5070/5070
f 5023/5071/5071 5021/5072/5072 5022/5073/5073
f 5022/5074/5074 5024/5075/5075 5023/5076/5076
f 5009/5077/5077 5011/5078/5078 5025/5079/5079
f 5011/5080/5080 5013/5081/5081 5026/5082/5082
f 5026/5083/5083 5025/5084/5084 5011/5085/5085
f 5013/5086/5086 5015/5087/5087 5027/5088/5088
f 5027/5089/5089 5026/5090/5090 5013/5091/5091
f 5015/5092/5092 5017/5093/5093 5028/5094/5094
f 5028/5095/5095 5027/5096/5096 5015/5097/5097
f 5017/5098/5098 5019/5099/5099 5029/5100/5100
f 5029/5101/5101 5028/5102/5102 5017/5103/5103
f 5019/5104/5104 5021/5105/5105 5030/5106/5106
f 5030/5107/5107 5029/5108/5108 5019/5109/5109
f 5021/5110/5110 5023/5111/5111 5031/5112/5112
f 5031/5113/5113 5030/5114/5114 5021/5115/5115
f 5025/5116/5116 5032/5117/5117 5009/5118/5118
f 5007/5119/5119 5009/5120/5120 5032/5121/5121
f 5032/5122/5122 5033/5123/5123 5007/5124/5124
f 5004/5125/5125 5007/5126/5126 5033/5127/5127
f 5033/5128/5128 5034/5129/5129 5004/5130/5130
f 5006/5131/5131 5004/5132/5132 5034/5133/5133
f 5034/5134/5134 5035/5135/5135 5006/5136/5136
f 5036/5137/5137 5038/5138/5138 5037/5139/5139
f 5037/5140/5140 5039/5141/5141 5036/5142/5142
f 5040/5143/5143 5037/5144/5144 5038/5145/5145
f 5038/5146/5146 5041/5147/5147 5040/5148/5148
f 5042/5149/5149 5040/5150/5150 5041/5151/5151
f 5041/5152/5152 5043/5153/5153 5042/5154/5154
f 5044/5155/5155 5042/5156/5156 5043/5157/5157
f 5043/5158/5158 5045/5159/5159 5044/5160/5160
f 5046/5161/5161 5044/5162/5162 5045/5163/5163
f 5045/5164/5164 5047/5165/5165 5046/5166/5166
f 5048/5167/5167 5046/5168/5168 5047/5169/5169
f 5047/5170/5170 5049/5171/5171 5048/5172/5172
f 5050/5173/5173 5048/5174/5174 5049/5175/5175
f 5049/5176/5176 5051/5177/5177 5050/5178/5178
f 5052/5179/5179 5050/5180/5180 5051/5181/5181
f 5051/5182/5182 5053/5183/5183 5052/5184/5184
f 5054/5185/5185 5052/5186/5186 5053/5187/5187
f 5053/5188/5188 5055/5189/5189 5054/5190/5190
f 5056/5191/5191 5054/5192/5192 5055/5193/5193
f 5055/5194/5194 5057/5195/5195 5056/5196/5196
f 5058/5197/5197 5060/5198/5198 5059/5199/5199
f 5058/5200/5200 5061/5201/5201 5060/5202/5202
f 5062/5203/5203 5064/5204/5204 5063/5205/5205
f 5065/5206/5206 5067/5207/5207 5066/5208/5208
f 5068/5209/5209 5070/5210/5210 5069/5211/5211
f 5071/5212/5212 5073/5213/5213 5072/5214/5214
f 5071/5215/5215 5074/5216/5216 5073/5217/5217
f 5075/5218/5218 5077/5219/5219 5076/5220/5220
f 5078/5221/5221 5076/5222/5222 5077/5223/5223
f 5079/5224/5224 5081/5225/5225 5080/5226/5226
f 5082/5227/5227 5084/5228/5228 5083/5229/5229
f 5083/5230/5230 5085/5231/5231 5082/5232/5232
f 5086/5233/5233 5082/5234/5234 5085/5235/5235
f 5085/5236/5236 5087/5237/5237 5086/5238/5238
f 5088/5239/5239 5086/5240/5240 5087/5241/5241
f 5087/5242/5242 5089/5243/5243 5088/5244/5244
f 5090/5245/5245 5088/5246/5246 5089/5247/5247
f 5089/5248/5248 5091/5249/5249 5090/5250/5250
f 5090/5251/5251 5091/5252/5252 5092/5253/5253
f 5092/5254/5254 5093/5255/5255 5090/5256/5256
f 5094/5257/5257 5096/5258/5258 5095/5259/5259
f 5095/5260/5260 5097/5261/5261 5094/5262/5262
f 5097/5263/5263 5095/5264/5264 5098/5265/5265
f 5098/5266/5266 5099/5267/5267 5097/5268/5268
f 5099/5269/5269 5098/5270/5270 5100/5271/5271
f 5100/5272/5272 5101/5273/5273 5099/5274/5274
f 5101/5275/5275 5100/5276/5276 5102/5277/5277
f 5102/5278/5278 5103/5279/5279 5101/5280/5280
f 5103/5281/5281 5102/5282/5282 5104/5283/5283
f 5104/5284/5284 5105/5285/5285 5103/5286/5286
f 5106/5287/5287 5108/5288/5288 5107/5289/5289
f 5108/5290/5290 5109/5291/5291 5107/5292/5292
f 5109/5293/5293 5110/5294/5294 5107/5295/5295
f 5107/5296/5296 5110/5297/5297 5111/5298/5298
f 5111/5299/5299 5112/5300/5300 5107/5301/5301
f 5107/5302/5302 5112/5303/5303 5113/5304/5304
f 5113/5305/5305 5114/5306/5306 5107/5307/5307
f 5115/5308/5308 5106/5309/5309 5107/5310/5310
f 5116/5311/5311 5115/5312/5312 5107/5313/5313
f 5107/5314/5314 5117/5315/5315 5116/5316/5316
f 5118/5317/5317 5120/5318/5318 5119/5319/5319
f 5119/5320/5320 5121/5321/5321 5118/5322/5322
f 5122/5323/5323 5118/5324/5324 5121/5325/5325
f 5121/5326/5326 5123/5327/5327 5122/5328/5328
f 5124/5329/5329 5122/5330/5330 5123/5331/5331
f 5123/5332/5332 5125/5333/5333 5124/5334/5334
f 5126/5335/5335 5124/5336/5336 5125/5337/5337
f 5125/5338/5338 5127/5339/5339 5126/5340/5340
f 5126/5341/5341 5127/5342/5342 5128/5343/5343
f 5128/5344/5344 5129/5345/5345 5126/5346/5346
f 5130/5347/5347 5132/5348/5348 5131/5349/5349
f 5131/5350/5350 5133/5351/5351 5130/5352/5352
f 5133/5353/5353 5131/5354/5354 5134/5355/5355
f 5134/5356/5356 5135/5357/5357 5133/5358/5358
f 5135/5359/5359 5134/5360/5360 5136/5361/5361
f 5136/5362/5362 5137/5363/5363 5135/5364/5364
f 5137/5365/5365 5136/5366/5366 5138/5367/5367
f 5138/5368/5368 5139/5369/5369 5137/5370/5370
f 5139/5371/5371 5138/5372/5372 5140/5373/5373
f 5140/5374/5374 5141/5375/5375 5139/5376/5376
f 5142/5377/5377 5144/5378/5378 5143/5379/5379
f 5144/5380/5380 5145/5381/5381 5143/5382/5382
f 5145/5383/5383 5146/5384/5384 5143/5385/5385
f 5143/5386/5386 5146/5387/5387 5147/5388/5388
f 5147/5389/5389 5148/5390/5390 5143/5391/5391
f 5143/5392/5392 5148/5393/5393 5149/5394/5394
f 5149/5395/5395 5150/5396/5396 5143/5397/5397
f 5151/5398/5398 5142/5399/5399 5143/5400/5400
f 5152/5401/5401 5151/5402/5402 5143/5403/5403
f 5143/5404/5404 5153/5405/5405 5152/5406/5406
f 5154/5407/5407 5156/5408/5408 5155/5409/5409
f 5155/5410/5410 5157/5411/5411 5154/5412/5412
f 5156/5413/5413 5154/5414/5414 5158/5415/5415
f 5158/5416/5416 5159/5417/5417 5156/5418/5418
f 5159/5419/5419 5158/5420/5420 5160/5421/5421
f 5160/5422/5422 5161/5423/5423 5159/5424/5424
f 5161/5425/5425 5160/5426/5426 5162/5427/5427
f 5162/5428/5428 5163/5429/5429 5161/5430/5430
f 5164/5431/5431 5163/5432/5432 5162/5433/5433
f 5162/5434/5434 5165/5435/5435 5164/5436/5436
f 5166/5437/5437 5168/5438/5438 5167/5439/5439
f 5167/5440/5440 5169/5441/5441 5166/5442/5442
f 5170/5443/5443 5167/5444/5444 5168/5445/5445
f 5168/5446/5446 5171/5447/5447 5170/5448/5448
f 5172/5449/5449 5170/5450/5450 5171/5451/5451
f 5171/5452/5452 5173/5453/5453 5172/5454/5454
f 5174/5455/5455 5172/5456/5456 5173/5457/5457
f 5173/5458/5458 5175/5459/5459 5174/5460/5460
f 5176/5461/5461 5174/5462/5462 5175/5463/5463
f 5175/5464/5464 5177/5465/5465 5176/5466/5466
f 5178/5467/5467 5180/5468/5468 5179/5469/5469
f 5179/5470/5470 5180/5471/5471 5181/5472/5472
f 5181/5473/5473 5180/5474/5474 5182/5475/5475
f 5180/5476/5476 5183/5477/5477 5182/5478/5478
f 5183/5479/5479 5180/5480/5480 5184/5481/5481
f 5180/5482/5482 5185/5483/5483 5184/5484/5484
f 5185/5485/5485 5180/5486/5486 5186/5487/5487
f 5187/5488/5488 5180/5489/5489 5178/5490/5490
f 5188/5491/5491 5180/5492/5492 5187/5493/5493
f 5180/5494/5494 5188/5495/5495 5189/5496/5496
f 5190/5497/5497 5192/5498/5498 5191/5499/5499
f 5191/5500/5500 5193/5501/5501 5190/5502/5502
f 5192/5503/5503 5190/5504/5504 5194/5505/5505
f 5194/5506/5506 5195/5507/5507 5192/5508/5508
f 5195/5509/5509 5194/5510/5510 5196/5511/5511
f 5196/5512/5512 5197/5513/5513 5195/5514/5514
f 5197/5515/5515 5196/5516/5516 5198/5517/5517
f 5198/5518/5518 5199/5519/5519 5197/5520/5520
f 5200/5521/5521 5199/5522/5522 5198/5523/5523
f 5198/5524/5524 5201/5525/5525 5200/5526/5526
f 5202/5527/5527 5204/5528/5528 5203/5529/5529
f 5203/5530/5530 5205/5531/5531 5202/5532/5532
f 5206/5533/5533 5203/5534/5534 5204/5535/5535
f 5204/5536/5536 5207/5537/5537 5206/5538/5538
f 5208/5539/5539 5206/5540/5540 5207/5541/5541
f 5207/5542/5542 5209/5543/5543 5208/5544/5544
f 5210/5545/5545 5208/5546/5546 5209/5547/5547
f 5209/5548/5548 5211/5549/5549 5210/5550/5550
f 5212/5551/5551 5210/5552/5552 5211/5553/5553
f 5211/5554/5554 5213/5555/5555 5212/5556/5556
f 5214/5557/5557 5216/5558/5558 5215/5559/5559
f 5215/5560/5560 5216/5561/5561 5217/5562/5562
f 5217/5563/5563 5216/5564/5564 5218/5565/5565
f 5216/5566/5566 5219/5567/5567 5218/5568/5568
f 5219/5569/5569 5216/5570/5570 5220/5571/5571
f 5216/5572/5572 5221/5573/5573 5220/5574/5574
f 5221/5575/5575 5216/5576/5576 5222/5577/5577
f 5223/5578/5578 5216/5579/5579 5214/5580/5580
f 5224/5581/5581 5216/5582/5582 5223/5583/5583
f 5216/5584/5584 5224/5585/5585 5225/5586/5586
f 5226/5587/5587 5228/5588/5588 5227/5589/5589
f 5227/5590/5590 5229/5591/5591 5226/5592/5592
f 5228/5593/5593 5226/5594/5594 5230/5595/5595
f 5230/5596/5596 5231/5597/5597 5228/5598/5598
f 5231/5599/5599 5230/5600/5600 5232/5601/5601
f 5232/5602/5602 5233/5603/5603 5231/5604/5604
f 5233/5605/5605 5232/5606/5606 5234/5607/5607
f 5234/5608/5608 5235/5609/5609 5233/5610/5610
f 5236/5611/5611 5235/5612/5612 5234/5613/5613
f 5234/5614/5614 5237/5615/5615 5236/5616/5616
f 5238/5617/5617 5240/5618/5618 5239/5619/5619
f 5239/5620/5620 5241/5621/5621 5238/5622/5622
f 5242/5623/5623 5239/5624/5624 5240/5625/5625
f 5240/5626/5626 5243/5627/5627 5242/5628/5628
f 5244/5629/5629 5242/5630/5630 5243/5631/5631
f 5243/5632/5632 5245/5633/5633 5244/5634/5634
f 5246/5635/5635 5244/5636/5636 5245/5637/5637
f 5245/5638/5638 5247/5639/5639 5246/5640/5640
f 5248/5641/5641 5246/5642/5642 5247/5643/5643
f 5247/5644/5644 5249/5645/5645 5248/5646/5646
f 5250/5647/5647 5252/5648/5648 5251/5649/5649
f 5251/5650/5650 5252/5651/5651 5253/5652/5652
f 5253/5653/5653 5252/5654/5654 5254/5655/5655
f 5252/5656/5656 5255/5657/5657 5254/5658/5658
f 5255/5659/5659 5252/5660/5660 5256/5661/5661
f 5252/5662/5662 5257/5663/5663 5256/5664/5664
f 5257/5665/5665 5252/5666/5666 5258/5667/5667
f 5259/5668/5668 5252/5669/5669 5250/5670/5670
f 5260/5671/5671 5252/5672/5672 5259/5673/5673
f 5252/5674/5674 5260/5675/5675 5261/5676/5676
f 5262/5677/5677 5264/5678/5678 5263/5679/5679
f 5263/5680/5680 5265/5681/5681 5262/5682/5682
f 5264/5683/5683 5262/5684/5684 5266/5685/5685
f 5266/5686/5686 5267/5687/5687 5264/5688/5688
f 5267/5689/5689 5266/5690/5690 5268/5691/5691
f 5268/5692/5692 5269/5693/5693 5267/5694/5694
f 5269/5695/5695 5268/5696/5696 5270/5697/5697
f 5270/5698/5698 5271/5699/5699 5269/5700/5700
f 5272/5701/5701 5271/5702/5702 5270/5703/5703
f 5270/5704/5704 5273/5705/5705 5272/5706/5706
f 5274/5707/5707 5276/5708/5708 5275/5709/5709
f 5275/5710/5710 5277/5711/5711 5274/5712/5712
f 5278/5713/5713 5275/5714/5714 5276/5715/5715
f 5276/5716/5716 5279/5717/5717 5278/5718/5718
f 5280/5719/5719 5278/5720/5720 5279/5721/5721
f 5279/5722/5722 5281/5723/5723 5280/5724/5724
f 5282/5725/5725 5280/5726/5726 5281/5727/5727
f 5281/5728/5728 5283/5729/5729 5282/5730/5730
f 5284/5731/5731 5282/5732/5732 5283/5733/5733
f 5283/5734/5734 5285/5735/5735 5284/5736/5736
f 5286/5737/5737 5288/5738/5738 5287/5739/5739
f 5287/5740/5740 5288/5741/5741 5289/5742/5742
f 5289/5743/5743 5288/5744/5744 5290/5745/5745
f 5288/5746/5746 5291/5747/5747 5290/5748/5748
f 5291/5749/5749 5288/5750/5750 5292/5751/5751
f 5288/5752/5752 5293/5753/5753 5292/5754/5754
f 5293/5755/5755 5288/5756/5756 5294/5757/5757
f 5295/5758/5758 5288/5759/5759 5286/5760/5760
f 5296/5761/5761 5288/5762/5762 5295/5763/5763
f 5288/5764/5764 5296/5765/5765 5297/5766/5766
f 5298/5767/5767 5300/5768/5768 5299/5769/5769
f 5299/5770/5770 5301/5771/5771 5298/5772/5772
f 5302/5773/5773 5298/5774/5774 5301/5775/5775
f 5301/5776/5776 5303/5777/5777 5302/5778/5778
f 5304/5779/5779 5302/5780/5780 5303/5781/5781
f 5303/5782/5782 5305/5783/5783 5304/5784/5784
f 5306/5785/5785 5304/5786/5786 5305/5787/5787
f 5305/5788/5788 5307/5789/5789 5306/5790/5790
f 5306/5791/5791 5307/5792/5792 5308/5793/5793
f 5308/5794/5794 5309/5795/5795 5306/5796/5796
f 5310/5797/5797 5312/5798/5798 5311/5799/5799
f 5311/5800/5800 5313/5801/5801 5310/5802/5802
f 5313/5803/5803 5311/5804/5804 5314/5805/5805
f 5314/5806/5806 5315/5807/5807 5313/5808/5808
f 5315/5809/5809 5314/5810/5810 5316/5811/5811
f 5316/5812/5812 5317/5813/5813 5315/5814/5814
f 5317/5815/5815 5316/5816/5816 5318/5817/5817
f 5318/5818/5818 5319/5819/5819 5317/5820/5820
f 5319/5821/5821 5318/5822/5822 5320/5823/5823
f 5320/5824/5824 5321/5825/5825 5319/5826/5826
f 5322/5827/5827 5324/5828/5828 5323/5829/5829
f 5324/5830/5830 5325/5831/5831 5323/5832/5832
f 5325/5833/5833 5326/5834/5834 5323/5835/5835
f 5323/5836/5836 5326/5837/5837 5327/5838/5838
f 5327/5839/5839 5328/5840/5840 5323/5841/5841
f 5323/5842/5842 5328/5843/5843 5329/5844/5844
f 5329/5845/5845 5330/5846/5846 5323/5847/5847
f 5331/5848/5848 5322/5849/5849 5323/5850/5850
f 5332/5851/5851 5331/5852/5852 5323/5853/5853
f 5323/5854/5854 5333/5855/5855 5332/5856/5856
f 5334/5857/5857 5336/5858/5858 5335/5859/5859
f 5335/5860/5860 5337/5861/5861 5334/5862/5862
f 5338/5863/5863 5334/5864/5864 5337/5865/5865
f 5337/5866/5866 5339/5867/5867 5338/5868/5868
f 5340/5869/5869 5338/5870/5870 5339/5871/5871
f 5339/5872/5872 5341/5873/5873 5340/5874/5874
f 5342/5875/5875 5340/5876/5876 5341/5877/5877
f 5341/5878/5878 5343/5879/5879 5342/5880/5880
f 5342/5881/5881 5343/5882/5882 5344/5883/5883
f 5344/5884/5884 5345/5885/5885 5342/5886/5886
f 5346/5887/5887 5348/5888/5888 5347/5889/5889
f 5347/5890/5890 5349/5891/5891 5346/5892/5892
f 5349/5893/5893 5347/5894/5894 5350/5895/5895
f 5350/5896/5896 5351/5897/5897 5349/5898/5898
f 5351/5899/5899 5350/5900/5900 5352/5901/5901
f 5352/5902/5902 5353/5903/5903 5351/5904/5904
f 5353/5905/5905 5352/5906/5906 5354/5907/5907
f 5354/5908/5908 5355/5909/5909 5353/5910/5910
f 5355/5911/5911 5354/5912/5912 5356/5913/5913
f 5356/5914/5914 5357/5915/5915 5355/5916/5916
f 5358/5917/5917 5360/5918/5918 5359/5919/5919
f 5360/5920/5920 5361/5921/5921 5359/5922/5922
f 5361/5923/5923 5362/5924/5924 5359/5925/5925
f 5359/5926/5926 5362/5927/5927 5363/5928/5928
f 5363/5929/5929 5364/5930/5930 5359/5931/5931
f 5359/5932/5932 5364/5933/5933 5365/5934/5934
f 5365/5935/5935 5366/5936/5936 5359/5937/5937
f 5367/5938/5938 5358/5939/5939 5359/5940/5940
f 5368/5941/5941 5367/5942/5942 5359/5943/5943
f 5359/5944/5944 5369/5945/5945 5368/5946/5946
f 5370/5947/5947 5372/5948/5948 5371/5949/5949
f 5371/5950/5950 5373/5951/5951 5370/5952/5952
f 5374/5953/5953 5371/5954/5954 5372/5955/5955
f 5372/5956/5956 5375/5957/5957 5374/5958/5958
f 5376/5959/5959 5378/5960/5960 5377/5961/5961
f 5377/5962/5962 5379/5963/5963 5376/5964/5964
f 5380/5965/5965 5377/5966/5966 5378/5967/5967
f 5378/5968/5968 5381/5969/5969 5380/5970/5970
f 5382/5971/5971 5384/5972/5972 5383/5973/5973
f 5385/5974/5974 5387/5975/5975 5386/5976/5976
f 5388/5977/5977 5390/5978/5978 5389/5979/5979
f 5391/5980/5980 5393/5981/5981 5392/5982/5982
f 5393/5983/5983 5391/5984/5984 5394/5985/5985
f 5395/5986/5986 5397/5987/5987 5396/5988/5988
f 5398/5989/5989 5400/5990/5990 5399/5991/5991
f 5401/5992/5992 5403/5993/5993 5402/5994/5994
f 5404/5995/5995 5406/5996/5996 5405/5997/5997
f 5407/5998/5998 5405/5999/5999 5406/6000/6000
f 5406/6001/6001 5408/6002/6002 5407/6003/6003
f 5409/6004/6004 5407/6005/6005 5408/6006/6006
f 5408/6007/6007 5410/6008/6008 5409/6009/6009
f 5411/6010/6010 5413/6011/6011 5412/6012/6012
f 5413/6013/6013 5414/6014/6014 5412/6015/6015
f 5415/6016/6016 5416/6017/6017 5412/6018/6018
f 5417/6019/6019 5419/6020/6020 5418/6021/6021
f 5420/6022/6022 5422/6023/6023 5421/6024/6024
f 5423/6025/6025 5425/6026/6026 5424/6027/6027
f 5426/6028/6028 5428/6029/6029 5427/6030/6030
f 5429/6031/6031 5431/6032/6032 5430/6033/6033
f 5432/6034/6034 5434/6035/6035 5433/6036/6036
f 5433/6037/6037 5435/6038/6038 5432/6039/6039
f 5436/6040/6040 5433/6041/6041 5434/6042/6042
f 5437/6043/6043 5439/6044/6044 5438/6045/6045
f 5440/6046/6046 5442/6047/6047 5441/6048/6048
f 5443/6049/6049 5445/6050/6050 5444/6051/6051
f 5446/6052/6052 5448/6053/6053 5447/6054/6054
f 5449/6055/6055 5451/6056/6056 5450/6057/6057
f 5452/6058/6058 5454/6059/6059 5453/6060/6060
# default3, 480 grouped triangles

usemtl tex_stud
o default3
g default3

f 8482/6061/6061 8484/6062/6062 8483/6063/6063
f 8483/6064/6064 8485/6065/6065 8482/6066/6066
f 8486/6067/6067 8483/6068/6068 8484/6069/6069
f 8484/6070/6070 8487/6071/6071 8486/6072/6072
f 8488/6073/6073 8486/6074/6074 8487/6075/6075
f 8487/6076/6076 8489/6077/6077 8488/6078/6078
f 8490/6079/6079 8488/6080/6080 8489/6081/6081
f 8489/6082/6082 8491/6083/6083 8490/6084/6084
f 8492/6085/6085 8490/6086/6086 8491/6087/6087
f 8491/6088/6088 8493/6089/6089 8492/6090/6090
f 8494/6091/6091 8492/6092/6092 8493/6093/6093
f 8493/6094/6094 8495/6095/6095 8494/6096/6096
f 8496/6097/6097 8498/6098/6098 8497/6099/6099
f 8496/6100/6100 8497/6101/6101 8499/6102/6102
f 8497/6103/6103 8500/6104/6104 8499/6105/6105
f 8501/6106/6106 8496/6107/6107 8499/6108/6108
f 8502/6109/6109 8504/6110/6110 8503/6111/6111
f 8503/6112/6112 8505/6113/6113 8502/6114/6114
f 8506/6115/6115 8503/6116/6116 8504/6117/6117
f 8504/6118/6118 8507/6119/6119 8506/6120/6120
f 8508/6121/6121 8506/6122/6122 8507/6123/6123
f 8507/6124/6124 8509/6125/6125 8508/6126/6126
f 8510/6127/6127 8508/6128/6128 8509/6129/6129
f 8509/6130/6130 8511/6131/6131 8510/6132/6132
f 8512/6133/6133 8510/6134/6134 8511/6135/6135
f 8511/6136/6136 8513/6137/6137 8512/6138/6138
f 8514/6139/6139 8512/6140/6140 8513/6141/6141
f 8513/6142/6142 8515/6143/6143 8514/6144/6144
f 8516/6145/6145 8518/6146/6146 8517/6147/6147
f 8516/6148/6148 8517/6149/6149 8519/6150/6150
f 8517/6151/6151 8520/6152/6152 8519/6153/6153
f 8521/6154/6154 8516/6155/6155 8519/6156/6156
f 8522/6157/6157 8524/6158/6158 8523/6159/6159
f 8523/6160/6160 8525/6161/6161 8522/6162/6162
f 8526/6163/6163 8523/6164/6164 8524/6165/6165
f 8524/6166/6166 8527/6167/6167 8526/6168/6168
f 8528/6169/6169 8526/6170/6170 8527/6171/6171
f 8527/6172/6172 8529/6173/6173 8528/6174/6174
f 8530/6175/6175 8528/6176/6176 8529/6177/6177
f 8529/6178/6178 8531/6179/6179 8530/6180/6180
f 8532/6181/6181 8530/6182/6182 8531/6183/6183
f 8531/6184/6184 8533/6185/6185 8532/6186/6186
f 8534/6187/6187 8532/6188/6188 8533/6189/6189
f 8533/6190/6190 8535/6191/6191 8534/6192/6192
f 8536/6193/6193 8538/6194/6194 8537/6195/6195
f 8536/6196/6196 8537/6197/6197 8539/6198/6198
f 8537/6199/6199 8540/6200/6200 8539/6201/6201
f 8541/6202/6202 8536/6203/6203 8539/6204/6204
f 8542/6205/6205 8544/6206/6206 8543/6207/6207
f 8543/6208/6208 8545/6209/6209 8542/6210/6210
f 8546/6211/6211 8543/6212/6212 8544/6213/6213
f 8544/6214/6214 8547/6215/6215 8546/6216/6216
f 8548/6217/6217 8546/6218/6218 8547/6219/6219
f 8547/6220/6220 8549/6221/6221 8548/6222/6222
f 8550/6223/6223 8548/6224/6224 8549/6225/6225
f 8549/6226/6226 8551/6227/6227 8550/6228/6228
f 8552/6229/6229 8550/6230/6230 8551/6231/6231
f 8551/6232/6232 8553/6233/6233 8552/6234/6234
f 8554/6235/6235 8552/6236/6236 8553/6237/6237
f 8553/6238/6238 8555/6239/6239 8554/6240/6240
f 8556/6241/6241 8558/6242/6242 8557/6243/6243
f 8556/6244/6244 8557/6245/6245 8559/6246/6246
f 8557/6247/6247 8560/6248/6248 8559/6249/6249
f 8561/6250/6250 8556/6251/6251 8559/6252/6252
f 8562/6253/6253 8564/6254/6254 8563/6255/6255
f 8563/6256/6256 8565/6257/6257 8562/6258/6258
f 8566/6259/6259 8563/6260/6260 8564/6261/6261
f 8564/6262/6262 8567/6263/6263 8566/6264/6264
f 8568/6265/6265 8566/6266/6266 8567/6267/6267
f 8567/6268/6268 8569/6269/6269 8568/6270/6270
f 8570/6271/6271 8568/6272/6272 8569/6273/6273
f 8569/6274/6274 8571/6275/6275 8570/6276/6276
f 8572/6277/6277 8570/6278/6278 8571/6279/6279
f 8571/6280/6280 8573/6281/6281 8572/6282/6282
f 8574/6283/6283 8572/6284/6284 8573/6285/6285
f 8573/6286/6286 8575/6287/6287 8574/6288/6288
f 8576/6289/6289 8578/6290/6290 8577/6291/6291
f 8576/6292/6292 8577/6293/6293 8579/6294/6294
f 8577/6295/6295 8580/6296/6296 8579/6297/6297
f 8581/6298/6298 8576/6299/6299 8579/6300/6300
f 8582/6301/6301 8584/6302/6302 8583/6303/6303
f 8583/6304/6304 8585/6305/6305 8582/6306/6306
f 8586/6307/6307 8583/6308/6308 8584/6309/6309
f 8584/6310/6310 8587/6311/6311 8586/6312/6312
f 8588/6313/6313 8586/6314/6314 8587/6315/6315
f 8587/6316/6316 8589/6317/6317 8588/6318/6318
f 8590/6319/6319 8588/6320/6320 8589/6321/6321
f 8589/6322/6322 8591/6323/6323 8590/6324/6324
f 8592/6325/6325 8590/6326/6326 8591/6327/6327
f 8591/6328/6328 8593/6329/6329 8592/6330/6330
f 8594/6331/6331 8592/6332/6332 8593/6333/6333
f 8593/6334/6334 8595/6335/6335 8594/6336/6336
f 8596/6337/6337 8598/6338/6338 8597/6339/6339
f 8596/6340/6340 8597/6341/6341 8599/6342/6342
f 8597/6343/6343 8600/6344/6344 8599/6345/6345
f 8601/6346/6346 8596/6347/6347 8599/6348/6348
f 8602/6349/6349 8604/6350/6350 8603/6351/6351
f 8603/6352/6352 8605/6353/6353 8602/6354/6354
f 8606/6355/6355 8603/6356/6356 8604/6357/6357
f 8604/6358/6358 8607/6359/6359 8606/6360/6360
f 8608/6361/6361 8606/6362/6362 8607/6363/6363
f 8607/6364/6364 8609/6365/6365 8608/6366/6366
f 8610/6367/6367 8608/6368/6368 8609/6369/6369
f 8609/6370/6370 8611/6371/6371 8610/6372/6372
f 8612/6373/6373 8610/6374/6374 8611/6375/6375
f 8611/6376/6376 8613/6377/6377 8612/6378/6378
f 8614/6379/6379 8612/6380/6380 8613/6381/6381
f 8613/6382/6382 8615/6383/6383 8614/6384/6384
f 8616/6385/6385 8618/6386/6386 8617/6387/6387
f 8616/6388/6388 8617/6389/6389 8619/6390/6390
f 8617/6391/6391 8620/6392/6392 8619/6393/6393
f 8621/6394/6394 8616/6395/6395 8619/6396/6396
f 8622/6397/6397 8624/6398/6398 8623/6399/6399
f 8623/6400/6400 8625/6401/6401 8622/6402/6402
f 8626/6403/6403 8623/6404/6404 8624/6405/6405
f 8624/6406/6406 8627/6407/6407 8626/6408/6408
f 8628/6409/6409 8626/6410/6410 8627/6411/6411
f 8627/6412/6412 8629/6413/6413 8628/6414/6414
f 8630/6415/6415 8628/6416/6416 8629/6417/6417
f 8629/6418/6418 8631/6419/6419 8630/6420/6420
f 8632/6421/6421 8630/6422/6422 8631/6423/6423
f 8631/6424/6424 8633/6425/6425 8632/6426/6426
f 8634/6427/6427 8632/6428/6428 8633/6429/6429
f 8633/6430/6430 8635/6431/6431 8634/6432/6432
f 8636/6433/6433 8638/6434/6434 8637/6435/6435
f 8636/6436/6436 8637/6437/6437 8639/6438/6438
f 8637/6439/6439 8640/6440/6440 8639/6441/6441
f 8641/6442/6442 8636/6443/6443 8639/6444/6444
f 8642/6445/6445 8644/6446/6446 8643/6447/6447
f 8643/6448/6448 8645/6449/6449 8642/6450/6450
f 8646/6451/6451 8643/6452/6452 8644/6453/6453
f 8644/6454/6454 8647/6455/6455 8646/6456/6456
f 8648/6457/6457 8646/6458/6458 8647/6459/6459
f 8647/6460/6460 8649/6461/6461 8648/6462/6462
f 8650/6463/6463 8648/6464/6464 8649/6465/6465
f 8649/6466/6466 8651/6467/6467 8650/6468/6468
f 8652/6469/6469 8650/6470/6470 8651/6471/6471
f 8651/6472/6472 8653/6473/6473 8652/6474/6474
f 8654/6475/6475 8652/6476/6476 8653/6477/6477
f 8653/6478/6478 8655/6479/6479 8654/6480/6480
f 8656/6481/6481 8658/6482/6482 8657/6483/6483
f 8656/6484/6484 8657/6485/6485 8659/6486/6486
f 8657/6487/6487 8660/6488/6488 8659/6489/6489
f 8661/6490/6490 8656/6491/6491 8659/6492/6492
f 8662/6493/6493 8664/6494/6494 8663/6495/6495
f 8663/6496/6496 8665/6497/6497 8662/6498/6498
f 8666/6499/6499 8663/6500/6500 8664/6501/6501
f 8664/6502/6502 8667/6503/6503 8666/6504/6504
f 8668/6505/6505 8666/6506/6506 8667/6507/6507
f 8667/6508/6508 8669/6509/6509 8668/6510/6510
f 8670/6511/6511 8668/6512/6512 8669/6513/6513
f 8669/6514/6514 8671/6515/6515 8670/6516/6516
f 8672/6517/6517 8670/6518/6518 8671/6519/6519
f 8671/6520/6520 8673/6521/6521 8672/6522/6522
f 8674/6523/6523 8672/6524/6524 8673/6525/6525
f 8673/6526/6526 8675/6527/6527 8674/6528/6528
f 8676/6529/6529 8678/6530/6530 8677/6531/6531
f 8676/6532/6532 8677/6533/6533 8679/6534/6534
f 8677/6535/6535 8680/6536/6536 8679/6537/6537
f 8681/6538/6538 8676/6539/6539 8679/6540/6540
f 8682/6541/6541 8684/6542/6542 8683/6543/6543
f 8683/6544/6544 8685/6545/6545 8682/6546/6546
f 8686/6547/6547 8683/6548/6548 8684/6549/6549
f 8684/6550/6550 8687/6551/6551 8686/6552/6552
f 8688/6553/6553 8686/6554/6554 8687/6555/6555
f 8687/6556/6556 8689/6557/6557 8688/6558/6558
f 8690/6559/6559 8688/6560/6560 8689/6561/6561
f 8689/6562/6562 8691/6563/6563 8690/6564/6564
f 8692/6565/6565 8690/6566/6566 8691/6567/6567
f 8691/6568/6568 8693/6569/6569 8692/6570/6570
f 8694/6571/6571 8692/6572/6572 8693/6573/6573
f 8693/6574/6574 8695/6575/6575 8694/6576/6576
f 8696/6577/6577 8698/6578/6578 8697/6579/6579
f 8696/6580/6580 8697/6581/6581 8699/6582/6582
f 8697/6583/6583 8700/6584/6584 8699/6585/6585
f 8701/6586/6586 8696/6587/6587 8699/6588/6588
f 8702/6589/6589 8704/6590/6590 8703/6591/6591
f 8703/6592/6592 8705/6593/6593 8702/6594/6594
f 8706/6595/6595 8703/6596/6596 8704/6597/6597
f 8704/6598/6598 8707/6599/6599 8706/6600/6600
f 8708/6601/6601 8706/6602/6602 8707/6603/6603
f 8707/6604/6604 8709/6605/6605 8708/6606/6606
f 8710/6607/6607 8708/6608/6608 8709/6609/6609
f 8709/6610/6610 8711/6611/6611 8710/6612/6612
f 8712/6613/6613 8710/6614/6614 8711/6615/6615
f 8711/6616/6616 8713/6617/6617 8712/6618/6618
f 8714/6619/6619 8712/6620/6620 8713/6621/6621
f 8713/6622/6622 8715/6623/6623 8714/6624/6624
f 8716/6625/6625 8718/6626/6626 8717/6627/6627
f 8716/6628/6628 8717/6629/6629 8719/6630/6630
f 8717/6631/6631 8720/6632/6632 8719/6633/6633
f 8721/6634/6634 8716/6635/6635 8719/6636/6636
f 8722/6637/6637 8724/6638/6638 8723/6639/6639
f 8723/6640/6640 8725/6641/6641 8722/6642/6642
f 8726/6643/6643 8723/6644/6644 8724/6645/6645
f 8724/6646/6646 8727/6647/6647 8726/6648/6648
f 8728/6649/6649 8726/6650/6650 8727/6651/6651
f 8727/6652/6652 8729/6653/6653 8728/6654/6654
f 8730/6655/6655 8728/6656/6656 8729/6657/6657
f 8729/6658/6658 8731/6659/6659 8730/6660/6660
f 8732/6661/6661 8730/6662/6662 8731/6663/6663
f 8731/6664/6664 8733/6665/6665 8732/6666/6666
f 8734/6667/6667 8732/6668/6668 8733/6669/6669
f 8733/6670/6670 8735/6671/6671 8734/6672/6672
f 8736/6673/6673 8738/6674/6674 8737/6675/6675
f 8736/6676/6676 8737/6677/6677 8739/6678/6678
f 8737/6679/6679 8740/6680/6680 8739/6681/6681
f 8741/6682/6682 8736/6683/6683 8739/6684/6684
f 8742/6685/6685 8744/6686/6686 8743/6687/6687
f 8743/6688/6688 8745/6689/6689 8742/6690/6690
f 8746/6691/6691 8743/6692/6692 8744/6693/6693
f 8744/6694/6694 8747/6695/6695 8746/6696/6696
f 8748/6697/6697 8746/6698/6698 8747/6699/6699
f 8747/6700/6700 8749/6701/6701 8748/6702/6702
f 8750/6703/6703 8748/6704/6704 8749/6705/6705
f 8749/6706/6706 8751/6707/6707 8750/6708/6708
f 8752/6709/6709 8750/6710/6710 8751/6711/6711
f 8751/6712/6712 8753/6713/6713 8752/6714/6714
f 8754/6715/6715 8752/6716/6716 8753/6717/6717
f 8753/6718/6718 8755/6719/6719 8754/6720/6720
f 8756/6721/6721 8758/6722/6722 8757/6723/6723
f 8756/6724/6724 8757/6725/6725 8759/6726/6726
f 8757/6727/6727 8760/6728/6728 8759/6729/6729
f 8761/6730/6730 8756/6731/6731 8759/6732/6732
f 8762/6733/6733 8764/6734/6734 8763/6735/6735
f 8763/6736/6736 8765/6737/6737 8762/6738/6738
f 8766/6739/6739 8763/6740/6740 8764/6741/6741
f 8764/6742/6742 8767/6743/6743 8766/6744/6744
f 8768/6745/6745 8766/6746/6746 8767/6747/6747
f 8767/6748/6748 8769/6749/6749 8768/6750/6750
f 8770/6751/6751 8768/6752/6752 8769/6753/6753
f 8769/6754/6754 8771/6755/6755 8770/6756/6756
f 8772/6757/6757 8770/6758/6758 8771/6759/6759
f 8771/6760/6760 8773/6761/6761 8772/6762/6762
f 8774/6763/6763 8772/6764/6764 8773/6765/6765
f 8773/6766/6766 8775/6767/6767 8774/6768/6768
f 8776/6769/6769 8778/6770/6770 8777/6771/6771
f 8776/6772/6772 8777/6773/6773 8779/6774/6774
f 8777/6775/6775 8780/6776/6776 8779/6777/6777
f 8781/6778/6778 8776/6779/6779 8779/6780/6780
f 8782/6781/6781 8784/6782/6782 8783/6783/6783
f 8783/6784/6784 8785/6785/6785 8782/6786/6786
f 8786/6787/6787 8783/6788/6788 8784/6789/6789
f 8784/6790/6790 8787/6791/6791 8786/6792/6792
f 8788/6793/6793 8786/6794/6794 8787/6795/6795
f 8787/6796/6796 8789/6797/6797 8788/6798/6798
f 8790/6799/6799 8788/6800/6800 8789/6801/6801
f 8789/6802/6802 8791/6803/6803 8790/6804/6804
f 8792/6805/6805 8790/6806/6806 8791/6807/6807
f 8791/6808/6808 8793/6809/6809 8792/6810/6810
f 8794/6811/6811 8792/6812/6812 8793/6813/6813
f 8793/6814/6814 8795/6815/6815 8794/6816/6816
f 8796/6817/6817 8798/6818/6818 8797/6819/6819
f 8796/6820/6820 8797/6821/6821 8799/6822/6822
f 8797/6823/6823 8800/6824/6824 8799/6825/6825
f 8801/6826/6826 8796/6827/6827 8799/6828/6828
f 8802/6829/6829 8804/6830/6830 8803/6831/6831
f 8803/6832/6832 8805/6833/6833 8802/6834/6834
f 8806/6835/6835 8803/6836/6836 8804/6837/6837
f 8804/6838/6838 8807/6839/6839 8806/6840/6840
f 8808/6841/6841 8806/6842/6842 8807/6843/6843
f 8807/6844/6844 8809/6845/6845 8808/6846/6846
f 8810/6847/6847 8808/6848/6848 8809/6849/6849
f 8809/6850/6850 8811/6851/6851 8810/6852/6852
f 8812/6853/6853 8810/6854/6854 8811/6855/6855
f 8811/6856/6856 8813/6857/6857 8812/6858/6858
f 8814/6859/6859 8812/6860/6860 8813/6861/6861
f 8813/6862/6862 8815/6863/6863 8814/6864/6864
f 8816/6865/6865 8818/6866/6866 8817/6867/6867
f 8816/6868/6868 8817/6869/6869 8819/6870/6870
f 8817/6871/6871 8820/6872/6872 8819/6873/6873
f 8821/6874/6874 8816/6875/6875 8819/6876/6876
f 8822/6877/6877 8824/6878/6878 8823/6879/6879
f 8823/6880/6880 8825/6881/6881 8822/6882/6882
f 8826/6883/6883 8823/6884/6884 8824/6885/6885
f 8824/6886/6886 8827/6887/6887 8826/6888/6888
f 8828/6889/6889 8826/6890/6890 8827/6891/6891
f 8827/6892/6892 8829/6893/6893 8828/6894/6894
f 8830/6895/6895 8828/6896/6896 8829/6897/6897
f 8829/6898/6898 8831/6899/6899 8830/6900/6900
f 8832/6901/6901 8830/6902/6902 8831/6903/6903
f 8831/6904/6904 8833/6905/6905 8832/6906/6906
f 8834/6907/6907 8832/6908/6908 8833/6909/6909
f 8833/6910/6910 8835/6911/6911 8834/6912/6912
f 8836/6913/6913 8838/6914/6914 8837/6915/6915
f 8836/6916/6916 8837/6917/6917 8839/6918/6918
f 8837/6919/6919 8840/6920/6920 8839/6921/6921
f 8841/6922/6922 8836/6923/6923 8839/6924/6924
f 8842/6925/6925 8844/6926/6926 8843/6927/6927
f 8843/6928/6928 8845/6929/6929 8842/6930/6930
f 8846/6931/6931 8843/6932/6932 8844/6933/6933
f 8844/6934/6934 8847/6935/6935 8846/6936/6936
f 8848/6937/6937 8846/6938/6938 8847/6939/6939
f 8847/6940/6940 8849/6941/6941 8848/6942/6942
f 8850/6943/6943 8848/6944/6944 8849/6945/6945
f 8849/6946/6946 8851/6947/6947 8850/6948/6948
f 8852/6949/6949 8850/6950/6950 8851/6951/6951
f 8851/6952/6952 8853/6953/6953 8852/6954/6954
f 8854/6955/6955 8852/6956/6956 8853/6957/6957
f 8853/6958/6958 8855/6959/6959 8854/6960/6960
f 8856/6961/6961 8858/6962/6962 8857/6963/6963
f 8856/6964/6964 8857/6965/6965 8859/6966/6966
f 8857/6967/6967 8860/6968/6968 8859/6969/6969
f 8861/6970/6970 8856/6971/6971 8859/6972/6972
f 8862/6973/6973 8864/6974/6974 8863/6975/6975
f 8863/6976/6976 8865/6977/6977 8862/6978/6978
f 8866/6979/6979 8863/6980/6980 8864/6981/6981
f 8864/6982/6982 8867/6983/6983 8866/6984/6984
f 8868/6985/6985 8866/6986/6986 8867/6987/6987
f 8867/6988/6988 8869/6989/6989 8868/6990/6990
f 8870/6991/6991 8868/6992/6992 8869/6993/6993
f 8869/6994/6994 8871/6995/6995 8870/6996/6996
f 8872/6997/6997 8870/6998/6998 8871/6999/6999
f 8871/7000/7000 8873/7001/7001 8872/7002/7002
f 8874/7003/7003 8872/7004/7004 8873/7005/7005
f 8873/7006/7006 8875/7007/7007 8874/7008/7008
f 8876/7009/7009 8878/7010/7010 8877/7011/7011
f 8876/7012/7012 8877/7013/7013 8879/7014/7014
f 8877/7015/7015 8880/7016/7016 8879/7017/7017
f 8881/7018/7018 8876/7019/7019 8879/7020/7020
f 8882/7021/7021 8884/7022/7022 8883/7023/7023
f 8883/7024/7024 8885/7025/7025 8882/7026/7026
f 8886/7027/7027 8883/7028/7028 8884/7029/7029
f 8884/7030/7030 8887/7031/7031 8886/7032/7032
f 8888/7033/7033 8886/7034/7034 8887/7035/7035
f 8887/7036/7036 8889/7037/7037 8888/7038/7038
f 8890/7039/7039 8888/7040/7040 8889/7041/7041
f 8889/7042/7042 8891/7043/7043 8890/7044/7044
f 8892/7045/7045 8890/7046/7046 8891/7047/7047
f 8891/7048/7048 8893/7049/7049 8892/7050/7050
f 8894/7051/7051 8892/7052/7052 8893/7053/7053
f 8893/7054/7054 8895/7055/7055 8894/7056/7056
f 8896/7057/7057 8898/7058/7058 8897/7059/7059
f 8896/7060/7060 8897/7061/7061 8899/7062/7062
f 8897/7063/7063 8900/7064/7064 8899/7065/7065
f 8901/7066/7066 8896/7067/7067 8899/7068/7068
f 8902/7069/7069 8904/7070/7070 8903/7071/7071
f 8903/7072/7072 8905/7073/7073 8902/7074/7074
f 8906/7075/7075 8903/7076/7076 8904/7077/7077
f 8904/7078/7078 8907/7079/7079 8906/7080/7080
f 8908/7081/7081 8906/7082/7082 8907/7083/7083
f 8907/7084/7084 8909/7085/7085 8908/7086/7086
f 8910/7087/7087 8908/7088/7088 8909/7089/7089
f 8909/7090/7090 8911/7091/7091 8910/7092/7092
f 8912/7093/7093 8910/7094/7094 8911/7095/7095
f 8911/7096/7096 8913/7097/7097 8912/7098/7098
f 8914/7099/7099 8912/7100/7100 8913/7101/7101
f 8913/7102/7102 8915/7103/7103 8914/7104/7104
f 8916/7105/7105 8918/7106/7106 8917/7107/7107
f 8916/7108/7108 8917/7109/7109 8919/7110/7110
f 8917/7111/7111 8920/7112/7112 8919/7113/7113
f 8921/7114/7114 8916/7115/7115 8919/7116/7116
f 8922/7117/7117 8924/7118/7118 8923/7119/7119
f 8923/7120/7120 8925/7121/7121 8922/7122/7122
f 8926/7123/7123 8923/7124/7124 8924/7125/7125
f 8924/7126/7126 8927/7127/7127 8926/7128/7128
f 8928/7129/7129 8926/7130/7130 8927/7131/7131
f 8927/7132/7132 8929/7133/7133 8928/7134/7134
f 8930/7135/7135 8928/7136/7136 8929/7137/7137
f 8929/7138/7138 8931/7139/7139 8930/7140/7140
f 8932/7141/7141 8930/7142/7142 8931/7143/7143
f 8931/7144/7144 8933/7145/7145 8932/7146/7146
f 8934/7147/7147 8932/7148/7148 8933/7149/7149
f 8933/7150/7150 8935/7151/7151 8934/7152/7152
f 8936/7153/7153 8938/7154/7154 8937/7155/7155
f 8936/7156/7156 8937/7157/7157 8939/7158/7158
f 8937/7159/7159 8940/7160/7160 8939/7161/7161
f 8941/7162/7162 8936/7163/7163 8939/7164/7164
f 8942/7165/7165 8944/7166/7166 8943/7167/7167
f 8943/7168/7168 8945/7169/7169 8942/7170/7170
f 8946/7171/7171 8943/7172/7172 8944/7173/7173
f 8944/7174/7174 8947/7175/7175 8946/7176/7176
f 8948/7177/7177 8946/7178/7178 8947/7179/7179
f 8947/7180/7180 8949/7181/7181 8948/7182/7182
f 8950/7183/7183 8948/7184/7184 8949/7185/7185
f 8949/7186/7186 8951/7187/7187 8950/7188/7188
f 8952/7189/7189 8950/7190/7190 8951/7191/7191
f 8951/7192/7192 8953/7193/7193 8952/7194/7194
f 8954/7195/7195 8952/7196/7196 8953/7197/7197
f 8953/7198/7198 8955/7199/7199 8954/7200/7200
f 8956/7201/7201 8958/7202/7202 8957/7203/7203
f 8956/7204/7204 8957/7205/7205 8959/7206/7206
f 8957/7207/7207 8960/7208/7208 8959/7209/7209
f 8961/7210/7210 8956/7211/7211 8959/7212/7212
f 8962/7213/7213 8964/7214/7214 8963/7215/7215
f 8963/7216/7216 8965/7217/7217 8962/7218/7218
f 8966/7219/7219 8963/7220/7220 8964/7221/7221
f 8964/7222/7222 8967/7223/7223 8966/7224/7224
f 8968/7225/7225 8966/7226/7226 8967/7227/7227
f 8967/7228/7228 8969/7229/7229 8968/7230/7230
f 8970/7231/7231 8968/7232/7232 8969/7233/7233
f 8969/7234/7234 8971/7235/7235 8970/7236/7236
f 8972/7237/7237 8970/7238/7238 8971/7239/7239
f 8971/7240/7240 8973/7241/7241 8972/7242/7242
f 8974/7243/7243 8972/7244/7244 8973/7245/7245
f 8973/7246/7246 8975/7247/7247 8974/7248/7248
f 8976/7249/7249 8978/7250/7250 8977/7251/7251
f 8976/7252/7252 8977/7253/7253 8979/7254/7254
f 8977/7255/7255 8980/7256/7256 8979/7257/7257
f 8981/7258/7258 8976/7259/7259 8979/7260/7260
f 8982/7261/7261 8984/7262/7262 8983/7263/7263
f 8983/7264/7264 8985/7265/7265 8982/7266/7266
f 8986/7267/7267 8983/7268/7268 8984/7269/7269
f 8984/7270/7270 8987/7271/7271 8986/7272/7272
f 8988/7273/7273 8986/7274/7274 8987/7275/7275
f 8987/7276/7276 8989/7277/7277 8988/7278/7278
f 8990/7279/7279 8988/7280/7280 8989/7281/7281
f 8989/7282/7282 8991/7283/7283 8990/7284/7284
f 8992/7285/7285 8990/7286/7286 8991/7287/7287
f 8991/7288/7288 8993/7289/7289 8992/7290/7290
f 8994/7291/7291 8992/7292/7292 8993/7293/7293
f 8993/7294/7294 8995/7295/7295 8994/7296/7296
f 8996/7297/7297 8998/7298/7298 8997/7299/7299
f 8996/7300/7300 8997/7301/7301 8999/7302/7302
f 8997/7303/7303 9000/7304/7304 8999/7305/7305
f 9001/7306/7306 8996/7307/7307 8999/7308/7308
f 9002/7309/7309 9004/7310/7310 9003/7311/7311
f 9003/7312/7312 9005/7313/7313 9002/7314/7314
f 9006/7315/7315 9003/7316/7316 9004/7317/7317
f 9004/7318/7318 9007/7319/7319 9006/7320/7320
f 9008/7321/7321 9006/7322/7322 9007/7323/7323
f 9007/7324/7324 9009/7325/7325 9008/7326/7326
f 9010/7327/7327 9008/7328/7328 9009/7329/7329
f 9009/7330/7330 9011/7331/7331 9010/7332/7332
f 9012/7333/7333 9010/7334/7334 9011/7335/7335
f 9011/7336/7336 9013/7337/7337 9012/7338/7338
f 9014/7339/7339 9012/7340/7340 9013/7341/7341
f 9013/7342/7342 9015/7343/7343 9014/7344/7344
f 9016/7345/7345 9018/7346/7346 9017/7347/7347
f 9016/7348/7348 9017/7349/7349 9019/7350/7350
f 9017/7351/7351 9020/7352/7352 9019/7353/7353
f 9021/7354/7354 9016/7355/7355 9019/7356/7356
f 9022/7357/7357 9024/7358/7358 9023/7359/7359
f 9023/7360/7360 9025/7361/7361 9022/7362/7362
f 9026/7363/7363 9023/7364/7364 9024/7365/7365
f 9024/7366/7366 9027/7367/7367 9026/7368/7368
f 9028/7369/7369 9026/7370/7370 9027/7371/7371
f 9027/7372/7372 9029/7373/7373 9028/7374/7374
f 9030/7375/7375 9028/7376/7376 9029/7377/7377
f 9029/7378/7378 9031/7379/7379 9030/7380/7380
f 9032/7381/7381 9030/7382/7382 9031/7383/7383
f 9031/7384/7384 9033/7385/7385 9032/7386/7386
f 9034/7387/7387 9032/7388/7388 9033/7389/7389
f 9033/7390/7390 9035/7391/7391 9034/7392/7392
f 9036/7393/7393 9038/7394/7394 9037/7395/7395
f 9036/7396/7396 9037/7397/7397 9039/7398/7398
f 9037/7399/7399 9040/7400/7400 9039/7401/7401
f 9041/7402/7402 9036/7403/7403 9039/7404/7404
f 9042/7405/7405 9044/7406/7406 9043/7407/7407
f 9043/7408/7408 9045/7409/7409 9042/7410/7410
f 9046/7411/7411 9043/7412/7412 9044/7413/7413
f 9044/7414/7414 9047/7415/7415 9046/7416/7416
f 9048/7417/7417 9046/7418/7418 9047/7419/7419
f 9047/7420/7420 9049/7421/7421 9048/7422/7422
f 9050/7423/7423 9048/7424/7424 9049/7425/7425
f 9049/7426/7426 9051/7427/7427 9050/7428/7428
f 9052/7429/7429 9050/7430/7430 9051/7431/7431
f 9051/7432/7432 9053/7433/7433 9052/7434/7434
f 9054/7435/7435 9052/7436/7436 9053/7437/7437
f 9053/7438/7438 9055/7439/7439 9054/7440/7440
f 9056/7441/7441 9058/7442/7442 9057/7443/7443
f 9056/7444/7444 9057/7445/7445 9059/7446/7446
f 9057/7447/7447 9060/7448/7448 9059/7449/7449
f 9061/7450/7450 9056/7451/7451 9059/7452/7452
f 9062/7453/7453 9064/7454/7454 9063/7455/7455
f 9063/7456/7456 9065/7457/7457 9062/7458/7458
f 9066/7459/7459 9063/7460/7460 9064/7461/7461
f 9064/7462/7462 9067/7463/7463 9066/7464/7464
f 9068/7465/7465 9066/7466/7466 9067/7467/7467
f 9067/7468/7468 9069/7469/7469 9068/7470/7470
f 9070/7471/7471 9068/7472/7472 9069/7473/7473
f 9069/7474/7474 9071/7475/7475 9070/7476/7476
f 9072/7477/7477 9070/7478/7478 9071/7479/7479
f 9071/7480/7480 9073/7481/7481 9072/7482/7482
f 9074/7483/7483 9072/7484/7484 9073/7485/7485
f 9073/7486/7486 9075/7487/7487 9074/7488/7488
f 9076/7489/7489 9078/7490/7490 9077/7491/7491
f 9076/7492/7492 9077/7493/7493 9079/7494/7494
f 9077/7495/7495 9080/7496/7496 9079/7497/7497
f 9081/7498/7498 9076/7499/7499 9079/7500/7500
